W0530 02:45:10.833000 2048118 site-packages/torch/distributed/run.py:792] 
W0530 02:45:10.833000 2048118 site-packages/torch/distributed/run.py:792] *****************************************
W0530 02:45:10.833000 2048118 site-packages/torch/distributed/run.py:792] Setting OMP_NUM_THREADS environment variable for each process to be 1 in default, to avoid your system being overloaded, please further tune the variable for optimal performance in your application as needed. 
W0530 02:45:10.833000 2048118 site-packages/torch/distributed/run.py:792] *****************************************
eval: total=506, usable=506, skipped=0, truncated=0, max_length=409
train: total=4397, usable=4397, skipped=0, truncated=0, max_length=532
[transformers] `torch_dtype` is deprecated! Use `dtype` instead!
eval: total=506, usable=506, skipped=0, truncated=0, max_length=409
train: total=4397, usable=4397, skipped=0, truncated=0, max_length=532
[transformers] `torch_dtype` is deprecated! Use `dtype` instead!

Loading weights:   0%|          | 0/399 [00:00<?, ?it/s]
Loading weights:   0%|          | 0/399 [00:00<?, ?it/s]
Loading weights:   0%|          | 1/399 [00:02<14:42,  2.22s/it]
Loading weights:   0%|          | 1/399 [00:02<13:54,  2.10s/it]
Loading weights:   1%|          | 2/399 [00:04<14:21,  2.17s/it]
Loading weights:   1%|          | 2/399 [00:04<13:46,  2.08s/it]
Loading weights:   1%|          | 4/399 [00:04<05:49,  1.13it/s]
Loading weights:   1%|          | 4/399 [00:04<05:36,  1.17it/s]
Loading weights:   1%|▏         | 5/399 [00:04<04:19,  1.52it/s]
Loading weights:   1%|▏         | 5/399 [00:04<04:11,  1.56it/s]
Loading weights:   2%|▏         | 6/399 [00:04<03:20,  1.96it/s]
Loading weights:   2%|▏         | 6/399 [00:04<03:14,  2.02it/s]
Loading weights:   3%|▎         | 12/399 [00:05<00:59,  6.47it/s]
Loading weights:   3%|▎         | 12/399 [00:04<00:58,  6.60it/s]
Loading weights:   4%|▍         | 15/399 [00:05<00:46,  8.27it/s]
Loading weights:   4%|▍         | 15/399 [00:05<00:46,  8.26it/s]
Loading weights:   4%|▍         | 17/399 [00:05<00:49,  7.74it/s]
Loading weights:   6%|▌         | 23/399 [00:05<00:27, 13.72it/s]
Loading weights:   4%|▍         | 17/399 [00:05<00:50,  7.56it/s]
Loading weights:   6%|▌         | 23/399 [00:05<00:28, 13.20it/s]
Loading weights:   7%|▋         | 26/399 [00:05<00:25, 14.59it/s]
Loading weights:   7%|▋         | 26/399 [00:05<00:26, 13.96it/s]
Loading weights:   7%|▋         | 29/399 [00:06<00:31, 11.67it/s]
Loading weights:   9%|▊         | 34/399 [00:06<00:22, 16.37it/s]
Loading weights:   7%|▋         | 29/399 [00:06<00:30, 12.06it/s]
Loading weights:   9%|▊         | 34/399 [00:06<00:21, 16.68it/s]
Loading weights:   9%|▉         | 37/399 [00:06<00:22, 16.05it/s]
Loading weights:   9%|▉         | 37/399 [00:06<00:22, 16.34it/s]
Loading weights:  10%|█         | 40/399 [00:06<00:27, 13.04it/s]
Loading weights:  11%|█▏        | 45/399 [00:06<00:20, 17.62it/s]
Loading weights:  10%|█         | 40/399 [00:06<00:27, 13.04it/s]
Loading weights:  11%|█▏        | 45/399 [00:06<00:20, 17.24it/s]
Loading weights:  12%|█▏        | 48/399 [00:07<00:20, 16.95it/s]
Loading weights:  12%|█▏        | 48/399 [00:07<00:20, 16.84it/s]
Loading weights:  13%|█▎        | 51/399 [00:07<00:24, 13.99it/s]
Loading weights:  14%|█▍        | 56/399 [00:07<00:18, 18.81it/s]
Loading weights:  13%|█▎        | 51/399 [00:07<00:24, 13.99it/s]
Loading weights:  14%|█▍        | 56/399 [00:07<00:18, 18.89it/s]
Loading weights:  15%|█▍        | 59/399 [00:07<00:18, 18.52it/s]
Loading weights:  15%|█▍        | 59/399 [00:07<00:18, 18.42it/s]
Loading weights:  16%|█▌        | 62/399 [00:08<00:22, 14.72it/s]
Loading weights:  17%|█▋        | 67/399 [00:08<00:16, 19.65it/s]
Loading weights:  16%|█▌        | 62/399 [00:07<00:23, 14.49it/s]
Loading weights:  17%|█▋        | 67/399 [00:08<00:17, 18.90it/s]
Loading weights:  18%|█▊        | 70/399 [00:08<00:17, 18.85it/s]
Loading weights:  18%|█▊        | 70/399 [00:08<00:17, 18.34it/s]
Loading weights:  18%|█▊        | 73/399 [00:08<00:23, 14.16it/s]
Loading weights:  18%|█▊        | 73/399 [00:08<00:22, 14.81it/s]
Loading weights:  20%|█▉        | 78/399 [00:08<00:17, 18.69it/s]
Loading weights:  20%|█▉        | 78/399 [00:08<00:16, 19.62it/s]
Loading weights:  20%|██        | 81/399 [00:09<00:17, 18.19it/s]
Loading weights:  20%|██        | 81/399 [00:08<00:16, 19.10it/s]
Loading weights:  21%|██        | 84/399 [00:09<00:21, 14.46it/s]
Loading weights:  21%|██        | 84/399 [00:09<00:21, 14.74it/s]
Loading weights:  22%|██▏       | 89/399 [00:09<00:16, 19.25it/s]
Loading weights:  22%|██▏       | 89/399 [00:09<00:15, 19.48it/s]
Loading weights:  23%|██▎       | 92/399 [00:09<00:16, 18.97it/s]
Loading weights:  23%|██▎       | 92/399 [00:09<00:16, 18.64it/s]
Loading weights:  24%|██▍       | 95/399 [00:10<00:20, 14.69it/s]
Loading weights:  25%|██▌       | 100/399 [00:10<00:15, 19.71it/s]
Loading weights:  24%|██▍       | 95/399 [00:09<00:20, 14.54it/s]
Loading weights:  25%|██▌       | 100/399 [00:10<00:15, 19.23it/s]
Loading weights:  26%|██▌       | 103/399 [00:10<00:15, 19.35it/s]
Loading weights:  26%|██▌       | 103/399 [00:10<00:16, 18.41it/s]
Loading weights:  27%|██▋       | 106/399 [00:10<00:19, 14.99it/s]
Loading weights:  28%|██▊       | 111/399 [00:10<00:14, 19.75it/s]
Loading weights:  27%|██▋       | 106/399 [00:10<00:20, 14.41it/s]
Loading weights:  29%|██▊       | 114/399 [00:10<00:14, 19.29it/s]
Loading weights:  28%|██▊       | 111/399 [00:10<00:15, 19.08it/s]
Loading weights:  29%|██▊       | 114/399 [00:10<00:15, 18.24it/s]
Loading weights:  29%|██▉       | 117/399 [00:11<00:19, 14.24it/s]
Loading weights:  31%|███       | 122/399 [00:11<00:14, 18.98it/s]
Loading weights:  29%|██▉       | 117/399 [00:11<00:19, 14.44it/s]
Loading weights:  31%|███       | 122/399 [00:11<00:14, 18.72it/s]
Loading weights:  31%|███▏      | 125/399 [00:11<00:15, 17.54it/s]
Loading weights:  31%|███▏      | 125/399 [00:11<00:15, 18.06it/s]
Loading weights:  32%|███▏      | 128/399 [00:11<00:20, 13.37it/s]
Loading weights:  32%|███▏      | 128/399 [00:11<00:19, 14.11it/s]
Loading weights:  33%|███▎      | 133/399 [00:12<00:14, 17.83it/s]
Loading weights:  33%|███▎      | 133/399 [00:11<00:14, 18.38it/s]
Loading weights:  34%|███▍      | 136/399 [00:12<00:14, 17.91it/s]
Loading weights:  34%|███▍      | 136/399 [00:12<00:14, 18.15it/s]
Loading weights:  35%|███▍      | 139/399 [00:12<00:18, 14.23it/s]
Loading weights:  35%|███▍      | 139/399 [00:12<00:17, 14.69it/s]
Loading weights:  36%|███▌      | 144/399 [00:12<00:13, 18.54it/s]
Loading weights:  36%|███▌      | 144/399 [00:12<00:12, 19.69it/s]
Loading weights:  37%|███▋      | 147/399 [00:12<00:13, 18.39it/s]
Loading weights:  37%|███▋      | 147/399 [00:12<00:13, 19.27it/s]
Loading weights:  38%|███▊      | 150/399 [00:13<00:17, 14.38it/s]
Loading weights:  38%|███▊      | 150/399 [00:13<00:16, 15.27it/s]
Loading weights:  39%|███▉      | 155/399 [00:13<00:13, 18.71it/s]
Loading weights:  39%|███▉      | 155/399 [00:13<00:12, 20.08it/s]
Loading weights:  40%|███▉      | 158/399 [00:13<00:13, 17.95it/s]
Loading weights:  40%|███▉      | 158/399 [00:13<00:12, 19.39it/s]
Loading weights:  40%|████      | 161/399 [00:13<00:16, 14.64it/s]
Loading weights:  40%|████      | 161/399 [00:13<00:15, 15.56it/s]
Loading weights:  42%|████▏     | 166/399 [00:14<00:12, 19.41it/s]
Loading weights:  42%|████▏     | 166/399 [00:13<00:11, 20.62it/s]
Loading weights:  42%|████▏     | 169/399 [00:14<00:12, 18.70it/s]
Loading weights:  42%|████▏     | 169/399 [00:13<00:11, 19.83it/s]
Loading weights:  43%|████▎     | 172/399 [00:14<00:15, 14.51it/s]
Loading weights:  43%|████▎     | 172/399 [00:14<00:15, 14.87it/s]
Loading weights:  44%|████▍     | 177/399 [00:14<00:11, 19.16it/s]
Loading weights:  44%|████▍     | 177/399 [00:14<00:11, 19.67it/s]
Loading weights:  45%|████▌     | 180/399 [00:14<00:11, 18.59it/s]
Loading weights:  45%|████▌     | 180/399 [00:14<00:11, 18.87it/s]
Loading weights:  46%|████▌     | 183/399 [00:15<00:14, 14.99it/s]
Loading weights:  46%|████▌     | 183/399 [00:14<00:14, 14.95it/s]
Loading weights:  47%|████▋     | 188/399 [00:15<00:10, 19.98it/s]
Loading weights:  47%|████▋     | 188/399 [00:15<00:10, 19.65it/s]
Loading weights:  48%|████▊     | 191/399 [00:15<00:10, 19.48it/s]
Loading weights:  48%|████▊     | 191/399 [00:15<00:11, 18.85it/s]
Loading weights:  49%|████▊     | 194/399 [00:15<00:13, 15.23it/s]
Loading weights:  49%|████▊     | 194/399 [00:15<00:14, 14.63it/s]
Loading weights:  50%|████▉     | 199/399 [00:15<00:09, 20.30it/s]
Loading weights:  50%|████▉     | 199/399 [00:15<00:10, 19.15it/s]
Loading weights:  51%|█████     | 202/399 [00:16<00:10, 19.50it/s]
Loading weights:  51%|█████     | 202/399 [00:15<00:10, 18.57it/s]
Loading weights:  51%|█████▏    | 205/399 [00:16<00:12, 15.43it/s]
Loading weights:  51%|█████▏    | 205/399 [00:16<00:13, 14.17it/s]
Loading weights:  53%|█████▎    | 210/399 [00:16<00:09, 19.77it/s]
Loading weights:  53%|█████▎    | 210/399 [00:16<00:10, 18.48it/s]
Loading weights:  53%|█████▎    | 213/399 [00:16<00:10, 18.44it/s]
Loading weights:  53%|█████▎    | 213/399 [00:16<00:10, 17.63it/s]
Loading weights:  54%|█████▍    | 216/399 [00:17<00:12, 14.18it/s]
Loading weights:  55%|█████▌    | 221/399 [00:17<00:09, 18.45it/s]
Loading weights:  54%|█████▍    | 216/399 [00:16<00:14, 12.93it/s]
Loading weights:  55%|█████▌    | 221/399 [00:17<00:10, 17.41it/s]
Loading weights:  56%|█████▌    | 224/399 [00:17<00:09, 17.79it/s]
Loading weights:  56%|█████▌    | 224/399 [00:17<00:10, 17.22it/s]
Loading weights:  57%|█████▋    | 227/399 [00:17<00:11, 14.42it/s]
Loading weights:  58%|█████▊    | 232/399 [00:17<00:08, 19.00it/s]
Loading weights:  57%|█████▋    | 227/399 [00:17<00:12, 13.97it/s]
Loading weights:  58%|█████▊    | 232/399 [00:17<00:09, 18.13it/s]
Loading weights:  59%|█████▉    | 235/399 [00:17<00:09, 18.16it/s]
Loading weights:  59%|█████▉    | 235/399 [00:17<00:09, 17.82it/s]
Loading weights:  60%|█████▉    | 238/399 [00:18<00:11, 14.13it/s]
Loading weights:  61%|██████    | 243/399 [00:18<00:08, 18.98it/s]
Loading weights:  60%|█████▉    | 238/399 [00:18<00:11, 14.05it/s]
Loading weights:  62%|██████▏   | 246/399 [00:18<00:08, 18.83it/s]
Loading weights:  61%|██████    | 243/399 [00:18<00:08, 18.82it/s]
Loading weights:  62%|██████▏   | 246/399 [00:18<00:08, 18.56it/s]
Loading weights:  62%|██████▏   | 249/399 [00:18<00:10, 14.86it/s]
Loading weights:  64%|██████▎   | 254/399 [00:19<00:07, 19.36it/s]
Loading weights:  62%|██████▏   | 249/399 [00:18<00:09, 15.05it/s]
Loading weights:  64%|██████▎   | 254/399 [00:18<00:07, 20.00it/s]
Loading weights:  64%|██████▍   | 257/399 [00:19<00:07, 19.00it/s]
Loading weights:  64%|██████▍   | 257/399 [00:19<00:07, 18.64it/s]
Loading weights:  65%|██████▌   | 260/399 [00:19<00:09, 14.93it/s]
Loading weights:  66%|██████▋   | 265/399 [00:19<00:06, 19.93it/s]
Loading weights:  65%|██████▌   | 260/399 [00:19<00:09, 14.75it/s]
Loading weights:  67%|██████▋   | 268/399 [00:19<00:06, 19.30it/s]
Loading weights:  66%|██████▋   | 265/399 [00:19<00:06, 19.36it/s]
Loading weights:  67%|██████▋   | 268/399 [00:19<00:06, 18.75it/s]
Loading weights:  68%|██████▊   | 271/399 [00:20<00:08, 15.33it/s]
Loading weights:  69%|██████▉   | 276/399 [00:20<00:06, 20.42it/s]
Loading weights:  68%|██████▊   | 271/399 [00:20<00:08, 14.67it/s]
Loading weights:  70%|██████▉   | 279/399 [00:20<00:06, 19.87it/s]
Loading weights:  69%|██████▉   | 276/399 [00:20<00:06, 18.33it/s]
Loading weights:  70%|██████▉   | 279/399 [00:20<00:06, 17.59it/s]
Loading weights:  71%|███████   | 282/399 [00:20<00:07, 15.16it/s]
Loading weights:  72%|███████▏  | 287/399 [00:20<00:05, 19.99it/s]
Loading weights:  71%|███████   | 282/399 [00:20<00:08, 14.59it/s]
Loading weights:  73%|███████▎  | 290/399 [00:21<00:05, 19.09it/s]
Loading weights:  72%|███████▏  | 287/399 [00:20<00:05, 19.60it/s]
Loading weights:  73%|███████▎  | 290/399 [00:21<00:06, 17.33it/s]
Loading weights:  73%|███████▎  | 293/399 [00:21<00:07, 14.57it/s]
Loading weights:  75%|███████▍  | 298/399 [00:21<00:05, 19.13it/s]
Loading weights:  75%|███████▌  | 301/399 [00:21<00:05, 18.01it/s]
Loading weights:  73%|███████▎  | 293/399 [00:21<00:08, 13.19it/s]
Loading weights:  75%|███████▍  | 298/399 [00:21<00:05, 17.53it/s]
Loading weights:  76%|███████▌  | 304/399 [00:22<00:06, 13.98it/s]
Loading weights:  75%|███████▌  | 301/399 [00:21<00:05, 16.45it/s]
Loading weights:  77%|███████▋  | 309/399 [00:22<00:04, 18.53it/s]
Loading weights:  78%|███████▊  | 312/399 [00:22<00:05, 17.19it/s]
Loading weights:  76%|███████▌  | 304/399 [00:22<00:07, 13.36it/s]
Loading weights:  77%|███████▋  | 309/399 [00:22<00:05, 17.97it/s]
Loading weights:  79%|███████▉  | 315/399 [00:22<00:06, 13.79it/s]
Loading weights:  78%|███████▊  | 312/399 [00:22<00:05, 16.70it/s]
Loading weights:  80%|████████  | 320/399 [00:22<00:04, 18.50it/s]
Loading weights:  81%|████████  | 323/399 [00:23<00:04, 17.80it/s]
Loading weights:  79%|███████▉  | 315/399 [00:22<00:05, 14.32it/s]
Loading weights:  80%|████████  | 320/399 [00:22<00:04, 19.35it/s]
Loading weights:  81%|████████  | 323/399 [00:23<00:03, 19.12it/s]
Loading weights:  82%|████████▏ | 326/399 [00:23<00:04, 14.66it/s]
Loading weights:  83%|████████▎ | 331/399 [00:23<00:03, 19.36it/s]
Loading weights:  84%|████████▎ | 334/399 [00:23<00:03, 19.17it/s]
Loading weights:  82%|████████▏ | 326/399 [00:23<00:04, 15.13it/s]
Loading weights:  83%|████████▎ | 331/399 [00:23<00:03, 19.99it/s]
Loading weights:  84%|████████▎ | 334/399 [00:23<00:03, 19.09it/s]
Loading weights:  84%|████████▍ | 337/399 [00:23<00:04, 15.03it/s]
Loading weights:  86%|████████▌ | 342/399 [00:24<00:02, 19.95it/s]
Loading weights:  86%|████████▋ | 345/399 [00:24<00:02, 19.23it/s]
Loading weights:  84%|████████▍ | 337/399 [00:24<00:04, 14.96it/s]
Loading weights:  86%|████████▌ | 342/399 [00:24<00:02, 19.97it/s]
Loading weights:  86%|████████▋ | 345/399 [00:24<00:02, 19.49it/s]
Loading weights:  87%|████████▋ | 348/399 [00:24<00:03, 14.64it/s]
Loading weights:  88%|████████▊ | 353/399 [00:24<00:02, 18.99it/s]
Loading weights:  87%|████████▋ | 348/399 [00:24<00:03, 14.94it/s]
Loading weights:  89%|████████▉ | 356/399 [00:24<00:02, 17.91it/s]
Loading weights:  88%|████████▊ | 353/399 [00:24<00:02, 19.29it/s]
Loading weights:  89%|████████▉ | 356/399 [00:24<00:02, 17.74it/s]
Loading weights:  90%|████████▉ | 359/399 [00:25<00:02, 14.63it/s]
Loading weights:  91%|█████████ | 364/399 [00:25<00:01, 19.01it/s]
Loading weights:  92%|█████████▏| 367/399 [00:25<00:01, 18.75it/s]
Loading weights:  90%|████████▉ | 359/399 [00:25<00:02, 13.77it/s]
Loading weights:  91%|█████████ | 364/399 [00:25<00:01, 18.22it/s]
Loading weights:  93%|█████████▎| 370/399 [00:25<00:01, 15.10it/s]
Loading weights:  92%|█████████▏| 367/399 [00:25<00:01, 18.44it/s]
Loading weights:  94%|█████████▍| 375/399 [00:26<00:01, 20.02it/s]
Loading weights:  95%|█████████▍| 378/399 [00:26<00:01, 19.24it/s]
Loading weights:  93%|█████████▎| 370/399 [00:25<00:01, 15.34it/s]
Loading weights:  94%|█████████▍| 375/399 [00:26<00:01, 20.41it/s]
Loading weights:  95%|█████████▌| 381/399 [00:26<00:01, 15.37it/s]
Loading weights:  95%|█████████▍| 378/399 [00:26<00:01, 18.90it/s]
Loading weights:  97%|█████████▋| 386/399 [00:26<00:00, 19.84it/s]
Loading weights:  97%|█████████▋| 389/399 [00:26<00:00, 18.58it/s]
Loading weights:  95%|█████████▌| 381/399 [00:26<00:01, 15.11it/s]
Loading weights:  97%|█████████▋| 386/399 [00:26<00:00, 20.20it/s]
Loading weights:  97%|█████████▋| 389/399 [00:26<00:00, 19.49it/s]
Loading weights:  98%|█████████▊| 392/399 [00:27<00:00, 14.72it/s]
Loading weights:  99%|█████████▉| 397/399 [00:27<00:00, 19.47it/s]
Loading weights: 100%|██████████| 399/399 [00:27<00:00, 14.63it/s]

Loading weights:  98%|█████████▊| 392/399 [00:27<00:00, 14.54it/s]
Loading weights:  99%|█████████▉| 397/399 [00:27<00:00, 19.40it/s]
Loading weights: 100%|██████████| 399/399 [00:27<00:00, 14.60it/s]
[transformers] warmup_ratio is deprecated and will be removed in v5.2. Use `warmup_steps` instead.
[transformers] warmup_ratio is deprecated and will be removed in v5.2. Use `warmup_steps` instead.
[RANK 0] Detected kernel version 5.4.0, which is below the recommended minimum of 5.5.0; this can cause the process to hang. It is recommended to upgrade the kernel to the minimum version or higher.
Converted 144 low-precision trainable parameters to FP32 for FP16 AMP compatibility.
[transformers] The tokenizer has new PAD/BOS/EOS tokens that differ from the model config and generation config. The model config and generation config were aligned accordingly, being updated with the tokenizer's values. Updated tokens: {'bos_token_id': None, 'pad_token_id': 151643}.
[transformers] The tokenizer has new PAD/BOS/EOS tokens that differ from the model config and generation config. The model config and generation config were aligned accordingly, being updated with the tokenizer's values. Updated tokens: {'bos_token_id': None, 'pad_token_id': 151643}.

  0%|          | 0/1100 [00:00<?, ?it/s]
  0%|          | 1/1100 [00:07<2:12:35,  7.24s/it]
  0%|          | 2/1100 [00:12<1:53:31,  6.20s/it]
  0%|          | 3/1100 [00:16<1:31:11,  4.99s/it]
  0%|          | 4/1100 [00:20<1:25:10,  4.66s/it]
  0%|          | 5/1100 [00:27<1:38:07,  5.38s/it]
  1%|          | 6/1100 [00:31<1:31:18,  5.01s/it]
  1%|          | 7/1100 [00:36<1:34:09,  5.17s/it]
  1%|          | 8/1100 [00:40<1:23:39,  4.60s/it]
  1%|          | 9/1100 [00:44<1:22:20,  4.53s/it]
  1%|          | 10/1100 [00:49<1:25:15,  4.69s/it]
                                                   
{'loss': '3.875', 'grad_norm': '2.753', 'learning_rate': '1.636e-05', 'entropy': '0.8613', 'num_tokens': '2.099e+04', 'mean_token_accuracy': '0.4671', 'epoch': '0.01819'}

  1%|          | 10/1100 [00:49<1:25:15,  4.69s/it]
  1%|          | 11/1100 [00:52<1:15:09,  4.14s/it]
  1%|          | 12/1100 [00:58<1:23:35,  4.61s/it]
  1%|          | 13/1100 [01:02<1:21:10,  4.48s/it]
  1%|▏         | 14/1100 [01:06<1:17:37,  4.29s/it]
  1%|▏         | 15/1100 [01:10<1:17:22,  4.28s/it]
  1%|▏         | 16/1100 [01:15<1:21:43,  4.52s/it]
  2%|▏         | 17/1100 [01:20<1:24:35,  4.69s/it]
  2%|▏         | 18/1100 [01:26<1:32:09,  5.11s/it]
  2%|▏         | 19/1100 [01:31<1:29:05,  4.95s/it]
  2%|▏         | 20/1100 [01:35<1:25:28,  4.75s/it]
                                                   
{'loss': '3.566', 'grad_norm': '2.837', 'learning_rate': '3.455e-05', 'entropy': '0.9722', 'num_tokens': '4.211e+04', 'mean_token_accuracy': '0.4811', 'epoch': '0.03638'}

  2%|▏         | 20/1100 [01:35<1:25:28,  4.75s/it]
  2%|▏         | 21/1100 [01:39<1:19:42,  4.43s/it]
  2%|▏         | 22/1100 [01:43<1:17:47,  4.33s/it]
  2%|▏         | 23/1100 [01:46<1:13:27,  4.09s/it]
  2%|▏         | 24/1100 [01:50<1:12:24,  4.04s/it]
  2%|▏         | 25/1100 [01:55<1:14:08,  4.14s/it]
  2%|▏         | 26/1100 [02:01<1:23:40,  4.67s/it]
  2%|▏         | 27/1100 [02:04<1:18:17,  4.38s/it]
  3%|▎         | 28/1100 [02:12<1:33:11,  5.22s/it]
  3%|▎         | 29/1100 [02:17<1:33:06,  5.22s/it]
  3%|▎         | 30/1100 [02:22<1:35:18,  5.34s/it]
                                                   
{'loss': '2.742', 'grad_norm': '2.282', 'learning_rate': '5.273e-05', 'entropy': '1.318', 'num_tokens': '6.266e+04', 'mean_token_accuracy': '0.5064', 'epoch': '0.05457'}

  3%|▎         | 30/1100 [02:22<1:35:18,  5.34s/it]
  3%|▎         | 31/1100 [02:26<1:27:35,  4.92s/it]
  3%|▎         | 32/1100 [02:32<1:29:18,  5.02s/it]
  3%|▎         | 33/1100 [02:36<1:28:31,  4.98s/it]
  3%|▎         | 34/1100 [02:42<1:32:44,  5.22s/it]
  3%|▎         | 35/1100 [02:47<1:30:49,  5.12s/it]
  3%|▎         | 36/1100 [02:51<1:25:58,  4.85s/it]
  3%|▎         | 37/1100 [02:56<1:26:28,  4.88s/it]
  3%|▎         | 38/1100 [03:01<1:23:56,  4.74s/it]
  4%|▎         | 39/1100 [03:06<1:27:06,  4.93s/it]
  4%|▎         | 40/1100 [03:10<1:22:10,  4.65s/it]
                                                   
{'loss': '2.335', 'grad_norm': '2.212', 'learning_rate': '7.091e-05', 'entropy': '1.874', 'num_tokens': '8.275e+04', 'mean_token_accuracy': '0.5127', 'epoch': '0.07276'}

  4%|▎         | 40/1100 [03:10<1:22:10,  4.65s/it]
  4%|▎         | 41/1100 [03:15<1:26:10,  4.88s/it]
  4%|▍         | 42/1100 [03:19<1:21:08,  4.60s/it]
  4%|▍         | 43/1100 [03:26<1:30:05,  5.11s/it]
  4%|▍         | 44/1100 [03:29<1:22:47,  4.70s/it]
  4%|▍         | 45/1100 [03:34<1:19:45,  4.54s/it]
  4%|▍         | 46/1100 [03:38<1:17:01,  4.39s/it]
  4%|▍         | 47/1100 [03:43<1:22:16,  4.69s/it]
  4%|▍         | 48/1100 [03:46<1:15:18,  4.30s/it]
  4%|▍         | 49/1100 [03:51<1:18:12,  4.46s/it]
  5%|▍         | 50/1100 [03:55<1:16:41,  4.38s/it]
                                                   
{'loss': '2.041', 'grad_norm': '0.9675', 'learning_rate': '8.909e-05', 'entropy': '2.073', 'num_tokens': '1.035e+05', 'mean_token_accuracy': '0.5356', 'epoch': '0.09095'}

  5%|▍         | 50/1100 [03:56<1:16:41,  4.38s/it]
  5%|▍         | 51/1100 [03:59<1:14:06,  4.24s/it]
  5%|▍         | 52/1100 [04:05<1:21:57,  4.69s/it]
  5%|▍         | 53/1100 [04:09<1:16:05,  4.36s/it]
  5%|▍         | 54/1100 [04:13<1:13:35,  4.22s/it]
  5%|▌         | 55/1100 [04:17<1:12:20,  4.15s/it]
  5%|▌         | 56/1100 [04:20<1:06:38,  3.83s/it]
  5%|▌         | 57/1100 [04:24<1:08:11,  3.92s/it]
  5%|▌         | 58/1100 [04:28<1:08:11,  3.93s/it]
  5%|▌         | 59/1100 [04:32<1:07:44,  3.90s/it]
  5%|▌         | 60/1100 [04:36<1:08:48,  3.97s/it]
                                                   
{'loss': '1.948', 'grad_norm': '0.8416', 'learning_rate': '0.0001073', 'entropy': '2.016', 'num_tokens': '1.237e+05', 'mean_token_accuracy': '0.5357', 'epoch': '0.1091'}

  5%|▌         | 60/1100 [04:36<1:08:48,  3.97s/it]
  6%|▌         | 61/1100 [04:38<1:01:37,  3.56s/it]
  6%|▌         | 62/1100 [04:44<1:11:44,  4.15s/it]
  6%|▌         | 63/1100 [04:50<1:22:54,  4.80s/it]
  6%|▌         | 64/1100 [04:55<1:20:48,  4.68s/it]
  6%|▌         | 65/1100 [04:57<1:10:26,  4.08s/it]
  6%|▌         | 66/1100 [05:02<1:11:50,  4.17s/it]
  6%|▌         | 67/1100 [05:05<1:09:28,  4.04s/it]
  6%|▌         | 68/1100 [05:10<1:13:18,  4.26s/it]
  6%|▋         | 69/1100 [05:14<1:11:50,  4.18s/it]
  6%|▋         | 70/1100 [05:17<1:04:32,  3.76s/it]
                                                   
{'loss': '1.893', 'grad_norm': '0.9784', 'learning_rate': '0.0001255', 'entropy': '1.871', 'num_tokens': '1.44e+05', 'mean_token_accuracy': '0.5593', 'epoch': '0.1273'}

  6%|▋         | 70/1100 [05:17<1:04:32,  3.76s/it]
  6%|▋         | 71/1100 [05:23<1:14:10,  4.33s/it]
  7%|▋         | 72/1100 [05:27<1:15:48,  4.42s/it]
  7%|▋         | 73/1100 [05:33<1:25:02,  4.97s/it]
  7%|▋         | 74/1100 [05:36<1:11:22,  4.17s/it]
  7%|▋         | 75/1100 [05:39<1:08:05,  3.99s/it]
  7%|▋         | 76/1100 [05:47<1:24:40,  4.96s/it]
  7%|▋         | 77/1100 [05:49<1:13:36,  4.32s/it]
  7%|▋         | 78/1100 [05:54<1:15:44,  4.45s/it]
  7%|▋         | 79/1100 [05:59<1:18:44,  4.63s/it]
  7%|▋         | 80/1100 [06:02<1:09:24,  4.08s/it]
                                                   
{'loss': '1.764', 'grad_norm': '1.006', 'learning_rate': '0.0001436', 'entropy': '1.734', 'num_tokens': '1.639e+05', 'mean_token_accuracy': '0.5735', 'epoch': '0.1455'}

  7%|▋         | 80/1100 [06:02<1:09:24,  4.08s/it]
  7%|▋         | 81/1100 [06:07<1:13:44,  4.34s/it]
  7%|▋         | 82/1100 [06:11<1:13:50,  4.35s/it]
  8%|▊         | 83/1100 [06:17<1:20:20,  4.74s/it]
  8%|▊         | 84/1100 [06:20<1:09:46,  4.12s/it]
  8%|▊         | 85/1100 [06:24<1:11:41,  4.24s/it]
  8%|▊         | 86/1100 [06:28<1:08:00,  4.02s/it]
  8%|▊         | 87/1100 [06:34<1:18:44,  4.66s/it]
  8%|▊         | 88/1100 [06:38<1:15:24,  4.47s/it]
  8%|▊         | 89/1100 [06:42<1:15:29,  4.48s/it]
  8%|▊         | 90/1100 [06:46<1:09:19,  4.12s/it]
                                                   
{'loss': '1.78', 'grad_norm': '1.043', 'learning_rate': '0.0001618', 'entropy': '1.815', 'num_tokens': '1.848e+05', 'mean_token_accuracy': '0.5656', 'epoch': '0.1637'}

  8%|▊         | 90/1100 [06:46<1:09:19,  4.12s/it]
  8%|▊         | 91/1100 [06:50<1:10:22,  4.18s/it]
  8%|▊         | 92/1100 [06:56<1:21:27,  4.85s/it]
  8%|▊         | 93/1100 [06:59<1:09:08,  4.12s/it]
  9%|▊         | 94/1100 [07:01<1:00:34,  3.61s/it]
  9%|▊         | 95/1100 [07:06<1:06:27,  3.97s/it]
  9%|▊         | 96/1100 [07:10<1:04:56,  3.88s/it]
  9%|▉         | 97/1100 [07:16<1:16:01,  4.55s/it]
  9%|▉         | 98/1100 [07:19<1:10:13,  4.21s/it]
  9%|▉         | 99/1100 [07:22<1:03:40,  3.82s/it]
  9%|▉         | 100/1100 [07:26<1:01:55,  3.72s/it]
                                                    
{'loss': '1.802', 'grad_norm': '1.254', 'learning_rate': '0.00018', 'entropy': '1.733', 'num_tokens': '2.059e+05', 'mean_token_accuracy': '0.5593', 'epoch': '0.1819'}

  9%|▉         | 100/1100 [07:26<1:01:55,  3.72s/it]

  0%|          | 0/253 [00:00<?, ?it/s][A

  1%|          | 2/253 [00:00<00:20, 12.43it/s][A

  2%|▏         | 4/253 [00:00<00:32,  7.61it/s][A

  2%|▏         | 5/253 [00:00<00:36,  6.83it/s][A

  2%|▏         | 6/253 [00:00<00:41,  5.95it/s][A

  3%|▎         | 7/253 [00:01<00:41,  6.00it/s][A

  3%|▎         | 8/253 [00:01<00:40,  6.05it/s][A

  4%|▎         | 9/253 [00:01<00:39,  6.16it/s][A

  4%|▍         | 10/253 [00:01<00:39,  6.12it/s][A

  4%|▍         | 11/253 [00:01<00:39,  6.17it/s][A

  5%|▍         | 12/253 [00:02<00:53,  4.49it/s][A

  5%|▌         | 13/253 [00:02<00:52,  4.55it/s][A

  6%|▌         | 14/253 [00:02<00:51,  4.68it/s][A

  6%|▌         | 15/253 [00:02<00:47,  4.98it/s][A

  6%|▋         | 16/253 [00:02<00:52,  4.54it/s][A

  7%|▋         | 17/253 [00:03<00:58,  4.04it/s][A

  7%|▋         | 18/253 [00:03<00:59,  3.94it/s][A

  8%|▊         | 19/253 [00:03<00:59,  3.91it/s][A

  8%|▊         | 20/253 [00:03<00:56,  4.12it/s][A

  8%|▊         | 21/253 [00:04<00:51,  4.52it/s][A

  9%|▊         | 22/253 [00:04<01:04,  3.59it/s][A

  9%|▉         | 23/253 [00:04<00:58,  3.94it/s][A

  9%|▉         | 24/253 [00:04<00:54,  4.23it/s][A

 10%|▉         | 25/253 [00:05<00:50,  4.53it/s][A

 10%|█         | 26/253 [00:05<00:46,  4.84it/s][A

 11%|█         | 27/253 [00:05<00:42,  5.30it/s][A

 11%|█         | 28/253 [00:05<00:50,  4.44it/s][A

 11%|█▏        | 29/253 [00:06<00:51,  4.34it/s][A

 12%|█▏        | 30/253 [00:06<00:46,  4.83it/s][A

 12%|█▏        | 31/253 [00:06<00:43,  5.06it/s][A

 13%|█▎        | 32/253 [00:06<00:41,  5.31it/s][A

 13%|█▎        | 33/253 [00:06<00:39,  5.51it/s][A

 13%|█▎        | 34/253 [00:06<00:38,  5.66it/s][A

 14%|█▍        | 35/253 [00:07<00:38,  5.65it/s][A

 14%|█▍        | 36/253 [00:07<00:59,  3.65it/s][A

 15%|█▍        | 37/253 [00:07<00:55,  3.92it/s][A

 15%|█▌        | 38/253 [00:07<00:48,  4.39it/s][A

 15%|█▌        | 39/253 [00:08<00:58,  3.67it/s][A

 16%|█▌        | 40/253 [00:08<01:20,  2.66it/s][A

 16%|█▌        | 41/253 [00:09<01:08,  3.09it/s][A

 17%|█▋        | 42/253 [00:10<01:51,  1.89it/s][A

 17%|█▋        | 43/253 [00:10<01:28,  2.39it/s][A

 17%|█▋        | 44/253 [00:10<01:11,  2.92it/s][A

 18%|█▊        | 45/253 [00:10<00:59,  3.50it/s][A

 18%|█▊        | 46/253 [00:10<00:56,  3.66it/s][A

 19%|█▊        | 47/253 [00:11<00:59,  3.46it/s][A

 19%|█▉        | 48/253 [00:11<00:50,  4.03it/s][A

 19%|█▉        | 49/253 [00:11<00:43,  4.64it/s][A

 20%|█▉        | 50/253 [00:11<00:39,  5.15it/s][A

 20%|██        | 51/253 [00:11<00:35,  5.63it/s][A

 21%|██        | 52/253 [00:11<00:33,  6.00it/s][A

 21%|██        | 53/253 [00:12<00:33,  5.92it/s][A

 21%|██▏       | 54/253 [00:12<00:33,  5.96it/s][A

 22%|██▏       | 55/253 [00:12<00:31,  6.25it/s][A

 22%|██▏       | 56/253 [00:12<00:30,  6.43it/s][A

 23%|██▎       | 57/253 [00:12<00:31,  6.27it/s][A

 23%|██▎       | 58/253 [00:12<00:31,  6.10it/s][A

 23%|██▎       | 59/253 [00:12<00:32,  6.01it/s][A

 24%|██▎       | 60/253 [00:13<00:33,  5.84it/s][A

 24%|██▍       | 61/253 [00:13<00:32,  5.96it/s][A

 25%|██▍       | 62/253 [00:13<00:33,  5.71it/s][A

 25%|██▍       | 63/253 [00:13<00:32,  5.79it/s][A

 25%|██▌       | 64/253 [00:13<00:31,  5.93it/s][A

 26%|██▌       | 65/253 [00:14<00:31,  5.92it/s][A

 26%|██▌       | 66/253 [00:14<00:34,  5.37it/s][A

 26%|██▋       | 67/253 [00:14<00:35,  5.29it/s][A

 27%|██▋       | 68/253 [00:14<00:34,  5.40it/s][A

 27%|██▋       | 69/253 [00:14<00:33,  5.57it/s][A

 28%|██▊       | 70/253 [00:15<00:49,  3.70it/s][A

 28%|██▊       | 71/253 [00:15<00:45,  4.00it/s][A

 28%|██▊       | 72/253 [00:16<01:34,  1.92it/s][A

 29%|██▉       | 73/253 [00:16<01:14,  2.41it/s][A

 29%|██▉       | 74/253 [00:17<01:10,  2.52it/s][A

 30%|██▉       | 75/253 [00:17<00:59,  3.01it/s][A

 30%|███       | 76/253 [00:17<00:55,  3.18it/s][A

 30%|███       | 77/253 [00:17<00:49,  3.57it/s][A

 31%|███       | 78/253 [00:17<00:42,  4.11it/s][A

 31%|███       | 79/253 [00:18<00:38,  4.55it/s][A

 32%|███▏      | 80/253 [00:18<00:46,  3.73it/s][A

 32%|███▏      | 81/253 [00:19<01:04,  2.65it/s][A

 32%|███▏      | 82/253 [00:19<01:04,  2.65it/s][A

 33%|███▎      | 83/253 [00:19<00:54,  3.12it/s][A

 33%|███▎      | 84/253 [00:20<01:00,  2.81it/s][A

 34%|███▎      | 85/253 [00:20<00:50,  3.34it/s][A

 34%|███▍      | 86/253 [00:20<00:50,  3.28it/s][A

 34%|███▍      | 87/253 [00:20<00:49,  3.37it/s][A

 35%|███▍      | 88/253 [00:21<01:00,  2.71it/s][A

 35%|███▌      | 89/253 [00:21<00:55,  2.98it/s][A

 36%|███▌      | 90/253 [00:21<00:52,  3.10it/s][A

 36%|███▌      | 91/253 [00:22<00:43,  3.72it/s][A

 36%|███▋      | 92/253 [00:22<00:38,  4.20it/s][A

 37%|███▋      | 93/253 [00:22<00:34,  4.59it/s][A

 37%|███▋      | 94/253 [00:22<00:31,  5.11it/s][A

 38%|███▊      | 95/253 [00:22<00:28,  5.51it/s][A

 38%|███▊      | 96/253 [00:22<00:26,  5.85it/s][A

 38%|███▊      | 97/253 [00:23<00:33,  4.67it/s][A

 39%|███▊      | 98/253 [00:23<00:33,  4.69it/s][A

 39%|███▉      | 99/253 [00:23<00:47,  3.22it/s][A

 40%|███▉      | 100/253 [00:24<00:46,  3.30it/s][A

 40%|███▉      | 101/253 [00:24<00:43,  3.47it/s][A

 40%|████      | 102/253 [00:24<00:38,  3.95it/s][A

 41%|████      | 103/253 [00:24<00:34,  4.36it/s][A

 41%|████      | 104/253 [00:25<00:31,  4.69it/s][A

 42%|████▏     | 105/253 [00:25<00:29,  4.99it/s][A

 42%|████▏     | 106/253 [00:25<00:27,  5.28it/s][A

 42%|████▏     | 107/253 [00:25<00:26,  5.44it/s][A

 43%|████▎     | 108/253 [00:25<00:28,  5.14it/s][A

 43%|████▎     | 109/253 [00:25<00:28,  5.06it/s][A

 43%|████▎     | 110/253 [00:26<00:26,  5.45it/s][A

 44%|████▍     | 111/253 [00:26<00:31,  4.53it/s][A

 44%|████▍     | 112/253 [00:26<00:40,  3.48it/s][A

 45%|████▍     | 113/253 [00:27<00:36,  3.84it/s][A

 45%|████▌     | 114/253 [00:27<00:33,  4.15it/s][A

 45%|████▌     | 115/253 [00:27<00:31,  4.42it/s][A

 46%|████▌     | 116/253 [00:27<00:38,  3.57it/s][A

 46%|████▌     | 117/253 [00:28<00:34,  3.90it/s][A

 47%|████▋     | 118/253 [00:28<00:41,  3.28it/s][A

 47%|████▋     | 119/253 [00:28<00:36,  3.72it/s][A

 47%|████▋     | 120/253 [00:28<00:31,  4.23it/s][A

 48%|████▊     | 121/253 [00:29<00:34,  3.85it/s][A

 48%|████▊     | 122/253 [00:29<00:38,  3.38it/s][A

 49%|████▊     | 123/253 [00:29<00:44,  2.90it/s][A

 49%|████▉     | 124/253 [00:30<00:47,  2.74it/s][A

 49%|████▉     | 125/253 [00:30<00:50,  2.51it/s][A

 50%|████▉     | 126/253 [00:31<00:53,  2.39it/s][A

 50%|█████     | 127/253 [00:31<00:45,  2.78it/s][A

 51%|█████     | 128/253 [00:31<00:37,  3.29it/s][A

 51%|█████     | 129/253 [00:32<00:42,  2.91it/s][A

 51%|█████▏    | 130/253 [00:32<00:36,  3.36it/s][A

 52%|█████▏    | 131/253 [00:32<00:36,  3.36it/s][A

 52%|█████▏    | 132/253 [00:32<00:31,  3.80it/s][A

 53%|█████▎    | 133/253 [00:34<01:27,  1.37it/s][A

 53%|█████▎    | 134/253 [00:34<01:10,  1.70it/s][A

 53%|█████▎    | 135/253 [00:35<01:02,  1.90it/s][A

 54%|█████▍    | 136/253 [00:35<00:52,  2.21it/s][A

 54%|█████▍    | 137/253 [00:35<00:45,  2.54it/s][A

 55%|█████▍    | 138/253 [00:36<00:44,  2.57it/s][A

 55%|█████▍    | 139/253 [00:36<00:36,  3.10it/s][A

 55%|█████▌    | 140/253 [00:36<00:30,  3.65it/s][A

 56%|█████▌    | 141/253 [00:36<00:29,  3.86it/s][A

 56%|█████▌    | 142/253 [00:37<00:32,  3.43it/s][A

 57%|█████▋    | 143/253 [00:37<00:28,  3.82it/s][A

 57%|█████▋    | 144/253 [00:38<00:43,  2.49it/s][A

 57%|█████▋    | 145/253 [00:38<00:35,  3.06it/s][A

 58%|█████▊    | 146/253 [00:38<00:29,  3.66it/s][A

 58%|█████▊    | 147/253 [00:38<00:24,  4.27it/s][A

 58%|█████▊    | 148/253 [00:38<00:22,  4.68it/s][A

 59%|█████▉    | 149/253 [00:38<00:20,  5.01it/s][A

 59%|█████▉    | 150/253 [00:38<00:19,  5.41it/s][A

 60%|█████▉    | 151/253 [00:39<00:17,  5.68it/s][A

 60%|██████    | 152/253 [00:39<00:22,  4.57it/s][A

 60%|██████    | 153/253 [00:39<00:20,  4.78it/s][A

 61%|██████    | 154/253 [00:39<00:21,  4.54it/s][A

 61%|██████▏   | 155/253 [00:40<00:19,  4.91it/s][A

 62%|██████▏   | 156/253 [00:40<00:20,  4.66it/s][A

 62%|██████▏   | 157/253 [00:40<00:18,  5.08it/s][A

 62%|██████▏   | 158/253 [00:40<00:17,  5.42it/s][A

 63%|██████▎   | 159/253 [00:40<00:21,  4.45it/s][A

 63%|██████▎   | 160/253 [00:41<00:24,  3.75it/s][A

 64%|██████▎   | 161/253 [00:41<00:23,  3.91it/s][A

 64%|██████▍   | 162/253 [00:42<00:36,  2.52it/s][A

 64%|██████▍   | 163/253 [00:43<00:46,  1.95it/s][A

 65%|██████▍   | 164/253 [00:43<00:38,  2.32it/s][A

 65%|██████▌   | 165/253 [00:43<00:33,  2.65it/s][A

 66%|██████▌   | 166/253 [00:43<00:30,  2.89it/s][A

 66%|██████▌   | 167/253 [00:44<00:38,  2.23it/s][A

 66%|██████▋   | 168/253 [00:44<00:30,  2.80it/s][A

 67%|██████▋   | 169/253 [00:44<00:27,  3.00it/s][A

 67%|██████▋   | 170/253 [00:45<00:24,  3.42it/s][A

 68%|██████▊   | 171/253 [00:45<00:28,  2.83it/s][A

 68%|██████▊   | 172/253 [00:45<00:24,  3.31it/s][A

 68%|██████▊   | 173/253 [00:45<00:20,  3.84it/s][A

 69%|██████▉   | 174/253 [00:46<00:18,  4.31it/s][A

 69%|██████▉   | 175/253 [00:46<00:16,  4.87it/s][A

 70%|██████▉   | 176/253 [00:46<00:14,  5.33it/s][A

 70%|██████▉   | 177/253 [00:46<00:13,  5.49it/s][A

 70%|███████   | 178/253 [00:46<00:13,  5.68it/s][A

 71%|███████   | 179/253 [00:46<00:12,  5.73it/s][A

 71%|███████   | 180/253 [00:47<00:12,  5.83it/s][A

 72%|███████▏  | 181/253 [00:47<00:12,  5.87it/s][A

 72%|███████▏  | 182/253 [00:47<00:11,  6.17it/s][A

 72%|███████▏  | 183/253 [00:47<00:11,  6.15it/s][A

 73%|███████▎  | 184/253 [00:47<00:10,  6.31it/s][A

 73%|███████▎  | 185/253 [00:47<00:10,  6.23it/s][A

 74%|███████▎  | 186/253 [00:47<00:10,  6.38it/s][A

 74%|███████▍  | 187/253 [00:48<00:10,  6.28it/s][A

 74%|███████▍  | 188/253 [00:48<00:10,  6.09it/s][A

 75%|███████▍  | 189/253 [00:48<00:10,  6.08it/s][A

 75%|███████▌  | 190/253 [00:48<00:10,  6.03it/s][A

 75%|███████▌  | 191/253 [00:48<00:10,  6.03it/s][A

 76%|███████▌  | 192/253 [00:49<00:12,  4.89it/s][A

 76%|███████▋  | 193/253 [00:49<00:16,  3.69it/s][A

 77%|███████▋  | 194/253 [00:50<00:20,  2.86it/s][A

 77%|███████▋  | 195/253 [00:50<00:18,  3.08it/s][A

 77%|███████▋  | 196/253 [00:50<00:18,  3.12it/s][A

 78%|███████▊  | 197/253 [00:51<00:20,  2.79it/s][A

 78%|███████▊  | 198/253 [00:51<00:17,  3.22it/s][A

 79%|███████▊  | 199/253 [00:51<00:16,  3.29it/s][A

 79%|███████▉  | 200/253 [00:51<00:15,  3.33it/s][A

 79%|███████▉  | 201/253 [00:52<00:13,  3.81it/s][A

 80%|███████▉  | 202/253 [00:52<00:14,  3.51it/s][A

 80%|████████  | 203/253 [00:52<00:13,  3.74it/s][A

 81%|████████  | 204/253 [00:53<00:16,  3.01it/s][A

 81%|████████  | 205/253 [00:53<00:13,  3.52it/s][A

 81%|████████▏ | 206/253 [00:53<00:14,  3.26it/s][A

 82%|████████▏ | 207/253 [00:53<00:12,  3.74it/s][A

 82%|████████▏ | 208/253 [00:54<00:14,  3.05it/s][A

 83%|████████▎ | 209/253 [00:54<00:14,  3.14it/s][A

 83%|████████▎ | 210/253 [00:54<00:13,  3.27it/s][A

 83%|████████▎ | 211/253 [00:55<00:12,  3.39it/s][A

 84%|████████▍ | 212/253 [00:55<00:11,  3.60it/s][A

 84%|████████▍ | 213/253 [00:55<00:11,  3.49it/s][A

 85%|████████▍ | 214/253 [00:55<00:09,  3.96it/s][A

 85%|████████▍ | 215/253 [00:56<00:18,  2.05it/s][A

 85%|████████▌ | 216/253 [00:57<00:23,  1.61it/s][A

 86%|████████▌ | 217/253 [00:58<00:18,  1.91it/s][A

 86%|████████▌ | 218/253 [00:58<00:18,  1.92it/s][A

 87%|████████▋ | 219/253 [00:58<00:13,  2.45it/s][A

 87%|████████▋ | 220/253 [00:59<00:11,  2.76it/s][A

 87%|████████▋ | 221/253 [00:59<00:10,  3.15it/s][A

 88%|████████▊ | 222/253 [00:59<00:09,  3.40it/s][A

 88%|████████▊ | 223/253 [00:59<00:07,  3.85it/s][A

 89%|████████▊ | 224/253 [00:59<00:06,  4.28it/s][A

 89%|████████▉ | 225/253 [01:00<00:06,  4.48it/s][A

 89%|████████▉ | 226/253 [01:00<00:06,  4.45it/s][A

 90%|████████▉ | 227/253 [01:00<00:07,  3.66it/s][A

 90%|█████████ | 228/253 [01:00<00:06,  3.97it/s][A

 91%|█████████ | 229/253 [01:01<00:07,  3.01it/s][A

 91%|█████████ | 230/253 [01:01<00:08,  2.60it/s][A

 91%|█████████▏| 231/253 [01:02<00:07,  2.91it/s][A

 92%|█████████▏| 232/253 [01:02<00:06,  3.45it/s][A

 92%|█████████▏| 233/253 [01:02<00:04,  4.01it/s][A

 92%|█████████▏| 234/253 [01:02<00:04,  4.48it/s][A

 93%|█████████▎| 235/253 [01:02<00:03,  4.90it/s][A

 93%|█████████▎| 236/253 [01:02<00:03,  5.28it/s][A

 94%|█████████▎| 237/253 [01:03<00:03,  4.25it/s][A

 94%|█████████▍| 238/253 [01:03<00:04,  3.49it/s][A

 94%|█████████▍| 239/253 [01:03<00:03,  4.04it/s][A

 95%|█████████▍| 240/253 [01:03<00:02,  4.63it/s][A

 95%|█████████▌| 241/253 [01:04<00:02,  5.15it/s][A

 96%|█████████▌| 242/253 [01:04<00:01,  5.59it/s][A

 96%|█████████▌| 243/253 [01:04<00:01,  5.70it/s][A

 96%|█████████▋| 244/253 [01:04<00:01,  5.81it/s][A

 97%|█████████▋| 245/253 [01:04<00:01,  6.04it/s][A

 97%|█████████▋| 246/253 [01:05<00:01,  3.51it/s][A

 98%|█████████▊| 247/253 [01:05<00:01,  4.04it/s][A

 98%|█████████▊| 248/253 [01:05<00:01,  3.37it/s][A

 98%|█████████▊| 249/253 [01:06<00:01,  3.77it/s][A

 99%|█████████▉| 250/253 [01:06<00:00,  3.78it/s][A

 99%|█████████▉| 251/253 [01:06<00:00,  4.06it/s][A

100%|█████████▉| 252/253 [01:07<00:00,  2.42it/s][A

100%|██████████| 253/253 [01:07<00:00,  2.50it/s][A
                                                    

                                                 
[A{'eval_loss': '1.697', 'eval_runtime': '67.88', 'eval_samples_per_second': '7.455', 'eval_steps_per_second': '3.727', 'eval_entropy': '1.742', 'eval_num_tokens': '2.059e+05', 'eval_mean_token_accuracy': '0.5806', 'epoch': '0.1819'}

  9%|▉         | 100/1100 [08:33<1:01:55,  3.72s/it]

100%|██████████| 253/253 [01:07<00:00,  2.50it/s][A

                                                 [A
  9%|▉         | 101/1100 [08:39<6:49:13, 24.58s/it]
  9%|▉         | 102/1100 [08:45<5:14:37, 18.92s/it]
  9%|▉         | 103/1100 [08:49<4:03:09, 14.63s/it]
  9%|▉         | 104/1100 [08:54<3:12:03, 11.57s/it]
 10%|▉         | 105/1100 [08:58<2:37:29,  9.50s/it]
 10%|▉         | 106/1100 [09:02<2:10:41,  7.89s/it]
 10%|▉         | 107/1100 [09:05<1:44:32,  6.32s/it]
 10%|▉         | 108/1100 [09:11<1:43:41,  6.27s/it]
 10%|▉         | 109/1100 [09:17<1:41:21,  6.14s/it]
 10%|█         | 110/1100 [09:20<1:26:17,  5.23s/it]
                                                    
{'loss': '1.773', 'grad_norm': '1.056', 'learning_rate': '0.0001982', 'entropy': '1.747', 'num_tokens': '2.264e+05', 'mean_token_accuracy': '0.5803', 'epoch': '0.2001'}

 10%|█         | 110/1100 [09:20<1:26:17,  5.23s/it]
 10%|█         | 111/1100 [09:25<1:24:00,  5.10s/it]
 10%|█         | 112/1100 [09:29<1:19:23,  4.82s/it]
 10%|█         | 113/1100 [09:32<1:10:15,  4.27s/it]
 10%|█         | 114/1100 [09:38<1:19:20,  4.83s/it]
 10%|█         | 115/1100 [09:44<1:21:26,  4.96s/it]
 11%|█         | 116/1100 [09:48<1:19:12,  4.83s/it]
 11%|█         | 117/1100 [09:51<1:11:11,  4.35s/it]
 11%|█         | 118/1100 [09:55<1:07:35,  4.13s/it]
 11%|█         | 119/1100 [09:59<1:08:42,  4.20s/it]
 11%|█         | 120/1100 [10:03<1:04:20,  3.94s/it]
                                                    
{'loss': '1.751', 'grad_norm': '1.369', 'learning_rate': '0.0002', 'entropy': '1.713', 'num_tokens': '2.469e+05', 'mean_token_accuracy': '0.5771', 'epoch': '0.2183'}

 11%|█         | 120/1100 [10:03<1:04:20,  3.94s/it]
 11%|█         | 121/1100 [10:10<1:23:14,  5.10s/it]
 11%|█         | 122/1100 [10:14<1:14:00,  4.54s/it]
 11%|█         | 123/1100 [10:19<1:19:37,  4.89s/it]
 11%|█▏        | 124/1100 [10:25<1:22:45,  5.09s/it]
 11%|█▏        | 125/1100 [10:28<1:14:14,  4.57s/it]
 11%|█▏        | 126/1100 [10:31<1:04:03,  3.95s/it]
 12%|█▏        | 127/1100 [10:35<1:04:28,  3.98s/it]
 12%|█▏        | 128/1100 [10:41<1:13:28,  4.54s/it]
 12%|█▏        | 129/1100 [10:43<1:03:18,  3.91s/it]
 12%|█▏        | 130/1100 [10:47<1:03:38,  3.94s/it]
                                                    
{'loss': '1.726', 'grad_norm': '1.246', 'learning_rate': '0.0001998', 'entropy': '1.702', 'num_tokens': '2.675e+05', 'mean_token_accuracy': '0.5779', 'epoch': '0.2365'}

 12%|█▏        | 130/1100 [10:47<1:03:38,  3.94s/it]
 12%|█▏        | 131/1100 [10:51<1:01:45,  3.82s/it]
 12%|█▏        | 132/1100 [10:57<1:13:41,  4.57s/it]
 12%|█▏        | 133/1100 [11:02<1:15:03,  4.66s/it]
 12%|█▏        | 134/1100 [11:07<1:17:12,  4.80s/it]
 12%|█▏        | 135/1100 [11:09<1:05:48,  4.09s/it]
 12%|█▏        | 136/1100 [11:13<1:03:21,  3.94s/it]
 12%|█▏        | 137/1100 [11:15<56:29,  3.52s/it]  
 13%|█▎        | 138/1100 [11:22<1:12:57,  4.55s/it]
 13%|█▎        | 139/1100 [11:28<1:15:43,  4.73s/it]
 13%|█▎        | 140/1100 [11:30<1:05:20,  4.08s/it]
                                                    
{'loss': '1.673', 'grad_norm': '1.282', 'learning_rate': '0.0001996', 'entropy': '1.641', 'num_tokens': '2.883e+05', 'mean_token_accuracy': '0.5921', 'epoch': '0.2547'}

 13%|█▎        | 140/1100 [11:30<1:05:20,  4.08s/it]
 13%|█▎        | 141/1100 [11:34<1:05:40,  4.11s/it]
 13%|█▎        | 142/1100 [11:39<1:08:56,  4.32s/it]
 13%|█▎        | 143/1100 [11:44<1:12:04,  4.52s/it]
 13%|█▎        | 144/1100 [11:51<1:23:41,  5.25s/it]
 13%|█▎        | 145/1100 [11:55<1:15:28,  4.74s/it]
 13%|█▎        | 146/1100 [11:58<1:10:45,  4.45s/it]
 13%|█▎        | 147/1100 [12:04<1:14:44,  4.71s/it]
 13%|█▎        | 148/1100 [12:09<1:17:39,  4.89s/it]
 14%|█▎        | 149/1100 [12:13<1:15:05,  4.74s/it]
 14%|█▎        | 150/1100 [12:18<1:16:14,  4.82s/it]
                                                    
{'loss': '1.631', 'grad_norm': '1.194', 'learning_rate': '0.0001992', 'entropy': '1.617', 'num_tokens': '3.09e+05', 'mean_token_accuracy': '0.5934', 'epoch': '0.2729'}

 14%|█▎        | 150/1100 [12:19<1:16:14,  4.82s/it]
 14%|█▎        | 151/1100 [12:23<1:14:58,  4.74s/it]
 14%|█▍        | 152/1100 [12:27<1:09:44,  4.41s/it]
 14%|█▍        | 153/1100 [12:31<1:11:07,  4.51s/it]
 14%|█▍        | 154/1100 [12:38<1:23:27,  5.29s/it]
 14%|█▍        | 155/1100 [12:42<1:15:38,  4.80s/it]
 14%|█▍        | 156/1100 [12:45<1:04:43,  4.11s/it]
 14%|█▍        | 157/1100 [12:51<1:16:21,  4.86s/it]
 14%|█▍        | 158/1100 [12:55<1:10:31,  4.49s/it]
 14%|█▍        | 159/1100 [13:00<1:12:11,  4.60s/it]
 15%|█▍        | 160/1100 [13:04<1:09:31,  4.44s/it]
                                                    
{'loss': '1.598', 'grad_norm': '1.118', 'learning_rate': '0.0001988', 'entropy': '1.524', 'num_tokens': '3.302e+05', 'mean_token_accuracy': '0.6022', 'epoch': '0.291'}

 15%|█▍        | 160/1100 [13:04<1:09:31,  4.44s/it]
 15%|█▍        | 161/1100 [13:08<1:06:57,  4.28s/it]
 15%|█▍        | 162/1100 [13:13<1:10:13,  4.49s/it]
 15%|█▍        | 163/1100 [13:16<1:02:40,  4.01s/it]
 15%|█▍        | 164/1100 [13:20<1:05:07,  4.18s/it]
 15%|█▌        | 165/1100 [13:23<58:18,  3.74s/it]  
 15%|█▌        | 166/1100 [13:30<1:13:46,  4.74s/it]
 15%|█▌        | 167/1100 [13:36<1:18:17,  5.03s/it]
 15%|█▌        | 168/1100 [13:39<1:12:02,  4.64s/it]
 15%|█▌        | 169/1100 [13:46<1:20:39,  5.20s/it]
 15%|█▌        | 170/1100 [13:49<1:11:31,  4.61s/it]
                                                    
{'loss': '1.647', 'grad_norm': '1.164', 'learning_rate': '0.0001983', 'entropy': '1.741', 'num_tokens': '3.512e+05', 'mean_token_accuracy': '0.5948', 'epoch': '0.3092'}

 15%|█▌        | 170/1100 [13:49<1:11:31,  4.61s/it]
 16%|█▌        | 171/1100 [13:54<1:10:18,  4.54s/it]
 16%|█▌        | 172/1100 [13:58<1:09:45,  4.51s/it]
 16%|█▌        | 173/1100 [14:04<1:15:32,  4.89s/it]
 16%|█▌        | 174/1100 [14:08<1:12:01,  4.67s/it]
 16%|█▌        | 175/1100 [14:11<1:05:05,  4.22s/it]
 16%|█▌        | 176/1100 [14:16<1:09:19,  4.50s/it]
 16%|█▌        | 177/1100 [14:22<1:13:38,  4.79s/it]
 16%|█▌        | 178/1100 [14:26<1:09:35,  4.53s/it]
 16%|█▋        | 179/1100 [14:30<1:08:50,  4.48s/it]
 16%|█▋        | 180/1100 [14:35<1:13:03,  4.76s/it]
                                                    
{'loss': '1.576', 'grad_norm': '1.125', 'learning_rate': '0.0001976', 'entropy': '1.495', 'num_tokens': '3.72e+05', 'mean_token_accuracy': '0.6083', 'epoch': '0.3274'}

 16%|█▋        | 180/1100 [14:35<1:13:03,  4.76s/it]
 16%|█▋        | 181/1100 [14:39<1:08:15,  4.46s/it]
 17%|█▋        | 182/1100 [14:41<57:48,  3.78s/it]  
 17%|█▋        | 183/1100 [14:47<1:05:35,  4.29s/it]
 17%|█▋        | 184/1100 [14:51<1:04:26,  4.22s/it]
 17%|█▋        | 185/1100 [14:56<1:08:16,  4.48s/it]
 17%|█▋        | 186/1100 [15:02<1:17:04,  5.06s/it]
 17%|█▋        | 187/1100 [15:05<1:05:39,  4.32s/it]
 17%|█▋        | 188/1100 [15:08<58:47,  3.87s/it]  
 17%|█▋        | 189/1100 [15:15<1:13:08,  4.82s/it]
 17%|█▋        | 190/1100 [15:20<1:13:46,  4.86s/it]
                                                    
{'loss': '1.553', 'grad_norm': '1.209', 'learning_rate': '0.0001969', 'entropy': '1.589', 'num_tokens': '3.926e+05', 'mean_token_accuracy': '0.6045', 'epoch': '0.3456'}

 17%|█▋        | 190/1100 [15:20<1:13:46,  4.86s/it]
 17%|█▋        | 191/1100 [15:22<1:02:26,  4.12s/it]
 17%|█▋        | 192/1100 [15:26<1:00:39,  4.01s/it]
 18%|█▊        | 193/1100 [15:31<1:07:33,  4.47s/it]
 18%|█▊        | 194/1100 [15:37<1:12:55,  4.83s/it]
 18%|█▊        | 195/1100 [15:39<1:01:33,  4.08s/it]
 18%|█▊        | 196/1100 [15:46<1:11:43,  4.76s/it]
 18%|█▊        | 197/1100 [15:50<1:11:23,  4.74s/it]
 18%|█▊        | 198/1100 [15:54<1:07:44,  4.51s/it]
 18%|█▊        | 199/1100 [15:59<1:07:55,  4.52s/it]
 18%|█▊        | 200/1100 [16:04<1:11:02,  4.74s/it]
                                                    
{'loss': '1.661', 'grad_norm': '1.169', 'learning_rate': '0.000196', 'entropy': '1.635', 'num_tokens': '4.136e+05', 'mean_token_accuracy': '0.5922', 'epoch': '0.3638'}

 18%|█▊        | 200/1100 [16:04<1:11:02,  4.74s/it]

  0%|          | 0/253 [00:00<?, ?it/s][A

  1%|          | 2/253 [00:00<00:43,  5.77it/s][A

  1%|          | 3/253 [00:00<00:43,  5.76it/s][A

  2%|▏         | 4/253 [00:00<00:43,  5.72it/s][A

  2%|▏         | 5/253 [00:00<00:44,  5.63it/s][A

  2%|▏         | 6/253 [00:01<00:55,  4.43it/s][A

  3%|▎         | 7/253 [00:01<01:11,  3.46it/s][A

  3%|▎         | 8/253 [00:01<01:07,  3.64it/s][A

  4%|▎         | 9/253 [00:02<01:07,  3.60it/s][A

  4%|▍         | 10/253 [00:02<01:14,  3.26it/s][A

  4%|▍         | 11/253 [00:02<01:22,  2.93it/s][A

  5%|▍         | 12/253 [00:03<01:19,  3.03it/s][A

  5%|▌         | 13/253 [00:03<01:14,  3.21it/s][A

  6%|▌         | 14/253 [00:04<01:28,  2.70it/s][A

  6%|▌         | 15/253 [00:04<01:38,  2.40it/s][A

  6%|▋         | 16/253 [00:04<01:19,  2.97it/s][A

  7%|▋         | 17/253 [00:05<01:31,  2.58it/s][A

  7%|▋         | 18/253 [00:05<01:24,  2.77it/s][A

  8%|▊         | 19/253 [00:06<01:43,  2.26it/s][A

  8%|▊         | 20/253 [00:06<01:25,  2.72it/s][A

  8%|▊         | 21/253 [00:06<01:26,  2.69it/s][A

  9%|▊         | 22/253 [00:06<01:17,  3.00it/s][A

  9%|▉         | 23/253 [00:07<01:06,  3.45it/s][A

  9%|▉         | 24/253 [00:07<00:59,  3.83it/s][A

 10%|▉         | 25/253 [00:08<01:32,  2.45it/s][A

 10%|█         | 26/253 [00:08<01:16,  2.95it/s][A

 11%|█         | 27/253 [00:08<01:05,  3.46it/s][A

 11%|█         | 28/253 [00:08<01:13,  3.07it/s][A

 11%|█▏        | 29/253 [00:09<01:02,  3.57it/s][A

 12%|█▏        | 30/253 [00:09<00:54,  4.09it/s][A

 12%|█▏        | 31/253 [00:09<01:21,  2.72it/s][A

 13%|█▎        | 32/253 [00:10<01:17,  2.85it/s][A

 13%|█▎        | 33/253 [00:10<01:05,  3.38it/s][A

 13%|█▎        | 34/253 [00:10<01:02,  3.49it/s][A

 14%|█▍        | 35/253 [00:10<01:08,  3.16it/s][A

 14%|█▍        | 36/253 [00:11<01:25,  2.53it/s][A

 15%|█▍        | 37/253 [00:11<01:09,  3.13it/s][A

 15%|█▌        | 38/253 [00:12<01:10,  3.03it/s][A

 15%|█▌        | 39/253 [00:12<01:04,  3.32it/s][A

 16%|█▌        | 40/253 [00:12<01:01,  3.45it/s][A

 16%|█▌        | 41/253 [00:12<00:55,  3.82it/s][A

 17%|█▋        | 42/253 [00:12<00:51,  4.08it/s][A

 17%|█▋        | 43/253 [00:13<00:59,  3.53it/s][A

 17%|█▋        | 44/253 [00:13<01:05,  3.18it/s][A

 18%|█▊        | 45/253 [00:13<01:00,  3.45it/s][A

 18%|█▊        | 46/253 [00:14<00:57,  3.58it/s][A

 19%|█▊        | 47/253 [00:14<00:52,  3.90it/s][A

 19%|█▉        | 48/253 [00:14<00:56,  3.65it/s][A

 19%|█▉        | 49/253 [00:14<00:51,  3.97it/s][A

 20%|█▉        | 50/253 [00:15<00:44,  4.58it/s][A

 20%|██        | 51/253 [00:15<00:39,  5.16it/s][A

 21%|██        | 52/253 [00:15<00:36,  5.56it/s][A

 21%|██        | 53/253 [00:15<00:35,  5.61it/s][A

 21%|██▏       | 54/253 [00:15<00:34,  5.74it/s][A

 22%|██▏       | 55/253 [00:15<00:32,  6.11it/s][A

 22%|██▏       | 56/253 [00:15<00:31,  6.24it/s][A

 23%|██▎       | 57/253 [00:16<00:31,  6.14it/s][A

 23%|██▎       | 58/253 [00:16<00:32,  6.01it/s][A

 23%|██▎       | 59/253 [00:16<00:33,  5.82it/s][A

 24%|██▎       | 60/253 [00:16<00:32,  5.89it/s][A

 24%|██▍       | 61/253 [00:16<00:31,  6.06it/s][A

 25%|██▍       | 62/253 [00:17<00:33,  5.76it/s][A

 25%|██▍       | 63/253 [00:17<00:32,  5.84it/s][A

 25%|██▌       | 64/253 [00:17<00:31,  6.01it/s][A

 26%|██▌       | 65/253 [00:17<00:31,  5.99it/s][A

 26%|██▌       | 66/253 [00:17<00:31,  5.99it/s][A

 26%|██▋       | 67/253 [00:17<00:30,  6.05it/s][A

 27%|██▋       | 68/253 [00:17<00:30,  6.00it/s][A

 27%|██▋       | 69/253 [00:18<00:31,  5.90it/s][A

 28%|██▊       | 70/253 [00:18<00:43,  4.22it/s][A

 28%|██▊       | 71/253 [00:18<00:47,  3.85it/s][A

 28%|██▊       | 72/253 [00:19<00:45,  3.94it/s][A

 29%|██▉       | 73/253 [00:19<00:43,  4.14it/s][A

 29%|██▉       | 74/253 [00:19<00:53,  3.35it/s][A

 30%|██▉       | 75/253 [00:20<00:50,  3.54it/s][A

 30%|███       | 76/253 [00:20<00:54,  3.25it/s][A

 30%|███       | 77/253 [00:20<00:48,  3.65it/s][A

 31%|███       | 78/253 [00:20<00:41,  4.20it/s][A

 31%|███       | 79/253 [00:20<00:39,  4.38it/s][A

 32%|███▏      | 80/253 [00:21<00:36,  4.70it/s][A

 32%|███▏      | 81/253 [00:21<00:44,  3.87it/s][A

 32%|███▏      | 82/253 [00:21<00:53,  3.17it/s][A

 33%|███▎      | 83/253 [00:22<00:46,  3.68it/s][A

 33%|███▎      | 84/253 [00:22<00:40,  4.16it/s][A

 34%|███▎      | 85/253 [00:22<00:36,  4.58it/s][A

 34%|███▍      | 86/253 [00:22<00:33,  4.97it/s][A

 34%|███▍      | 87/253 [00:22<00:31,  5.19it/s][A

 35%|███▍      | 88/253 [00:23<00:38,  4.27it/s][A

 35%|███▌      | 89/253 [00:24<01:25,  1.92it/s][A

 36%|███▌      | 90/253 [00:25<01:53,  1.44it/s][A

 36%|███▌      | 91/253 [00:25<01:27,  1.84it/s][A

 36%|███▋      | 92/253 [00:25<01:15,  2.14it/s][A

 37%|███▋      | 93/253 [00:26<01:11,  2.22it/s][A

 37%|███▋      | 94/253 [00:26<00:57,  2.78it/s][A

 38%|███▊      | 95/253 [00:26<00:51,  3.09it/s][A

 38%|███▊      | 96/253 [00:26<00:49,  3.20it/s][A

 38%|███▊      | 97/253 [00:27<00:46,  3.35it/s][A

 39%|███▊      | 98/253 [00:27<00:46,  3.35it/s][A

 39%|███▉      | 99/253 [00:27<00:39,  3.87it/s][A

 40%|███▉      | 100/253 [00:27<00:35,  4.32it/s][A

 40%|███▉      | 101/253 [00:28<00:37,  4.08it/s][A

 40%|████      | 102/253 [00:28<00:39,  3.80it/s][A

 41%|████      | 103/253 [00:28<00:37,  4.01it/s][A

 41%|████      | 104/253 [00:28<00:33,  4.47it/s][A

 42%|████▏     | 105/253 [00:28<00:30,  4.82it/s][A

 42%|████▏     | 106/253 [00:29<00:27,  5.27it/s][A

 42%|████▏     | 107/253 [00:29<00:26,  5.47it/s][A

 43%|████▎     | 108/253 [00:29<00:25,  5.62it/s][A

 43%|████▎     | 109/253 [00:29<00:24,  5.82it/s][A

 43%|████▎     | 110/253 [00:29<00:23,  6.06it/s][A

 44%|████▍     | 111/253 [00:29<00:23,  6.14it/s][A

 44%|████▍     | 112/253 [00:30<00:23,  6.09it/s][A

 45%|████▍     | 113/253 [00:30<00:23,  6.01it/s][A

 45%|████▌     | 114/253 [00:30<00:23,  5.99it/s][A

 45%|████▌     | 115/253 [00:30<00:29,  4.62it/s][A

 46%|████▌     | 116/253 [00:31<00:33,  4.13it/s][A

 46%|████▌     | 117/253 [00:31<00:29,  4.54it/s][A

 47%|████▋     | 118/253 [00:31<00:27,  4.88it/s][A

 47%|████▋     | 119/253 [00:31<00:29,  4.49it/s][A

 47%|████▋     | 120/253 [00:31<00:27,  4.84it/s][A

 48%|████▊     | 121/253 [00:31<00:25,  5.17it/s][A

 48%|████▊     | 122/253 [00:32<00:30,  4.28it/s][A

 49%|████▊     | 123/253 [00:33<01:09,  1.87it/s][A

 49%|████▉     | 124/253 [00:33<00:57,  2.26it/s][A

 49%|████▉     | 125/253 [00:34<00:48,  2.62it/s][A

 50%|████▉     | 126/253 [00:34<00:42,  3.00it/s][A

 50%|█████     | 127/253 [00:34<00:36,  3.41it/s][A

 51%|█████     | 128/253 [00:35<00:47,  2.64it/s][A

 51%|█████     | 129/253 [00:35<00:52,  2.36it/s][A

 51%|█████▏    | 130/253 [00:36<00:53,  2.32it/s][A

 52%|█████▏    | 131/253 [00:36<00:49,  2.45it/s][A

 52%|█████▏    | 132/253 [00:36<00:42,  2.86it/s][A

 53%|█████▎    | 133/253 [00:37<00:53,  2.26it/s][A

 53%|█████▎    | 134/253 [00:37<00:50,  2.34it/s][A

 53%|█████▎    | 135/253 [00:39<01:25,  1.38it/s][A

 54%|█████▍    | 136/253 [00:39<01:22,  1.43it/s][A

 54%|█████▍    | 137/253 [00:39<01:03,  1.82it/s][A

 55%|█████▍    | 138/253 [00:40<00:59,  1.93it/s][A

 55%|█████▍    | 139/253 [00:40<00:54,  2.08it/s][A

 55%|█████▌    | 140/253 [00:40<00:46,  2.44it/s][A

 56%|█████▌    | 141/253 [00:41<00:38,  2.90it/s][A

 56%|█████▌    | 142/253 [00:41<00:33,  3.31it/s][A

 57%|█████▋    | 143/253 [00:41<00:28,  3.80it/s][A

 57%|█████▋    | 144/253 [00:41<00:35,  3.11it/s][A

 57%|█████▋    | 145/253 [00:42<00:34,  3.14it/s][A

 58%|█████▊    | 146/253 [00:42<00:35,  3.01it/s][A

 58%|█████▊    | 147/253 [00:42<00:30,  3.48it/s][A

 58%|█████▊    | 148/253 [00:43<00:26,  3.98it/s][A

 59%|█████▉    | 149/253 [00:43<00:23,  4.39it/s][A

 59%|█████▉    | 150/253 [00:43<00:21,  4.79it/s][A

 60%|█████▉    | 151/253 [00:43<00:20,  5.08it/s][A

 60%|██████    | 152/253 [00:43<00:18,  5.32it/s][A

 60%|██████    | 153/253 [00:43<00:18,  5.38it/s][A

 61%|██████    | 154/253 [00:44<00:29,  3.35it/s][A

 61%|██████▏   | 155/253 [00:44<00:26,  3.67it/s][A

 62%|██████▏   | 156/253 [00:44<00:24,  3.99it/s][A

 62%|██████▏   | 157/253 [00:45<00:22,  4.28it/s][A

 62%|██████▏   | 158/253 [00:45<00:20,  4.58it/s][A

 63%|██████▎   | 159/253 [00:45<00:22,  4.22it/s][A

 63%|██████▎   | 160/253 [00:46<00:51,  1.80it/s][A

 64%|██████▎   | 161/253 [00:47<00:42,  2.15it/s][A

 64%|██████▍   | 162/253 [00:47<00:39,  2.29it/s][A

 64%|██████▍   | 163/253 [00:47<00:34,  2.63it/s][A

 65%|██████▍   | 164/253 [00:48<00:35,  2.50it/s][A

 65%|██████▌   | 165/253 [00:48<00:37,  2.34it/s][A

 66%|██████▌   | 166/253 [00:49<00:37,  2.31it/s][A

 66%|██████▌   | 167/253 [00:49<00:32,  2.68it/s][A

 66%|██████▋   | 168/253 [00:49<00:32,  2.59it/s][A

 67%|██████▋   | 169/253 [00:50<00:34,  2.45it/s][A

 67%|██████▋   | 170/253 [00:50<00:32,  2.55it/s][A

 68%|██████▊   | 171/253 [00:50<00:27,  3.03it/s][A

 68%|██████▊   | 172/253 [00:50<00:24,  3.25it/s][A

 68%|██████▊   | 173/253 [00:51<00:21,  3.77it/s][A

 69%|██████▉   | 174/253 [00:51<00:18,  4.25it/s][A

 69%|██████▉   | 175/253 [00:51<00:16,  4.66it/s][A

 70%|██████▉   | 176/253 [00:51<00:15,  5.05it/s][A

 70%|██████▉   | 177/253 [00:51<00:14,  5.18it/s][A

 70%|███████   | 178/253 [00:52<00:22,  3.31it/s][A

 71%|███████   | 179/253 [00:52<00:20,  3.66it/s][A

 71%|███████   | 180/253 [00:53<00:34,  2.13it/s][A

 72%|███████▏  | 181/253 [00:53<00:29,  2.42it/s][A

 72%|███████▏  | 182/253 [00:54<00:30,  2.36it/s][A

 72%|███████▏  | 183/253 [00:54<00:29,  2.36it/s][A

 73%|███████▎  | 184/253 [00:55<00:35,  1.93it/s][A

 73%|███████▎  | 185/253 [00:55<00:29,  2.30it/s][A

 74%|███████▎  | 186/253 [00:56<00:30,  2.21it/s][A

 74%|███████▍  | 187/253 [00:56<00:28,  2.35it/s][A

 74%|███████▍  | 188/253 [00:56<00:24,  2.62it/s][A

 75%|███████▍  | 189/253 [00:57<00:25,  2.56it/s][A

 75%|███████▌  | 190/253 [00:57<00:21,  2.90it/s][A

 75%|███████▌  | 191/253 [00:57<00:22,  2.76it/s][A

 76%|███████▌  | 192/253 [00:58<00:20,  3.00it/s][A

 76%|███████▋  | 193/253 [00:58<00:19,  3.10it/s][A

 77%|███████▋  | 194/253 [00:58<00:16,  3.66it/s][A

 77%|███████▋  | 195/253 [00:58<00:16,  3.50it/s][A

 77%|███████▋  | 196/253 [00:59<00:15,  3.60it/s][A

 78%|███████▊  | 197/253 [00:59<00:19,  2.83it/s][A

 78%|███████▊  | 198/253 [00:59<00:16,  3.41it/s][A

 79%|███████▊  | 199/253 [00:59<00:13,  3.93it/s][A

 79%|███████▉  | 200/253 [01:00<00:13,  3.79it/s][A

 79%|███████▉  | 201/253 [01:00<00:14,  3.52it/s][A

 80%|███████▉  | 202/253 [01:00<00:12,  4.00it/s][A

 80%|████████  | 203/253 [01:00<00:12,  4.17it/s][A

 81%|████████  | 204/253 [01:01<00:10,  4.59it/s][A

 81%|████████  | 205/253 [01:01<00:11,  4.23it/s][A

 81%|████████▏ | 206/253 [01:01<00:11,  4.05it/s][A

 82%|████████▏ | 207/253 [01:01<00:11,  4.10it/s][A

 82%|████████▏ | 208/253 [01:02<00:09,  4.55it/s][A

 83%|████████▎ | 209/253 [01:02<00:11,  3.97it/s][A

 83%|████████▎ | 210/253 [01:02<00:11,  3.81it/s][A

 83%|████████▎ | 211/253 [01:02<00:11,  3.67it/s][A

 84%|████████▍ | 212/253 [01:03<00:11,  3.62it/s][A

 84%|████████▍ | 213/253 [01:03<00:11,  3.34it/s][A

 85%|████████▍ | 214/253 [01:03<00:10,  3.81it/s][A

 85%|████████▍ | 215/253 [01:04<00:09,  3.97it/s][A

 85%|████████▌ | 216/253 [01:04<00:08,  4.45it/s][A

 86%|████████▌ | 217/253 [01:04<00:09,  3.70it/s][A

 86%|████████▌ | 218/253 [01:04<00:09,  3.54it/s][A

 87%|████████▋ | 219/253 [01:05<00:09,  3.72it/s][A

 87%|████████▋ | 220/253 [01:05<00:07,  4.17it/s][A

 87%|████████▋ | 221/253 [01:05<00:06,  4.68it/s][A

 88%|████████▊ | 222/253 [01:05<00:06,  4.75it/s][A

 88%|████████▊ | 223/253 [01:05<00:05,  5.02it/s][A

 89%|████████▊ | 224/253 [01:05<00:05,  5.47it/s][A

 89%|████████▉ | 225/253 [01:06<00:05,  5.50it/s][A

 89%|████████▉ | 226/253 [01:06<00:06,  4.29it/s][A

 90%|████████▉ | 227/253 [01:06<00:06,  3.95it/s][A

 90%|█████████ | 228/253 [01:07<00:07,  3.48it/s][A

 91%|█████████ | 229/253 [01:07<00:05,  4.00it/s][A

 91%|█████████ | 230/253 [01:07<00:05,  4.38it/s][A

 91%|█████████▏| 231/253 [01:07<00:05,  4.30it/s][A

 92%|█████████▏| 232/253 [01:08<00:05,  3.95it/s][A

 92%|█████████▏| 233/253 [01:08<00:05,  3.98it/s][A

 92%|█████████▏| 234/253 [01:08<00:04,  4.20it/s][A

 93%|█████████▎| 235/253 [01:08<00:04,  3.68it/s][A

 93%|█████████▎| 236/253 [01:09<00:04,  3.78it/s][A

 94%|█████████▎| 237/253 [01:09<00:04,  3.67it/s][A

 94%|█████████▍| 238/253 [01:10<00:07,  2.11it/s][A

 94%|█████████▍| 239/253 [01:10<00:06,  2.32it/s][A

 95%|█████████▍| 240/253 [01:10<00:04,  2.63it/s][A

 95%|█████████▌| 241/253 [01:11<00:04,  2.71it/s][A

 96%|█████████▌| 242/253 [01:11<00:03,  3.06it/s][A

 96%|█████████▌| 243/253 [01:11<00:03,  3.21it/s][A

 96%|█████████▋| 244/253 [01:11<00:02,  3.57it/s][A

 97%|█████████▋| 245/253 [01:12<00:01,  4.18it/s][A

 97%|█████████▋| 246/253 [01:12<00:01,  3.84it/s][A

 98%|█████████▊| 247/253 [01:12<00:01,  3.31it/s][A

 98%|█████████▊| 248/253 [01:13<00:01,  3.40it/s][A

 98%|█████████▊| 249/253 [01:13<00:01,  3.96it/s][A

 99%|█████████▉| 250/253 [01:13<00:00,  3.69it/s][A

 99%|█████████▉| 251/253 [01:13<00:00,  4.28it/s][A

100%|█████████▉| 252/253 [01:14<00:00,  4.01it/s][A

100%|██████████| 253/253 [01:14<00:00,  4.61it/s][A
                                                    

                                                 
[A{'eval_loss': '1.581', 'eval_runtime': '74.47', 'eval_samples_per_second': '6.794', 'eval_steps_per_second': '3.397', 'eval_entropy': '1.619', 'eval_num_tokens': '4.136e+05', 'eval_mean_token_accuracy': '0.6028', 'epoch': '0.3638'}

 18%|█▊        | 200/1100 [17:19<1:11:02,  4.74s/it]

100%|██████████| 253/253 [01:14<00:00,  4.61it/s][A

                                                 [A
 18%|█▊        | 201/1100 [17:24<6:48:30, 27.26s/it]
 18%|█▊        | 202/1100 [17:30<5:14:22, 21.01s/it]
 18%|█▊        | 203/1100 [17:34<3:56:06, 15.79s/it]
 19%|█▊        | 204/1100 [17:40<3:10:44, 12.77s/it]
 19%|█▊        | 205/1100 [17:43<2:26:48,  9.84s/it]
 19%|█▊        | 206/1100 [17:48<2:06:03,  8.46s/it]
 19%|█▉        | 207/1100 [17:51<1:42:40,  6.90s/it]
 19%|█▉        | 208/1100 [17:56<1:30:55,  6.12s/it]
 19%|█▉        | 209/1100 [18:01<1:26:15,  5.81s/it]
 19%|█▉        | 210/1100 [18:05<1:21:23,  5.49s/it]
                                                    
{'loss': '1.582', 'grad_norm': '1.406', 'learning_rate': '0.0001951', 'entropy': '1.57', 'num_tokens': '4.349e+05', 'mean_token_accuracy': '0.6026', 'epoch': '0.382'}

 19%|█▉        | 210/1100 [18:05<1:21:23,  5.49s/it]
 19%|█▉        | 211/1100 [18:10<1:18:29,  5.30s/it]
 19%|█▉        | 212/1100 [18:16<1:19:42,  5.39s/it]
 19%|█▉        | 213/1100 [18:20<1:11:55,  4.86s/it]
 19%|█▉        | 214/1100 [18:24<1:09:54,  4.73s/it]
 20%|█▉        | 215/1100 [18:29<1:09:50,  4.74s/it]
 20%|█▉        | 216/1100 [18:33<1:08:16,  4.63s/it]
 20%|█▉        | 217/1100 [18:38<1:08:39,  4.67s/it]
 20%|█▉        | 218/1100 [18:42<1:07:04,  4.56s/it]
 20%|█▉        | 219/1100 [18:46<1:02:34,  4.26s/it]
 20%|██        | 220/1100 [18:52<1:09:45,  4.76s/it]
                                                    
{'loss': '1.515', 'grad_norm': '1.331', 'learning_rate': '0.0001941', 'entropy': '1.496', 'num_tokens': '4.55e+05', 'mean_token_accuracy': '0.6205', 'epoch': '0.4002'}

 20%|██        | 220/1100 [18:52<1:09:45,  4.76s/it]
 20%|██        | 221/1100 [18:55<1:03:46,  4.35s/it]
 20%|██        | 222/1100 [19:01<1:10:13,  4.80s/it]
 20%|██        | 223/1100 [19:04<1:00:49,  4.16s/it]
 20%|██        | 224/1100 [19:08<1:00:32,  4.15s/it]
 20%|██        | 225/1100 [19:13<1:04:25,  4.42s/it]
 21%|██        | 226/1100 [19:17<1:02:51,  4.31s/it]
 21%|██        | 227/1100 [19:20<59:55,  4.12s/it]  
 21%|██        | 228/1100 [19:25<1:00:49,  4.19s/it]
 21%|██        | 229/1100 [19:28<54:43,  3.77s/it]  
 21%|██        | 230/1100 [19:32<56:29,  3.90s/it]
                                                  
{'loss': '1.607', 'grad_norm': '1.311', 'learning_rate': '0.000193', 'entropy': '1.529', 'num_tokens': '4.756e+05', 'mean_token_accuracy': '0.6071', 'epoch': '0.4184'}

 21%|██        | 230/1100 [19:32<56:29,  3.90s/it]
 21%|██        | 231/1100 [19:36<57:32,  3.97s/it]
 21%|██        | 232/1100 [19:41<1:00:55,  4.21s/it]
 21%|██        | 233/1100 [19:44<57:19,  3.97s/it]  
 21%|██▏       | 234/1100 [19:48<57:32,  3.99s/it]
 21%|██▏       | 235/1100 [19:53<1:01:48,  4.29s/it]
 21%|██▏       | 236/1100 [20:01<1:16:25,  5.31s/it]
 22%|██▏       | 237/1100 [20:03<1:03:00,  4.38s/it]
 22%|██▏       | 238/1100 [20:07<1:02:45,  4.37s/it]
 22%|██▏       | 239/1100 [20:10<54:20,  3.79s/it]  
 22%|██▏       | 240/1100 [20:15<1:00:04,  4.19s/it]
                                                    
{'loss': '1.556', 'grad_norm': '1.175', 'learning_rate': '0.0001917', 'entropy': '1.534', 'num_tokens': '4.962e+05', 'mean_token_accuracy': '0.6002', 'epoch': '0.4366'}

 22%|██▏       | 240/1100 [20:15<1:00:04,  4.19s/it]
 22%|██▏       | 241/1100 [20:20<1:03:58,  4.47s/it]
 22%|██▏       | 242/1100 [20:22<54:51,  3.84s/it]  
 22%|██▏       | 243/1100 [20:29<1:05:32,  4.59s/it]
 22%|██▏       | 244/1100 [20:31<57:15,  4.01s/it]  
 22%|██▏       | 245/1100 [20:36<59:57,  4.21s/it]
 22%|██▏       | 246/1100 [20:41<1:03:27,  4.46s/it]
 22%|██▏       | 247/1100 [20:44<58:04,  4.09s/it]  
 23%|██▎       | 248/1100 [20:51<1:09:19,  4.88s/it]
 23%|██▎       | 249/1100 [20:55<1:06:25,  4.68s/it]
 23%|██▎       | 250/1100 [20:59<1:02:18,  4.40s/it]
                                                    
{'loss': '1.616', 'grad_norm': '1.219', 'learning_rate': '0.0001904', 'entropy': '1.609', 'num_tokens': '5.17e+05', 'mean_token_accuracy': '0.5962', 'epoch': '0.4548'}

 23%|██▎       | 250/1100 [20:59<1:02:18,  4.40s/it]
 23%|██▎       | 251/1100 [21:04<1:03:36,  4.50s/it]
 23%|██▎       | 252/1100 [21:10<1:09:16,  4.90s/it]
 23%|██▎       | 253/1100 [21:13<1:03:23,  4.49s/it]
 23%|██▎       | 254/1100 [21:18<1:05:49,  4.67s/it]
 23%|██▎       | 255/1100 [21:22<1:00:46,  4.32s/it]
 23%|██▎       | 256/1100 [21:29<1:13:21,  5.22s/it]
 23%|██▎       | 257/1100 [21:35<1:16:54,  5.47s/it]
 23%|██▎       | 258/1100 [21:42<1:21:01,  5.77s/it]
 24%|██▎       | 259/1100 [21:44<1:08:21,  4.88s/it]
 24%|██▎       | 260/1100 [21:50<1:09:49,  4.99s/it]
                                                    
{'loss': '1.621', 'grad_norm': '1.127', 'learning_rate': '0.000189', 'entropy': '1.561', 'num_tokens': '5.38e+05', 'mean_token_accuracy': '0.5991', 'epoch': '0.4729'}

 24%|██▎       | 260/1100 [21:50<1:09:49,  4.99s/it]
 24%|██▎       | 261/1100 [21:54<1:08:18,  4.89s/it]
 24%|██▍       | 262/1100 [21:58<1:04:15,  4.60s/it]
 24%|██▍       | 263/1100 [22:02<1:00:01,  4.30s/it]
 24%|██▍       | 264/1100 [22:06<1:01:28,  4.41s/it]
 24%|██▍       | 265/1100 [22:10<58:25,  4.20s/it]  
 24%|██▍       | 266/1100 [22:18<1:11:54,  5.17s/it]
 24%|██▍       | 267/1100 [22:21<1:04:50,  4.67s/it]
 24%|██▍       | 268/1100 [22:27<1:08:00,  4.90s/it]
 24%|██▍       | 269/1100 [22:31<1:06:04,  4.77s/it]
 25%|██▍       | 270/1100 [22:35<1:03:43,  4.61s/it]
                                                    
{'loss': '1.551', 'grad_norm': '1.404', 'learning_rate': '0.0001875', 'entropy': '1.574', 'num_tokens': '5.59e+05', 'mean_token_accuracy': '0.617', 'epoch': '0.4911'}

 25%|██▍       | 270/1100 [22:35<1:03:43,  4.61s/it]
 25%|██▍       | 271/1100 [22:43<1:15:52,  5.49s/it]
 25%|██▍       | 272/1100 [22:46<1:06:42,  4.83s/it]
 25%|██▍       | 273/1100 [22:53<1:13:21,  5.32s/it]
 25%|██▍       | 274/1100 [22:57<1:10:06,  5.09s/it]
 25%|██▌       | 275/1100 [23:02<1:10:39,  5.14s/it]
 25%|██▌       | 276/1100 [23:06<1:03:19,  4.61s/it]
 25%|██▌       | 277/1100 [23:11<1:07:23,  4.91s/it]
 25%|██▌       | 278/1100 [23:18<1:14:09,  5.41s/it]
 25%|██▌       | 279/1100 [23:21<1:04:58,  4.75s/it]
 25%|██▌       | 280/1100 [23:27<1:10:18,  5.14s/it]
                                                    
{'loss': '1.685', 'grad_norm': '1.19', 'learning_rate': '0.000186', 'entropy': '1.622', 'num_tokens': '5.807e+05', 'mean_token_accuracy': '0.5885', 'epoch': '0.5093'}

 25%|██▌       | 280/1100 [23:27<1:10:18,  5.14s/it]
 26%|██▌       | 281/1100 [23:32<1:09:13,  5.07s/it]
 26%|██▌       | 282/1100 [23:38<1:12:11,  5.30s/it]
 26%|██▌       | 283/1100 [23:42<1:08:40,  5.04s/it]
 26%|██▌       | 284/1100 [23:47<1:06:31,  4.89s/it]
 26%|██▌       | 285/1100 [23:53<1:12:59,  5.37s/it]
 26%|██▌       | 286/1100 [23:58<1:10:53,  5.23s/it]
 26%|██▌       | 287/1100 [24:03<1:09:41,  5.14s/it]
 26%|██▌       | 288/1100 [24:07<1:03:08,  4.67s/it]
 26%|██▋       | 289/1100 [24:12<1:03:41,  4.71s/it]
 26%|██▋       | 290/1100 [24:18<1:08:26,  5.07s/it]
                                                    
{'loss': '1.536', 'grad_norm': '1.211', 'learning_rate': '0.0001843', 'entropy': '1.57', 'num_tokens': '6.014e+05', 'mean_token_accuracy': '0.6146', 'epoch': '0.5275'}

 26%|██▋       | 290/1100 [24:18<1:08:26,  5.07s/it]
 26%|██▋       | 291/1100 [24:21<1:03:13,  4.69s/it]
 27%|██▋       | 292/1100 [24:26<1:04:22,  4.78s/it]
 27%|██▋       | 293/1100 [24:32<1:08:34,  5.10s/it]
 27%|██▋       | 294/1100 [24:38<1:10:53,  5.28s/it]
 27%|██▋       | 295/1100 [24:42<1:06:31,  4.96s/it]
 27%|██▋       | 296/1100 [24:49<1:15:38,  5.64s/it]
 27%|██▋       | 297/1100 [24:57<1:21:50,  6.11s/it]
 27%|██▋       | 298/1100 [25:01<1:16:43,  5.74s/it]
 27%|██▋       | 299/1100 [25:07<1:14:13,  5.56s/it]
 27%|██▋       | 300/1100 [25:10<1:03:50,  4.79s/it]
                                                    
{'loss': '1.55', 'grad_norm': '1.321', 'learning_rate': '0.0001825', 'entropy': '1.467', 'num_tokens': '6.222e+05', 'mean_token_accuracy': '0.6051', 'epoch': '0.5457'}

 27%|██▋       | 300/1100 [25:10<1:03:50,  4.79s/it]

  0%|          | 0/253 [00:00<?, ?it/s][A

  1%|          | 2/253 [00:00<00:18, 13.71it/s][A

  2%|▏         | 4/253 [00:00<00:31,  7.78it/s][A

  2%|▏         | 5/253 [00:00<00:34,  7.17it/s][A

  2%|▏         | 6/253 [00:00<00:36,  6.74it/s][A

  3%|▎         | 7/253 [00:00<00:37,  6.48it/s][A

  3%|▎         | 8/253 [00:01<00:38,  6.40it/s][A

  4%|▎         | 9/253 [00:01<00:39,  6.24it/s][A

  4%|▍         | 10/253 [00:01<00:39,  6.16it/s][A

  4%|▍         | 11/253 [00:01<01:03,  3.78it/s][A

  5%|▍         | 12/253 [00:02<01:10,  3.42it/s][A

  5%|▌         | 13/253 [00:02<01:20,  2.99it/s][A

  6%|▌         | 14/253 [00:03<01:34,  2.54it/s][A

  6%|▌         | 15/253 [00:03<01:22,  2.90it/s][A

  6%|▋         | 16/253 [00:04<01:37,  2.43it/s][A

  7%|▋         | 17/253 [00:04<01:23,  2.83it/s][A

  7%|▋         | 18/253 [00:04<01:43,  2.27it/s][A

  8%|▊         | 19/253 [00:05<01:27,  2.68it/s][A

  8%|▊         | 20/253 [00:05<01:19,  2.95it/s][A

  8%|▊         | 21/253 [00:06<01:40,  2.32it/s][A

  9%|▊         | 22/253 [00:06<01:30,  2.57it/s][A

  9%|▉         | 23/253 [00:06<01:12,  3.15it/s][A

  9%|▉         | 24/253 [00:06<01:05,  3.50it/s][A

 10%|▉         | 25/253 [00:06<00:57,  3.99it/s][A

 10%|█         | 26/253 [00:07<01:05,  3.47it/s][A

 11%|█         | 27/253 [00:07<01:13,  3.07it/s][A

 11%|█         | 28/253 [00:07<01:02,  3.60it/s][A

 11%|█▏        | 29/253 [00:08<00:56,  3.96it/s][A

 12%|█▏        | 30/253 [00:08<00:59,  3.76it/s][A

 12%|█▏        | 31/253 [00:08<01:14,  2.96it/s][A

 13%|█▎        | 32/253 [00:09<01:06,  3.30it/s][A

 13%|█▎        | 33/253 [00:09<00:57,  3.81it/s][A

 13%|█▎        | 34/253 [00:10<02:07,  1.71it/s][A

 14%|█▍        | 35/253 [00:10<01:51,  1.95it/s][A

 14%|█▍        | 36/253 [00:11<01:32,  2.35it/s][A

 15%|█▍        | 37/253 [00:11<01:24,  2.57it/s][A

 15%|█▌        | 38/253 [00:11<01:16,  2.80it/s][A

 15%|█▌        | 39/253 [00:12<01:10,  3.03it/s][A

 16%|█▌        | 40/253 [00:12<01:15,  2.83it/s][A

 16%|█▌        | 41/253 [00:12<01:07,  3.15it/s][A

 17%|█▋        | 42/253 [00:13<01:27,  2.42it/s][A

 17%|█▋        | 43/253 [00:13<01:17,  2.69it/s][A

 17%|█▋        | 44/253 [00:13<01:14,  2.82it/s][A

 18%|█▊        | 45/253 [00:14<01:00,  3.46it/s][A

 18%|█▊        | 46/253 [00:14<00:52,  3.95it/s][A

 19%|█▊        | 47/253 [00:14<01:00,  3.40it/s][A

 19%|█▉        | 48/253 [00:14<01:06,  3.08it/s][A

 19%|█▉        | 49/253 [00:15<00:56,  3.61it/s][A

 20%|█▉        | 50/253 [00:15<00:47,  4.24it/s][A

 20%|██        | 51/253 [00:15<00:42,  4.77it/s][A

 21%|██        | 52/253 [00:15<00:39,  5.06it/s][A

 21%|██        | 53/253 [00:15<00:38,  5.26it/s][A

 21%|██▏       | 54/253 [00:15<00:36,  5.45it/s][A

 22%|██▏       | 55/253 [00:16<00:34,  5.75it/s][A

 22%|██▏       | 56/253 [00:16<00:32,  5.97it/s][A

 23%|██▎       | 57/253 [00:16<00:32,  5.97it/s][A

 23%|██▎       | 58/253 [00:16<00:35,  5.55it/s][A

 23%|██▎       | 59/253 [00:16<00:34,  5.63it/s][A

 24%|██▎       | 60/253 [00:16<00:33,  5.76it/s][A

 24%|██▍       | 61/253 [00:17<00:33,  5.68it/s][A

 25%|██▍       | 62/253 [00:17<00:34,  5.53it/s][A

 25%|██▍       | 63/253 [00:17<00:33,  5.61it/s][A

 25%|██▌       | 64/253 [00:17<00:33,  5.68it/s][A

 26%|██▌       | 65/253 [00:17<00:35,  5.32it/s][A

 26%|██▌       | 66/253 [00:18<00:54,  3.41it/s][A

 26%|██▋       | 67/253 [00:18<00:56,  3.26it/s][A

 27%|██▋       | 68/253 [00:19<00:55,  3.34it/s][A

 27%|██▋       | 69/253 [00:19<00:51,  3.59it/s][A

 28%|██▊       | 70/253 [00:19<00:54,  3.35it/s][A

 28%|██▊       | 71/253 [00:20<00:59,  3.05it/s][A

 28%|██▊       | 72/253 [00:20<01:01,  2.95it/s][A

 29%|██▉       | 73/253 [00:20<00:50,  3.54it/s][A

 29%|██▉       | 74/253 [00:20<00:51,  3.50it/s][A

 30%|██▉       | 75/253 [00:21<00:46,  3.81it/s][A

 30%|███       | 76/253 [00:21<00:49,  3.55it/s][A

 30%|███       | 77/253 [00:21<00:42,  4.12it/s][A

 31%|███       | 78/253 [00:21<00:52,  3.34it/s][A

 31%|███       | 79/253 [00:22<00:46,  3.75it/s][A

 32%|███▏      | 80/253 [00:22<00:44,  3.92it/s][A

 32%|███▏      | 81/253 [00:22<00:54,  3.15it/s][A

 32%|███▏      | 82/253 [00:22<00:46,  3.64it/s][A

 33%|███▎      | 83/253 [00:23<00:47,  3.56it/s][A

 33%|███▎      | 84/253 [00:23<01:02,  2.72it/s][A

 34%|███▎      | 85/253 [00:24<00:51,  3.25it/s][A

 34%|███▍      | 86/253 [00:24<01:00,  2.76it/s][A

 34%|███▍      | 87/253 [00:24<00:55,  3.00it/s][A

 35%|███▍      | 88/253 [00:25<00:56,  2.92it/s][A

 35%|███▌      | 89/253 [00:25<00:58,  2.82it/s][A

 36%|███▌      | 90/253 [00:25<00:54,  3.01it/s][A

 36%|███▌      | 91/253 [00:26<00:49,  3.26it/s][A

 36%|███▋      | 92/253 [00:26<00:43,  3.74it/s][A

 37%|███▋      | 93/253 [00:26<00:41,  3.82it/s][A

 37%|███▋      | 94/253 [00:26<00:46,  3.42it/s][A

 38%|███▊      | 95/253 [00:27<00:40,  3.87it/s][A

 38%|███▊      | 96/253 [00:27<00:38,  4.04it/s][A

 38%|███▊      | 97/253 [00:27<00:44,  3.51it/s][A

 39%|███▊      | 98/253 [00:27<00:39,  3.91it/s][A

 39%|███▉      | 99/253 [00:28<00:49,  3.12it/s][A

 40%|███▉      | 100/253 [00:28<00:44,  3.42it/s][A

 40%|███▉      | 101/253 [00:28<00:39,  3.90it/s][A

 40%|████      | 102/253 [00:28<00:38,  3.93it/s][A

 41%|████      | 103/253 [00:29<00:36,  4.08it/s][A

 41%|████      | 104/253 [00:29<00:37,  3.98it/s][A

 42%|████▏     | 105/253 [00:29<00:35,  4.22it/s][A

 42%|████▏     | 106/253 [00:29<00:30,  4.82it/s][A

 42%|████▏     | 107/253 [00:29<00:28,  5.14it/s][A

 43%|████▎     | 108/253 [00:30<00:26,  5.39it/s][A

 43%|████▎     | 109/253 [00:30<00:24,  5.80it/s][A

 43%|████▎     | 110/253 [00:30<00:24,  5.84it/s][A

 44%|████▍     | 111/253 [00:30<00:23,  6.00it/s][A

 44%|████▍     | 112/253 [00:30<00:23,  6.01it/s][A

 45%|████▍     | 113/253 [00:30<00:23,  5.96it/s][A

 45%|████▌     | 114/253 [00:31<00:23,  5.93it/s][A

 45%|████▌     | 115/253 [00:31<00:24,  5.70it/s][A

 46%|████▌     | 116/253 [00:31<00:23,  5.80it/s][A

 46%|████▌     | 117/253 [00:31<00:23,  5.88it/s][A

 47%|████▋     | 118/253 [00:31<00:22,  5.89it/s][A

 47%|████▋     | 119/253 [00:31<00:22,  5.93it/s][A

 47%|████▋     | 120/253 [00:32<00:22,  6.03it/s][A

 48%|████▊     | 121/253 [00:32<00:25,  5.20it/s][A

 48%|████▊     | 122/253 [00:32<00:26,  5.01it/s][A

 49%|████▊     | 123/253 [00:32<00:26,  4.84it/s][A

 49%|████▉     | 124/253 [00:32<00:25,  5.02it/s][A

 49%|████▉     | 125/253 [00:33<00:29,  4.37it/s][A

 50%|████▉     | 126/253 [00:33<00:31,  4.03it/s][A

 50%|█████     | 127/253 [00:33<00:32,  3.89it/s][A

 51%|█████     | 128/253 [00:34<00:39,  3.17it/s][A

 51%|█████     | 129/253 [00:35<01:13,  1.68it/s][A

 51%|█████▏    | 130/253 [00:35<01:08,  1.79it/s][A

 52%|█████▏    | 131/253 [00:36<00:55,  2.20it/s][A

 52%|█████▏    | 132/253 [00:36<00:47,  2.53it/s][A

 53%|█████▎    | 133/253 [00:36<00:50,  2.37it/s][A

 53%|█████▎    | 134/253 [00:37<00:50,  2.37it/s][A

 53%|█████▎    | 135/253 [00:37<00:46,  2.53it/s][A

 54%|█████▍    | 136/253 [00:37<00:39,  2.94it/s][A

 54%|█████▍    | 137/253 [00:38<00:39,  2.92it/s][A

 55%|█████▍    | 138/253 [00:38<00:40,  2.83it/s][A

 55%|█████▍    | 139/253 [00:38<00:34,  3.27it/s][A

 55%|█████▌    | 140/253 [00:39<00:30,  3.76it/s][A

 56%|█████▌    | 141/253 [00:39<00:26,  4.20it/s][A

 56%|█████▌    | 142/253 [00:39<00:24,  4.53it/s][A

 57%|█████▋    | 143/253 [00:40<00:50,  2.18it/s][A

 57%|█████▋    | 144/253 [00:41<01:24,  1.29it/s][A

 57%|█████▋    | 145/253 [00:42<01:09,  1.56it/s][A

 58%|█████▊    | 146/253 [00:42<00:57,  1.87it/s][A

 58%|█████▊    | 147/253 [00:42<00:51,  2.08it/s][A

 58%|█████▊    | 148/253 [00:43<00:46,  2.25it/s][A

 59%|█████▉    | 149/253 [00:43<00:41,  2.49it/s][A

 59%|█████▉    | 150/253 [00:43<00:36,  2.82it/s][A

 60%|█████▉    | 151/253 [00:44<00:36,  2.77it/s][A

 60%|██████    | 152/253 [00:44<00:40,  2.48it/s][A

 60%|██████    | 153/253 [00:44<00:38,  2.62it/s][A

 61%|██████    | 154/253 [00:45<00:36,  2.72it/s][A

 61%|██████▏   | 155/253 [00:45<00:31,  3.11it/s][A

 62%|██████▏   | 156/253 [00:45<00:31,  3.12it/s][A

 62%|██████▏   | 157/253 [00:46<00:30,  3.15it/s][A

 62%|██████▏   | 158/253 [00:46<00:26,  3.56it/s][A

 63%|██████▎   | 159/253 [00:46<00:25,  3.66it/s][A

 63%|██████▎   | 160/253 [00:46<00:25,  3.70it/s][A

 64%|██████▎   | 161/253 [00:47<00:23,  3.90it/s][A

 64%|██████▍   | 162/253 [00:47<00:23,  3.92it/s][A

 64%|██████▍   | 163/253 [00:47<00:22,  4.06it/s][A

 65%|██████▍   | 164/253 [00:47<00:18,  4.72it/s][A

 65%|██████▌   | 165/253 [00:47<00:17,  5.02it/s][A

 66%|██████▌   | 166/253 [00:48<00:15,  5.56it/s][A

 66%|██████▌   | 167/253 [00:48<00:14,  6.03it/s][A

 66%|██████▋   | 168/253 [00:48<00:13,  6.35it/s][A

 67%|██████▋   | 169/253 [00:48<00:13,  6.38it/s][A

 67%|██████▋   | 170/253 [00:48<00:13,  6.18it/s][A

 68%|██████▊   | 171/253 [00:48<00:13,  6.10it/s][A

 68%|██████▊   | 172/253 [00:48<00:13,  6.16it/s][A

 68%|██████▊   | 173/253 [00:49<00:13,  6.09it/s][A

 69%|██████▉   | 174/253 [00:49<00:12,  6.08it/s][A

 69%|██████▉   | 175/253 [00:49<00:12,  6.25it/s][A

 70%|██████▉   | 176/253 [00:49<00:12,  6.20it/s][A

 70%|██████▉   | 177/253 [00:49<00:12,  6.23it/s][A

 70%|███████   | 178/253 [00:49<00:13,  5.60it/s][A

 71%|███████   | 179/253 [00:50<00:13,  5.66it/s][A

 71%|███████   | 180/253 [00:50<00:13,  5.52it/s][A

 72%|███████▏  | 181/253 [00:50<00:14,  4.85it/s][A

 72%|███████▏  | 182/253 [00:50<00:15,  4.62it/s][A

 72%|███████▏  | 183/253 [00:51<00:15,  4.61it/s][A

 73%|███████▎  | 184/253 [00:51<00:17,  4.03it/s][A

 73%|███████▎  | 185/253 [00:51<00:22,  3.03it/s][A

 74%|███████▎  | 186/253 [00:53<00:39,  1.69it/s][A

 74%|███████▍  | 187/253 [00:53<00:34,  1.94it/s][A

 74%|███████▍  | 188/253 [00:53<00:32,  1.98it/s][A

 75%|███████▍  | 189/253 [00:54<00:27,  2.32it/s][A

 75%|███████▌  | 190/253 [00:54<00:25,  2.45it/s][A

 75%|███████▌  | 191/253 [00:54<00:23,  2.64it/s][A

 76%|███████▌  | 192/253 [00:55<00:19,  3.08it/s][A

 76%|███████▋  | 193/253 [00:55<00:18,  3.24it/s][A

 77%|███████▋  | 194/253 [00:55<00:18,  3.18it/s][A

 77%|███████▋  | 195/253 [00:55<00:15,  3.73it/s][A

 77%|███████▋  | 196/253 [00:56<00:14,  3.89it/s][A

 78%|███████▊  | 197/253 [00:56<00:14,  3.86it/s][A

 78%|███████▊  | 198/253 [00:56<00:12,  4.24it/s][A

 79%|███████▊  | 199/253 [00:56<00:11,  4.66it/s][A

 79%|███████▉  | 200/253 [00:56<00:10,  5.10it/s][A

 79%|███████▉  | 201/253 [00:56<00:09,  5.36it/s][A

 80%|███████▉  | 202/253 [00:57<00:09,  5.52it/s][A

 80%|████████  | 203/253 [00:57<00:09,  5.43it/s][A

 81%|████████  | 204/253 [00:57<00:08,  5.61it/s][A

 81%|████████  | 205/253 [00:57<00:08,  5.67it/s][A

 81%|████████▏ | 206/253 [00:57<00:07,  6.08it/s][A

 82%|████████▏ | 207/253 [00:57<00:07,  6.08it/s][A

 82%|████████▏ | 208/253 [00:58<00:07,  6.29it/s][A

 83%|████████▎ | 209/253 [00:58<00:06,  6.40it/s][A

 83%|████████▎ | 210/253 [00:58<00:06,  6.38it/s][A

 83%|████████▎ | 211/253 [00:58<00:06,  6.39it/s][A

 84%|████████▍ | 212/253 [00:58<00:06,  6.45it/s][A

 84%|████████▍ | 213/253 [00:58<00:06,  6.35it/s][A

 85%|████████▍ | 214/253 [00:59<00:06,  6.36it/s][A

 85%|████████▍ | 215/253 [00:59<00:05,  6.36it/s][A

 85%|████████▌ | 216/253 [00:59<00:05,  6.39it/s][A

 86%|████████▌ | 217/253 [00:59<00:08,  4.11it/s][A

 86%|████████▌ | 218/253 [01:00<00:08,  4.05it/s][A

 87%|████████▋ | 219/253 [01:00<00:07,  4.47it/s][A

 87%|████████▋ | 220/253 [01:00<00:09,  3.43it/s][A

 87%|████████▋ | 221/253 [01:01<00:18,  1.71it/s][A

 88%|████████▊ | 222/253 [01:02<00:18,  1.67it/s][A

 88%|████████▊ | 223/253 [01:02<00:14,  2.07it/s][A

 89%|████████▊ | 224/253 [01:02<00:11,  2.54it/s][A

 89%|████████▉ | 225/253 [01:03<00:08,  3.14it/s][A

 89%|████████▉ | 226/253 [01:03<00:07,  3.63it/s][A

 90%|████████▉ | 227/253 [01:03<00:07,  3.50it/s][A

 90%|█████████ | 228/253 [01:03<00:06,  3.58it/s][A

 91%|█████████ | 229/253 [01:04<00:08,  2.69it/s][A

 91%|█████████ | 230/253 [01:04<00:07,  2.94it/s][A

 91%|█████████▏| 231/253 [01:04<00:06,  3.19it/s][A

 92%|█████████▏| 232/253 [01:05<00:06,  3.42it/s][A

 92%|█████████▏| 233/253 [01:05<00:07,  2.65it/s][A

 92%|█████████▏| 234/253 [01:06<00:07,  2.47it/s][A

 93%|█████████▎| 235/253 [01:06<00:07,  2.37it/s][A

 93%|█████████▎| 236/253 [01:07<00:07,  2.40it/s][A

 94%|█████████▎| 237/253 [01:07<00:05,  2.67it/s][A

 94%|█████████▍| 238/253 [01:07<00:05,  2.56it/s][A

 94%|█████████▍| 239/253 [01:08<00:05,  2.48it/s][A

 95%|█████████▍| 240/253 [01:08<00:05,  2.49it/s][A

 95%|█████████▌| 241/253 [01:08<00:04,  2.94it/s][A

 96%|█████████▌| 242/253 [01:09<00:03,  3.49it/s][A

 96%|█████████▌| 243/253 [01:09<00:02,  3.99it/s][A

 96%|█████████▋| 244/253 [01:09<00:02,  3.92it/s][A

 97%|█████████▋| 245/253 [01:09<00:02,  3.38it/s][A

 97%|█████████▋| 246/253 [01:10<00:02,  3.35it/s][A

 98%|█████████▊| 247/253 [01:10<00:01,  3.71it/s][A

 98%|█████████▊| 248/253 [01:10<00:01,  3.35it/s][A

 98%|█████████▊| 249/253 [01:10<00:01,  3.91it/s][A

 99%|█████████▉| 250/253 [01:11<00:00,  3.10it/s][A

 99%|█████████▉| 251/253 [01:11<00:00,  3.72it/s][A

100%|█████████▉| 252/253 [01:11<00:00,  4.27it/s][A

100%|██████████| 253/253 [01:11<00:00,  4.79it/s][A
                                                    

                                                 
[A{'eval_loss': '1.519', 'eval_runtime': '71.95', 'eval_samples_per_second': '7.033', 'eval_steps_per_second': '3.516', 'eval_entropy': '1.525', 'eval_num_tokens': '6.222e+05', 'eval_mean_token_accuracy': '0.6152', 'epoch': '0.5457'}

 27%|██▋       | 300/1100 [26:21<1:03:50,  4.79s/it]

100%|██████████| 253/253 [01:11<00:00,  4.79it/s][A

                                                 [A
 27%|██▋       | 301/1100 [26:26<5:51:41, 26.41s/it]
 27%|██▋       | 302/1100 [26:34<4:36:22, 20.78s/it]
 28%|██▊       | 303/1100 [26:39<3:31:07, 15.89s/it]
 28%|██▊       | 304/1100 [26:45<2:53:09, 13.05s/it]
 28%|██▊       | 305/1100 [26:52<2:29:51, 11.31s/it]
 28%|██▊       | 306/1100 [26:58<2:06:40,  9.57s/it]
 28%|██▊       | 307/1100 [27:05<1:55:39,  8.75s/it]
 28%|██▊       | 308/1100 [27:09<1:39:03,  7.50s/it]
 28%|██▊       | 309/1100 [27:13<1:25:11,  6.46s/it]
 28%|██▊       | 310/1100 [27:20<1:26:04,  6.54s/it]
                                                    
{'loss': '1.513', 'grad_norm': '1.164', 'learning_rate': '0.0001807', 'entropy': '1.591', 'num_tokens': '6.43e+05', 'mean_token_accuracy': '0.6053', 'epoch': '0.5639'}

 28%|██▊       | 310/1100 [27:20<1:26:04,  6.54s/it]
 28%|██▊       | 311/1100 [27:24<1:16:00,  5.78s/it]
 28%|██▊       | 312/1100 [27:28<1:10:33,  5.37s/it]
 28%|██▊       | 313/1100 [27:35<1:14:19,  5.67s/it]
 29%|██▊       | 314/1100 [27:40<1:12:42,  5.55s/it]
 29%|██▊       | 315/1100 [27:44<1:04:56,  4.96s/it]
 29%|██▊       | 316/1100 [27:50<1:09:40,  5.33s/it]
 29%|██▉       | 317/1100 [27:55<1:09:47,  5.35s/it]
 29%|██▉       | 318/1100 [28:02<1:13:57,  5.67s/it]
 29%|██▉       | 319/1100 [28:07<1:14:06,  5.69s/it]
 29%|██▉       | 320/1100 [28:13<1:14:21,  5.72s/it]
                                                    
{'loss': '1.535', 'grad_norm': '1.314', 'learning_rate': '0.0001788', 'entropy': '1.471', 'num_tokens': '6.647e+05', 'mean_token_accuracy': '0.6074', 'epoch': '0.5821'}

 29%|██▉       | 320/1100 [28:13<1:14:21,  5.72s/it]
 29%|██▉       | 321/1100 [28:17<1:08:42,  5.29s/it]
 29%|██▉       | 322/1100 [28:21<1:00:44,  4.68s/it]
 29%|██▉       | 323/1100 [28:26<1:02:04,  4.79s/it]
 29%|██▉       | 324/1100 [28:32<1:09:05,  5.34s/it]
 30%|██▉       | 325/1100 [28:37<1:04:39,  5.01s/it]
 30%|██▉       | 326/1100 [28:41<1:02:21,  4.83s/it]
 30%|██▉       | 327/1100 [28:44<55:52,  4.34s/it]  
 30%|██▉       | 328/1100 [28:50<1:01:06,  4.75s/it]
 30%|██▉       | 329/1100 [28:54<57:55,  4.51s/it]  
 30%|███       | 330/1100 [29:00<1:03:16,  4.93s/it]
                                                    
{'loss': '1.58', 'grad_norm': '1.358', 'learning_rate': '0.0001768', 'entropy': '1.549', 'num_tokens': '6.858e+05', 'mean_token_accuracy': '0.6112', 'epoch': '0.6003'}

 30%|███       | 330/1100 [29:00<1:03:16,  4.93s/it]
 30%|███       | 331/1100 [29:02<54:19,  4.24s/it]  
 30%|███       | 332/1100 [29:08<58:52,  4.60s/it]
 30%|███       | 333/1100 [29:16<1:11:44,  5.61s/it]
 30%|███       | 334/1100 [29:18<59:40,  4.67s/it]  
 30%|███       | 335/1100 [29:21<52:07,  4.09s/it]
 31%|███       | 336/1100 [29:28<1:04:21,  5.05s/it]
 31%|███       | 337/1100 [29:36<1:14:30,  5.86s/it]
 31%|███       | 338/1100 [29:41<1:09:57,  5.51s/it]
 31%|███       | 339/1100 [29:46<1:10:14,  5.54s/it]
 31%|███       | 340/1100 [29:51<1:05:04,  5.14s/it]
                                                    
{'loss': '1.591', 'grad_norm': '1.363', 'learning_rate': '0.0001747', 'entropy': '1.562', 'num_tokens': '7.066e+05', 'mean_token_accuracy': '0.6151', 'epoch': '0.6185'}

 31%|███       | 340/1100 [29:51<1:05:04,  5.14s/it]
 31%|███       | 341/1100 [29:55<1:03:53,  5.05s/it]
 31%|███       | 342/1100 [30:03<1:13:05,  5.78s/it]
 31%|███       | 343/1100 [30:06<1:03:14,  5.01s/it]
 31%|███▏      | 344/1100 [30:11<1:02:33,  4.96s/it]
 31%|███▏      | 345/1100 [30:15<59:34,  4.73s/it]  
 31%|███▏      | 346/1100 [30:20<59:18,  4.72s/it]
 32%|███▏      | 347/1100 [30:27<1:07:18,  5.36s/it]
 32%|███▏      | 348/1100 [30:32<1:08:19,  5.45s/it]
 32%|███▏      | 349/1100 [30:37<1:03:32,  5.08s/it]
 32%|███▏      | 350/1100 [30:43<1:07:07,  5.37s/it]
                                                    
{'loss': '1.42', 'grad_norm': '1.276', 'learning_rate': '0.0001726', 'entropy': '1.445', 'num_tokens': '7.272e+05', 'mean_token_accuracy': '0.62', 'epoch': '0.6367'}

 32%|███▏      | 350/1100 [30:43<1:07:07,  5.37s/it]
 32%|███▏      | 351/1100 [30:48<1:06:37,  5.34s/it]
 32%|███▏      | 352/1100 [30:51<57:20,  4.60s/it]  
 32%|███▏      | 353/1100 [30:56<1:00:14,  4.84s/it]
 32%|███▏      | 354/1100 [31:03<1:07:18,  5.41s/it]
 32%|███▏      | 355/1100 [31:08<1:07:04,  5.40s/it]
 32%|███▏      | 356/1100 [31:14<1:09:14,  5.58s/it]
 32%|███▏      | 357/1100 [31:21<1:13:45,  5.96s/it]
 33%|███▎      | 358/1100 [31:24<1:03:02,  5.10s/it]
 33%|███▎      | 359/1100 [31:31<1:07:49,  5.49s/it]
 33%|███▎      | 360/1100 [31:37<1:11:01,  5.76s/it]
                                                    
{'loss': '1.532', 'grad_norm': '1.235', 'learning_rate': '0.0001704', 'entropy': '1.464', 'num_tokens': '7.482e+05', 'mean_token_accuracy': '0.6267', 'epoch': '0.6548'}

 33%|███▎      | 360/1100 [31:37<1:11:01,  5.76s/it]
 33%|███▎      | 361/1100 [31:42<1:08:56,  5.60s/it]
 33%|███▎      | 362/1100 [31:48<1:09:20,  5.64s/it]
 33%|███▎      | 363/1100 [31:54<1:10:30,  5.74s/it]
 33%|███▎      | 364/1100 [31:56<58:49,  4.80s/it]  
 33%|███▎      | 365/1100 [32:02<1:01:24,  5.01s/it]
 33%|███▎      | 366/1100 [32:07<1:02:01,  5.07s/it]
 33%|███▎      | 367/1100 [32:12<1:00:08,  4.92s/it]
 33%|███▎      | 368/1100 [32:19<1:07:13,  5.51s/it]
 34%|███▎      | 369/1100 [32:26<1:13:35,  6.04s/it]
 34%|███▎      | 370/1100 [32:33<1:18:49,  6.48s/it]
                                                    
{'loss': '1.5', 'grad_norm': '1.326', 'learning_rate': '0.0001681', 'entropy': '1.528', 'num_tokens': '7.682e+05', 'mean_token_accuracy': '0.6201', 'epoch': '0.673'}

 34%|███▎      | 370/1100 [32:33<1:18:49,  6.48s/it]
 34%|███▎      | 371/1100 [32:38<1:13:15,  6.03s/it]
 34%|███▍      | 372/1100 [32:45<1:15:54,  6.26s/it]
 34%|███▍      | 373/1100 [32:48<1:04:38,  5.33s/it]
 34%|███▍      | 374/1100 [32:55<1:08:02,  5.62s/it]
 34%|███▍      | 375/1100 [32:59<1:01:23,  5.08s/it]
 34%|███▍      | 376/1100 [33:03<59:42,  4.95s/it]  
 34%|███▍      | 377/1100 [33:07<57:15,  4.75s/it]
 34%|███▍      | 378/1100 [33:12<56:08,  4.67s/it]
 34%|███▍      | 379/1100 [33:17<56:14,  4.68s/it]
 35%|███▍      | 380/1100 [33:19<47:59,  4.00s/it]
                                                  
{'loss': '1.542', 'grad_norm': '1.259', 'learning_rate': '0.0001657', 'entropy': '1.508', 'num_tokens': '7.896e+05', 'mean_token_accuracy': '0.6103', 'epoch': '0.6912'}

 35%|███▍      | 380/1100 [33:19<47:59,  4.00s/it]
 35%|███▍      | 381/1100 [33:26<57:44,  4.82s/it]
 35%|███▍      | 382/1100 [33:29<52:56,  4.42s/it]
 35%|███▍      | 383/1100 [33:36<1:02:17,  5.21s/it]
 35%|███▍      | 384/1100 [33:41<1:01:43,  5.17s/it]
 35%|███▌      | 385/1100 [33:49<1:11:10,  5.97s/it]
 35%|███▌      | 386/1100 [33:55<1:11:12,  5.98s/it]
 35%|███▌      | 387/1100 [34:01<1:08:37,  5.77s/it]
 35%|███▌      | 388/1100 [34:08<1:15:31,  6.36s/it]
 35%|███▌      | 389/1100 [34:12<1:04:57,  5.48s/it]
 35%|███▌      | 390/1100 [34:18<1:09:14,  5.85s/it]
                                                    
{'loss': '1.416', 'grad_norm': '1.166', 'learning_rate': '0.0001633', 'entropy': '1.443', 'num_tokens': '8.097e+05', 'mean_token_accuracy': '0.6336', 'epoch': '0.7094'}

 35%|███▌      | 390/1100 [34:18<1:09:14,  5.85s/it]
 36%|███▌      | 391/1100 [34:26<1:13:41,  6.24s/it]
 36%|███▌      | 392/1100 [34:32<1:13:31,  6.23s/it]
 36%|███▌      | 393/1100 [34:38<1:12:17,  6.13s/it]
 36%|███▌      | 394/1100 [34:41<1:01:40,  5.24s/it]
 36%|███▌      | 395/1100 [34:43<52:06,  4.43s/it]  
 36%|███▌      | 396/1100 [34:50<59:58,  5.11s/it]
 36%|███▌      | 397/1100 [34:58<1:09:26,  5.93s/it]
 36%|███▌      | 398/1100 [35:06<1:16:18,  6.52s/it]
 36%|███▋      | 399/1100 [35:10<1:07:18,  5.76s/it]
 36%|███▋      | 400/1100 [35:15<1:04:21,  5.52s/it]
                                                    
{'loss': '1.511', 'grad_norm': '1.083', 'learning_rate': '0.0001608', 'entropy': '1.49', 'num_tokens': '8.31e+05', 'mean_token_accuracy': '0.6196', 'epoch': '0.7276'}

 36%|███▋      | 400/1100 [35:15<1:04:21,  5.52s/it]

  0%|          | 0/253 [00:00<?, ?it/s][A

  1%|          | 2/253 [00:00<00:32,  7.84it/s][A

  1%|          | 3/253 [00:00<00:48,  5.12it/s][A

  2%|▏         | 4/253 [00:00<00:56,  4.42it/s][A

  2%|▏         | 5/253 [00:01<01:23,  2.96it/s][A

  2%|▏         | 6/253 [00:01<01:18,  3.14it/s][A

  3%|▎         | 7/253 [00:01<01:11,  3.45it/s][A

  3%|▎         | 8/253 [00:02<01:34,  2.60it/s][A

  4%|▎         | 9/253 [00:02<01:30,  2.71it/s][A

  4%|▍         | 10/253 [00:03<01:34,  2.57it/s][A

  4%|▍         | 11/253 [00:03<01:31,  2.65it/s][A

  5%|▍         | 12/253 [00:03<01:22,  2.92it/s][A

  5%|▌         | 13/253 [00:04<01:30,  2.65it/s][A

  6%|▌         | 14/253 [00:04<01:25,  2.80it/s][A

  6%|▌         | 15/253 [00:05<01:59,  2.00it/s][A

  6%|▋         | 16/253 [00:05<01:49,  2.16it/s][A

  7%|▋         | 17/253 [00:06<02:00,  1.96it/s][A

  7%|▋         | 18/253 [00:07<02:27,  1.59it/s][A

  8%|▊         | 19/253 [00:07<02:11,  1.78it/s][A

  8%|▊         | 20/253 [00:08<01:58,  1.97it/s][A

  8%|▊         | 21/253 [00:08<01:44,  2.23it/s][A

  9%|▊         | 22/253 [00:08<01:29,  2.57it/s][A

  9%|▉         | 23/253 [00:09<01:46,  2.17it/s][A

  9%|▉         | 24/253 [00:09<01:38,  2.33it/s][A

 10%|▉         | 25/253 [00:09<01:21,  2.79it/s][A

 10%|█         | 26/253 [00:10<01:14,  3.04it/s][A

 11%|█         | 27/253 [00:10<01:09,  3.24it/s][A

 11%|█         | 28/253 [00:10<01:07,  3.34it/s][A

 11%|█▏        | 29/253 [00:10<00:59,  3.75it/s][A

 12%|█▏        | 30/253 [00:11<01:03,  3.54it/s][A

 12%|█▏        | 31/253 [00:11<00:56,  3.93it/s][A

 13%|█▎        | 32/253 [00:11<00:52,  4.22it/s][A

 13%|█▎        | 33/253 [00:11<00:54,  4.05it/s][A

 13%|█▎        | 34/253 [00:12<00:58,  3.76it/s][A

 14%|█▍        | 35/253 [00:12<00:53,  4.08it/s][A

 14%|█▍        | 36/253 [00:12<00:48,  4.46it/s][A

 15%|█▍        | 37/253 [00:12<00:56,  3.83it/s][A

 15%|█▌        | 38/253 [00:13<00:55,  3.90it/s][A

 15%|█▌        | 39/253 [00:13<00:53,  4.01it/s][A

 16%|█▌        | 40/253 [00:13<00:51,  4.15it/s][A

 16%|█▌        | 41/253 [00:13<00:49,  4.25it/s][A

 17%|█▋        | 42/253 [00:13<00:45,  4.66it/s][A

 17%|█▋        | 43/253 [00:14<00:43,  4.84it/s][A

 17%|█▋        | 44/253 [00:14<00:41,  5.06it/s][A

 18%|█▊        | 45/253 [00:14<00:40,  5.18it/s][A

 18%|█▊        | 46/253 [00:14<00:39,  5.29it/s][A

 19%|█▊        | 47/253 [00:14<00:39,  5.24it/s][A

 19%|█▉        | 48/253 [00:15<00:36,  5.56it/s][A

 19%|█▉        | 49/253 [00:15<00:34,  6.00it/s][A

 20%|█▉        | 50/253 [00:15<00:32,  6.34it/s][A

 20%|██        | 51/253 [00:15<00:30,  6.62it/s][A

 21%|██        | 52/253 [00:15<00:29,  6.80it/s][A

 21%|██        | 53/253 [00:15<00:30,  6.45it/s][A

 21%|██▏       | 54/253 [00:15<00:31,  6.34it/s][A

 22%|██▏       | 55/253 [00:16<00:29,  6.60it/s][A

 22%|██▏       | 56/253 [00:16<00:29,  6.73it/s][A

 23%|██▎       | 57/253 [00:16<00:30,  6.47it/s][A

 23%|██▎       | 58/253 [00:16<00:31,  6.22it/s][A

 23%|██▎       | 59/253 [00:16<00:31,  6.10it/s][A

 24%|██▎       | 60/253 [00:16<00:33,  5.75it/s][A

 24%|██▍       | 61/253 [00:17<00:32,  5.85it/s][A

 25%|██▍       | 62/253 [00:17<00:33,  5.63it/s][A

 25%|██▍       | 63/253 [00:17<00:33,  5.62it/s][A

 25%|██▌       | 64/253 [00:17<00:32,  5.84it/s][A

 26%|██▌       | 65/253 [00:17<00:39,  4.80it/s][A

 26%|██▌       | 66/253 [00:18<00:38,  4.80it/s][A

 26%|██▋       | 67/253 [00:18<00:35,  5.17it/s][A

 27%|██▋       | 68/253 [00:18<00:47,  3.88it/s][A

 27%|██▋       | 69/253 [00:19<01:16,  2.40it/s][A

 28%|██▊       | 70/253 [00:20<01:51,  1.64it/s][A

 28%|██▊       | 71/253 [00:21<01:49,  1.66it/s][A

 28%|██▊       | 72/253 [00:21<01:42,  1.76it/s][A

 29%|██▉       | 73/253 [00:22<01:49,  1.64it/s][A

 29%|██▉       | 74/253 [00:22<01:29,  2.00it/s][A

 30%|██▉       | 75/253 [00:22<01:21,  2.18it/s][A

 30%|███       | 76/253 [00:23<01:11,  2.46it/s][A

 30%|███       | 77/253 [00:23<01:08,  2.59it/s][A

 31%|███       | 78/253 [00:24<01:21,  2.15it/s][A

 31%|███       | 79/253 [00:24<01:13,  2.36it/s][A

 32%|███▏      | 80/253 [00:24<01:04,  2.70it/s][A

 32%|███▏      | 81/253 [00:24<00:53,  3.20it/s][A

 32%|███▏      | 82/253 [00:25<00:52,  3.27it/s][A

 33%|███▎      | 83/253 [00:25<00:48,  3.53it/s][A

 33%|███▎      | 84/253 [00:25<00:51,  3.28it/s][A

 34%|███▎      | 85/253 [00:26<00:47,  3.50it/s][A

 34%|███▍      | 86/253 [00:26<00:45,  3.69it/s][A

 34%|███▍      | 87/253 [00:26<00:40,  4.14it/s][A

 35%|███▍      | 88/253 [00:26<00:36,  4.53it/s][A

 35%|███▌      | 89/253 [00:26<00:40,  4.04it/s][A

 36%|███▌      | 90/253 [00:27<00:47,  3.42it/s][A

 36%|███▌      | 91/253 [00:27<00:50,  3.22it/s][A

 36%|███▋      | 92/253 [00:28<00:54,  2.97it/s][A

 37%|███▋      | 93/253 [00:28<01:18,  2.05it/s][A

 37%|███▋      | 94/253 [00:29<01:09,  2.30it/s][A

 38%|███▊      | 95/253 [00:29<01:07,  2.32it/s][A

 38%|███▊      | 96/253 [00:30<01:20,  1.95it/s][A

 38%|███▊      | 97/253 [00:30<01:16,  2.04it/s][A

 39%|███▊      | 98/253 [00:31<01:09,  2.24it/s][A

 39%|███▉      | 99/253 [00:31<01:19,  1.95it/s][A

 40%|███▉      | 100/253 [00:32<01:13,  2.09it/s][A

 40%|███▉      | 101/253 [00:32<00:58,  2.58it/s][A

 40%|████      | 102/253 [00:32<01:07,  2.24it/s][A

 41%|████      | 103/253 [00:33<01:01,  2.44it/s][A

 41%|████      | 104/253 [00:33<00:55,  2.71it/s][A

 42%|████▏     | 105/253 [00:33<00:50,  2.92it/s][A

 42%|████▏     | 106/253 [00:34<00:50,  2.94it/s][A

 42%|████▏     | 107/253 [00:34<00:46,  3.13it/s][A

 43%|████▎     | 108/253 [00:34<00:50,  2.89it/s][A

 43%|████▎     | 109/253 [00:35<00:48,  2.97it/s][A

 43%|████▎     | 110/253 [00:35<00:40,  3.51it/s][A

 44%|████▍     | 111/253 [00:35<00:38,  3.65it/s][A

 44%|████▍     | 112/253 [00:36<00:46,  3.05it/s][A

 45%|████▍     | 113/253 [00:36<00:50,  2.79it/s][A

 45%|████▌     | 114/253 [00:36<00:54,  2.57it/s][A

 45%|████▌     | 115/253 [00:37<00:50,  2.73it/s][A

 46%|████▌     | 116/253 [00:37<00:48,  2.83it/s][A

 46%|████▌     | 117/253 [00:38<01:08,  1.98it/s][A

 47%|████▋     | 118/253 [00:38<01:04,  2.10it/s][A

 47%|████▋     | 119/253 [00:39<01:05,  2.04it/s][A

 47%|████▋     | 120/253 [00:39<01:02,  2.13it/s][A

 48%|████▊     | 121/253 [00:40<01:01,  2.15it/s][A

 48%|████▊     | 122/253 [00:40<00:51,  2.53it/s][A

 49%|████▊     | 123/253 [00:40<00:44,  2.92it/s][A

 49%|████▉     | 124/253 [00:41<00:45,  2.86it/s][A

 49%|████▉     | 125/253 [00:41<00:37,  3.39it/s][A

 50%|████▉     | 126/253 [00:41<00:48,  2.59it/s][A

 50%|█████     | 127/253 [00:41<00:40,  3.12it/s][A

 51%|█████     | 128/253 [00:42<00:36,  3.46it/s][A

 51%|█████     | 129/253 [00:42<00:38,  3.21it/s][A

 51%|█████▏    | 130/253 [00:42<00:31,  3.87it/s][A

 52%|█████▏    | 131/253 [00:42<00:27,  4.39it/s][A

 52%|█████▏    | 132/253 [00:43<00:27,  4.45it/s][A

 53%|█████▎    | 133/253 [00:43<00:28,  4.22it/s][A

 53%|█████▎    | 134/253 [00:43<00:29,  4.09it/s][A

 53%|█████▎    | 135/253 [00:43<00:29,  3.93it/s][A

 54%|█████▍    | 136/253 [00:44<00:30,  3.88it/s][A

 54%|█████▍    | 137/253 [00:44<00:31,  3.65it/s][A

 55%|█████▍    | 138/253 [00:44<00:27,  4.11it/s][A

 55%|█████▍    | 139/253 [00:44<00:26,  4.33it/s][A

 55%|█████▌    | 140/253 [00:45<00:25,  4.44it/s][A

 56%|█████▌    | 141/253 [00:45<00:23,  4.76it/s][A

 56%|█████▌    | 142/253 [00:45<00:27,  3.96it/s][A

 57%|█████▋    | 143/253 [00:46<00:33,  3.25it/s][A

 57%|█████▋    | 144/253 [00:47<01:01,  1.77it/s][A

 57%|█████▋    | 145/253 [00:47<00:56,  1.91it/s][A

 58%|█████▊    | 146/253 [00:48<01:07,  1.58it/s][A

 58%|█████▊    | 147/253 [00:48<00:58,  1.80it/s][A

 58%|█████▊    | 148/253 [00:49<00:49,  2.14it/s][A

 59%|█████▉    | 149/253 [00:49<00:42,  2.44it/s][A

 59%|█████▉    | 150/253 [00:49<00:39,  2.63it/s][A

 60%|█████▉    | 151/253 [00:50<00:38,  2.64it/s][A

 60%|██████    | 152/253 [00:50<00:31,  3.25it/s][A

 60%|██████    | 153/253 [00:50<00:33,  2.98it/s][A

 61%|██████    | 154/253 [00:50<00:29,  3.33it/s][A

 61%|██████▏   | 155/253 [00:51<00:48,  2.02it/s][A

 62%|██████▏   | 156/253 [00:52<00:41,  2.32it/s][A

 62%|██████▏   | 157/253 [00:52<00:36,  2.61it/s][A

 62%|██████▏   | 158/253 [00:52<00:29,  3.18it/s][A

 63%|██████▎   | 159/253 [00:52<00:25,  3.68it/s][A

 63%|██████▎   | 160/253 [00:52<00:22,  4.17it/s][A

 64%|██████▎   | 161/253 [00:53<00:20,  4.57it/s][A

 64%|██████▍   | 162/253 [00:53<00:19,  4.74it/s][A

 64%|██████▍   | 163/253 [00:53<00:17,  5.23it/s][A

 65%|██████▍   | 164/253 [00:53<00:16,  5.47it/s][A

 65%|██████▌   | 165/253 [00:53<00:15,  5.58it/s][A

 66%|██████▌   | 166/253 [00:53<00:15,  5.80it/s][A

 66%|██████▌   | 167/253 [00:54<00:14,  5.86it/s][A

 66%|██████▋   | 168/253 [00:54<00:16,  5.09it/s][A

 67%|██████▋   | 169/253 [00:54<00:20,  4.14it/s][A

 67%|██████▋   | 170/253 [00:54<00:21,  3.86it/s][A

 68%|██████▊   | 171/253 [00:55<00:22,  3.71it/s][A

 68%|██████▊   | 172/253 [00:55<00:28,  2.85it/s][A

 68%|██████▊   | 173/253 [00:56<00:34,  2.34it/s][A

 69%|██████▉   | 174/253 [00:57<00:56,  1.39it/s][A

 69%|██████▉   | 175/253 [00:58<00:48,  1.62it/s][A

 70%|██████▉   | 176/253 [00:59<01:07,  1.14it/s][A

 70%|██████▉   | 177/253 [00:59<00:54,  1.40it/s][A

 70%|███████   | 178/253 [01:00<00:43,  1.73it/s][A

 71%|███████   | 179/253 [01:00<00:36,  2.02it/s][A

 71%|███████   | 180/253 [01:00<00:31,  2.33it/s][A

 72%|███████▏  | 181/253 [01:01<00:26,  2.67it/s][A

 72%|███████▏  | 182/253 [01:01<00:25,  2.82it/s][A

 72%|███████▏  | 183/253 [01:01<00:24,  2.81it/s][A

 73%|███████▎  | 184/253 [01:01<00:22,  3.04it/s][A

 73%|███████▎  | 185/253 [01:02<00:21,  3.17it/s][A

 74%|███████▎  | 186/253 [01:02<00:20,  3.34it/s][A

 74%|███████▍  | 187/253 [01:02<00:19,  3.46it/s][A

 74%|███████▍  | 188/253 [01:02<00:16,  3.93it/s][A

 75%|███████▍  | 189/253 [01:03<00:17,  3.72it/s][A

 75%|███████▌  | 190/253 [01:03<00:17,  3.70it/s][A

 75%|███████▌  | 191/253 [01:03<00:17,  3.45it/s][A

 76%|███████▌  | 192/253 [01:04<00:15,  3.88it/s][A

 76%|███████▋  | 193/253 [01:04<00:14,  4.24it/s][A

 77%|███████▋  | 194/253 [01:04<00:12,  4.74it/s][A

 77%|███████▋  | 195/253 [01:04<00:10,  5.33it/s][A

 77%|███████▋  | 196/253 [01:04<00:10,  5.53it/s][A

 78%|███████▊  | 197/253 [01:04<00:09,  5.97it/s][A

 78%|███████▊  | 198/253 [01:05<00:10,  5.20it/s][A

 79%|███████▊  | 199/253 [01:05<00:09,  5.44it/s][A

 79%|███████▉  | 200/253 [01:05<00:09,  5.73it/s][A

 79%|███████▉  | 201/253 [01:05<00:08,  5.83it/s][A

 80%|███████▉  | 202/253 [01:05<00:08,  5.86it/s][A

 80%|████████  | 203/253 [01:05<00:08,  5.66it/s][A

 81%|████████  | 204/253 [01:06<00:08,  5.78it/s][A

 81%|████████  | 205/253 [01:06<00:08,  5.78it/s][A

 81%|████████▏ | 206/253 [01:06<00:07,  6.00it/s][A

 82%|████████▏ | 207/253 [01:06<00:07,  5.98it/s][A

 82%|████████▏ | 208/253 [01:06<00:07,  6.07it/s][A

 83%|████████▎ | 209/253 [01:06<00:07,  6.08it/s][A

 83%|████████▎ | 210/253 [01:07<00:07,  6.13it/s][A

 83%|████████▎ | 211/253 [01:07<00:06,  6.19it/s][A

 84%|████████▍ | 212/253 [01:07<00:06,  6.27it/s][A

 84%|████████▍ | 213/253 [01:07<00:06,  6.25it/s][A

 85%|████████▍ | 214/253 [01:07<00:06,  5.96it/s][A

 85%|████████▍ | 215/253 [01:07<00:06,  5.59it/s][A

 85%|████████▌ | 216/253 [01:08<00:12,  2.99it/s][A

 86%|████████▌ | 217/253 [01:09<00:16,  2.12it/s][A

 86%|████████▌ | 218/253 [01:09<00:15,  2.20it/s][A

 87%|████████▋ | 219/253 [01:10<00:16,  2.11it/s][A

 87%|████████▋ | 220/253 [01:11<00:22,  1.46it/s][A

 87%|████████▋ | 221/253 [01:12<00:19,  1.60it/s][A

 88%|████████▊ | 222/253 [01:12<00:18,  1.63it/s][A

 88%|████████▊ | 223/253 [01:13<00:16,  1.80it/s][A

 89%|████████▊ | 224/253 [01:13<00:14,  2.02it/s][A

 89%|████████▉ | 225/253 [01:13<00:13,  2.13it/s][A

 89%|████████▉ | 226/253 [01:14<00:12,  2.20it/s][A

 90%|████████▉ | 227/253 [01:14<00:11,  2.22it/s][A

 90%|█████████ | 228/253 [01:15<00:11,  2.27it/s][A

 91%|█████████ | 229/253 [01:15<00:10,  2.26it/s][A

 91%|█████████ | 230/253 [01:15<00:08,  2.57it/s][A

 91%|█████████▏| 231/253 [01:16<00:08,  2.49it/s][A

 92%|█████████▏| 232/253 [01:16<00:08,  2.47it/s][A

 92%|█████████▏| 233/253 [01:16<00:07,  2.55it/s][A

 92%|█████████▏| 234/253 [01:17<00:06,  3.06it/s][A

 93%|█████████▎| 235/253 [01:17<00:06,  2.90it/s][A

 93%|█████████▎| 236/253 [01:17<00:06,  2.74it/s][A

 94%|█████████▎| 237/253 [01:18<00:05,  2.77it/s][A

 94%|█████████▍| 238/253 [01:18<00:05,  2.79it/s][A

 94%|█████████▍| 239/253 [01:18<00:04,  3.08it/s][A

 95%|█████████▍| 240/253 [01:19<00:03,  3.43it/s][A

 95%|█████████▌| 241/253 [01:19<00:02,  4.02it/s][A

 96%|█████████▌| 242/253 [01:19<00:03,  3.38it/s][A

 96%|█████████▌| 243/253 [01:19<00:02,  3.54it/s][A

 96%|█████████▋| 244/253 [01:20<00:02,  4.04it/s][A

 97%|█████████▋| 245/253 [01:20<00:02,  3.94it/s][A

 97%|█████████▋| 246/253 [01:20<00:01,  3.70it/s][A

 98%|█████████▊| 247/253 [01:20<00:01,  3.70it/s][A

 98%|█████████▊| 248/253 [01:21<00:01,  4.20it/s][A

 98%|█████████▊| 249/253 [01:21<00:00,  4.65it/s][A

 99%|█████████▉| 250/253 [01:21<00:00,  4.98it/s][A

 99%|█████████▉| 251/253 [01:21<00:00,  4.30it/s][A

100%|█████████▉| 252/253 [01:21<00:00,  4.50it/s][A

100%|██████████| 253/253 [01:22<00:00,  5.06it/s][A
                                                    

                                                 
[A{'eval_loss': '1.482', 'eval_runtime': '82.31', 'eval_samples_per_second': '6.148', 'eval_steps_per_second': '3.074', 'eval_entropy': '1.452', 'eval_num_tokens': '8.31e+05', 'eval_mean_token_accuracy': '0.6185', 'epoch': '0.7276'}

 36%|███▋      | 400/1100 [36:37<1:04:21,  5.52s/it]

100%|██████████| 253/253 [01:22<00:00,  5.06it/s][A

                                                 [A
 36%|███▋      | 401/1100 [36:40<5:42:35, 29.41s/it]
 37%|███▋      | 402/1100 [36:45<4:17:21, 22.12s/it]
 37%|███▋      | 403/1100 [36:51<3:22:02, 17.39s/it]
 37%|███▋      | 404/1100 [36:58<2:43:08, 14.06s/it]
 37%|███▋      | 405/1100 [37:00<2:02:15, 10.55s/it]
 37%|███▋      | 406/1100 [37:05<1:43:00,  8.91s/it]
 37%|███▋      | 407/1100 [37:09<1:24:00,  7.27s/it]
 37%|███▋      | 408/1100 [37:11<1:07:38,  5.87s/it]
 37%|███▋      | 409/1100 [37:18<1:11:45,  6.23s/it]
 37%|███▋      | 410/1100 [37:23<1:05:54,  5.73s/it]
                                                    
{'loss': '1.469', 'grad_norm': '1.1', 'learning_rate': '0.0001583', 'entropy': '1.457', 'num_tokens': '8.528e+05', 'mean_token_accuracy': '0.6255', 'epoch': '0.7458'}

 37%|███▋      | 410/1100 [37:23<1:05:54,  5.73s/it]
 37%|███▋      | 411/1100 [37:27<1:01:06,  5.32s/it]
 37%|███▋      | 412/1100 [37:32<57:49,  5.04s/it]  
 38%|███▊      | 413/1100 [37:36<54:53,  4.79s/it]
 38%|███▊      | 414/1100 [37:39<49:23,  4.32s/it]
 38%|███▊      | 415/1100 [37:44<50:36,  4.43s/it]
 38%|███▊      | 416/1100 [37:50<56:21,  4.94s/it]
 38%|███▊      | 417/1100 [37:54<54:28,  4.79s/it]
 38%|███▊      | 418/1100 [37:57<47:07,  4.15s/it]
 38%|███▊      | 419/1100 [37:59<40:14,  3.55s/it]
 38%|███▊      | 420/1100 [38:06<52:51,  4.66s/it]
                                                  
{'loss': '1.407', 'grad_norm': '1.33', 'learning_rate': '0.0001557', 'entropy': '1.42', 'num_tokens': '8.731e+05', 'mean_token_accuracy': '0.6463', 'epoch': '0.764'}

 38%|███▊      | 420/1100 [38:06<52:51,  4.66s/it]
 38%|███▊      | 421/1100 [38:10<48:22,  4.27s/it]
 38%|███▊      | 422/1100 [38:17<57:30,  5.09s/it]
 38%|███▊      | 423/1100 [38:21<53:22,  4.73s/it]
 39%|███▊      | 424/1100 [38:26<55:13,  4.90s/it]
 39%|███▊      | 425/1100 [38:35<1:10:11,  6.24s/it]
 39%|███▊      | 426/1100 [38:39<1:02:32,  5.57s/it]
 39%|███▉      | 427/1100 [38:42<52:02,  4.64s/it]  
 39%|███▉      | 428/1100 [38:48<58:43,  5.24s/it]
 39%|███▉      | 429/1100 [38:54<1:01:10,  5.47s/it]
 39%|███▉      | 430/1100 [38:58<56:17,  5.04s/it]  
                                                  
{'loss': '1.497', 'grad_norm': '1.258', 'learning_rate': '0.000153', 'entropy': '1.471', 'num_tokens': '8.935e+05', 'mean_token_accuracy': '0.6219', 'epoch': '0.7822'}

 39%|███▉      | 430/1100 [38:58<56:17,  5.04s/it]
 39%|███▉      | 431/1100 [39:03<55:01,  4.93s/it]
 39%|███▉      | 432/1100 [39:06<47:09,  4.24s/it]
 39%|███▉      | 433/1100 [39:11<52:08,  4.69s/it]
 39%|███▉      | 434/1100 [39:18<58:43,  5.29s/it]
 40%|███▉      | 435/1100 [39:23<56:41,  5.11s/it]
 40%|███▉      | 436/1100 [39:27<54:47,  4.95s/it]
 40%|███▉      | 437/1100 [39:32<52:20,  4.74s/it]
 40%|███▉      | 438/1100 [39:38<58:13,  5.28s/it]
 40%|███▉      | 439/1100 [39:41<50:12,  4.56s/it]
 40%|████      | 440/1100 [39:43<42:49,  3.89s/it]
                                                  
{'loss': '1.475', 'grad_norm': '1.407', 'learning_rate': '0.0001503', 'entropy': '1.505', 'num_tokens': '9.146e+05', 'mean_token_accuracy': '0.6245', 'epoch': '0.8004'}

 40%|████      | 440/1100 [39:43<42:49,  3.89s/it]
 40%|████      | 441/1100 [39:50<51:25,  4.68s/it]
 40%|████      | 442/1100 [39:55<52:51,  4.82s/it]
 40%|████      | 443/1100 [40:00<53:04,  4.85s/it]
 40%|████      | 444/1100 [40:05<53:42,  4.91s/it]
 40%|████      | 445/1100 [40:11<55:55,  5.12s/it]
 41%|████      | 446/1100 [40:13<46:47,  4.29s/it]
 41%|████      | 447/1100 [40:15<39:45,  3.65s/it]
 41%|████      | 448/1100 [40:22<51:12,  4.71s/it]
 41%|████      | 449/1100 [40:26<47:40,  4.39s/it]
 41%|████      | 450/1100 [40:28<40:18,  3.72s/it]
                                                  
{'loss': '1.48', 'grad_norm': '1.213', 'learning_rate': '0.0001475', 'entropy': '1.451', 'num_tokens': '9.358e+05', 'mean_token_accuracy': '0.6193', 'epoch': '0.8186'}

 41%|████      | 450/1100 [40:28<40:18,  3.72s/it]
 41%|████      | 451/1100 [40:35<50:59,  4.71s/it]
 41%|████      | 452/1100 [40:38<45:28,  4.21s/it]
 41%|████      | 453/1100 [40:45<53:46,  4.99s/it]
 41%|████▏     | 454/1100 [40:48<47:05,  4.37s/it]
 41%|████▏     | 455/1100 [40:52<47:01,  4.37s/it]
 41%|████▏     | 456/1100 [41:00<58:40,  5.47s/it]
 42%|████▏     | 457/1100 [41:07<1:03:37,  5.94s/it]
 42%|████▏     | 458/1100 [41:13<1:03:57,  5.98s/it]
 42%|████▏     | 459/1100 [41:18<57:48,  5.41s/it]  
 42%|████▏     | 460/1100 [41:24<1:01:53,  5.80s/it]
                                                    
{'loss': '1.494', 'grad_norm': '1.539', 'learning_rate': '0.0001447', 'entropy': '1.453', 'num_tokens': '9.561e+05', 'mean_token_accuracy': '0.6109', 'epoch': '0.8367'}

 42%|████▏     | 460/1100 [41:24<1:01:53,  5.80s/it]
 42%|████▏     | 461/1100 [41:28<54:38,  5.13s/it]  
 42%|████▏     | 462/1100 [41:30<46:27,  4.37s/it]
 42%|████▏     | 463/1100 [41:34<43:18,  4.08s/it]
 42%|████▏     | 464/1100 [41:39<45:35,  4.30s/it]
 42%|████▏     | 465/1100 [41:44<48:24,  4.57s/it]
 42%|████▏     | 466/1100 [41:46<41:48,  3.96s/it]
 42%|████▏     | 467/1100 [41:53<49:33,  4.70s/it]
 43%|████▎     | 468/1100 [41:58<49:42,  4.72s/it]
 43%|████▎     | 469/1100 [42:03<50:26,  4.80s/it]
 43%|████▎     | 470/1100 [42:09<56:09,  5.35s/it]
                                                  
{'loss': '1.451', 'grad_norm': '1.456', 'learning_rate': '0.0001418', 'entropy': '1.445', 'num_tokens': '9.763e+05', 'mean_token_accuracy': '0.6303', 'epoch': '0.8549'}

 43%|████▎     | 470/1100 [42:09<56:09,  5.35s/it]
 43%|████▎     | 471/1100 [42:15<58:23,  5.57s/it]
 43%|████▎     | 472/1100 [42:19<51:28,  4.92s/it]
 43%|████▎     | 473/1100 [42:23<51:01,  4.88s/it]
 43%|████▎     | 474/1100 [42:31<58:42,  5.63s/it]
 43%|████▎     | 475/1100 [42:34<50:51,  4.88s/it]
 43%|████▎     | 476/1100 [42:40<52:58,  5.09s/it]
 43%|████▎     | 477/1100 [42:46<58:07,  5.60s/it]
 43%|████▎     | 478/1100 [42:50<52:50,  5.10s/it]
 44%|████▎     | 479/1100 [42:53<46:22,  4.48s/it]
 44%|████▎     | 480/1100 [42:59<50:07,  4.85s/it]
                                                  
{'loss': '1.574', 'grad_norm': '1.247', 'learning_rate': '0.0001389', 'entropy': '1.513', 'num_tokens': '9.974e+05', 'mean_token_accuracy': '0.6103', 'epoch': '0.8731'}

 44%|████▎     | 480/1100 [42:59<50:07,  4.85s/it]
 44%|████▎     | 481/1100 [43:05<52:55,  5.13s/it]
 44%|████▍     | 482/1100 [43:08<47:49,  4.64s/it]
 44%|████▍     | 483/1100 [43:14<50:13,  4.88s/it]
 44%|████▍     | 484/1100 [43:17<45:51,  4.47s/it]
 44%|████▍     | 485/1100 [43:25<57:01,  5.56s/it]
 44%|████▍     | 486/1100 [43:29<51:12,  5.00s/it]
 44%|████▍     | 487/1100 [43:34<49:51,  4.88s/it]
 44%|████▍     | 488/1100 [43:39<50:46,  4.98s/it]
 44%|████▍     | 489/1100 [43:44<51:40,  5.07s/it]
 45%|████▍     | 490/1100 [43:49<51:56,  5.11s/it]
                                                  
{'loss': '1.488', 'grad_norm': '1.137', 'learning_rate': '0.000136', 'entropy': '1.539', 'num_tokens': '1.018e+06', 'mean_token_accuracy': '0.6189', 'epoch': '0.8913'}

 45%|████▍     | 490/1100 [43:49<51:56,  5.11s/it]
 45%|████▍     | 491/1100 [43:52<44:25,  4.38s/it]
 45%|████▍     | 492/1100 [43:57<46:43,  4.61s/it]
 45%|████▍     | 493/1100 [44:03<51:03,  5.05s/it]
 45%|████▍     | 494/1100 [44:09<53:47,  5.33s/it]
 45%|████▌     | 495/1100 [44:12<45:46,  4.54s/it]
 45%|████▌     | 496/1100 [44:21<57:59,  5.76s/it]
 45%|████▌     | 497/1100 [44:25<53:48,  5.35s/it]
 45%|████▌     | 498/1100 [44:31<55:57,  5.58s/it]
 45%|████▌     | 499/1100 [44:33<45:38,  4.56s/it]
 45%|████▌     | 500/1100 [44:39<49:49,  4.98s/it]
                                                  
{'loss': '1.438', 'grad_norm': '1.534', 'learning_rate': '0.000133', 'entropy': '1.448', 'num_tokens': '1.039e+06', 'mean_token_accuracy': '0.6284', 'epoch': '0.9095'}

 45%|████▌     | 500/1100 [44:39<49:49,  4.98s/it]

  0%|          | 0/253 [00:00<?, ?it/s][A

  1%|          | 2/253 [00:00<00:26,  9.43it/s][A

  1%|          | 3/253 [00:00<00:32,  7.69it/s][A

  2%|▏         | 4/253 [00:00<00:35,  6.92it/s][A

  2%|▏         | 5/253 [00:00<00:38,  6.50it/s][A

  2%|▏         | 6/253 [00:00<00:38,  6.42it/s][A

  3%|▎         | 7/253 [00:01<00:39,  6.23it/s][A

  3%|▎         | 8/253 [00:01<00:42,  5.73it/s][A

  4%|▎         | 9/253 [00:01<00:44,  5.45it/s][A

  4%|▍         | 10/253 [00:01<00:44,  5.44it/s][A

  4%|▍         | 11/253 [00:01<00:57,  4.21it/s][A

  5%|▍         | 12/253 [00:02<00:59,  4.02it/s][A

  5%|▌         | 13/253 [00:02<00:55,  4.30it/s][A

  6%|▌         | 14/253 [00:02<00:50,  4.75it/s][A

  6%|▌         | 15/253 [00:02<00:47,  5.06it/s][A

  6%|▋         | 16/253 [00:02<00:43,  5.44it/s][A

  7%|▋         | 17/253 [00:03<00:43,  5.49it/s][A

  7%|▋         | 18/253 [00:03<00:41,  5.72it/s][A

  8%|▊         | 19/253 [00:03<00:40,  5.73it/s][A

  8%|▊         | 20/253 [00:03<00:41,  5.64it/s][A

  8%|▊         | 21/253 [00:05<02:41,  1.44it/s][A

  9%|▊         | 22/253 [00:05<02:22,  1.62it/s][A

  9%|▉         | 23/253 [00:06<02:04,  1.85it/s][A

  9%|▉         | 24/253 [00:06<02:08,  1.78it/s][A

 10%|▉         | 25/253 [00:07<01:40,  2.27it/s][A

 10%|█         | 26/253 [00:07<01:20,  2.83it/s][A

 11%|█         | 27/253 [00:07<01:14,  3.05it/s][A

 11%|█         | 28/253 [00:07<01:14,  3.03it/s][A

 11%|█▏        | 29/253 [00:08<01:08,  3.26it/s][A

 12%|█▏        | 30/253 [00:08<01:02,  3.58it/s][A

 12%|█▏        | 31/253 [00:08<01:02,  3.54it/s][A

 13%|█▎        | 32/253 [00:08<00:59,  3.72it/s][A

 13%|█▎        | 33/253 [00:09<00:57,  3.84it/s][A

 13%|█▎        | 34/253 [00:09<00:53,  4.12it/s][A

 14%|█▍        | 35/253 [00:09<00:48,  4.49it/s][A

 14%|█▍        | 36/253 [00:09<00:46,  4.62it/s][A

 15%|█▍        | 37/253 [00:09<00:42,  5.10it/s][A

 15%|█▌        | 38/253 [00:09<00:40,  5.37it/s][A

 15%|█▌        | 39/253 [00:10<00:42,  5.03it/s][A

 16%|█▌        | 40/253 [00:10<00:49,  4.30it/s][A

 16%|█▌        | 41/253 [00:11<01:10,  2.99it/s][A

 17%|█▋        | 42/253 [00:11<01:12,  2.89it/s][A

 17%|█▋        | 43/253 [00:11<01:12,  2.88it/s][A

 17%|█▋        | 44/253 [00:12<01:35,  2.18it/s][A

 18%|█▊        | 45/253 [00:12<01:28,  2.36it/s][A

 18%|█▊        | 46/253 [00:13<01:43,  2.00it/s][A

 19%|█▊        | 47/253 [00:14<01:47,  1.92it/s][A

 19%|█▉        | 48/253 [00:14<01:29,  2.29it/s][A

 19%|█▉        | 49/253 [00:14<01:32,  2.21it/s][A

 20%|█▉        | 50/253 [00:15<01:32,  2.19it/s][A

 20%|██        | 51/253 [00:15<01:25,  2.37it/s][A

 21%|██        | 52/253 [00:15<01:14,  2.70it/s][A

 21%|██        | 53/253 [00:16<01:13,  2.71it/s][A

 21%|██▏       | 54/253 [00:16<01:01,  3.25it/s][A

 22%|██▏       | 55/253 [00:16<00:50,  3.90it/s][A

 22%|██▏       | 56/253 [00:16<00:58,  3.37it/s][A

 23%|██▎       | 57/253 [00:17<00:50,  3.87it/s][A

 23%|██▎       | 58/253 [00:17<00:46,  4.24it/s][A

 23%|██▎       | 59/253 [00:17<00:42,  4.61it/s][A

 24%|██▎       | 60/253 [00:17<00:38,  4.97it/s][A

 24%|██▍       | 61/253 [00:17<00:36,  5.28it/s][A

 25%|██▍       | 62/253 [00:18<00:36,  5.25it/s][A

 25%|██▍       | 63/253 [00:18<00:35,  5.31it/s][A

 25%|██▌       | 64/253 [00:18<00:33,  5.68it/s][A

 26%|██▌       | 65/253 [00:18<00:32,  5.73it/s][A

 26%|██▌       | 66/253 [00:18<00:32,  5.82it/s][A

 26%|██▋       | 67/253 [00:18<00:31,  5.94it/s][A

 27%|██▋       | 68/253 [00:19<00:32,  5.73it/s][A

 27%|██▋       | 69/253 [00:19<00:32,  5.74it/s][A

 28%|██▊       | 70/253 [00:19<00:33,  5.47it/s][A

 28%|██▊       | 71/253 [00:19<00:32,  5.59it/s][A

 28%|██▊       | 72/253 [00:19<00:38,  4.71it/s][A

 29%|██▉       | 73/253 [00:20<00:42,  4.26it/s][A

 29%|██▉       | 74/253 [00:20<00:52,  3.41it/s][A

 30%|██▉       | 75/253 [00:20<00:47,  3.74it/s][A

 30%|███       | 76/253 [00:21<00:44,  3.94it/s][A

 30%|███       | 77/253 [00:21<00:40,  4.35it/s][A

 31%|███       | 78/253 [00:21<00:48,  3.57it/s][A

 31%|███       | 79/253 [00:22<01:02,  2.77it/s][A

 32%|███▏      | 80/253 [00:22<00:52,  3.28it/s][A

 32%|███▏      | 81/253 [00:22<00:49,  3.47it/s][A

 32%|███▏      | 82/253 [00:22<00:53,  3.18it/s][A

 33%|███▎      | 83/253 [00:23<00:57,  2.94it/s][A

 33%|███▎      | 84/253 [00:23<00:50,  3.34it/s][A

 34%|███▎      | 85/253 [00:23<00:50,  3.32it/s][A

 34%|███▍      | 86/253 [00:24<00:57,  2.93it/s][A

 34%|███▍      | 87/253 [00:24<00:53,  3.13it/s][A

 35%|███▍      | 88/253 [00:24<00:49,  3.35it/s][A

 35%|███▌      | 89/253 [00:25<01:16,  2.13it/s][A

 36%|███▌      | 90/253 [00:25<01:04,  2.52it/s][A

 36%|███▌      | 91/253 [00:26<01:07,  2.39it/s][A

 36%|███▋      | 92/253 [00:26<00:57,  2.81it/s][A

 37%|███▋      | 93/253 [00:26<00:51,  3.10it/s][A

 37%|███▋      | 94/253 [00:27<01:05,  2.44it/s][A

 38%|███▊      | 95/253 [00:27<00:53,  2.97it/s][A

 38%|███▊      | 96/253 [00:27<00:49,  3.18it/s][A

 38%|███▊      | 97/253 [00:28<00:41,  3.79it/s][A

 39%|███▊      | 98/253 [00:28<01:05,  2.35it/s][A

 39%|███▉      | 99/253 [00:29<00:58,  2.64it/s][A

 40%|███▉      | 100/253 [00:29<00:52,  2.90it/s][A

 40%|███▉      | 101/253 [00:29<00:45,  3.34it/s][A

 40%|████      | 102/253 [00:29<00:41,  3.63it/s][A

 41%|████      | 103/253 [00:30<00:44,  3.39it/s][A

 41%|████      | 104/253 [00:30<01:06,  2.24it/s][A

 42%|████▏     | 105/253 [00:31<00:56,  2.60it/s][A

 42%|████▏     | 106/253 [00:31<00:48,  3.02it/s][A

 42%|████▏     | 107/253 [00:31<00:54,  2.68it/s][A

 43%|████▎     | 108/253 [00:32<00:50,  2.88it/s][A

 43%|████▎     | 109/253 [00:32<00:41,  3.51it/s][A

 43%|████▎     | 110/253 [00:32<00:36,  3.91it/s][A

 44%|████▍     | 111/253 [00:32<00:31,  4.44it/s][A

 44%|████▍     | 112/253 [00:32<00:29,  4.83it/s][A

 45%|████▍     | 113/253 [00:32<00:27,  5.10it/s][A

 45%|████▌     | 114/253 [00:33<00:26,  5.32it/s][A

 45%|████▌     | 115/253 [00:33<00:26,  5.28it/s][A

 46%|████▌     | 116/253 [00:33<00:24,  5.48it/s][A

 46%|████▌     | 117/253 [00:33<00:24,  5.65it/s][A

 47%|████▋     | 118/253 [00:33<00:23,  5.72it/s][A

 47%|████▋     | 119/253 [00:33<00:23,  5.64it/s][A

 47%|████▋     | 120/253 [00:34<00:24,  5.53it/s][A

 48%|████▊     | 121/253 [00:34<00:24,  5.49it/s][A

 48%|████▊     | 122/253 [00:34<00:35,  3.74it/s][A

 49%|████▊     | 123/253 [00:35<00:36,  3.54it/s][A

 49%|████▉     | 124/253 [00:35<00:33,  3.84it/s][A

 49%|████▉     | 125/253 [00:35<00:40,  3.17it/s][A

 50%|████▉     | 126/253 [00:36<00:43,  2.89it/s][A

 50%|█████     | 127/253 [00:36<00:40,  3.10it/s][A

 51%|█████     | 128/253 [00:36<00:40,  3.08it/s][A

 51%|█████     | 129/253 [00:37<00:38,  3.18it/s][A

 51%|█████▏    | 130/253 [00:37<00:45,  2.71it/s][A

 52%|█████▏    | 131/253 [00:38<00:51,  2.38it/s][A

 52%|█████▏    | 132/253 [00:38<00:55,  2.17it/s][A

 53%|█████▎    | 133/253 [00:38<00:47,  2.53it/s][A

 53%|█████▎    | 134/253 [00:39<00:42,  2.82it/s][A

 53%|█████▎    | 135/253 [00:39<00:40,  2.92it/s][A

 54%|█████▍    | 136/253 [00:39<00:34,  3.43it/s][A

 54%|█████▍    | 137/253 [00:39<00:35,  3.28it/s][A

 55%|█████▍    | 138/253 [00:40<00:37,  3.08it/s][A

 55%|█████▍    | 139/253 [00:40<00:32,  3.56it/s][A

 55%|█████▌    | 140/253 [00:40<00:28,  3.92it/s][A

 56%|█████▌    | 141/253 [00:40<00:25,  4.37it/s][A

 56%|█████▌    | 142/253 [00:41<00:23,  4.78it/s][A

 57%|█████▋    | 143/253 [00:41<00:21,  5.05it/s][A

 57%|█████▋    | 144/253 [00:41<00:20,  5.33it/s][A

 57%|█████▋    | 145/253 [00:41<00:18,  5.78it/s][A

 58%|█████▊    | 146/253 [00:41<00:17,  6.16it/s][A

 58%|█████▊    | 147/253 [00:41<00:16,  6.36it/s][A

 58%|█████▊    | 148/253 [00:41<00:16,  6.23it/s][A

 59%|█████▉    | 149/253 [00:42<00:16,  6.15it/s][A

 59%|█████▉    | 150/253 [00:42<00:16,  6.13it/s][A

 60%|█████▉    | 151/253 [00:42<00:16,  6.20it/s][A

 60%|██████    | 152/253 [00:42<00:15,  6.36it/s][A

 60%|██████    | 153/253 [00:42<00:15,  6.31it/s][A

 61%|██████    | 154/253 [00:42<00:15,  6.28it/s][A

 61%|██████▏   | 155/253 [00:43<00:16,  6.01it/s][A

 62%|██████▏   | 156/253 [00:43<00:15,  6.07it/s][A

 62%|██████▏   | 157/253 [00:43<00:17,  5.45it/s][A

 62%|██████▏   | 158/253 [00:43<00:22,  4.18it/s][A

 63%|██████▎   | 159/253 [00:44<00:25,  3.74it/s][A

 63%|██████▎   | 160/253 [00:44<00:37,  2.48it/s][A

 64%|██████▎   | 161/253 [00:45<00:40,  2.28it/s][A

 64%|██████▍   | 162/253 [00:45<00:34,  2.67it/s][A

 64%|██████▍   | 163/253 [00:45<00:29,  3.02it/s][A

 65%|██████▍   | 164/253 [00:46<00:24,  3.61it/s][A

 65%|██████▌   | 165/253 [00:46<00:21,  4.08it/s][A

 66%|██████▌   | 166/253 [00:46<00:22,  3.81it/s][A

 66%|██████▌   | 167/253 [00:46<00:23,  3.61it/s][A

 66%|██████▋   | 168/253 [00:47<00:21,  3.99it/s][A

 67%|██████▋   | 169/253 [00:47<00:18,  4.50it/s][A

 67%|██████▋   | 170/253 [00:47<00:20,  4.07it/s][A

 68%|██████▊   | 171/253 [00:47<00:18,  4.46it/s][A

 68%|██████▊   | 172/253 [00:48<00:25,  3.20it/s][A

 68%|██████▊   | 173/253 [00:48<00:27,  2.96it/s][A

 69%|██████▉   | 174/253 [00:48<00:23,  3.40it/s][A

 69%|██████▉   | 175/253 [00:49<00:28,  2.71it/s][A

 70%|██████▉   | 176/253 [00:49<00:24,  3.11it/s][A

 70%|██████▉   | 177/253 [00:49<00:22,  3.31it/s][A

 70%|███████   | 178/253 [00:49<00:20,  3.74it/s][A

 71%|███████   | 179/253 [00:50<00:21,  3.50it/s][A

 71%|███████   | 180/253 [00:50<00:21,  3.47it/s][A

 72%|███████▏  | 181/253 [00:50<00:21,  3.40it/s][A

 72%|███████▏  | 182/253 [00:51<00:31,  2.24it/s][A

 72%|███████▏  | 183/253 [00:52<00:28,  2.47it/s][A

 73%|███████▎  | 184/253 [00:52<00:33,  2.04it/s][A

 73%|███████▎  | 185/253 [00:52<00:27,  2.43it/s][A

 74%|███████▎  | 186/253 [00:53<00:24,  2.77it/s][A

 74%|███████▍  | 187/253 [00:53<00:24,  2.73it/s][A

 74%|███████▍  | 188/253 [00:53<00:20,  3.16it/s][A

 75%|███████▍  | 189/253 [00:54<00:22,  2.87it/s][A

 75%|███████▌  | 190/253 [00:54<00:23,  2.70it/s][A

 75%|███████▌  | 191/253 [00:54<00:19,  3.24it/s][A

 76%|███████▌  | 192/253 [00:55<00:19,  3.12it/s][A

 76%|███████▋  | 193/253 [00:55<00:19,  3.10it/s][A

 77%|███████▋  | 194/253 [00:55<00:18,  3.13it/s][A

 77%|███████▋  | 195/253 [00:55<00:15,  3.69it/s][A

 77%|███████▋  | 196/253 [00:56<00:17,  3.27it/s][A

 78%|███████▊  | 197/253 [00:56<00:14,  3.79it/s][A

 78%|███████▊  | 198/253 [00:56<00:13,  4.23it/s][A

 79%|███████▊  | 199/253 [00:56<00:11,  4.64it/s][A

 79%|███████▉  | 200/253 [00:57<00:11,  4.76it/s][A

 79%|███████▉  | 201/253 [00:57<00:10,  4.89it/s][A

 80%|███████▉  | 202/253 [00:57<00:10,  4.81it/s][A

 80%|████████  | 203/253 [00:57<00:10,  4.72it/s][A

 81%|████████  | 204/253 [00:57<00:09,  5.04it/s][A

 81%|████████  | 205/253 [00:57<00:09,  5.22it/s][A

 81%|████████▏ | 206/253 [00:58<00:08,  5.49it/s][A

 82%|████████▏ | 207/253 [00:58<00:08,  5.64it/s][A

 82%|████████▏ | 208/253 [00:58<00:07,  5.81it/s][A

 83%|████████▎ | 209/253 [00:58<00:07,  5.90it/s][A

 83%|████████▎ | 210/253 [00:58<00:08,  5.17it/s][A

 83%|████████▎ | 211/253 [00:59<00:07,  5.42it/s][A

 84%|████████▍ | 212/253 [00:59<00:07,  5.57it/s][A

 84%|████████▍ | 213/253 [00:59<00:07,  5.07it/s][A

 85%|████████▍ | 214/253 [00:59<00:09,  4.18it/s][A

 85%|████████▍ | 215/253 [01:00<00:09,  4.21it/s][A

 85%|████████▌ | 216/253 [01:00<00:09,  3.74it/s][A

 86%|████████▌ | 217/253 [01:00<00:08,  4.08it/s][A

 86%|████████▌ | 218/253 [01:01<00:15,  2.21it/s][A

 87%|████████▋ | 219/253 [01:01<00:15,  2.23it/s][A

 87%|████████▋ | 220/253 [01:02<00:13,  2.45it/s][A

 87%|████████▋ | 221/253 [01:02<00:12,  2.61it/s][A

 88%|████████▊ | 222/253 [01:02<00:12,  2.54it/s][A

 88%|████████▊ | 223/253 [01:03<00:10,  2.96it/s][A

 89%|████████▊ | 224/253 [01:03<00:08,  3.58it/s][A

 89%|████████▉ | 225/253 [01:03<00:07,  3.61it/s][A

 89%|████████▉ | 226/253 [01:03<00:07,  3.80it/s][A

 90%|████████▉ | 227/253 [01:04<00:06,  4.27it/s][A

 90%|█████████ | 228/253 [01:04<00:05,  4.81it/s][A

 91%|█████████ | 229/253 [01:04<00:04,  5.12it/s][A

 91%|█████████ | 230/253 [01:04<00:05,  3.95it/s][A

 91%|█████████▏| 231/253 [01:05<00:06,  3.64it/s][A

 92%|█████████▏| 232/253 [01:05<00:05,  3.95it/s][A

 92%|█████████▏| 233/253 [01:05<00:05,  3.76it/s][A

 92%|█████████▏| 234/253 [01:05<00:06,  3.11it/s][A

 93%|█████████▎| 235/253 [01:06<00:06,  2.65it/s][A

 93%|█████████▎| 236/253 [01:06<00:06,  2.44it/s][A

 94%|█████████▎| 237/253 [01:08<00:09,  1.62it/s][A

 94%|█████████▍| 238/253 [01:08<00:07,  1.88it/s][A

 94%|█████████▍| 239/253 [01:08<00:06,  2.05it/s][A

 95%|█████████▍| 240/253 [01:08<00:05,  2.56it/s][A

 95%|█████████▌| 241/253 [01:09<00:04,  2.57it/s][A

 96%|█████████▌| 242/253 [01:09<00:03,  3.12it/s][A

 96%|█████████▌| 243/253 [01:10<00:03,  2.63it/s][A

 96%|█████████▋| 244/253 [01:10<00:02,  3.11it/s][A

 97%|█████████▋| 245/253 [01:10<00:02,  3.50it/s][A

 97%|█████████▋| 246/253 [01:10<00:02,  3.17it/s][A

 98%|█████████▊| 247/253 [01:11<00:01,  3.23it/s][A

 98%|█████████▊| 248/253 [01:11<00:01,  3.70it/s][A

 98%|█████████▊| 249/253 [01:11<00:00,  4.22it/s][A

 99%|█████████▉| 250/253 [01:11<00:00,  4.64it/s][A

 99%|█████████▉| 251/253 [01:11<00:00,  5.11it/s][A

100%|█████████▉| 252/253 [01:11<00:00,  4.89it/s][A

100%|██████████| 253/253 [01:12<00:00,  4.27it/s][A
                                                  

                                                 
[A{'eval_loss': '1.453', 'eval_runtime': '72.76', 'eval_samples_per_second': '6.954', 'eval_steps_per_second': '3.477', 'eval_entropy': '1.356', 'eval_num_tokens': '1.039e+06', 'eval_mean_token_accuracy': '0.6245', 'epoch': '0.9095'}

 45%|████▌     | 500/1100 [45:52<49:49,  4.98s/it]

100%|██████████| 253/253 [01:12<00:00,  4.27it/s][A

                                                 [A
 46%|████▌     | 501/1100 [46:00<4:36:19, 27.68s/it]
 46%|████▌     | 502/1100 [46:06<3:30:54, 21.16s/it]
 46%|████▌     | 503/1100 [46:09<2:37:14, 15.80s/it]
 46%|████▌     | 504/1100 [46:15<2:07:56, 12.88s/it]
 46%|████▌     | 505/1100 [46:19<1:41:27, 10.23s/it]
 46%|████▌     | 506/1100 [46:25<1:27:32,  8.84s/it]
 46%|████▌     | 507/1100 [46:28<1:11:34,  7.24s/it]
 46%|████▌     | 508/1100 [46:33<1:05:11,  6.61s/it]
 46%|████▋     | 509/1100 [46:38<58:39,  5.95s/it]  
 46%|████▋     | 510/1100 [46:44<1:00:29,  6.15s/it]
                                                    
{'loss': '1.498', 'grad_norm': '1.238', 'learning_rate': '0.00013', 'entropy': '1.466', 'num_tokens': '1.06e+06', 'mean_token_accuracy': '0.619', 'epoch': '0.9277'}

 46%|████▋     | 510/1100 [46:45<1:00:29,  6.15s/it]
 46%|████▋     | 511/1100 [46:49<55:26,  5.65s/it]  
 47%|████▋     | 512/1100 [46:52<46:58,  4.79s/it]
 47%|████▋     | 513/1100 [46:58<51:07,  5.23s/it]
 47%|████▋     | 514/1100 [47:04<54:03,  5.54s/it]
 47%|████▋     | 515/1100 [47:11<56:35,  5.80s/it]
 47%|████▋     | 516/1100 [47:17<57:17,  5.89s/it]
 47%|████▋     | 517/1100 [47:22<54:28,  5.61s/it]
 47%|████▋     | 518/1100 [47:27<53:53,  5.56s/it]
 47%|████▋     | 519/1100 [47:32<51:01,  5.27s/it]
 47%|████▋     | 520/1100 [47:36<46:57,  4.86s/it]
                                                  
{'loss': '1.558', 'grad_norm': '1.335', 'learning_rate': '0.000127', 'entropy': '1.581', 'num_tokens': '1.081e+06', 'mean_token_accuracy': '0.6061', 'epoch': '0.9459'}

 47%|████▋     | 520/1100 [47:36<46:57,  4.86s/it]
 47%|████▋     | 521/1100 [47:41<49:00,  5.08s/it]
 47%|████▋     | 522/1100 [47:49<55:49,  5.79s/it]
 48%|████▊     | 523/1100 [47:53<51:32,  5.36s/it]
 48%|████▊     | 524/1100 [47:55<42:54,  4.47s/it]
 48%|████▊     | 525/1100 [48:02<48:53,  5.10s/it]
 48%|████▊     | 526/1100 [48:10<55:48,  5.83s/it]
 48%|████▊     | 527/1100 [48:15<53:21,  5.59s/it]
 48%|████▊     | 528/1100 [48:21<55:08,  5.78s/it]
 48%|████▊     | 529/1100 [48:25<51:13,  5.38s/it]
 48%|████▊     | 530/1100 [48:31<50:59,  5.37s/it]
                                                  
{'loss': '1.537', 'grad_norm': '1.413', 'learning_rate': '0.0001239', 'entropy': '1.438', 'num_tokens': '1.102e+06', 'mean_token_accuracy': '0.6136', 'epoch': '0.9641'}

 48%|████▊     | 530/1100 [48:31<50:59,  5.37s/it]
 48%|████▊     | 531/1100 [48:36<50:59,  5.38s/it]
 48%|████▊     | 532/1100 [48:43<54:29,  5.76s/it]
 48%|████▊     | 533/1100 [48:49<57:05,  6.04s/it]
 49%|████▊     | 534/1100 [48:53<50:49,  5.39s/it]
 49%|████▊     | 535/1100 [48:58<49:35,  5.27s/it]
 49%|████▊     | 536/1100 [49:02<44:40,  4.75s/it]
 49%|████▉     | 537/1100 [49:08<47:37,  5.08s/it]
 49%|████▉     | 538/1100 [49:11<43:30,  4.64s/it]
 49%|████▉     | 539/1100 [49:18<48:29,  5.19s/it]
 49%|████▉     | 540/1100 [49:21<42:13,  4.52s/it]
                                                  
{'loss': '1.399', 'grad_norm': '1.259', 'learning_rate': '0.0001208', 'entropy': '1.489', 'num_tokens': '1.123e+06', 'mean_token_accuracy': '0.6341', 'epoch': '0.9823'}

 49%|████▉     | 540/1100 [49:21<42:13,  4.52s/it]
 49%|████▉     | 541/1100 [49:24<38:19,  4.11s/it]
 49%|████▉     | 542/1100 [49:31<47:11,  5.07s/it]
 49%|████▉     | 543/1100 [49:33<38:54,  4.19s/it]
 49%|████▉     | 544/1100 [49:40<46:09,  4.98s/it]
 50%|████▉     | 545/1100 [49:46<49:26,  5.34s/it]
 50%|████▉     | 546/1100 [49:50<45:36,  4.94s/it]
 50%|████▉     | 547/1100 [49:53<39:33,  4.29s/it]
 50%|████▉     | 548/1100 [50:01<49:09,  5.34s/it]
 50%|████▉     | 549/1100 [50:04<42:36,  4.64s/it]
 50%|█████     | 550/1100 [50:08<40:23,  4.41s/it]
                                                  
{'loss': '1.491', 'grad_norm': '1.363', 'learning_rate': '0.0001177', 'entropy': '1.425', 'num_tokens': '1.143e+06', 'mean_token_accuracy': '0.6273', 'epoch': '1'}

 50%|█████     | 550/1100 [50:08<40:23,  4.41s/it]
 50%|█████     | 551/1100 [50:12<40:26,  4.42s/it]
 50%|█████     | 552/1100 [50:18<43:11,  4.73s/it]
 50%|█████     | 553/1100 [50:21<38:28,  4.22s/it]
 50%|█████     | 554/1100 [50:31<55:14,  6.07s/it]
 50%|█████     | 555/1100 [50:38<56:36,  6.23s/it]
 51%|█████     | 556/1100 [50:43<53:59,  5.96s/it]
 51%|█████     | 557/1100 [50:49<53:25,  5.90s/it]
 51%|█████     | 558/1100 [50:52<46:31,  5.15s/it]
 51%|█████     | 559/1100 [50:56<42:22,  4.70s/it]
 51%|█████     | 560/1100 [51:02<46:20,  5.15s/it]
                                                  
{'loss': '1.309', 'grad_norm': '1.52', 'learning_rate': '0.0001145', 'entropy': '1.398', 'num_tokens': '1.163e+06', 'mean_token_accuracy': '0.6535', 'epoch': '1.018'}

 51%|█████     | 560/1100 [51:02<46:20,  5.15s/it]
 51%|█████     | 561/1100 [51:08<49:57,  5.56s/it]
 51%|█████     | 562/1100 [51:11<42:21,  4.72s/it]
 51%|█████     | 563/1100 [51:15<40:48,  4.56s/it]
 51%|█████▏    | 564/1100 [51:19<38:52,  4.35s/it]
 51%|█████▏    | 565/1100 [51:23<38:18,  4.30s/it]
 51%|█████▏    | 566/1100 [51:28<39:49,  4.47s/it]
 52%|█████▏    | 567/1100 [51:35<46:18,  5.21s/it]
 52%|█████▏    | 568/1100 [51:39<41:09,  4.64s/it]
 52%|█████▏    | 569/1100 [51:42<39:12,  4.43s/it]
 52%|█████▏    | 570/1100 [51:48<40:53,  4.63s/it]
                                                  
{'loss': '1.41', 'grad_norm': '1.265', 'learning_rate': '0.0001114', 'entropy': '1.357', 'num_tokens': '1.184e+06', 'mean_token_accuracy': '0.6381', 'epoch': '1.036'}

 52%|█████▏    | 570/1100 [51:48<40:53,  4.63s/it]
 52%|█████▏    | 571/1100 [51:51<37:32,  4.26s/it]
 52%|█████▏    | 572/1100 [51:55<38:01,  4.32s/it]
 52%|█████▏    | 573/1100 [52:00<38:11,  4.35s/it]
 52%|█████▏    | 574/1100 [52:07<45:25,  5.18s/it]
 52%|█████▏    | 575/1100 [52:09<38:17,  4.38s/it]
 52%|█████▏    | 576/1100 [52:13<36:04,  4.13s/it]
 52%|█████▏    | 577/1100 [52:19<39:51,  4.57s/it]
 53%|█████▎    | 578/1100 [52:25<43:49,  5.04s/it]
 53%|█████▎    | 579/1100 [52:30<43:05,  4.96s/it]
 53%|█████▎    | 580/1100 [52:40<56:38,  6.54s/it]
                                                  
{'loss': '1.403', 'grad_norm': '1.264', 'learning_rate': '0.0001082', 'entropy': '1.394', 'num_tokens': '1.205e+06', 'mean_token_accuracy': '0.6491', 'epoch': '1.055'}

 53%|█████▎    | 580/1100 [52:40<56:38,  6.54s/it]
 53%|█████▎    | 581/1100 [52:47<59:01,  6.82s/it]
 53%|█████▎    | 582/1100 [52:53<55:31,  6.43s/it]
 53%|█████▎    | 583/1100 [53:02<1:01:45,  7.17s/it]
 53%|█████▎    | 584/1100 [53:04<49:12,  5.72s/it]  
 53%|█████▎    | 585/1100 [53:10<49:53,  5.81s/it]
 53%|█████▎    | 586/1100 [53:17<52:11,  6.09s/it]
 53%|█████▎    | 587/1100 [53:22<50:57,  5.96s/it]
 53%|█████▎    | 588/1100 [53:26<44:03,  5.16s/it]
 54%|█████▎    | 589/1100 [53:32<46:44,  5.49s/it]
 54%|█████▎    | 590/1100 [53:37<45:26,  5.35s/it]
                                                  
{'loss': '1.463', 'grad_norm': '1.439', 'learning_rate': '0.0001051', 'entropy': '1.371', 'num_tokens': '1.225e+06', 'mean_token_accuracy': '0.6396', 'epoch': '1.073'}

 54%|█████▎    | 590/1100 [53:37<45:26,  5.35s/it]
 54%|█████▎    | 591/1100 [53:42<43:44,  5.16s/it]
 54%|█████▍    | 592/1100 [53:49<49:45,  5.88s/it]
 54%|█████▍    | 593/1100 [53:53<43:30,  5.15s/it]
 54%|█████▍    | 594/1100 [53:57<41:24,  4.91s/it]
 54%|█████▍    | 595/1100 [54:03<43:03,  5.11s/it]
 54%|█████▍    | 596/1100 [54:07<40:50,  4.86s/it]
 54%|█████▍    | 597/1100 [54:13<42:54,  5.12s/it]
 54%|█████▍    | 598/1100 [54:19<45:02,  5.38s/it]
 54%|█████▍    | 599/1100 [54:25<47:03,  5.64s/it]
 55%|█████▍    | 600/1100 [54:29<42:20,  5.08s/it]
                                                  
{'loss': '1.368', 'grad_norm': '1.419', 'learning_rate': '0.0001019', 'entropy': '1.371', 'num_tokens': '1.247e+06', 'mean_token_accuracy': '0.6453', 'epoch': '1.091'}

 55%|█████▍    | 600/1100 [54:29<42:20,  5.08s/it]

  0%|          | 0/253 [00:00<?, ?it/s][A

  1%|          | 2/253 [00:00<00:49,  5.08it/s][A

  1%|          | 3/253 [00:00<00:46,  5.34it/s][A

  2%|▏         | 4/253 [00:01<01:09,  3.56it/s][A

  2%|▏         | 5/253 [00:01<01:52,  2.21it/s][A

  2%|▏         | 6/253 [00:02<01:38,  2.51it/s][A

  3%|▎         | 7/253 [00:02<01:30,  2.71it/s][A

  3%|▎         | 8/253 [00:02<01:37,  2.52it/s][A

  4%|▎         | 9/253 [00:03<01:31,  2.67it/s][A

  4%|▍         | 10/253 [00:03<01:15,  3.23it/s][A

  4%|▍         | 11/253 [00:03<01:31,  2.65it/s][A

  5%|▍         | 12/253 [00:04<01:35,  2.54it/s][A

  5%|▌         | 13/253 [00:04<01:26,  2.78it/s][A

  6%|▌         | 14/253 [00:04<01:12,  3.29it/s][A

  6%|▌         | 15/253 [00:04<01:05,  3.63it/s][A

  6%|▋         | 16/253 [00:05<01:24,  2.82it/s][A

  7%|▋         | 17/253 [00:05<01:09,  3.40it/s][A

  7%|▋         | 18/253 [00:06<01:15,  3.13it/s][A

  8%|▊         | 19/253 [00:06<01:10,  3.34it/s][A

  8%|▊         | 20/253 [00:06<01:12,  3.23it/s][A

  8%|▊         | 21/253 [00:06<01:11,  3.25it/s][A

  9%|▊         | 22/253 [00:07<00:59,  3.88it/s][A

  9%|▉         | 23/253 [00:07<00:51,  4.50it/s][A

  9%|▉         | 24/253 [00:07<00:47,  4.83it/s][A

 10%|▉         | 25/253 [00:07<00:48,  4.73it/s][A

 10%|█         | 26/253 [00:07<00:43,  5.22it/s][A

 11%|█         | 27/253 [00:07<00:40,  5.51it/s][A

 11%|█         | 28/253 [00:08<00:39,  5.72it/s][A

 11%|█▏        | 29/253 [00:08<00:37,  6.00it/s][A

 12%|█▏        | 30/253 [00:08<00:35,  6.20it/s][A

 12%|█▏        | 31/253 [00:08<00:36,  6.05it/s][A

 13%|█▎        | 32/253 [00:08<00:38,  5.80it/s][A

 13%|█▎        | 33/253 [00:08<00:36,  5.97it/s][A

 13%|█▎        | 34/253 [00:09<00:36,  6.01it/s][A

 14%|█▍        | 35/253 [00:09<00:36,  5.90it/s][A

 14%|█▍        | 36/253 [00:09<00:52,  4.14it/s][A

 15%|█▍        | 37/253 [00:09<00:48,  4.42it/s][A

 15%|█▌        | 38/253 [00:10<00:53,  3.99it/s][A

 15%|█▌        | 39/253 [00:10<01:04,  3.30it/s][A

 16%|█▌        | 40/253 [00:10<01:12,  2.94it/s][A

 16%|█▌        | 41/253 [00:11<01:15,  2.81it/s][A

 17%|█▋        | 42/253 [00:11<01:16,  2.76it/s][A

 17%|█▋        | 43/253 [00:12<01:26,  2.42it/s][A

 17%|█▋        | 44/253 [00:12<01:23,  2.49it/s][A

 18%|█▊        | 45/253 [00:12<01:13,  2.83it/s][A

 18%|█▊        | 46/253 [00:13<01:59,  1.73it/s][A

 19%|█▊        | 47/253 [00:14<01:47,  1.91it/s][A

 19%|█▉        | 48/253 [00:14<01:24,  2.41it/s][A

 19%|█▉        | 49/253 [00:15<01:54,  1.78it/s][A

 20%|█▉        | 50/253 [00:15<01:32,  2.18it/s][A

 20%|██        | 51/253 [00:16<01:27,  2.31it/s][A

 21%|██        | 52/253 [00:16<01:22,  2.44it/s][A

 21%|██        | 53/253 [00:16<01:12,  2.74it/s][A

 21%|██▏       | 54/253 [00:16<01:07,  2.96it/s][A

 22%|██▏       | 55/253 [00:17<01:06,  3.00it/s][A

 22%|██▏       | 56/253 [00:17<00:57,  3.45it/s][A

 23%|██▎       | 57/253 [00:17<00:49,  3.94it/s][A

 23%|██▎       | 58/253 [00:17<00:45,  4.32it/s][A

 23%|██▎       | 59/253 [00:17<00:41,  4.66it/s][A

 24%|██▎       | 60/253 [00:18<00:38,  5.00it/s][A

 24%|██▍       | 61/253 [00:18<00:47,  4.00it/s][A

 25%|██▍       | 62/253 [00:18<00:50,  3.77it/s][A

 25%|██▍       | 63/253 [00:19<00:50,  3.77it/s][A

 25%|██▌       | 64/253 [00:19<00:43,  4.37it/s][A

 26%|██▌       | 65/253 [00:19<00:50,  3.75it/s][A

 26%|██▌       | 66/253 [00:19<00:53,  3.49it/s][A

 26%|██▋       | 67/253 [00:20<00:44,  4.14it/s][A

 27%|██▋       | 68/253 [00:20<00:39,  4.74it/s][A

 27%|██▋       | 69/253 [00:20<00:36,  5.05it/s][A

 28%|██▊       | 70/253 [00:20<00:39,  4.62it/s][A

 28%|██▊       | 71/253 [00:20<00:43,  4.20it/s][A

 28%|██▊       | 72/253 [00:21<00:42,  4.23it/s][A

 29%|██▉       | 73/253 [00:21<00:39,  4.60it/s][A

 29%|██▉       | 74/253 [00:21<00:35,  5.03it/s][A

 30%|██▉       | 75/253 [00:21<00:34,  5.10it/s][A

 30%|███       | 76/253 [00:21<00:40,  4.41it/s][A

 30%|███       | 77/253 [00:22<00:37,  4.63it/s][A

 31%|███       | 78/253 [00:22<00:34,  5.07it/s][A

 31%|███       | 79/253 [00:22<00:32,  5.34it/s][A

 32%|███▏      | 80/253 [00:22<00:31,  5.51it/s][A

 32%|███▏      | 81/253 [00:22<00:30,  5.67it/s][A

 32%|███▏      | 82/253 [00:22<00:29,  5.88it/s][A

 33%|███▎      | 83/253 [00:23<00:29,  5.84it/s][A

 33%|███▎      | 84/253 [00:23<00:28,  5.89it/s][A

 34%|███▎      | 85/253 [00:23<00:28,  5.97it/s][A

 34%|███▍      | 86/253 [00:23<00:26,  6.22it/s][A

 34%|███▍      | 87/253 [00:23<00:27,  6.07it/s][A

 35%|███▍      | 88/253 [00:24<00:37,  4.37it/s][A

 35%|███▌      | 89/253 [00:24<00:50,  3.27it/s][A

 36%|███▌      | 90/253 [00:25<00:58,  2.78it/s][A

 36%|███▌      | 91/253 [00:25<00:54,  2.98it/s][A

 36%|███▋      | 92/253 [00:25<00:48,  3.34it/s][A

 37%|███▋      | 93/253 [00:25<00:50,  3.19it/s][A

 37%|███▋      | 94/253 [00:26<00:50,  3.14it/s][A

 38%|███▊      | 95/253 [00:26<00:57,  2.76it/s][A

 38%|███▊      | 96/253 [00:27<00:54,  2.88it/s][A

 38%|███▊      | 97/253 [00:27<00:47,  3.29it/s][A

 39%|███▊      | 98/253 [00:27<00:49,  3.11it/s][A

 39%|███▉      | 99/253 [00:28<01:30,  1.70it/s][A

 40%|███▉      | 100/253 [00:29<01:40,  1.53it/s][A

 40%|███▉      | 101/253 [00:30<01:46,  1.42it/s][A

 40%|████      | 102/253 [00:30<01:29,  1.68it/s][A

 41%|████      | 103/253 [00:32<02:06,  1.19it/s][A

 41%|████      | 104/253 [00:32<01:35,  1.55it/s][A

 42%|████▏     | 105/253 [00:32<01:24,  1.75it/s][A

 42%|████▏     | 106/253 [00:33<01:10,  2.09it/s][A

 42%|████▏     | 107/253 [00:33<01:03,  2.28it/s][A

 43%|████▎     | 108/253 [00:33<00:51,  2.81it/s][A

 43%|████▎     | 109/253 [00:33<00:41,  3.43it/s][A

 43%|████▎     | 110/253 [00:33<00:35,  3.99it/s][A

 44%|████▍     | 111/253 [00:34<00:31,  4.52it/s][A

 44%|████▍     | 112/253 [00:34<00:28,  4.90it/s][A

 45%|████▍     | 113/253 [00:34<00:27,  5.12it/s][A

 45%|████▌     | 114/253 [00:34<00:29,  4.74it/s][A

 45%|████▌     | 115/253 [00:34<00:35,  3.93it/s][A

 46%|████▌     | 116/253 [00:35<00:31,  4.37it/s][A

 46%|████▌     | 117/253 [00:35<00:38,  3.53it/s][A

 47%|████▋     | 118/253 [00:35<00:38,  3.52it/s][A

 47%|████▋     | 119/253 [00:36<00:36,  3.63it/s][A

 47%|████▋     | 120/253 [00:36<00:44,  2.96it/s][A

 48%|████▊     | 121/253 [00:37<01:04,  2.03it/s][A

 48%|████▊     | 122/253 [00:38<01:10,  1.85it/s][A

 49%|████▊     | 123/253 [00:38<00:57,  2.26it/s][A

 49%|████▉     | 124/253 [00:38<00:50,  2.55it/s][A

 49%|████▉     | 125/253 [00:39<00:58,  2.19it/s][A

 50%|████▉     | 126/253 [00:39<00:53,  2.35it/s][A

 50%|█████     | 127/253 [00:39<00:51,  2.46it/s][A

 51%|█████     | 128/253 [00:40<00:45,  2.75it/s][A

 51%|█████     | 129/253 [00:40<00:39,  3.17it/s][A

 51%|█████▏    | 130/253 [00:40<00:38,  3.18it/s][A

 52%|█████▏    | 131/253 [00:41<00:39,  3.06it/s][A

 52%|█████▏    | 132/253 [00:41<00:38,  3.15it/s][A

 53%|█████▎    | 133/253 [00:41<00:31,  3.79it/s][A

 53%|█████▎    | 134/253 [00:41<00:26,  4.44it/s][A

 53%|█████▎    | 135/253 [00:41<00:26,  4.46it/s][A

 54%|█████▍    | 136/253 [00:42<00:30,  3.81it/s][A

 54%|█████▍    | 137/253 [00:42<00:28,  4.06it/s][A

 55%|█████▍    | 138/253 [00:42<00:29,  3.88it/s][A

 55%|█████▍    | 139/253 [00:42<00:26,  4.31it/s][A

 55%|█████▌    | 140/253 [00:42<00:23,  4.75it/s][A

 56%|█████▌    | 141/253 [00:43<00:24,  4.63it/s][A

 56%|█████▌    | 142/253 [00:43<00:31,  3.58it/s][A

 57%|█████▋    | 143/253 [00:43<00:28,  3.84it/s][A

 57%|█████▋    | 144/253 [00:44<00:39,  2.75it/s][A

 57%|█████▋    | 145/253 [00:44<00:37,  2.89it/s][A

 58%|█████▊    | 146/253 [00:44<00:31,  3.36it/s][A

 58%|█████▊    | 147/253 [00:45<00:28,  3.74it/s][A

 58%|█████▊    | 148/253 [00:45<00:25,  4.08it/s][A

 59%|█████▉    | 149/253 [00:45<00:23,  4.39it/s][A

 59%|█████▉    | 150/253 [00:46<00:45,  2.26it/s][A

 60%|█████▉    | 151/253 [00:46<00:42,  2.39it/s][A

 60%|██████    | 152/253 [00:47<00:40,  2.52it/s][A

 60%|██████    | 153/253 [00:47<00:46,  2.15it/s][A

 61%|██████    | 154/253 [00:48<00:42,  2.36it/s][A

 61%|██████▏   | 155/253 [00:48<00:46,  2.10it/s][A

 62%|██████▏   | 156/253 [00:49<00:40,  2.39it/s][A

 62%|██████▏   | 157/253 [00:49<00:38,  2.49it/s][A

 62%|██████▏   | 158/253 [00:49<00:33,  2.80it/s][A

 63%|██████▎   | 159/253 [00:49<00:32,  2.86it/s][A

 63%|██████▎   | 160/253 [00:50<00:29,  3.11it/s][A

 64%|██████▎   | 161/253 [00:50<00:25,  3.62it/s][A

 64%|██████▍   | 162/253 [00:50<00:24,  3.66it/s][A

 64%|██████▍   | 163/253 [00:51<00:35,  2.52it/s][A

 65%|██████▍   | 164/253 [00:51<00:31,  2.87it/s][A

 65%|██████▌   | 165/253 [00:51<00:32,  2.71it/s][A

 66%|██████▌   | 166/253 [00:52<00:28,  3.04it/s][A

 66%|██████▌   | 167/253 [00:52<00:24,  3.51it/s][A

 66%|██████▋   | 168/253 [00:52<00:27,  3.11it/s][A

 67%|██████▋   | 169/253 [00:53<00:28,  2.96it/s][A

 67%|██████▋   | 170/253 [00:53<00:24,  3.39it/s][A

 68%|██████▊   | 171/253 [00:53<00:24,  3.41it/s][A

 68%|██████▊   | 172/253 [00:53<00:20,  3.99it/s][A

 68%|██████▊   | 173/253 [00:54<00:22,  3.52it/s][A

 69%|██████▉   | 174/253 [00:54<00:20,  3.93it/s][A

 69%|██████▉   | 175/253 [00:54<00:22,  3.40it/s][A

 70%|██████▉   | 176/253 [00:55<00:23,  3.32it/s][A

 70%|██████▉   | 177/253 [00:55<00:20,  3.66it/s][A

 70%|███████   | 178/253 [00:55<00:17,  4.25it/s][A

 71%|███████   | 179/253 [00:55<00:17,  4.16it/s][A

 71%|███████   | 180/253 [00:55<00:18,  3.89it/s][A

 72%|███████▏  | 181/253 [00:56<00:21,  3.39it/s][A

 72%|███████▏  | 182/253 [00:56<00:17,  4.00it/s][A

 72%|███████▏  | 183/253 [00:56<00:16,  4.14it/s][A

 73%|███████▎  | 184/253 [00:57<00:18,  3.65it/s][A

 73%|███████▎  | 185/253 [00:57<00:18,  3.77it/s][A

 74%|███████▎  | 186/253 [00:57<00:17,  3.76it/s][A

 74%|███████▍  | 187/253 [00:57<00:18,  3.64it/s][A

 74%|███████▍  | 188/253 [00:58<00:16,  4.01it/s][A

 75%|███████▍  | 189/253 [00:58<00:14,  4.35it/s][A

 75%|███████▌  | 190/253 [00:58<00:16,  3.71it/s][A

 75%|███████▌  | 191/253 [00:58<00:17,  3.56it/s][A

 76%|███████▌  | 192/253 [01:01<00:50,  1.21it/s][A

 76%|███████▋  | 193/253 [01:01<00:39,  1.53it/s][A

 77%|███████▋  | 194/253 [01:01<00:35,  1.67it/s][A

 77%|███████▋  | 195/253 [01:02<00:31,  1.87it/s][A

 77%|███████▋  | 196/253 [01:02<00:26,  2.17it/s][A

 78%|███████▊  | 197/253 [01:02<00:23,  2.38it/s][A

 78%|███████▊  | 198/253 [01:03<00:21,  2.55it/s][A

 79%|███████▊  | 199/253 [01:03<00:18,  2.86it/s][A

 79%|███████▉  | 200/253 [01:03<00:18,  2.87it/s][A

 79%|███████▉  | 201/253 [01:03<00:17,  3.00it/s][A

 80%|███████▉  | 202/253 [01:04<00:17,  2.85it/s][A

 80%|████████  | 203/253 [01:04<00:17,  2.84it/s][A

 81%|████████  | 204/253 [01:04<00:16,  3.04it/s][A

 81%|████████  | 205/253 [01:05<00:16,  2.90it/s][A

 81%|████████▏ | 206/253 [01:05<00:17,  2.75it/s][A

 82%|████████▏ | 207/253 [01:06<00:17,  2.70it/s][A

 82%|████████▏ | 208/253 [01:06<00:17,  2.50it/s][A

 83%|████████▎ | 209/253 [01:06<00:15,  2.79it/s][A

 83%|████████▎ | 210/253 [01:07<00:15,  2.72it/s][A

 83%|████████▎ | 211/253 [01:07<00:14,  2.87it/s][A

 84%|████████▍ | 212/253 [01:07<00:11,  3.46it/s][A

 84%|████████▍ | 213/253 [01:08<00:12,  3.11it/s][A

 85%|████████▍ | 214/253 [01:08<00:13,  2.94it/s][A

 85%|████████▍ | 215/253 [01:08<00:12,  2.96it/s][A

 85%|████████▌ | 216/253 [01:09<00:17,  2.07it/s][A

 86%|████████▌ | 217/253 [01:10<00:16,  2.24it/s][A

 86%|████████▌ | 218/253 [01:10<00:15,  2.30it/s][A

 87%|████████▋ | 219/253 [01:11<00:17,  1.98it/s][A

 87%|████████▋ | 220/253 [01:11<00:15,  2.13it/s][A

 87%|████████▋ | 221/253 [01:11<00:12,  2.57it/s][A

 88%|████████▊ | 222/253 [01:11<00:10,  3.09it/s][A

 88%|████████▊ | 223/253 [01:12<00:10,  2.92it/s][A

 89%|████████▊ | 224/253 [01:13<00:17,  1.66it/s][A

 89%|████████▉ | 225/253 [01:13<00:14,  1.95it/s][A

 89%|████████▉ | 226/253 [01:14<00:12,  2.14it/s][A

 90%|████████▉ | 227/253 [01:15<00:15,  1.68it/s][A

 90%|█████████ | 228/253 [01:15<00:12,  1.99it/s][A

 91%|█████████ | 229/253 [01:15<00:10,  2.19it/s][A

 91%|█████████ | 230/253 [01:16<00:10,  2.24it/s][A

 91%|█████████▏| 231/253 [01:16<00:08,  2.68it/s][A

 92%|█████████▏| 232/253 [01:16<00:06,  3.21it/s][A

 92%|█████████▏| 233/253 [01:16<00:06,  3.12it/s][A

 92%|█████████▏| 234/253 [01:17<00:06,  2.91it/s][A

 93%|█████████▎| 235/253 [01:17<00:05,  3.42it/s][A

 93%|█████████▎| 236/253 [01:17<00:05,  3.17it/s][A

 94%|█████████▎| 237/253 [01:17<00:04,  3.36it/s][A

 94%|█████████▍| 238/253 [01:18<00:03,  3.88it/s][A

 94%|█████████▍| 239/253 [01:18<00:04,  3.38it/s][A

 95%|█████████▍| 240/253 [01:18<00:03,  3.32it/s][A

 95%|█████████▌| 241/253 [01:18<00:03,  3.95it/s][A

 96%|█████████▌| 242/253 [01:19<00:03,  3.66it/s][A

 96%|█████████▌| 243/253 [01:19<00:02,  3.39it/s][A

 96%|█████████▋| 244/253 [01:20<00:03,  2.95it/s][A

 97%|█████████▋| 245/253 [01:20<00:03,  2.59it/s][A

 97%|█████████▋| 246/253 [01:20<00:02,  2.70it/s][A

 98%|█████████▊| 247/253 [01:21<00:02,  2.25it/s][A

 98%|█████████▊| 248/253 [01:22<00:02,  2.14it/s][A

 98%|█████████▊| 249/253 [01:22<00:01,  2.28it/s][A

 99%|█████████▉| 250/253 [01:22<00:01,  2.59it/s][A

 99%|█████████▉| 251/253 [01:22<00:00,  2.80it/s][A

100%|█████████▉| 252/253 [01:23<00:00,  2.91it/s][A

100%|██████████| 253/253 [01:23<00:00,  2.94it/s][A
                                                  

                                                 
[A{'eval_loss': '1.436', 'eval_runtime': '83.95', 'eval_samples_per_second': '6.028', 'eval_steps_per_second': '3.014', 'eval_entropy': '1.354', 'eval_num_tokens': '1.247e+06', 'eval_mean_token_accuracy': '0.6279', 'epoch': '1.091'}

 55%|█████▍    | 600/1100 [55:53<42:20,  5.08s/it]

100%|██████████| 253/253 [01:23<00:00,  2.94it/s][A

                                                 [A
 55%|█████▍    | 601/1100 [55:59<4:14:47, 30.64s/it]
 55%|█████▍    | 602/1100 [56:07<3:18:17, 23.89s/it]
 55%|█████▍    | 603/1100 [56:13<2:33:54, 18.58s/it]
 55%|█████▍    | 604/1100 [56:20<2:03:05, 14.89s/it]
 55%|█████▌    | 605/1100 [56:26<1:41:14, 12.27s/it]
 55%|█████▌    | 606/1100 [56:33<1:27:41, 10.65s/it]
 55%|█████▌    | 607/1100 [56:39<1:18:11,  9.52s/it]
 55%|█████▌    | 608/1100 [56:46<1:11:28,  8.72s/it]
 55%|█████▌    | 609/1100 [56:52<1:02:49,  7.68s/it]
 55%|█████▌    | 610/1100 [56:59<1:02:25,  7.64s/it]
                                                    
{'loss': '1.386', 'grad_norm': '1.598', 'learning_rate': '9.873e-05', 'entropy': '1.365', 'num_tokens': '1.268e+06', 'mean_token_accuracy': '0.638', 'epoch': '1.109'}

 55%|█████▌    | 610/1100 [56:59<1:02:25,  7.64s/it]
 56%|█████▌    | 611/1100 [57:05<57:39,  7.07s/it]  
 56%|█████▌    | 612/1100 [57:13<59:03,  7.26s/it]
 56%|█████▌    | 613/1100 [57:19<57:47,  7.12s/it]
 56%|█████▌    | 614/1100 [57:25<55:01,  6.79s/it]
 56%|█████▌    | 615/1100 [57:33<56:49,  7.03s/it]
 56%|█████▌    | 616/1100 [57:41<58:41,  7.27s/it]
 56%|█████▌    | 617/1100 [57:46<53:43,  6.67s/it]
 56%|█████▌    | 618/1100 [57:53<53:35,  6.67s/it]
 56%|█████▋    | 619/1100 [57:56<45:59,  5.74s/it]
 56%|█████▋    | 620/1100 [58:05<52:11,  6.52s/it]
                                                  
{'loss': '1.365', 'grad_norm': '1.483', 'learning_rate': '9.556e-05', 'entropy': '1.343', 'num_tokens': '1.289e+06', 'mean_token_accuracy': '0.6449', 'epoch': '1.127'}

 56%|█████▋    | 620/1100 [58:05<52:11,  6.52s/it]
 56%|█████▋    | 621/1100 [58:12<53:15,  6.67s/it]
 57%|█████▋    | 622/1100 [58:15<46:18,  5.81s/it]
 57%|█████▋    | 623/1100 [58:21<46:37,  5.87s/it]
 57%|█████▋    | 624/1100 [58:28<48:34,  6.12s/it]
 57%|█████▋    | 625/1100 [58:34<48:12,  6.09s/it]
 57%|█████▋    | 626/1100 [58:41<49:07,  6.22s/it]
 57%|█████▋    | 627/1100 [58:47<49:36,  6.29s/it]
 57%|█████▋    | 628/1100 [58:52<45:30,  5.78s/it]
 57%|█████▋    | 629/1100 [58:58<45:16,  5.77s/it]
 57%|█████▋    | 630/1100 [59:05<49:35,  6.33s/it]
                                                  
{'loss': '1.274', 'grad_norm': '1.395', 'learning_rate': '9.239e-05', 'entropy': '1.281', 'num_tokens': '1.309e+06', 'mean_token_accuracy': '0.668', 'epoch': '1.146'}

 57%|█████▋    | 630/1100 [59:05<49:35,  6.33s/it]
 57%|█████▋    | 631/1100 [59:11<49:25,  6.32s/it]
 57%|█████▋    | 632/1100 [59:16<44:27,  5.70s/it]
 58%|█████▊    | 633/1100 [59:21<44:06,  5.67s/it]
 58%|█████▊    | 634/1100 [59:26<41:09,  5.30s/it]
 58%|█████▊    | 635/1100 [59:32<42:39,  5.50s/it]
 58%|█████▊    | 636/1100 [59:38<44:56,  5.81s/it]
 58%|█████▊    | 637/1100 [59:43<41:22,  5.36s/it]
 58%|█████▊    | 638/1100 [59:48<40:41,  5.29s/it]
 58%|█████▊    | 639/1100 [59:53<39:32,  5.15s/it]
 58%|█████▊    | 640/1100 [59:57<37:00,  4.83s/it]
                                                  
{'loss': '1.436', 'grad_norm': '1.258', 'learning_rate': '8.923e-05', 'entropy': '1.361', 'num_tokens': '1.33e+06', 'mean_token_accuracy': '0.6476', 'epoch': '1.164'}

 58%|█████▊    | 640/1100 [59:57<37:00,  4.83s/it]
 58%|█████▊    | 641/1100 [1:00:03<40:23,  5.28s/it]
 58%|█████▊    | 642/1100 [1:00:10<43:57,  5.76s/it]
 58%|█████▊    | 643/1100 [1:00:15<42:26,  5.57s/it]
 59%|█████▊    | 644/1100 [1:00:20<41:51,  5.51s/it]
 59%|█████▊    | 645/1100 [1:00:26<41:14,  5.44s/it]
 59%|█████▊    | 646/1100 [1:00:34<46:54,  6.20s/it]
 59%|█████▉    | 647/1100 [1:00:41<49:24,  6.54s/it]
 59%|█████▉    | 648/1100 [1:00:47<47:45,  6.34s/it]
 59%|█████▉    | 649/1100 [1:00:51<43:13,  5.75s/it]
 59%|█████▉    | 650/1100 [1:00:58<46:23,  6.19s/it]
                                                    
{'loss': '1.296', 'grad_norm': '1.758', 'learning_rate': '8.608e-05', 'entropy': '1.341', 'num_tokens': '1.351e+06', 'mean_token_accuracy': '0.6587', 'epoch': '1.182'}

 59%|█████▉    | 650/1100 [1:00:58<46:23,  6.19s/it]
 59%|█████▉    | 651/1100 [1:01:06<49:54,  6.67s/it]
 59%|█████▉    | 652/1100 [1:01:11<45:03,  6.03s/it]
 59%|█████▉    | 653/1100 [1:01:18<47:26,  6.37s/it]
 59%|█████▉    | 654/1100 [1:01:22<42:32,  5.72s/it]
 60%|█████▉    | 655/1100 [1:01:29<44:33,  6.01s/it]
 60%|█████▉    | 656/1100 [1:01:32<39:14,  5.30s/it]
 60%|█████▉    | 657/1100 [1:01:37<36:34,  4.95s/it]
 60%|█████▉    | 658/1100 [1:01:42<37:31,  5.09s/it]
 60%|█████▉    | 659/1100 [1:01:48<40:33,  5.52s/it]
 60%|██████    | 660/1100 [1:01:53<37:35,  5.13s/it]
                                                    
{'loss': '1.366', 'grad_norm': '1.484', 'learning_rate': '8.295e-05', 'entropy': '1.344', 'num_tokens': '1.371e+06', 'mean_token_accuracy': '0.6389', 'epoch': '1.2'}

 60%|██████    | 660/1100 [1:01:53<37:35,  5.13s/it]
 60%|██████    | 661/1100 [1:02:00<41:29,  5.67s/it]
 60%|██████    | 662/1100 [1:02:04<37:53,  5.19s/it]
 60%|██████    | 663/1100 [1:02:09<39:09,  5.38s/it]
 60%|██████    | 664/1100 [1:02:14<37:05,  5.11s/it]
 60%|██████    | 665/1100 [1:02:20<38:45,  5.35s/it]
 61%|██████    | 666/1100 [1:02:25<38:52,  5.37s/it]
 61%|██████    | 667/1100 [1:02:30<36:36,  5.07s/it]
 61%|██████    | 668/1100 [1:02:33<32:38,  4.53s/it]
 61%|██████    | 669/1100 [1:02:40<37:42,  5.25s/it]
 61%|██████    | 670/1100 [1:02:46<40:29,  5.65s/it]
                                                    
{'loss': '1.328', 'grad_norm': '1.597', 'learning_rate': '7.983e-05', 'entropy': '1.333', 'num_tokens': '1.392e+06', 'mean_token_accuracy': '0.6543', 'epoch': '1.218'}

 61%|██████    | 670/1100 [1:02:46<40:29,  5.65s/it]
 61%|██████    | 671/1100 [1:02:52<39:49,  5.57s/it]
 61%|██████    | 672/1100 [1:02:58<40:58,  5.75s/it]
 61%|██████    | 673/1100 [1:03:01<34:29,  4.85s/it]
 61%|██████▏   | 674/1100 [1:03:06<35:23,  4.98s/it]
 61%|██████▏   | 675/1100 [1:03:13<38:50,  5.48s/it]
 61%|██████▏   | 676/1100 [1:03:17<36:12,  5.12s/it]
 62%|██████▏   | 677/1100 [1:03:24<39:20,  5.58s/it]
 62%|██████▏   | 678/1100 [1:03:27<35:39,  5.07s/it]
 62%|██████▏   | 679/1100 [1:03:33<35:52,  5.11s/it]
 62%|██████▏   | 680/1100 [1:03:40<40:50,  5.83s/it]
                                                    
{'loss': '1.309', 'grad_norm': '1.516', 'learning_rate': '7.673e-05', 'entropy': '1.307', 'num_tokens': '1.413e+06', 'mean_token_accuracy': '0.6508', 'epoch': '1.236'}

 62%|██████▏   | 680/1100 [1:03:40<40:50,  5.83s/it]
 62%|██████▏   | 681/1100 [1:03:44<36:55,  5.29s/it]
 62%|██████▏   | 682/1100 [1:03:50<37:04,  5.32s/it]
 62%|██████▏   | 683/1100 [1:03:57<40:21,  5.81s/it]
 62%|██████▏   | 684/1100 [1:04:00<36:03,  5.20s/it]
 62%|██████▏   | 685/1100 [1:04:07<39:13,  5.67s/it]
 62%|██████▏   | 686/1100 [1:04:15<43:30,  6.30s/it]
 62%|██████▏   | 687/1100 [1:04:24<48:54,  7.11s/it]
 63%|██████▎   | 688/1100 [1:04:27<41:22,  6.03s/it]
 63%|██████▎   | 689/1100 [1:04:31<37:13,  5.43s/it]
 63%|██████▎   | 690/1100 [1:04:36<36:04,  5.28s/it]
                                                    
{'loss': '1.364', 'grad_norm': '1.395', 'learning_rate': '7.366e-05', 'entropy': '1.316', 'num_tokens': '1.434e+06', 'mean_token_accuracy': '0.6361', 'epoch': '1.255'}

 63%|██████▎   | 690/1100 [1:04:36<36:04,  5.28s/it]
 63%|██████▎   | 691/1100 [1:04:42<37:01,  5.43s/it]
 63%|██████▎   | 692/1100 [1:04:46<33:20,  4.90s/it]
 63%|██████▎   | 693/1100 [1:04:52<36:10,  5.33s/it]
 63%|██████▎   | 694/1100 [1:04:56<33:05,  4.89s/it]
 63%|██████▎   | 695/1100 [1:05:02<35:22,  5.24s/it]
 63%|██████▎   | 696/1100 [1:05:07<34:18,  5.09s/it]
 63%|██████▎   | 697/1100 [1:05:10<29:32,  4.40s/it]
 63%|██████▎   | 698/1100 [1:05:17<35:00,  5.22s/it]
 64%|██████▎   | 699/1100 [1:05:22<33:57,  5.08s/it]
 64%|██████▎   | 700/1100 [1:05:26<33:19,  5.00s/it]
                                                    
{'loss': '1.403', 'grad_norm': '1.621', 'learning_rate': '7.061e-05', 'entropy': '1.434', 'num_tokens': '1.454e+06', 'mean_token_accuracy': '0.6444', 'epoch': '1.273'}

 64%|██████▎   | 700/1100 [1:05:26<33:19,  5.00s/it]

  0%|          | 0/253 [00:00<?, ?it/s][A

  1%|          | 2/253 [00:00<00:29,  8.43it/s][A

  1%|          | 3/253 [00:00<00:48,  5.16it/s][A

  2%|▏         | 4/253 [00:00<00:59,  4.17it/s][A

  2%|▏         | 5/253 [00:01<01:00,  4.07it/s][A

  2%|▏         | 6/253 [00:01<01:01,  4.04it/s][A

  3%|▎         | 7/253 [00:01<00:59,  4.16it/s][A

  3%|▎         | 8/253 [00:03<02:30,  1.62it/s][A

  4%|▎         | 9/253 [00:03<01:57,  2.09it/s][A

  4%|▍         | 10/253 [00:03<01:49,  2.22it/s][A

  4%|▍         | 11/253 [00:04<01:50,  2.19it/s][A

  5%|▍         | 12/253 [00:04<01:36,  2.50it/s][A

  5%|▌         | 13/253 [00:04<01:40,  2.40it/s][A

  6%|▌         | 14/253 [00:05<01:53,  2.11it/s][A

  6%|▌         | 15/253 [00:05<01:43,  2.30it/s][A

  6%|▋         | 16/253 [00:05<01:28,  2.67it/s][A

  7%|▋         | 17/253 [00:07<02:24,  1.64it/s][A

  7%|▋         | 18/253 [00:07<01:51,  2.11it/s][A

  8%|▊         | 19/253 [00:07<01:44,  2.24it/s][A

  8%|▊         | 20/253 [00:08<01:43,  2.25it/s][A

  8%|▊         | 21/253 [00:08<01:40,  2.30it/s][A

  9%|▊         | 22/253 [00:09<02:17,  1.68it/s][A

  9%|▉         | 23/253 [00:09<01:50,  2.07it/s][A

  9%|▉         | 24/253 [00:10<01:50,  2.08it/s][A

 10%|▉         | 25/253 [00:10<01:31,  2.48it/s][A

 10%|█         | 26/253 [00:10<01:20,  2.82it/s][A

 11%|█         | 27/253 [00:10<01:20,  2.82it/s][A

 11%|█         | 28/253 [00:11<01:26,  2.60it/s][A

 11%|█▏        | 29/253 [00:11<01:22,  2.73it/s][A

 12%|█▏        | 30/253 [00:12<01:13,  3.04it/s][A

 12%|█▏        | 31/253 [00:12<01:05,  3.38it/s][A

 13%|█▎        | 32/253 [00:12<01:02,  3.53it/s][A

 13%|█▎        | 33/253 [00:12<01:01,  3.58it/s][A

 13%|█▎        | 34/253 [00:13<01:01,  3.56it/s][A

 14%|█▍        | 35/253 [00:13<00:54,  4.00it/s][A

 14%|█▍        | 36/253 [00:13<00:48,  4.52it/s][A

 15%|█▍        | 37/253 [00:13<00:48,  4.47it/s][A

 15%|█▌        | 38/253 [00:13<00:45,  4.70it/s][A

 15%|█▌        | 39/253 [00:13<00:42,  5.05it/s][A

 16%|█▌        | 40/253 [00:14<00:45,  4.71it/s][A

 16%|█▌        | 41/253 [00:14<00:43,  4.86it/s][A

 17%|█▋        | 42/253 [00:14<00:49,  4.28it/s][A

 17%|█▋        | 43/253 [00:15<00:57,  3.65it/s][A

 17%|█▋        | 44/253 [00:15<01:08,  3.04it/s][A

 18%|█▊        | 45/253 [00:16<01:56,  1.79it/s][A

 18%|█▊        | 46/253 [00:18<02:51,  1.21it/s][A

 19%|█▊        | 47/253 [00:18<02:25,  1.42it/s][A

 19%|█▉        | 48/253 [00:18<02:06,  1.63it/s][A

 19%|█▉        | 49/253 [00:19<01:45,  1.93it/s][A

 20%|█▉        | 50/253 [00:19<01:32,  2.20it/s][A

 20%|██        | 51/253 [00:19<01:19,  2.53it/s][A

 21%|██        | 52/253 [00:19<01:07,  2.98it/s][A

 21%|██        | 53/253 [00:20<01:03,  3.14it/s][A

 21%|██▏       | 54/253 [00:20<01:01,  3.22it/s][A

 22%|██▏       | 55/253 [00:20<01:01,  3.21it/s][A

 22%|██▏       | 56/253 [00:20<00:51,  3.85it/s][A

 23%|██▎       | 57/253 [00:21<00:48,  4.08it/s][A

 23%|██▎       | 58/253 [00:21<00:49,  3.93it/s][A

 23%|██▎       | 59/253 [00:21<00:50,  3.88it/s][A

 24%|██▎       | 60/253 [00:21<00:49,  3.91it/s][A

 24%|██▍       | 61/253 [00:22<00:53,  3.59it/s][A

 25%|██▍       | 62/253 [00:22<00:49,  3.83it/s][A

 25%|██▍       | 63/253 [00:22<00:53,  3.55it/s][A

 25%|██▌       | 64/253 [00:23<00:53,  3.54it/s][A

 26%|██▌       | 65/253 [00:23<00:46,  4.04it/s][A

 26%|██▌       | 66/253 [00:23<00:42,  4.42it/s][A

 26%|██▋       | 67/253 [00:23<00:44,  4.15it/s][A

 27%|██▋       | 68/253 [00:25<01:41,  1.81it/s][A

 27%|██▋       | 69/253 [00:25<01:43,  1.78it/s][A

 28%|██▊       | 70/253 [00:26<01:46,  1.71it/s][A

 28%|██▊       | 71/253 [00:26<01:24,  2.15it/s][A

 28%|██▊       | 72/253 [00:26<01:20,  2.24it/s][A

 29%|██▉       | 73/253 [00:27<01:28,  2.04it/s][A

 29%|██▉       | 74/253 [00:27<01:17,  2.31it/s][A

 30%|██▉       | 75/253 [00:28<01:11,  2.48it/s][A

 30%|███       | 76/253 [00:28<01:09,  2.53it/s][A

 30%|███       | 77/253 [00:28<01:07,  2.61it/s][A

 31%|███       | 78/253 [00:28<00:55,  3.17it/s][A

 31%|███       | 79/253 [00:29<00:56,  3.10it/s][A

 32%|███▏      | 80/253 [00:29<01:02,  2.78it/s][A

 32%|███▏      | 81/253 [00:29<00:53,  3.19it/s][A

 32%|███▏      | 82/253 [00:30<00:47,  3.57it/s][A

 33%|███▎      | 83/253 [00:30<00:53,  3.16it/s][A

 33%|███▎      | 84/253 [00:30<00:51,  3.28it/s][A

 34%|███▎      | 85/253 [00:31<00:49,  3.40it/s][A

 34%|███▍      | 86/253 [00:31<00:56,  2.98it/s][A

 34%|███▍      | 87/253 [00:31<00:52,  3.16it/s][A

 35%|███▍      | 88/253 [00:32<01:06,  2.49it/s][A

 35%|███▌      | 89/253 [00:33<01:26,  1.90it/s][A

 36%|███▌      | 90/253 [00:33<01:09,  2.35it/s][A

 36%|███▌      | 91/253 [00:33<01:12,  2.22it/s][A

 36%|███▋      | 92/253 [00:34<01:06,  2.43it/s][A

 37%|███▋      | 93/253 [00:34<01:16,  2.08it/s][A

 37%|███▋      | 94/253 [00:35<01:15,  2.10it/s][A

 38%|███▊      | 95/253 [00:35<01:13,  2.14it/s][A

 38%|███▊      | 96/253 [00:36<01:15,  2.08it/s][A

 38%|███▊      | 97/253 [00:36<01:04,  2.43it/s][A

 39%|███▊      | 98/253 [00:36<00:54,  2.82it/s][A

 39%|███▉      | 99/253 [00:37<00:51,  3.02it/s][A

 40%|███▉      | 100/253 [00:37<00:55,  2.74it/s][A

 40%|███▉      | 101/253 [00:37<00:55,  2.73it/s][A

 40%|████      | 102/253 [00:38<00:52,  2.90it/s][A

 41%|████      | 103/253 [00:38<00:53,  2.80it/s][A

 41%|████      | 104/253 [00:38<00:52,  2.84it/s][A

 42%|████▏     | 105/253 [00:39<00:45,  3.27it/s][A

 42%|████▏     | 106/253 [00:39<00:45,  3.22it/s][A

 42%|████▏     | 107/253 [00:39<00:43,  3.33it/s][A

 43%|████▎     | 108/253 [00:40<00:46,  3.10it/s][A

 43%|████▎     | 109/253 [00:40<00:39,  3.61it/s][A

 43%|████▎     | 110/253 [00:40<00:37,  3.86it/s][A

 44%|████▍     | 111/253 [00:40<00:38,  3.69it/s][A

 44%|████▍     | 112/253 [00:41<00:45,  3.09it/s][A

 45%|████▍     | 113/253 [00:41<00:42,  3.26it/s][A

 45%|████▌     | 114/253 [00:41<00:38,  3.59it/s][A

 45%|████▌     | 115/253 [00:41<00:35,  3.90it/s][A

 46%|████▌     | 116/253 [00:42<00:39,  3.50it/s][A

 46%|████▌     | 117/253 [00:42<00:37,  3.67it/s][A

 47%|████▋     | 118/253 [00:42<00:37,  3.61it/s][A

 47%|████▋     | 119/253 [00:43<00:45,  2.97it/s][A

 47%|████▋     | 120/253 [00:43<00:42,  3.13it/s][A

 48%|████▊     | 121/253 [00:43<00:36,  3.60it/s][A

 48%|████▊     | 122/253 [00:44<00:38,  3.43it/s][A

 49%|████▊     | 123/253 [00:44<00:33,  3.86it/s][A

 49%|████▉     | 124/253 [00:44<00:30,  4.19it/s][A

 49%|████▉     | 125/253 [00:44<00:33,  3.80it/s][A

 50%|████▉     | 126/253 [00:45<00:37,  3.37it/s][A

 50%|█████     | 127/253 [00:45<00:39,  3.17it/s][A

 51%|█████     | 128/253 [00:45<00:41,  3.03it/s][A

 51%|█████     | 129/253 [00:46<00:43,  2.84it/s][A

 51%|█████▏    | 130/253 [00:46<00:44,  2.73it/s][A

 52%|█████▏    | 131/253 [00:46<00:43,  2.81it/s][A

 52%|█████▏    | 132/253 [00:47<00:54,  2.24it/s][A

 53%|█████▎    | 133/253 [00:48<00:52,  2.27it/s][A

 53%|█████▎    | 134/253 [00:48<00:42,  2.81it/s][A

 53%|█████▎    | 135/253 [00:48<00:39,  2.96it/s][A

 54%|█████▍    | 136/253 [00:48<00:35,  3.28it/s][A

 54%|█████▍    | 137/253 [00:49<00:44,  2.63it/s][A

 55%|█████▍    | 138/253 [00:49<00:39,  2.89it/s][A

 55%|█████▍    | 139/253 [00:50<00:47,  2.38it/s][A

 55%|█████▌    | 140/253 [00:50<00:39,  2.86it/s][A

 56%|█████▌    | 141/253 [00:50<00:33,  3.32it/s][A

 56%|█████▌    | 142/253 [00:50<00:29,  3.77it/s][A

 57%|█████▋    | 143/253 [00:50<00:30,  3.59it/s][A

 57%|█████▋    | 144/253 [00:53<01:31,  1.19it/s][A

 57%|█████▋    | 145/253 [00:53<01:28,  1.22it/s][A

 58%|█████▊    | 146/253 [00:54<01:06,  1.60it/s][A

 58%|█████▊    | 147/253 [00:54<00:57,  1.83it/s][A

 58%|█████▊    | 148/253 [00:54<00:47,  2.23it/s][A

 59%|█████▉    | 149/253 [00:54<00:38,  2.68it/s][A

 59%|█████▉    | 150/253 [00:55<00:36,  2.82it/s][A

 60%|█████▉    | 151/253 [00:55<00:30,  3.40it/s][A

 60%|██████    | 152/253 [00:55<00:25,  4.03it/s][A

 60%|██████    | 153/253 [00:55<00:21,  4.66it/s][A

 61%|██████    | 154/253 [00:55<00:19,  5.18it/s][A

 61%|██████▏   | 155/253 [00:55<00:19,  5.09it/s][A

 62%|██████▏   | 156/253 [00:56<00:21,  4.45it/s][A

 62%|██████▏   | 157/253 [00:56<00:33,  2.90it/s][A

 62%|██████▏   | 158/253 [00:57<00:31,  2.99it/s][A

 63%|██████▎   | 159/253 [00:57<00:26,  3.50it/s][A

 63%|██████▎   | 160/253 [00:57<00:23,  4.00it/s][A

 64%|██████▎   | 161/253 [00:57<00:24,  3.82it/s][A

 64%|██████▍   | 162/253 [00:58<00:30,  2.97it/s][A

 64%|██████▍   | 163/253 [00:59<00:41,  2.19it/s][A

 65%|██████▍   | 164/253 [00:59<00:39,  2.24it/s][A

 65%|██████▌   | 165/253 [00:59<00:38,  2.27it/s][A

 66%|██████▌   | 166/253 [01:01<00:57,  1.50it/s][A

 66%|██████▌   | 167/253 [01:01<00:52,  1.63it/s][A

 66%|██████▋   | 168/253 [01:02<00:53,  1.59it/s][A

 67%|██████▋   | 169/253 [01:03<01:05,  1.29it/s][A

 67%|██████▋   | 170/253 [01:03<00:56,  1.47it/s][A

 68%|██████▊   | 171/253 [01:04<00:46,  1.76it/s][A

 68%|██████▊   | 172/253 [01:04<00:48,  1.67it/s][A

 68%|██████▊   | 173/253 [01:05<00:40,  1.96it/s][A

 69%|██████▉   | 174/253 [01:05<00:41,  1.92it/s][A

 69%|██████▉   | 175/253 [01:05<00:32,  2.37it/s][A

 70%|██████▉   | 176/253 [01:06<00:29,  2.63it/s][A

 70%|██████▉   | 177/253 [01:06<00:30,  2.52it/s][A

 70%|███████   | 178/253 [01:06<00:30,  2.46it/s][A

 71%|███████   | 179/253 [01:07<00:29,  2.50it/s][A

 71%|███████   | 180/253 [01:07<00:30,  2.37it/s][A

 72%|███████▏  | 181/253 [01:08<00:28,  2.56it/s][A

 72%|███████▏  | 182/253 [01:09<00:44,  1.59it/s][A

 72%|███████▏  | 183/253 [01:10<00:44,  1.58it/s][A

 73%|███████▎  | 184/253 [01:10<00:46,  1.49it/s][A

 73%|███████▎  | 185/253 [01:11<00:39,  1.71it/s][A

 74%|███████▎  | 186/253 [01:11<00:37,  1.79it/s][A

 74%|███████▍  | 187/253 [01:12<00:41,  1.58it/s][A

 74%|███████▍  | 188/253 [01:12<00:38,  1.69it/s][A

 75%|███████▍  | 189/253 [01:13<00:31,  2.05it/s][A

 75%|███████▌  | 190/253 [01:13<00:26,  2.35it/s][A

 75%|███████▌  | 191/253 [01:13<00:22,  2.73it/s][A

 76%|███████▌  | 192/253 [01:13<00:19,  3.09it/s][A

 76%|███████▋  | 193/253 [01:14<00:22,  2.63it/s][A

 77%|███████▋  | 194/253 [01:14<00:19,  3.01it/s][A

 77%|███████▋  | 195/253 [01:14<00:16,  3.51it/s][A

 77%|███████▋  | 196/253 [01:15<00:20,  2.74it/s][A

 78%|███████▊  | 197/253 [01:16<00:25,  2.22it/s][A

 78%|███████▊  | 198/253 [01:16<00:23,  2.39it/s][A

 79%|███████▊  | 199/253 [01:16<00:21,  2.51it/s][A

 79%|███████▉  | 200/253 [01:17<00:20,  2.64it/s][A

 79%|███████▉  | 201/253 [01:17<00:19,  2.67it/s][A

 80%|███████▉  | 202/253 [01:17<00:18,  2.81it/s][A

 80%|████████  | 203/253 [01:18<00:17,  2.83it/s][A

 81%|████████  | 204/253 [01:18<00:16,  2.92it/s][A

 81%|████████  | 205/253 [01:18<00:15,  3.06it/s][A

 81%|████████▏ | 206/253 [01:18<00:15,  3.12it/s][A

 82%|████████▏ | 207/253 [01:19<00:12,  3.62it/s][A

 82%|████████▏ | 208/253 [01:19<00:12,  3.56it/s][A

 83%|████████▎ | 209/253 [01:19<00:13,  3.23it/s][A

 83%|████████▎ | 210/253 [01:20<00:15,  2.74it/s][A

 83%|████████▎ | 211/253 [01:20<00:14,  2.98it/s][A

 84%|████████▍ | 212/253 [01:21<00:14,  2.75it/s][A

 84%|████████▍ | 213/253 [01:21<00:14,  2.75it/s][A

 85%|████████▍ | 214/253 [01:21<00:12,  3.06it/s][A

 85%|████████▍ | 215/253 [01:21<00:10,  3.63it/s][A

 85%|████████▌ | 216/253 [01:22<00:11,  3.20it/s][A

 86%|████████▌ | 217/253 [01:22<00:11,  3.10it/s][A

 86%|████████▌ | 218/253 [01:22<00:10,  3.30it/s][A

 87%|████████▋ | 219/253 [01:22<00:08,  3.88it/s][A

 87%|████████▋ | 220/253 [01:23<00:07,  4.14it/s][A

 87%|████████▋ | 221/253 [01:23<00:08,  3.82it/s][A

 88%|████████▊ | 222/253 [01:23<00:07,  4.35it/s][A

 88%|████████▊ | 223/253 [01:23<00:06,  4.69it/s][A

 89%|████████▊ | 224/253 [01:23<00:05,  5.16it/s][A

 89%|████████▉ | 225/253 [01:24<00:05,  5.49it/s][A

 89%|████████▉ | 226/253 [01:24<00:05,  4.77it/s][A

 90%|████████▉ | 227/253 [01:24<00:05,  5.12it/s][A

 90%|█████████ | 228/253 [01:24<00:05,  4.46it/s][A

 91%|█████████ | 229/253 [01:25<00:05,  4.36it/s][A

 91%|█████████ | 230/253 [01:25<00:05,  4.47it/s][A

 91%|█████████▏| 231/253 [01:25<00:06,  3.45it/s][A

 92%|█████████▏| 232/253 [01:26<00:06,  3.10it/s][A

 92%|█████████▏| 233/253 [01:26<00:06,  3.11it/s][A

 92%|█████████▏| 234/253 [01:26<00:06,  2.84it/s][A

 93%|█████████▎| 235/253 [01:27<00:05,  3.37it/s][A

 93%|█████████▎| 236/253 [01:27<00:06,  2.81it/s][A

 94%|█████████▎| 237/253 [01:28<00:06,  2.49it/s][A

 94%|█████████▍| 238/253 [01:28<00:05,  2.84it/s][A

 94%|█████████▍| 239/253 [01:28<00:04,  3.28it/s][A

 95%|█████████▍| 240/253 [01:29<00:06,  1.89it/s][A

 95%|█████████▌| 241/253 [01:29<00:05,  2.00it/s][A

 96%|█████████▌| 242/253 [01:30<00:06,  1.65it/s][A

 96%|█████████▌| 243/253 [01:31<00:05,  1.86it/s][A

 96%|█████████▋| 244/253 [01:32<00:05,  1.51it/s][A

 97%|█████████▋| 245/253 [01:32<00:04,  1.68it/s][A

 97%|█████████▋| 246/253 [01:32<00:03,  1.92it/s][A

 98%|█████████▊| 247/253 [01:33<00:03,  1.91it/s][A

 98%|█████████▊| 248/253 [01:33<00:02,  2.32it/s][A

 98%|█████████▊| 249/253 [01:34<00:01,  2.47it/s][A

 99%|█████████▉| 250/253 [01:34<00:01,  2.87it/s][A

 99%|█████████▉| 251/253 [01:34<00:00,  3.49it/s][A

100%|█████████▉| 252/253 [01:34<00:00,  3.49it/s][A

100%|██████████| 253/253 [01:34<00:00,  3.49it/s][A
                                                    

                                                 
[A{'eval_loss': '1.418', 'eval_runtime': '95.2', 'eval_samples_per_second': '5.315', 'eval_steps_per_second': '2.658', 'eval_entropy': '1.358', 'eval_num_tokens': '1.454e+06', 'eval_mean_token_accuracy': '0.6316', 'epoch': '1.273'}

 64%|██████▎   | 700/1100 [1:07:02<33:19,  5.00s/it]

100%|██████████| 253/253 [01:34<00:00,  3.49it/s][A

                                                 [A
 64%|██████▎   | 701/1100 [1:07:07<3:43:39, 33.63s/it]
 64%|██████▍   | 702/1100 [1:07:11<2:45:12, 24.91s/it]
 64%|██████▍   | 703/1100 [1:07:18<2:08:15, 19.39s/it]
 64%|██████▍   | 704/1100 [1:07:22<1:37:41, 14.80s/it]
 64%|██████▍   | 705/1100 [1:07:30<1:25:00, 12.91s/it]
 64%|██████▍   | 706/1100 [1:07:36<1:11:18, 10.86s/it]
 64%|██████▍   | 707/1100 [1:07:40<56:49,  8.68s/it]  
 64%|██████▍   | 708/1100 [1:07:45<50:11,  7.68s/it]
 64%|██████▍   | 709/1100 [1:07:50<43:17,  6.64s/it]
 65%|██████▍   | 710/1100 [1:07:54<38:02,  5.85s/it]
                                                    
{'loss': '1.343', 'grad_norm': '1.838', 'learning_rate': '6.759e-05', 'entropy': '1.348', 'num_tokens': '1.475e+06', 'mean_token_accuracy': '0.6508', 'epoch': '1.291'}

 65%|██████▍   | 710/1100 [1:07:54<38:02,  5.85s/it]
 65%|██████▍   | 711/1100 [1:07:59<36:14,  5.59s/it]
 65%|██████▍   | 712/1100 [1:08:01<30:38,  4.74s/it]
 65%|██████▍   | 713/1100 [1:08:07<33:09,  5.14s/it]
 65%|██████▍   | 714/1100 [1:08:12<32:10,  5.00s/it]
 65%|██████▌   | 715/1100 [1:08:17<32:20,  5.04s/it]
 65%|██████▌   | 716/1100 [1:08:20<27:46,  4.34s/it]
 65%|██████▌   | 717/1100 [1:08:27<33:11,  5.20s/it]
 65%|██████▌   | 718/1100 [1:08:34<35:26,  5.57s/it]
 65%|██████▌   | 719/1100 [1:08:39<34:50,  5.49s/it]
 65%|██████▌   | 720/1100 [1:08:44<33:54,  5.35s/it]
                                                    
{'loss': '1.4', 'grad_norm': '1.44', 'learning_rate': '6.461e-05', 'entropy': '1.373', 'num_tokens': '1.497e+06', 'mean_token_accuracy': '0.6409', 'epoch': '1.309'}

 65%|██████▌   | 720/1100 [1:08:44<33:54,  5.35s/it]
 66%|██████▌   | 721/1100 [1:08:49<33:45,  5.34s/it]
 66%|██████▌   | 722/1100 [1:08:53<31:25,  4.99s/it]
 66%|██████▌   | 723/1100 [1:09:02<37:49,  6.02s/it]
 66%|██████▌   | 724/1100 [1:09:08<37:36,  6.00s/it]
 66%|██████▌   | 725/1100 [1:09:13<36:49,  5.89s/it]
 66%|██████▌   | 726/1100 [1:09:20<37:15,  5.98s/it]
 66%|██████▌   | 727/1100 [1:09:26<37:14,  5.99s/it]
 66%|██████▌   | 728/1100 [1:09:32<38:07,  6.15s/it]
 66%|██████▋   | 729/1100 [1:09:35<31:19,  5.07s/it]
 66%|██████▋   | 730/1100 [1:09:40<31:43,  5.14s/it]
                                                    
{'loss': '1.423', 'grad_norm': '1.612', 'learning_rate': '6.166e-05', 'entropy': '1.363', 'num_tokens': '1.518e+06', 'mean_token_accuracy': '0.6395', 'epoch': '1.327'}

 66%|██████▋   | 730/1100 [1:09:40<31:43,  5.14s/it]
 66%|██████▋   | 731/1100 [1:09:47<34:05,  5.54s/it]
 67%|██████▋   | 732/1100 [1:09:49<29:11,  4.76s/it]
 67%|██████▋   | 733/1100 [1:09:55<30:45,  5.03s/it]
 67%|██████▋   | 734/1100 [1:09:59<28:51,  4.73s/it]
 67%|██████▋   | 735/1100 [1:10:05<31:11,  5.13s/it]
 67%|██████▋   | 736/1100 [1:10:11<32:23,  5.34s/it]
 67%|██████▋   | 737/1100 [1:10:15<30:13,  5.00s/it]
 67%|██████▋   | 738/1100 [1:10:17<24:57,  4.14s/it]
 67%|██████▋   | 739/1100 [1:10:23<28:22,  4.72s/it]
 67%|██████▋   | 740/1100 [1:10:30<31:35,  5.26s/it]
                                                    
{'loss': '1.353', 'grad_norm': '1.358', 'learning_rate': '5.875e-05', 'entropy': '1.391', 'num_tokens': '1.539e+06', 'mean_token_accuracy': '0.6443', 'epoch': '1.346'}

 67%|██████▋   | 740/1100 [1:10:30<31:35,  5.26s/it]
 67%|██████▋   | 741/1100 [1:10:34<30:11,  5.05s/it]
 67%|██████▋   | 742/1100 [1:10:43<36:06,  6.05s/it]
 68%|██████▊   | 743/1100 [1:10:47<33:09,  5.57s/it]
 68%|██████▊   | 744/1100 [1:10:52<31:36,  5.33s/it]
 68%|██████▊   | 745/1100 [1:10:57<29:56,  5.06s/it]
 68%|██████▊   | 746/1100 [1:11:02<29:53,  5.07s/it]
 68%|██████▊   | 747/1100 [1:11:09<34:19,  5.83s/it]
 68%|██████▊   | 748/1100 [1:11:16<36:26,  6.21s/it]
 68%|██████▊   | 749/1100 [1:11:24<38:21,  6.56s/it]
 68%|██████▊   | 750/1100 [1:11:29<35:19,  6.06s/it]
                                                    
{'loss': '1.308', 'grad_norm': '1.439', 'learning_rate': '5.588e-05', 'entropy': '1.307', 'num_tokens': '1.56e+06', 'mean_token_accuracy': '0.6539', 'epoch': '1.364'}

 68%|██████▊   | 750/1100 [1:11:29<35:19,  6.06s/it]
 68%|██████▊   | 751/1100 [1:11:37<39:46,  6.84s/it]
 68%|██████▊   | 752/1100 [1:11:44<39:59,  6.89s/it]
 68%|██████▊   | 753/1100 [1:11:49<36:26,  6.30s/it]
 69%|██████▊   | 754/1100 [1:11:58<39:58,  6.93s/it]
 69%|██████▊   | 755/1100 [1:12:03<36:57,  6.43s/it]
 69%|██████▊   | 756/1100 [1:12:06<31:57,  5.57s/it]
 69%|██████▉   | 757/1100 [1:12:12<32:28,  5.68s/it]
 69%|██████▉   | 758/1100 [1:12:16<29:05,  5.10s/it]
 69%|██████▉   | 759/1100 [1:12:22<30:24,  5.35s/it]
 69%|██████▉   | 760/1100 [1:12:26<27:17,  4.82s/it]
                                                    
{'loss': '1.332', 'grad_norm': '1.465', 'learning_rate': '5.305e-05', 'entropy': '1.331', 'num_tokens': '1.581e+06', 'mean_token_accuracy': '0.6522', 'epoch': '1.382'}

 69%|██████▉   | 760/1100 [1:12:26<27:17,  4.82s/it]
 69%|██████▉   | 761/1100 [1:12:30<26:50,  4.75s/it]
 69%|██████▉   | 762/1100 [1:12:35<26:48,  4.76s/it]
 69%|██████▉   | 763/1100 [1:12:40<26:57,  4.80s/it]
 69%|██████▉   | 764/1100 [1:12:47<30:18,  5.41s/it]
 70%|██████▉   | 765/1100 [1:12:55<34:23,  6.16s/it]
 70%|██████▉   | 766/1100 [1:13:07<44:22,  7.97s/it]
 70%|██████▉   | 767/1100 [1:13:13<40:35,  7.31s/it]
 70%|██████▉   | 768/1100 [1:13:18<38:02,  6.87s/it]
 70%|██████▉   | 769/1100 [1:13:24<36:04,  6.54s/it]
 70%|███████   | 770/1100 [1:13:29<33:02,  6.01s/it]
                                                    
{'loss': '1.373', 'grad_norm': '1.845', 'learning_rate': '5.028e-05', 'entropy': '1.347', 'num_tokens': '1.601e+06', 'mean_token_accuracy': '0.6498', 'epoch': '1.4'}

 70%|███████   | 770/1100 [1:13:29<33:02,  6.01s/it]
 70%|███████   | 771/1100 [1:13:35<32:22,  5.90s/it]
 70%|███████   | 772/1100 [1:13:39<28:58,  5.30s/it]
 70%|███████   | 773/1100 [1:13:41<24:32,  4.50s/it]
 70%|███████   | 774/1100 [1:13:48<27:57,  5.15s/it]
 70%|███████   | 775/1100 [1:13:52<26:11,  4.84s/it]
 71%|███████   | 776/1100 [1:13:57<26:19,  4.87s/it]
 71%|███████   | 777/1100 [1:14:04<30:37,  5.69s/it]
 71%|███████   | 778/1100 [1:14:09<28:08,  5.24s/it]
 71%|███████   | 779/1100 [1:14:17<32:29,  6.07s/it]
 71%|███████   | 780/1100 [1:14:22<30:57,  5.80s/it]
                                                    
{'loss': '1.382', 'grad_norm': '1.68', 'learning_rate': '4.755e-05', 'entropy': '1.392', 'num_tokens': '1.622e+06', 'mean_token_accuracy': '0.6458', 'epoch': '1.418'}

 71%|███████   | 780/1100 [1:14:22<30:57,  5.80s/it]
 71%|███████   | 781/1100 [1:14:29<33:05,  6.22s/it]
 71%|███████   | 782/1100 [1:14:35<32:49,  6.19s/it]
 71%|███████   | 783/1100 [1:14:42<33:00,  6.25s/it]
 71%|███████▏  | 784/1100 [1:14:45<28:42,  5.45s/it]
 71%|███████▏  | 785/1100 [1:14:50<27:09,  5.17s/it]
 71%|███████▏  | 786/1100 [1:14:57<30:27,  5.82s/it]
 72%|███████▏  | 787/1100 [1:15:03<30:53,  5.92s/it]
 72%|███████▏  | 788/1100 [1:15:09<31:15,  6.01s/it]
 72%|███████▏  | 789/1100 [1:15:15<30:24,  5.87s/it]
 72%|███████▏  | 790/1100 [1:15:20<29:39,  5.74s/it]
                                                    
{'loss': '1.319', 'grad_norm': '1.821', 'learning_rate': '4.487e-05', 'entropy': '1.328', 'num_tokens': '1.643e+06', 'mean_token_accuracy': '0.6568', 'epoch': '1.437'}

 72%|███████▏  | 790/1100 [1:15:20<29:39,  5.74s/it]
 72%|███████▏  | 791/1100 [1:15:28<32:17,  6.27s/it]
 72%|███████▏  | 792/1100 [1:15:32<29:30,  5.75s/it]
 72%|███████▏  | 793/1100 [1:15:39<30:26,  5.95s/it]
 72%|███████▏  | 794/1100 [1:15:44<28:53,  5.67s/it]
 72%|███████▏  | 795/1100 [1:15:49<28:33,  5.62s/it]
 72%|███████▏  | 796/1100 [1:15:52<23:28,  4.63s/it]
 72%|███████▏  | 797/1100 [1:15:56<23:30,  4.65s/it]
 73%|███████▎  | 798/1100 [1:16:04<28:39,  5.69s/it]
 73%|███████▎  | 799/1100 [1:16:07<24:15,  4.84s/it]
 73%|███████▎  | 800/1100 [1:16:12<23:54,  4.78s/it]
                                                    
{'loss': '1.332', 'grad_norm': '1.528', 'learning_rate': '4.225e-05', 'entropy': '1.33', 'num_tokens': '1.664e+06', 'mean_token_accuracy': '0.6553', 'epoch': '1.455'}

 73%|███████▎  | 800/1100 [1:16:12<23:54,  4.78s/it]

  0%|          | 0/253 [00:00<?, ?it/s][A

  1%|          | 2/253 [00:00<00:19, 12.96it/s][A

  2%|▏         | 4/253 [00:00<00:32,  7.67it/s][A

  2%|▏         | 5/253 [00:00<00:34,  7.10it/s][A

  2%|▏         | 6/253 [00:00<00:36,  6.83it/s][A

  3%|▎         | 7/253 [00:01<00:41,  5.90it/s][A

  3%|▎         | 8/253 [00:01<00:42,  5.75it/s][A

  4%|▎         | 9/253 [00:01<00:43,  5.56it/s][A

  4%|▍         | 10/253 [00:01<00:44,  5.49it/s][A

  4%|▍         | 11/253 [00:01<00:43,  5.51it/s][A

  5%|▍         | 12/253 [00:02<00:52,  4.61it/s][A

  5%|▌         | 13/253 [00:02<01:07,  3.56it/s][A

  6%|▌         | 14/253 [00:02<01:04,  3.68it/s][A

  6%|▌         | 15/253 [00:03<01:17,  3.06it/s][A

  6%|▋         | 16/253 [00:03<01:41,  2.34it/s][A

  7%|▋         | 17/253 [00:04<01:33,  2.53it/s][A

  7%|▋         | 18/253 [00:05<02:21,  1.66it/s][A

  8%|▊         | 19/253 [00:05<01:54,  2.04it/s][A

  8%|▊         | 20/253 [00:05<01:31,  2.54it/s][A

  8%|▊         | 21/253 [00:06<01:27,  2.66it/s][A

  9%|▊         | 22/253 [00:06<01:34,  2.43it/s][A

  9%|▉         | 23/253 [00:07<01:45,  2.18it/s][A

  9%|▉         | 24/253 [00:07<01:39,  2.31it/s][A

 10%|▉         | 25/253 [00:07<01:31,  2.48it/s][A

 10%|█         | 26/253 [00:08<01:36,  2.34it/s][A

 11%|█         | 27/253 [00:08<01:39,  2.26it/s][A

 11%|█         | 28/253 [00:09<01:33,  2.40it/s][A

 11%|█▏        | 29/253 [00:09<01:30,  2.47it/s][A

 12%|█▏        | 30/253 [00:09<01:23,  2.66it/s][A

 12%|█▏        | 31/253 [00:10<01:52,  1.98it/s][A

 13%|█▎        | 32/253 [00:11<01:44,  2.11it/s][A

 13%|█▎        | 33/253 [00:12<02:29,  1.48it/s][A

 13%|█▎        | 34/253 [00:12<02:08,  1.71it/s][A

 14%|█▍        | 35/253 [00:12<01:44,  2.09it/s][A

 14%|█▍        | 36/253 [00:13<01:30,  2.41it/s][A

 15%|█▍        | 37/253 [00:13<01:34,  2.29it/s][A

 15%|█▌        | 38/253 [00:13<01:28,  2.44it/s][A

 15%|█▌        | 39/253 [00:14<01:24,  2.52it/s][A

 16%|█▌        | 40/253 [00:14<01:16,  2.78it/s][A

 16%|█▌        | 41/253 [00:15<01:40,  2.10it/s][A

 17%|█▋        | 42/253 [00:15<01:25,  2.48it/s][A

 17%|█▋        | 43/253 [00:15<01:14,  2.83it/s][A

 17%|█▋        | 44/253 [00:15<01:09,  3.00it/s][A

 18%|█▊        | 45/253 [00:16<01:16,  2.72it/s][A

 18%|█▊        | 46/253 [00:16<01:16,  2.70it/s][A

 19%|█▊        | 47/253 [00:17<01:23,  2.48it/s][A

 19%|█▉        | 48/253 [00:17<01:09,  2.95it/s][A

 19%|█▉        | 49/253 [00:18<01:25,  2.38it/s][A

 20%|█▉        | 50/253 [00:18<01:20,  2.53it/s][A

 20%|██        | 51/253 [00:18<01:07,  2.98it/s][A

 21%|██        | 52/253 [00:18<01:00,  3.30it/s][A

 21%|██        | 53/253 [00:19<01:00,  3.32it/s][A

 21%|██▏       | 54/253 [00:19<00:56,  3.50it/s][A

 22%|██▏       | 55/253 [00:19<00:49,  4.04it/s][A

 22%|██▏       | 56/253 [00:19<00:49,  4.00it/s][A

 23%|██▎       | 57/253 [00:20<00:53,  3.63it/s][A

 23%|██▎       | 58/253 [00:20<01:06,  2.94it/s][A

 23%|██▎       | 59/253 [00:21<01:07,  2.86it/s][A

 24%|██▎       | 60/253 [00:21<01:02,  3.09it/s][A

 24%|██▍       | 61/253 [00:21<01:03,  3.00it/s][A

 25%|██▍       | 62/253 [00:22<01:09,  2.75it/s][A

 25%|██▍       | 63/253 [00:22<01:33,  2.04it/s][A

 25%|██▌       | 64/253 [00:23<01:19,  2.39it/s][A

 26%|██▌       | 65/253 [00:23<01:17,  2.42it/s][A

 26%|██▌       | 66/253 [00:23<01:04,  2.88it/s][A

 26%|██▋       | 67/253 [00:23<00:54,  3.41it/s][A

 27%|██▋       | 68/253 [00:24<00:57,  3.21it/s][A

 27%|██▋       | 69/253 [00:24<01:00,  3.03it/s][A

 28%|██▊       | 70/253 [00:25<01:37,  1.87it/s][A

 28%|██▊       | 71/253 [00:25<01:17,  2.36it/s][A

 28%|██▊       | 72/253 [00:26<01:15,  2.41it/s][A

 29%|██▉       | 73/253 [00:26<01:10,  2.54it/s][A

 29%|██▉       | 74/253 [00:26<00:58,  3.06it/s][A

 30%|██▉       | 75/253 [00:26<00:49,  3.57it/s][A

 30%|███       | 76/253 [00:27<00:51,  3.43it/s][A

 30%|███       | 77/253 [00:27<00:50,  3.50it/s][A

 31%|███       | 78/253 [00:27<00:53,  3.28it/s][A

 31%|███       | 79/253 [00:28<00:56,  3.05it/s][A

 32%|███▏      | 80/253 [00:28<01:06,  2.60it/s][A

 32%|███▏      | 81/253 [00:29<01:03,  2.72it/s][A

 32%|███▏      | 82/253 [00:29<01:19,  2.16it/s][A

 33%|███▎      | 83/253 [00:29<01:04,  2.63it/s][A

 33%|███▎      | 84/253 [00:30<01:01,  2.77it/s][A

 34%|███▎      | 85/253 [00:30<00:56,  2.98it/s][A

 34%|███▍      | 86/253 [00:31<01:09,  2.42it/s][A

 34%|███▍      | 87/253 [00:31<01:01,  2.71it/s][A

 35%|███▍      | 88/253 [00:31<00:54,  3.05it/s][A

 35%|███▌      | 89/253 [00:31<00:54,  3.02it/s][A

 36%|███▌      | 90/253 [00:32<00:56,  2.90it/s][A

 36%|███▌      | 91/253 [00:32<00:56,  2.85it/s][A

 36%|███▋      | 92/253 [00:33<01:40,  1.60it/s][A

 37%|███▋      | 93/253 [00:34<01:23,  1.93it/s][A

 37%|███▋      | 94/253 [00:34<01:15,  2.11it/s][A

 38%|███▊      | 95/253 [00:34<01:03,  2.49it/s][A

 38%|███▊      | 96/253 [00:35<01:02,  2.53it/s][A

 38%|███▊      | 97/253 [00:35<00:54,  2.86it/s][A

 39%|███▊      | 98/253 [00:35<00:56,  2.75it/s][A

 39%|███▉      | 99/253 [00:36<00:53,  2.88it/s][A

 40%|███▉      | 100/253 [00:36<00:49,  3.08it/s][A

 40%|███▉      | 101/253 [00:36<00:51,  2.96it/s][A

 40%|████      | 102/253 [00:36<00:43,  3.49it/s][A

 41%|████      | 103/253 [00:37<00:44,  3.36it/s][A

 41%|████      | 104/253 [00:37<00:38,  3.88it/s][A

 42%|████▏     | 105/253 [00:37<00:35,  4.20it/s][A

 42%|████▏     | 106/253 [00:37<00:40,  3.59it/s][A

 42%|████▏     | 107/253 [00:38<00:35,  4.09it/s][A

 43%|████▎     | 108/253 [00:38<00:31,  4.54it/s][A

 43%|████▎     | 109/253 [00:38<00:47,  3.04it/s][A

 43%|████▎     | 110/253 [00:39<00:50,  2.85it/s][A

 44%|████▍     | 111/253 [00:39<00:42,  3.34it/s][A

 44%|████▍     | 112/253 [00:39<00:38,  3.63it/s][A

 45%|████▍     | 113/253 [00:40<00:42,  3.30it/s][A

 45%|████▌     | 114/253 [00:40<00:50,  2.77it/s][A

 45%|████▌     | 115/253 [00:40<00:52,  2.65it/s][A

 46%|████▌     | 116/253 [00:41<00:49,  2.79it/s][A

 46%|████▌     | 117/253 [00:41<00:53,  2.55it/s][A

 47%|████▋     | 118/253 [00:42<01:02,  2.16it/s][A

 47%|████▋     | 119/253 [00:42<00:59,  2.25it/s][A

 47%|████▋     | 120/253 [00:43<00:59,  2.23it/s][A

 48%|████▊     | 121/253 [00:43<00:57,  2.30it/s][A

 48%|████▊     | 122/253 [00:43<00:50,  2.59it/s][A

 49%|████▊     | 123/253 [00:44<00:42,  3.06it/s][A

 49%|████▉     | 124/253 [00:44<00:47,  2.74it/s][A

 49%|████▉     | 125/253 [00:45<00:58,  2.18it/s][A

 50%|████▉     | 126/253 [00:45<00:49,  2.57it/s][A

 50%|█████     | 127/253 [00:45<00:42,  2.97it/s][A

 51%|█████     | 128/253 [00:46<00:54,  2.28it/s][A

 51%|█████     | 129/253 [00:46<00:47,  2.60it/s][A

 51%|█████▏    | 130/253 [00:46<00:45,  2.69it/s][A

 52%|█████▏    | 131/253 [00:47<00:45,  2.69it/s][A

 52%|█████▏    | 132/253 [00:47<00:52,  2.29it/s][A

 53%|█████▎    | 133/253 [00:48<00:49,  2.40it/s][A

 53%|█████▎    | 134/253 [00:48<00:49,  2.41it/s][A

 53%|█████▎    | 135/253 [00:48<00:40,  2.88it/s][A

 54%|█████▍    | 136/253 [00:49<00:46,  2.51it/s][A

 54%|█████▍    | 137/253 [00:49<00:39,  2.92it/s][A

 55%|█████▍    | 138/253 [00:50<00:40,  2.82it/s][A

 55%|█████▍    | 139/253 [00:50<00:38,  3.00it/s][A

 55%|█████▌    | 140/253 [00:50<00:37,  2.99it/s][A

 56%|█████▌    | 141/253 [00:51<00:40,  2.76it/s][A

 56%|█████▌    | 142/253 [00:51<00:51,  2.16it/s][A

 57%|█████▋    | 143/253 [00:52<00:48,  2.28it/s][A

 57%|█████▋    | 144/253 [00:52<00:45,  2.39it/s][A

 57%|█████▋    | 145/253 [00:52<00:41,  2.63it/s][A

 58%|█████▊    | 146/253 [00:53<00:44,  2.39it/s][A

 58%|█████▊    | 147/253 [00:53<00:40,  2.61it/s][A

 58%|█████▊    | 148/253 [00:53<00:38,  2.74it/s][A

 59%|█████▉    | 149/253 [00:54<00:38,  2.68it/s][A

 59%|█████▉    | 150/253 [00:54<00:33,  3.11it/s][A

 60%|█████▉    | 151/253 [00:54<00:34,  2.95it/s][A

 60%|██████    | 152/253 [00:55<00:33,  2.99it/s][A

 60%|██████    | 153/253 [00:55<00:40,  2.45it/s][A

 61%|██████    | 154/253 [00:56<00:44,  2.22it/s][A

 61%|██████▏   | 155/253 [00:56<00:43,  2.26it/s][A

 62%|██████▏   | 156/253 [00:57<00:37,  2.57it/s][A

 62%|██████▏   | 157/253 [00:58<00:56,  1.69it/s][A

 62%|██████▏   | 158/253 [00:59<01:24,  1.13it/s][A

 63%|██████▎   | 159/253 [01:00<01:13,  1.28it/s][A

 63%|██████▎   | 160/253 [01:00<00:56,  1.65it/s][A

 64%|██████▎   | 161/253 [01:01<00:58,  1.56it/s][A

 64%|██████▍   | 162/253 [01:01<00:48,  1.89it/s][A

 64%|██████▍   | 163/253 [01:01<00:40,  2.20it/s][A

 65%|██████▍   | 164/253 [01:02<00:55,  1.61it/s][A

 65%|██████▌   | 165/253 [01:02<00:43,  2.03it/s][A

 66%|██████▌   | 166/253 [01:03<00:37,  2.30it/s][A

 66%|██████▌   | 167/253 [01:03<00:34,  2.50it/s][A

 66%|██████▋   | 168/253 [01:03<00:29,  2.84it/s][A

 67%|██████▋   | 169/253 [01:04<00:30,  2.73it/s][A

 67%|██████▋   | 170/253 [01:04<00:25,  3.23it/s][A

 68%|██████▊   | 171/253 [01:04<00:23,  3.52it/s][A

 68%|██████▊   | 172/253 [01:04<00:21,  3.73it/s][A

 68%|██████▊   | 173/253 [01:04<00:18,  4.22it/s][A

 69%|██████▉   | 174/253 [01:05<00:20,  3.89it/s][A

 69%|██████▉   | 175/253 [01:05<00:17,  4.47it/s][A

 70%|██████▉   | 176/253 [01:05<00:15,  4.93it/s][A

 70%|██████▉   | 177/253 [01:06<00:21,  3.48it/s][A

 70%|███████   | 178/253 [01:06<00:21,  3.48it/s][A

 71%|███████   | 179/253 [01:06<00:22,  3.23it/s][A

 71%|███████   | 180/253 [01:07<00:27,  2.68it/s][A

 72%|███████▏  | 181/253 [01:08<00:38,  1.85it/s][A

 72%|███████▏  | 182/253 [01:08<00:34,  2.05it/s][A

 72%|███████▏  | 183/253 [01:08<00:33,  2.09it/s][A

 73%|███████▎  | 184/253 [01:09<00:33,  2.07it/s][A

 73%|███████▎  | 185/253 [01:09<00:30,  2.24it/s][A

 74%|███████▎  | 186/253 [01:10<00:27,  2.43it/s][A

 74%|███████▍  | 187/253 [01:10<00:26,  2.52it/s][A

 74%|███████▍  | 188/253 [01:10<00:22,  2.88it/s][A

 75%|███████▍  | 189/253 [01:10<00:20,  3.19it/s][A

 75%|███████▌  | 190/253 [01:11<00:16,  3.85it/s][A

 75%|███████▌  | 191/253 [01:11<00:14,  4.33it/s][A

 76%|███████▌  | 192/253 [01:11<00:12,  4.94it/s][A

 76%|███████▋  | 193/253 [01:11<00:10,  5.48it/s][A

 77%|███████▋  | 194/253 [01:11<00:10,  5.77it/s][A

 77%|███████▋  | 195/253 [01:11<00:09,  6.16it/s][A

 77%|███████▋  | 196/253 [01:11<00:09,  6.10it/s][A

 78%|███████▊  | 197/253 [01:12<00:08,  6.40it/s][A

 78%|███████▊  | 198/253 [01:12<00:08,  6.41it/s][A

 79%|███████▊  | 199/253 [01:12<00:08,  6.32it/s][A

 79%|███████▉  | 200/253 [01:12<00:08,  6.38it/s][A

 79%|███████▉  | 201/253 [01:12<00:08,  6.29it/s][A

 80%|███████▉  | 202/253 [01:12<00:08,  6.18it/s][A

 80%|████████  | 203/253 [01:13<00:08,  5.85it/s][A

 81%|████████  | 204/253 [01:13<00:08,  5.77it/s][A

 81%|████████  | 205/253 [01:13<00:08,  5.79it/s][A

 81%|████████▏ | 206/253 [01:13<00:08,  5.58it/s][A

 82%|████████▏ | 207/253 [01:13<00:08,  5.73it/s][A

 82%|████████▏ | 208/253 [01:13<00:07,  5.94it/s][A

 83%|████████▎ | 209/253 [01:14<00:07,  5.83it/s][A

 83%|████████▎ | 210/253 [01:14<00:10,  4.16it/s][A

 83%|████████▎ | 211/253 [01:14<00:09,  4.33it/s][A

 84%|████████▍ | 212/253 [01:15<00:11,  3.66it/s][A

 84%|████████▍ | 213/253 [01:16<00:22,  1.75it/s][A

 85%|████████▍ | 214/253 [01:17<00:27,  1.40it/s][A

 85%|████████▍ | 215/253 [01:17<00:21,  1.74it/s][A

 85%|████████▌ | 216/253 [01:17<00:17,  2.15it/s][A

 86%|████████▌ | 217/253 [01:18<00:15,  2.35it/s][A

 86%|████████▌ | 218/253 [01:18<00:13,  2.59it/s][A

 87%|████████▋ | 219/253 [01:18<00:13,  2.59it/s][A

 87%|████████▋ | 220/253 [01:19<00:11,  2.87it/s][A

 87%|████████▋ | 221/253 [01:19<00:09,  3.43it/s][A

 88%|████████▊ | 222/253 [01:19<00:11,  2.78it/s][A

 88%|████████▊ | 223/253 [01:20<00:10,  2.93it/s][A

 89%|████████▊ | 224/253 [01:20<00:09,  3.10it/s][A

 89%|████████▉ | 225/253 [01:20<00:09,  3.06it/s][A

 89%|████████▉ | 226/253 [01:21<00:08,  3.19it/s][A

 90%|████████▉ | 227/253 [01:21<00:07,  3.55it/s][A

 90%|█████████ | 228/253 [01:21<00:06,  3.69it/s][A

 91%|█████████ | 229/253 [01:22<00:09,  2.48it/s][A

 91%|█████████ | 230/253 [01:22<00:08,  2.74it/s][A

 91%|█████████▏| 231/253 [01:22<00:06,  3.23it/s][A

 92%|█████████▏| 232/253 [01:23<00:07,  3.00it/s][A

 92%|█████████▏| 233/253 [01:24<00:12,  1.62it/s][A

 92%|█████████▏| 234/253 [01:24<00:11,  1.71it/s][A

 93%|█████████▎| 235/253 [01:25<00:08,  2.09it/s][A

 93%|█████████▎| 236/253 [01:25<00:07,  2.22it/s][A

 94%|█████████▎| 237/253 [01:25<00:06,  2.34it/s][A

 94%|█████████▍| 238/253 [01:26<00:05,  2.61it/s][A

 94%|█████████▍| 239/253 [01:26<00:05,  2.78it/s][A

 95%|█████████▍| 240/253 [01:26<00:04,  2.82it/s][A

 95%|█████████▌| 241/253 [01:27<00:03,  3.21it/s][A

 96%|█████████▌| 242/253 [01:27<00:02,  3.87it/s][A

 96%|█████████▌| 243/253 [01:27<00:02,  3.89it/s][A

 96%|█████████▋| 244/253 [01:27<00:02,  3.83it/s][A

 97%|█████████▋| 245/253 [01:27<00:01,  4.17it/s][A

 97%|█████████▋| 246/253 [01:28<00:01,  4.46it/s][A

 98%|█████████▊| 247/253 [01:28<00:01,  4.19it/s][A

 98%|█████████▊| 248/253 [01:28<00:01,  4.73it/s][A

 98%|█████████▊| 249/253 [01:28<00:01,  3.62it/s][A

 99%|█████████▉| 250/253 [01:29<00:00,  3.41it/s][A

 99%|█████████▉| 251/253 [01:29<00:00,  3.52it/s][A

100%|█████████▉| 252/253 [01:29<00:00,  3.98it/s][A

100%|██████████| 253/253 [01:29<00:00,  4.22it/s][A
                                                    

                                                 
[A{'eval_loss': '1.404', 'eval_runtime': '90.12', 'eval_samples_per_second': '5.615', 'eval_steps_per_second': '2.807', 'eval_entropy': '1.327', 'eval_num_tokens': '1.664e+06', 'eval_mean_token_accuracy': '0.6337', 'epoch': '1.455'}

 73%|███████▎  | 800/1100 [1:17:42<23:54,  4.78s/it]

100%|██████████| 253/253 [01:29<00:00,  4.22it/s][A

                                                 [A
 73%|███████▎  | 801/1100 [1:17:48<2:39:40, 32.04s/it]
 73%|███████▎  | 802/1100 [1:17:54<2:00:10, 24.20s/it]
 73%|███████▎  | 803/1100 [1:17:57<1:28:42, 17.92s/it]
 73%|███████▎  | 804/1100 [1:17:59<1:05:40, 13.31s/it]
 73%|███████▎  | 805/1100 [1:18:07<56:59, 11.59s/it]  
 73%|███████▎  | 806/1100 [1:18:13<48:19,  9.86s/it]
 73%|███████▎  | 807/1100 [1:18:18<41:19,  8.46s/it]
 73%|███████▎  | 808/1100 [1:18:22<34:10,  7.02s/it]
 74%|███████▎  | 809/1100 [1:18:27<31:43,  6.54s/it]
 74%|███████▎  | 810/1100 [1:18:31<27:37,  5.71s/it]
                                                    
{'loss': '1.294', 'grad_norm': '1.72', 'learning_rate': '3.969e-05', 'entropy': '1.332', 'num_tokens': '1.685e+06', 'mean_token_accuracy': '0.6588', 'epoch': '1.473'}

 74%|███████▎  | 810/1100 [1:18:31<27:37,  5.71s/it]
 74%|███████▎  | 811/1100 [1:18:40<32:28,  6.74s/it]
 74%|███████▍  | 812/1100 [1:18:42<25:47,  5.37s/it]
 74%|███████▍  | 813/1100 [1:18:48<26:43,  5.59s/it]
 74%|███████▍  | 814/1100 [1:18:53<25:55,  5.44s/it]
 74%|███████▍  | 815/1100 [1:18:57<23:57,  5.04s/it]
 74%|███████▍  | 816/1100 [1:19:03<24:03,  5.08s/it]
 74%|███████▍  | 817/1100 [1:19:10<26:45,  5.67s/it]
 74%|███████▍  | 818/1100 [1:19:15<25:29,  5.42s/it]
 74%|███████▍  | 819/1100 [1:19:18<22:46,  4.86s/it]
 75%|███████▍  | 820/1100 [1:19:23<22:30,  4.82s/it]
                                                    
{'loss': '1.256', 'grad_norm': '1.716', 'learning_rate': '3.719e-05', 'entropy': '1.218', 'num_tokens': '1.706e+06', 'mean_token_accuracy': '0.6616', 'epoch': '1.491'}

 75%|███████▍  | 820/1100 [1:19:23<22:30,  4.82s/it]
 75%|███████▍  | 821/1100 [1:19:30<26:06,  5.61s/it]
 75%|███████▍  | 822/1100 [1:19:34<23:01,  4.97s/it]
 75%|███████▍  | 823/1100 [1:19:40<24:32,  5.32s/it]
 75%|███████▍  | 824/1100 [1:19:43<21:35,  4.69s/it]
 75%|███████▌  | 825/1100 [1:19:49<22:56,  5.00s/it]
 75%|███████▌  | 826/1100 [1:19:53<21:45,  4.76s/it]
 75%|███████▌  | 827/1100 [1:20:00<25:12,  5.54s/it]
 75%|███████▌  | 828/1100 [1:20:06<24:41,  5.45s/it]
 75%|███████▌  | 829/1100 [1:20:12<25:51,  5.73s/it]
 75%|███████▌  | 830/1100 [1:20:17<25:20,  5.63s/it]
                                                    
{'loss': '1.364', 'grad_norm': '1.545', 'learning_rate': '3.475e-05', 'entropy': '1.312', 'num_tokens': '1.726e+06', 'mean_token_accuracy': '0.6453', 'epoch': '1.509'}

 75%|███████▌  | 830/1100 [1:20:18<25:20,  5.63s/it]
 76%|███████▌  | 831/1100 [1:20:22<24:21,  5.43s/it]
 76%|███████▌  | 832/1100 [1:20:25<20:34,  4.61s/it]
 76%|███████▌  | 833/1100 [1:20:34<26:32,  5.96s/it]
 76%|███████▌  | 834/1100 [1:20:42<29:08,  6.57s/it]
 76%|███████▌  | 835/1100 [1:20:46<25:45,  5.83s/it]
 76%|███████▌  | 836/1100 [1:20:53<26:44,  6.08s/it]
 76%|███████▌  | 837/1100 [1:20:56<23:12,  5.29s/it]
 76%|███████▌  | 838/1100 [1:21:03<24:36,  5.64s/it]
 76%|███████▋  | 839/1100 [1:21:09<25:21,  5.83s/it]
 76%|███████▋  | 840/1100 [1:21:17<27:50,  6.43s/it]
                                                    
{'loss': '1.231', 'grad_norm': '1.555', 'learning_rate': '3.238e-05', 'entropy': '1.268', 'num_tokens': '1.746e+06', 'mean_token_accuracy': '0.6694', 'epoch': '1.528'}

 76%|███████▋  | 840/1100 [1:21:17<27:50,  6.43s/it]
 76%|███████▋  | 841/1100 [1:21:21<24:10,  5.60s/it]
 77%|███████▋  | 842/1100 [1:21:26<23:13,  5.40s/it]
 77%|███████▋  | 843/1100 [1:21:29<20:01,  4.67s/it]
 77%|███████▋  | 844/1100 [1:21:35<22:24,  5.25s/it]
 77%|███████▋  | 845/1100 [1:21:40<22:18,  5.25s/it]
 77%|███████▋  | 846/1100 [1:21:45<21:21,  5.05s/it]
 77%|███████▋  | 847/1100 [1:21:51<23:11,  5.50s/it]
 77%|███████▋  | 848/1100 [1:21:56<21:42,  5.17s/it]
 77%|███████▋  | 849/1100 [1:22:03<23:50,  5.70s/it]
 77%|███████▋  | 850/1100 [1:22:05<19:40,  4.72s/it]
                                                    
{'loss': '1.297', 'grad_norm': '1.473', 'learning_rate': '3.008e-05', 'entropy': '1.301', 'num_tokens': '1.768e+06', 'mean_token_accuracy': '0.6587', 'epoch': '1.546'}

 77%|███████▋  | 850/1100 [1:22:05<19:40,  4.72s/it]
 77%|███████▋  | 851/1100 [1:22:10<19:09,  4.62s/it]
 77%|███████▋  | 852/1100 [1:22:17<22:14,  5.38s/it]
 78%|███████▊  | 853/1100 [1:22:21<20:54,  5.08s/it]
 78%|███████▊  | 854/1100 [1:22:25<19:42,  4.81s/it]
 78%|███████▊  | 855/1100 [1:22:30<20:02,  4.91s/it]
 78%|███████▊  | 856/1100 [1:22:37<21:26,  5.27s/it]
 78%|███████▊  | 857/1100 [1:22:42<22:00,  5.43s/it]
 78%|███████▊  | 858/1100 [1:22:49<22:47,  5.65s/it]
 78%|███████▊  | 859/1100 [1:22:52<19:54,  4.96s/it]
 78%|███████▊  | 860/1100 [1:22:58<20:58,  5.24s/it]
                                                    
{'loss': '1.327', 'grad_norm': '2.227', 'learning_rate': '2.785e-05', 'entropy': '1.3', 'num_tokens': '1.788e+06', 'mean_token_accuracy': '0.6517', 'epoch': '1.564'}

 78%|███████▊  | 860/1100 [1:22:58<20:58,  5.24s/it]
 78%|███████▊  | 861/1100 [1:23:01<18:35,  4.67s/it]
 78%|███████▊  | 862/1100 [1:23:06<18:28,  4.66s/it]
 78%|███████▊  | 863/1100 [1:23:14<22:09,  5.61s/it]
 79%|███████▊  | 864/1100 [1:23:18<20:23,  5.18s/it]
 79%|███████▊  | 865/1100 [1:23:22<19:18,  4.93s/it]
 79%|███████▊  | 866/1100 [1:23:28<20:36,  5.28s/it]
 79%|███████▉  | 867/1100 [1:23:35<22:17,  5.74s/it]
 79%|███████▉  | 868/1100 [1:23:41<22:14,  5.75s/it]
 79%|███████▉  | 869/1100 [1:23:47<22:37,  5.88s/it]
 79%|███████▉  | 870/1100 [1:23:51<20:30,  5.35s/it]
                                                    
{'loss': '1.287', 'grad_norm': '1.787', 'learning_rate': '2.569e-05', 'entropy': '1.239', 'num_tokens': '1.809e+06', 'mean_token_accuracy': '0.6582', 'epoch': '1.582'}

 79%|███████▉  | 870/1100 [1:23:51<20:30,  5.35s/it]
 79%|███████▉  | 871/1100 [1:23:55<18:49,  4.93s/it]
 79%|███████▉  | 872/1100 [1:24:01<19:42,  5.19s/it]
 79%|███████▉  | 873/1100 [1:24:05<18:58,  5.02s/it]
 79%|███████▉  | 874/1100 [1:24:11<19:20,  5.13s/it]
 80%|███████▉  | 875/1100 [1:24:18<21:27,  5.72s/it]
 80%|███████▉  | 876/1100 [1:24:23<20:31,  5.50s/it]
 80%|███████▉  | 877/1100 [1:24:29<21:09,  5.69s/it]
 80%|███████▉  | 878/1100 [1:24:35<21:49,  5.90s/it]
 80%|███████▉  | 879/1100 [1:24:39<19:22,  5.26s/it]
 80%|████████  | 880/1100 [1:24:44<18:38,  5.08s/it]
                                                    
{'loss': '1.345', 'grad_norm': '1.513', 'learning_rate': '2.36e-05', 'entropy': '1.329', 'num_tokens': '1.83e+06', 'mean_token_accuracy': '0.6397', 'epoch': '1.6'}

 80%|████████  | 880/1100 [1:24:44<18:38,  5.08s/it]
 80%|████████  | 881/1100 [1:24:49<18:31,  5.07s/it]
 80%|████████  | 882/1100 [1:24:54<18:45,  5.16s/it]
 80%|████████  | 883/1100 [1:24:58<17:17,  4.78s/it]
 80%|████████  | 884/1100 [1:25:05<19:36,  5.45s/it]
 80%|████████  | 885/1100 [1:25:08<16:18,  4.55s/it]
 81%|████████  | 886/1100 [1:25:12<16:23,  4.60s/it]
 81%|████████  | 887/1100 [1:25:21<20:19,  5.73s/it]
 81%|████████  | 888/1100 [1:25:25<18:32,  5.25s/it]
 81%|████████  | 889/1100 [1:25:32<20:27,  5.82s/it]
 81%|████████  | 890/1100 [1:25:35<17:24,  4.97s/it]
                                                    
{'loss': '1.365', 'grad_norm': '1.625', 'learning_rate': '2.159e-05', 'entropy': '1.36', 'num_tokens': '1.851e+06', 'mean_token_accuracy': '0.6427', 'epoch': '1.618'}

 81%|████████  | 890/1100 [1:25:35<17:24,  4.97s/it]
 81%|████████  | 891/1100 [1:25:43<20:49,  5.98s/it]
 81%|████████  | 892/1100 [1:25:49<20:06,  5.80s/it]
 81%|████████  | 893/1100 [1:25:54<19:47,  5.74s/it]
 81%|████████▏ | 894/1100 [1:25:59<19:01,  5.54s/it]
 81%|████████▏ | 895/1100 [1:26:04<18:21,  5.38s/it]
 81%|████████▏ | 896/1100 [1:26:10<18:18,  5.38s/it]
 82%|████████▏ | 897/1100 [1:26:16<19:16,  5.70s/it]
 82%|████████▏ | 898/1100 [1:26:19<16:20,  4.85s/it]
 82%|████████▏ | 899/1100 [1:26:23<14:58,  4.47s/it]
 82%|████████▏ | 900/1100 [1:26:28<16:05,  4.83s/it]
                                                    
{'loss': '1.389', 'grad_norm': '1.952', 'learning_rate': '1.966e-05', 'entropy': '1.36', 'num_tokens': '1.872e+06', 'mean_token_accuracy': '0.6472', 'epoch': '1.637'}

 82%|████████▏ | 900/1100 [1:26:28<16:05,  4.83s/it]

  0%|          | 0/253 [00:00<?, ?it/s][A

  1%|          | 2/253 [00:00<00:17, 14.32it/s][A

  2%|▏         | 4/253 [00:00<00:45,  5.47it/s][A

  2%|▏         | 5/253 [00:00<00:44,  5.64it/s][A

  2%|▏         | 6/253 [00:00<00:42,  5.88it/s][A

  3%|▎         | 7/253 [00:01<00:39,  6.18it/s][A

  3%|▎         | 8/253 [00:01<00:38,  6.29it/s][A

  4%|▎         | 9/253 [00:01<00:37,  6.45it/s][A

  4%|▍         | 10/253 [00:01<00:41,  5.86it/s][A

  4%|▍         | 11/253 [00:01<00:49,  4.91it/s][A

  5%|▍         | 12/253 [00:02<00:46,  5.20it/s][A

  5%|▌         | 13/253 [00:02<00:42,  5.63it/s][A

  6%|▌         | 14/253 [00:02<00:40,  5.86it/s][A

  6%|▌         | 15/253 [00:02<00:40,  5.88it/s][A

  6%|▋         | 16/253 [00:02<00:38,  6.08it/s][A

  7%|▋         | 17/253 [00:02<00:38,  6.16it/s][A

  7%|▋         | 18/253 [00:03<00:37,  6.21it/s][A

  8%|▊         | 19/253 [00:03<00:38,  6.00it/s][A

  8%|▊         | 20/253 [00:03<00:38,  6.02it/s][A

  8%|▊         | 21/253 [00:03<00:40,  5.75it/s][A

  9%|▊         | 22/253 [00:03<00:38,  5.98it/s][A

  9%|▉         | 23/253 [00:03<00:38,  6.05it/s][A

  9%|▉         | 24/253 [00:04<00:38,  5.96it/s][A

 10%|▉         | 25/253 [00:04<00:39,  5.72it/s][A

 10%|█         | 26/253 [00:04<00:39,  5.71it/s][A

 11%|█         | 27/253 [00:04<00:46,  4.82it/s][A

 11%|█         | 28/253 [00:04<00:46,  4.83it/s][A

 11%|█▏        | 29/253 [00:05<00:57,  3.90it/s][A

 12%|█▏        | 30/253 [00:05<00:54,  4.08it/s][A

 12%|█▏        | 31/253 [00:05<01:00,  3.67it/s][A

 13%|█▎        | 32/253 [00:06<01:05,  3.38it/s][A

 13%|█▎        | 33/253 [00:06<01:22,  2.66it/s][A

 13%|█▎        | 34/253 [00:06<01:08,  3.20it/s][A

 14%|█▍        | 35/253 [00:07<01:19,  2.74it/s][A

 14%|█▍        | 36/253 [00:07<01:11,  3.03it/s][A

 15%|█▍        | 37/253 [00:07<00:58,  3.67it/s][A

 15%|█▌        | 38/253 [00:07<00:51,  4.14it/s][A

 15%|█▌        | 39/253 [00:08<00:46,  4.57it/s][A

 16%|█▌        | 40/253 [00:08<00:43,  4.91it/s][A

 16%|█▌        | 41/253 [00:08<00:44,  4.73it/s][A

 17%|█▋        | 42/253 [00:08<00:41,  5.04it/s][A

 17%|█▋        | 43/253 [00:08<00:39,  5.38it/s][A

 17%|█▋        | 44/253 [00:08<00:37,  5.58it/s][A

 18%|█▊        | 45/253 [00:09<00:35,  5.80it/s][A

 18%|█▊        | 46/253 [00:09<00:35,  5.87it/s][A

 19%|█▊        | 47/253 [00:09<00:35,  5.81it/s][A

 19%|█▉        | 48/253 [00:09<00:34,  5.93it/s][A

 19%|█▉        | 49/253 [00:09<00:35,  5.77it/s][A

 20%|█▉        | 50/253 [00:10<00:35,  5.76it/s][A

 20%|██        | 51/253 [00:10<00:34,  5.91it/s][A

 21%|██        | 52/253 [00:10<00:33,  6.00it/s][A

 21%|██        | 53/253 [00:10<00:34,  5.82it/s][A

 21%|██▏       | 54/253 [00:10<00:34,  5.81it/s][A

 22%|██▏       | 55/253 [00:10<00:33,  5.89it/s][A

 22%|██▏       | 56/253 [00:11<00:38,  5.11it/s][A

 23%|██▎       | 57/253 [00:11<00:53,  3.70it/s][A

 23%|██▎       | 58/253 [00:11<00:51,  3.81it/s][A

 23%|██▎       | 59/253 [00:12<00:48,  3.99it/s][A

 24%|██▎       | 60/253 [00:12<01:12,  2.68it/s][A

 24%|██▍       | 61/253 [00:12<01:04,  2.97it/s][A

 25%|██▍       | 62/253 [00:13<01:13,  2.60it/s][A

 25%|██▍       | 63/253 [00:13<01:16,  2.47it/s][A

 25%|██▌       | 64/253 [00:14<01:31,  2.06it/s][A

 26%|██▌       | 65/253 [00:14<01:16,  2.46it/s][A

 26%|██▌       | 66/253 [00:15<01:09,  2.67it/s][A

 26%|██▋       | 67/253 [00:15<01:18,  2.37it/s][A

 27%|██▋       | 68/253 [00:15<01:04,  2.85it/s][A

 27%|██▋       | 69/253 [00:16<01:01,  2.98it/s][A

 28%|██▊       | 70/253 [00:16<01:31,  2.00it/s][A

 28%|██▊       | 71/253 [00:17<01:38,  1.85it/s][A

 28%|██▊       | 72/253 [00:18<01:36,  1.87it/s][A

 29%|██▉       | 73/253 [00:18<01:29,  2.01it/s][A

 29%|██▉       | 74/253 [00:18<01:11,  2.51it/s][A

 30%|██▉       | 75/253 [00:19<01:09,  2.54it/s][A

 30%|███       | 76/253 [00:19<01:01,  2.87it/s][A

 30%|███       | 77/253 [00:19<00:58,  3.03it/s][A

 31%|███       | 78/253 [00:19<00:56,  3.09it/s][A

 31%|███       | 79/253 [00:20<00:49,  3.51it/s][A

 32%|███▏      | 80/253 [00:20<00:52,  3.27it/s][A

 32%|███▏      | 81/253 [00:20<00:51,  3.37it/s][A

 32%|███▏      | 82/253 [00:21<00:49,  3.43it/s][A

 33%|███▎      | 83/253 [00:21<00:55,  3.04it/s][A

 33%|███▎      | 84/253 [00:21<00:51,  3.27it/s][A

 34%|███▎      | 85/253 [00:21<00:46,  3.61it/s][A

 34%|███▍      | 86/253 [00:22<00:39,  4.25it/s][A

 34%|███▍      | 87/253 [00:22<00:35,  4.62it/s][A

 35%|███▍      | 88/253 [00:22<00:33,  4.96it/s][A

 35%|███▌      | 89/253 [00:22<00:36,  4.47it/s][A

 36%|███▌      | 90/253 [00:22<00:32,  5.03it/s][A

 36%|███▌      | 91/253 [00:23<00:34,  4.69it/s][A

 36%|███▋      | 92/253 [00:23<00:32,  5.00it/s][A

 37%|███▋      | 93/253 [00:23<00:30,  5.23it/s][A

 37%|███▋      | 94/253 [00:23<00:28,  5.65it/s][A

 38%|███▊      | 95/253 [00:23<00:26,  5.96it/s][A

 38%|███▊      | 96/253 [00:23<00:25,  6.13it/s][A

 38%|███▊      | 97/253 [00:23<00:24,  6.28it/s][A

 39%|███▊      | 98/253 [00:24<00:25,  6.14it/s][A

 39%|███▉      | 99/253 [00:24<00:25,  6.12it/s][A

 40%|███▉      | 100/253 [00:24<00:25,  5.90it/s][A

 40%|███▉      | 101/253 [00:24<00:26,  5.84it/s][A

 40%|████      | 102/253 [00:24<00:31,  4.82it/s][A

 41%|████      | 103/253 [00:25<00:34,  4.40it/s][A

 41%|████      | 104/253 [00:25<00:43,  3.40it/s][A

 42%|████▏     | 105/253 [00:26<00:45,  3.27it/s][A

 42%|████▏     | 106/253 [00:26<00:50,  2.89it/s][A

 42%|████▏     | 107/253 [00:27<01:31,  1.60it/s][A

 43%|████▎     | 108/253 [00:28<01:22,  1.77it/s][A

 43%|████▎     | 109/253 [00:28<01:10,  2.04it/s][A

 43%|████▎     | 110/253 [00:28<01:02,  2.30it/s][A

 44%|████▍     | 111/253 [00:29<00:52,  2.72it/s][A

 44%|████▍     | 112/253 [00:29<00:45,  3.09it/s][A

 45%|████▍     | 113/253 [00:29<00:38,  3.60it/s][A

 45%|████▌     | 114/253 [00:29<00:40,  3.40it/s][A

 45%|████▌     | 115/253 [00:29<00:36,  3.78it/s][A

 46%|████▌     | 116/253 [00:30<00:33,  4.04it/s][A

 46%|████▌     | 117/253 [00:30<00:30,  4.49it/s][A

 47%|████▋     | 118/253 [00:30<00:27,  4.85it/s][A

 47%|████▋     | 119/253 [00:30<00:25,  5.16it/s][A

 47%|████▋     | 120/253 [00:30<00:27,  4.76it/s][A

 48%|████▊     | 121/253 [00:31<00:37,  3.53it/s][A

 48%|████▊     | 122/253 [00:31<00:34,  3.80it/s][A

 49%|████▊     | 123/253 [00:31<00:31,  4.06it/s][A

 49%|████▉     | 124/253 [00:32<00:36,  3.55it/s][A

 49%|████▉     | 125/253 [00:32<00:41,  3.09it/s][A

 50%|████▉     | 126/253 [00:32<00:39,  3.20it/s][A

 50%|█████     | 127/253 [00:33<00:43,  2.91it/s][A

 51%|█████     | 128/253 [00:33<00:47,  2.64it/s][A

 51%|█████     | 129/253 [00:34<00:51,  2.41it/s][A

 51%|█████▏    | 130/253 [00:35<01:27,  1.40it/s][A

 52%|█████▏    | 131/253 [00:35<01:09,  1.75it/s][A

 52%|█████▏    | 132/253 [00:36<01:10,  1.71it/s][A

 53%|█████▎    | 133/253 [00:36<00:55,  2.16it/s][A

 53%|█████▎    | 134/253 [00:37<00:53,  2.24it/s][A

 53%|█████▎    | 135/253 [00:37<00:44,  2.64it/s][A

 54%|█████▍    | 136/253 [00:37<00:40,  2.91it/s][A

 54%|█████▍    | 137/253 [00:37<00:36,  3.16it/s][A

 55%|█████▍    | 138/253 [00:38<00:36,  3.16it/s][A

 55%|█████▍    | 139/253 [00:38<00:36,  3.12it/s][A

 55%|█████▌    | 140/253 [00:38<00:31,  3.63it/s][A

 56%|█████▌    | 141/253 [00:38<00:30,  3.73it/s][A

 56%|█████▌    | 142/253 [00:39<00:26,  4.21it/s][A

 57%|█████▋    | 143/253 [00:39<00:32,  3.40it/s][A

 57%|█████▋    | 144/253 [00:39<00:30,  3.56it/s][A

 57%|█████▋    | 145/253 [00:39<00:26,  4.14it/s][A

 58%|█████▊    | 146/253 [00:40<00:25,  4.17it/s][A

 58%|█████▊    | 147/253 [00:40<00:32,  3.24it/s][A

 58%|█████▊    | 148/253 [00:41<01:05,  1.60it/s][A

 59%|█████▉    | 149/253 [00:42<01:08,  1.53it/s][A

 59%|█████▉    | 150/253 [00:43<01:03,  1.62it/s][A

 60%|█████▉    | 151/253 [00:43<00:59,  1.71it/s][A

 60%|██████    | 152/253 [00:44<00:55,  1.82it/s][A

 60%|██████    | 153/253 [00:44<00:46,  2.15it/s][A

 61%|██████    | 154/253 [00:44<00:43,  2.30it/s][A

 61%|██████▏   | 155/253 [00:45<00:37,  2.64it/s][A

 62%|██████▏   | 156/253 [00:45<00:34,  2.84it/s][A

 62%|██████▏   | 157/253 [00:45<00:33,  2.88it/s][A

 62%|██████▏   | 158/253 [00:45<00:29,  3.21it/s][A

 63%|██████▎   | 159/253 [00:46<00:32,  2.89it/s][A

 63%|██████▎   | 160/253 [00:46<00:27,  3.43it/s][A

 64%|██████▎   | 161/253 [00:46<00:23,  3.92it/s][A

 64%|██████▍   | 162/253 [00:47<00:26,  3.42it/s][A

 64%|██████▍   | 163/253 [00:47<00:31,  2.87it/s][A

 65%|██████▍   | 164/253 [00:47<00:28,  3.15it/s][A

 65%|██████▌   | 165/253 [00:48<00:37,  2.37it/s][A

 66%|██████▌   | 166/253 [00:48<00:36,  2.42it/s][A

 66%|██████▌   | 167/253 [00:49<00:40,  2.13it/s][A

 66%|██████▋   | 168/253 [00:49<00:37,  2.27it/s][A

 67%|██████▋   | 169/253 [00:50<00:36,  2.29it/s][A

 67%|██████▋   | 170/253 [00:50<00:35,  2.31it/s][A

 68%|██████▊   | 171/253 [00:51<00:40,  2.02it/s][A

 68%|██████▊   | 172/253 [00:51<00:36,  2.23it/s][A

 68%|██████▊   | 173/253 [00:51<00:31,  2.52it/s][A

 69%|██████▉   | 174/253 [00:52<00:30,  2.62it/s][A

 69%|██████▉   | 175/253 [00:52<00:27,  2.88it/s][A

 70%|██████▉   | 176/253 [00:52<00:24,  3.10it/s][A

 70%|██████▉   | 177/253 [00:53<00:23,  3.18it/s][A

 70%|███████   | 178/253 [00:53<00:26,  2.83it/s][A

 71%|███████   | 179/253 [00:53<00:24,  3.07it/s][A

 71%|███████   | 180/253 [00:53<00:20,  3.60it/s][A

 72%|███████▏  | 181/253 [00:54<00:18,  3.80it/s][A

 72%|███████▏  | 182/253 [00:54<00:20,  3.39it/s][A

 72%|███████▏  | 183/253 [00:54<00:19,  3.52it/s][A

 73%|███████▎  | 184/253 [00:54<00:16,  4.14it/s][A

 73%|███████▎  | 185/253 [00:55<00:15,  4.43it/s][A

 74%|███████▎  | 186/253 [00:55<00:13,  4.94it/s][A

 74%|███████▍  | 187/253 [00:55<00:12,  5.23it/s][A

 74%|███████▍  | 188/253 [00:55<00:12,  5.38it/s][A

 75%|███████▍  | 189/253 [00:55<00:11,  5.57it/s][A

 75%|███████▌  | 190/253 [00:55<00:10,  5.84it/s][A

 75%|███████▌  | 191/253 [00:56<00:10,  5.91it/s][A

 76%|███████▌  | 192/253 [00:56<00:10,  6.06it/s][A

 76%|███████▋  | 193/253 [00:56<00:09,  6.11it/s][A

 77%|███████▋  | 194/253 [00:56<00:09,  5.95it/s][A

 77%|███████▋  | 195/253 [00:56<00:09,  6.00it/s][A

 77%|███████▋  | 196/253 [00:56<00:09,  5.99it/s][A

 78%|███████▊  | 197/253 [00:57<00:09,  5.75it/s][A

 78%|███████▊  | 198/253 [00:57<00:09,  5.82it/s][A

 79%|███████▊  | 199/253 [00:57<00:16,  3.29it/s][A

 79%|███████▉  | 200/253 [00:59<00:35,  1.51it/s][A

 79%|███████▉  | 201/253 [01:00<00:41,  1.25it/s][A

 80%|███████▉  | 202/253 [01:00<00:35,  1.43it/s][A

 80%|████████  | 203/253 [01:01<00:39,  1.26it/s][A

 81%|████████  | 204/253 [01:02<00:35,  1.40it/s][A

 81%|████████  | 205/253 [01:03<00:32,  1.50it/s][A

 81%|████████▏ | 206/253 [01:04<00:36,  1.29it/s][A

 82%|████████▏ | 207/253 [01:04<00:31,  1.48it/s][A

 82%|████████▏ | 208/253 [01:04<00:24,  1.84it/s][A

 83%|████████▎ | 209/253 [01:05<00:20,  2.18it/s][A

 83%|████████▎ | 210/253 [01:05<00:18,  2.36it/s][A

 83%|████████▎ | 211/253 [01:05<00:17,  2.34it/s][A

 84%|████████▍ | 212/253 [01:06<00:21,  1.91it/s][A

 84%|████████▍ | 213/253 [01:07<00:20,  1.98it/s][A

 85%|████████▍ | 214/253 [01:07<00:19,  2.01it/s][A

 85%|████████▍ | 215/253 [01:07<00:17,  2.19it/s][A

 85%|████████▌ | 216/253 [01:08<00:16,  2.24it/s][A

 86%|████████▌ | 217/253 [01:08<00:13,  2.68it/s][A

 86%|████████▌ | 218/253 [01:08<00:13,  2.58it/s][A

 87%|████████▋ | 219/253 [01:09<00:12,  2.65it/s][A

 87%|████████▋ | 220/253 [01:09<00:10,  3.06it/s][A

 87%|████████▋ | 221/253 [01:09<00:11,  2.73it/s][A

 88%|████████▊ | 222/253 [01:10<00:10,  2.96it/s][A

 88%|████████▊ | 223/253 [01:10<00:13,  2.17it/s][A

 89%|████████▊ | 224/253 [01:11<00:15,  1.93it/s][A

 89%|████████▉ | 225/253 [01:11<00:13,  2.13it/s][A

 89%|████████▉ | 226/253 [01:12<00:14,  1.81it/s][A

 90%|████████▉ | 227/253 [01:13<00:17,  1.46it/s][A

 90%|█████████ | 228/253 [01:14<00:17,  1.42it/s][A

 91%|█████████ | 229/253 [01:14<00:14,  1.69it/s][A

 91%|█████████ | 230/253 [01:15<00:14,  1.64it/s][A

 91%|█████████▏| 231/253 [01:16<00:13,  1.67it/s][A

 92%|█████████▏| 232/253 [01:16<00:14,  1.48it/s][A

 92%|█████████▏| 233/253 [01:17<00:11,  1.78it/s][A

 92%|█████████▏| 234/253 [01:17<00:08,  2.25it/s][A

 93%|█████████▎| 235/253 [01:17<00:07,  2.57it/s][A

 93%|█████████▎| 236/253 [01:17<00:06,  2.58it/s][A

 94%|█████████▎| 237/253 [01:18<00:07,  2.05it/s][A

 94%|█████████▍| 238/253 [01:19<00:06,  2.15it/s][A

 94%|█████████▍| 239/253 [01:19<00:06,  2.09it/s][A

 95%|█████████▍| 240/253 [01:20<00:07,  1.79it/s][A

 95%|█████████▌| 241/253 [01:20<00:06,  1.90it/s][A

 96%|█████████▌| 242/253 [01:22<00:08,  1.27it/s][A

 96%|█████████▌| 243/253 [01:22<00:06,  1.56it/s][A

 96%|█████████▋| 244/253 [01:22<00:05,  1.73it/s][A

 97%|█████████▋| 245/253 [01:23<00:04,  1.89it/s][A

 97%|█████████▋| 246/253 [01:23<00:03,  2.28it/s][A

 98%|█████████▊| 247/253 [01:24<00:02,  2.05it/s][A

 98%|█████████▊| 248/253 [01:24<00:02,  1.95it/s][A

 98%|█████████▊| 249/253 [01:24<00:01,  2.39it/s][A

 99%|█████████▉| 250/253 [01:25<00:01,  2.58it/s][A

 99%|█████████▉| 251/253 [01:25<00:00,  2.76it/s][A

100%|█████████▉| 252/253 [01:25<00:00,  2.93it/s][A

100%|██████████| 253/253 [01:26<00:00,  3.36it/s][A
                                                    

                                                 
[A{'eval_loss': '1.397', 'eval_runtime': '86.93', 'eval_samples_per_second': '5.821', 'eval_steps_per_second': '2.91', 'eval_entropy': '1.321', 'eval_num_tokens': '1.872e+06', 'eval_mean_token_accuracy': '0.6345', 'epoch': '1.637'}

 82%|████████▏ | 900/1100 [1:27:55<16:05,  4.83s/it]

100%|██████████| 253/253 [01:26<00:00,  3.36it/s][A

                                                 [A
 82%|████████▏ | 901/1100 [1:28:01<1:43:48, 31.30s/it]
 82%|████████▏ | 902/1100 [1:28:09<1:19:47, 24.18s/it]
 82%|████████▏ | 903/1100 [1:28:15<1:01:46, 18.82s/it]
 82%|████████▏ | 904/1100 [1:28:21<48:34, 14.87s/it]  
 82%|████████▏ | 905/1100 [1:28:26<38:16, 11.78s/it]
 82%|████████▏ | 906/1100 [1:28:30<30:31,  9.44s/it]
 82%|████████▏ | 907/1100 [1:28:37<28:04,  8.73s/it]
 83%|████████▎ | 908/1100 [1:28:44<26:28,  8.27s/it]
 83%|████████▎ | 909/1100 [1:28:51<24:51,  7.81s/it]
 83%|████████▎ | 910/1100 [1:28:56<22:28,  7.10s/it]
                                                    
{'loss': '1.283', 'grad_norm': '1.692', 'learning_rate': '1.781e-05', 'entropy': '1.28', 'num_tokens': '1.892e+06', 'mean_token_accuracy': '0.6538', 'epoch': '1.655'}

 83%|████████▎ | 910/1100 [1:28:56<22:28,  7.10s/it]
 83%|████████▎ | 911/1100 [1:29:04<23:26,  7.44s/it]
 83%|████████▎ | 912/1100 [1:29:08<19:34,  6.25s/it]
 83%|████████▎ | 913/1100 [1:29:12<18:07,  5.82s/it]
 83%|████████▎ | 914/1100 [1:29:19<18:16,  5.90s/it]
 83%|████████▎ | 915/1100 [1:29:24<17:20,  5.62s/it]
 83%|████████▎ | 916/1100 [1:29:29<17:04,  5.57s/it]
 83%|████████▎ | 917/1100 [1:29:34<16:35,  5.44s/it]
 83%|████████▎ | 918/1100 [1:29:41<17:23,  5.73s/it]
 84%|████████▎ | 919/1100 [1:29:45<15:44,  5.22s/it]
 84%|████████▎ | 920/1100 [1:29:50<16:10,  5.39s/it]
                                                    
{'loss': '1.376', 'grad_norm': '1.671', 'learning_rate': '1.605e-05', 'entropy': '1.383', 'num_tokens': '1.912e+06', 'mean_token_accuracy': '0.6455', 'epoch': '1.673'}

 84%|████████▎ | 920/1100 [1:29:50<16:10,  5.39s/it]
 84%|████████▎ | 921/1100 [1:29:54<14:29,  4.86s/it]
 84%|████████▍ | 922/1100 [1:30:00<15:35,  5.25s/it]
 84%|████████▍ | 923/1100 [1:30:03<13:18,  4.51s/it]
 84%|████████▍ | 924/1100 [1:30:09<14:13,  4.85s/it]
 84%|████████▍ | 925/1100 [1:30:13<13:29,  4.62s/it]
 84%|████████▍ | 926/1100 [1:30:19<14:49,  5.11s/it]
 84%|████████▍ | 927/1100 [1:30:23<13:59,  4.85s/it]
 84%|████████▍ | 928/1100 [1:30:28<14:03,  4.91s/it]
 84%|████████▍ | 929/1100 [1:30:32<13:19,  4.68s/it]
 85%|████████▍ | 930/1100 [1:30:35<11:14,  3.97s/it]
                                                    
{'loss': '1.283', 'grad_norm': '1.527', 'learning_rate': '1.437e-05', 'entropy': '1.298', 'num_tokens': '1.933e+06', 'mean_token_accuracy': '0.6623', 'epoch': '1.691'}

 85%|████████▍ | 930/1100 [1:30:35<11:14,  3.97s/it]
 85%|████████▍ | 931/1100 [1:30:40<12:43,  4.52s/it]
 85%|████████▍ | 932/1100 [1:30:46<13:43,  4.90s/it]
 85%|████████▍ | 933/1100 [1:30:49<12:00,  4.31s/it]
 85%|████████▍ | 934/1100 [1:30:54<12:33,  4.54s/it]
 85%|████████▌ | 935/1100 [1:30:59<12:57,  4.71s/it]
 85%|████████▌ | 936/1100 [1:31:02<11:31,  4.21s/it]
 85%|████████▌ | 937/1100 [1:31:09<13:10,  4.85s/it]
 85%|████████▌ | 938/1100 [1:31:13<12:13,  4.53s/it]
 85%|████████▌ | 939/1100 [1:31:20<14:15,  5.31s/it]
 85%|████████▌ | 940/1100 [1:31:24<13:07,  4.92s/it]
                                                    
{'loss': '1.264', 'grad_norm': '1.836', 'learning_rate': '1.277e-05', 'entropy': '1.244', 'num_tokens': '1.954e+06', 'mean_token_accuracy': '0.6715', 'epoch': '1.709'}

 85%|████████▌ | 940/1100 [1:31:24<13:07,  4.92s/it]
 86%|████████▌ | 941/1100 [1:31:27<11:36,  4.38s/it]
 86%|████████▌ | 942/1100 [1:31:33<12:47,  4.86s/it]
 86%|████████▌ | 943/1100 [1:31:37<12:24,  4.74s/it]
 86%|████████▌ | 944/1100 [1:31:40<10:44,  4.13s/it]
 86%|████████▌ | 945/1100 [1:31:44<10:24,  4.03s/it]
 86%|████████▌ | 946/1100 [1:31:49<11:05,  4.32s/it]
 86%|████████▌ | 947/1100 [1:31:51<09:29,  3.72s/it]
 86%|████████▌ | 948/1100 [1:31:57<11:02,  4.36s/it]
 86%|████████▋ | 949/1100 [1:31:59<09:31,  3.79s/it]
 86%|████████▋ | 950/1100 [1:32:05<11:04,  4.43s/it]
                                                    
{'loss': '1.335', 'grad_norm': '1.491', 'learning_rate': '1.126e-05', 'entropy': '1.32', 'num_tokens': '1.975e+06', 'mean_token_accuracy': '0.6504', 'epoch': '1.728'}

 86%|████████▋ | 950/1100 [1:32:05<11:04,  4.43s/it]
 86%|████████▋ | 951/1100 [1:32:08<10:04,  4.06s/it]
 87%|████████▋ | 952/1100 [1:32:14<10:56,  4.44s/it]
 87%|████████▋ | 953/1100 [1:32:19<11:42,  4.78s/it]
 87%|████████▋ | 954/1100 [1:32:23<11:02,  4.54s/it]
 87%|████████▋ | 955/1100 [1:32:26<09:55,  4.11s/it]
 87%|████████▋ | 956/1100 [1:32:31<10:12,  4.25s/it]
 87%|████████▋ | 957/1100 [1:32:38<11:52,  4.98s/it]
 87%|████████▋ | 958/1100 [1:32:42<10:57,  4.63s/it]
 87%|████████▋ | 959/1100 [1:32:44<09:28,  4.03s/it]
 87%|████████▋ | 960/1100 [1:32:47<08:28,  3.64s/it]
                                                    
{'loss': '1.435', 'grad_norm': '1.672', 'learning_rate': '9.844e-06', 'entropy': '1.377', 'num_tokens': '1.996e+06', 'mean_token_accuracy': '0.6263', 'epoch': '1.746'}

 87%|████████▋ | 960/1100 [1:32:47<08:28,  3.64s/it]
 87%|████████▋ | 961/1100 [1:32:52<09:34,  4.14s/it]
 87%|████████▋ | 962/1100 [1:32:57<10:19,  4.49s/it]
 88%|████████▊ | 963/1100 [1:33:01<09:20,  4.09s/it]
 88%|████████▊ | 964/1100 [1:33:07<11:00,  4.86s/it]
 88%|████████▊ | 965/1100 [1:33:10<09:45,  4.34s/it]
 88%|████████▊ | 966/1100 [1:33:15<09:52,  4.42s/it]
 88%|████████▊ | 967/1100 [1:33:22<11:38,  5.25s/it]
 88%|████████▊ | 968/1100 [1:33:25<09:56,  4.52s/it]
 88%|████████▊ | 969/1100 [1:33:29<09:32,  4.37s/it]
 88%|████████▊ | 970/1100 [1:33:32<08:42,  4.02s/it]
                                                    
{'loss': '1.274', 'grad_norm': '1.744', 'learning_rate': '8.517e-06', 'entropy': '1.292', 'num_tokens': '2.017e+06', 'mean_token_accuracy': '0.6674', 'epoch': '1.764'}

 88%|████████▊ | 970/1100 [1:33:32<08:42,  4.02s/it]
 88%|████████▊ | 971/1100 [1:33:37<09:13,  4.29s/it]
 88%|████████▊ | 972/1100 [1:33:43<10:14,  4.80s/it]
 88%|████████▊ | 973/1100 [1:33:46<09:00,  4.25s/it]
 89%|████████▊ | 974/1100 [1:33:52<09:56,  4.73s/it]
 89%|████████▊ | 975/1100 [1:33:57<09:44,  4.68s/it]
 89%|████████▊ | 976/1100 [1:33:59<08:17,  4.01s/it]
 89%|████████▉ | 977/1100 [1:34:05<09:09,  4.47s/it]
 89%|████████▉ | 978/1100 [1:34:08<08:35,  4.23s/it]
 89%|████████▉ | 979/1100 [1:34:14<09:32,  4.73s/it]
 89%|████████▉ | 980/1100 [1:34:21<10:34,  5.29s/it]
                                                    
{'loss': '1.35', 'grad_norm': '2.029', 'learning_rate': '7.282e-06', 'entropy': '1.379', 'num_tokens': '2.038e+06', 'mean_token_accuracy': '0.655', 'epoch': '1.782'}

 89%|████████▉ | 980/1100 [1:34:21<10:34,  5.29s/it]
 89%|████████▉ | 981/1100 [1:34:24<09:26,  4.76s/it]
 89%|████████▉ | 982/1100 [1:34:31<10:42,  5.44s/it]
 89%|████████▉ | 983/1100 [1:34:34<08:57,  4.59s/it]
 89%|████████▉ | 984/1100 [1:34:37<08:01,  4.15s/it]
 90%|████████▉ | 985/1100 [1:34:43<09:03,  4.73s/it]
 90%|████████▉ | 986/1100 [1:34:49<09:31,  5.02s/it]
 90%|████████▉ | 987/1100 [1:34:52<08:11,  4.35s/it]
 90%|████████▉ | 988/1100 [1:34:57<08:27,  4.54s/it]
 90%|████████▉ | 989/1100 [1:35:03<09:34,  5.17s/it]
 90%|█████████ | 990/1100 [1:35:08<09:10,  5.00s/it]
                                                    
{'loss': '1.363', 'grad_norm': '1.696', 'learning_rate': '6.14e-06', 'entropy': '1.37', 'num_tokens': '2.059e+06', 'mean_token_accuracy': '0.6492', 'epoch': '1.8'}

 90%|█████████ | 990/1100 [1:35:08<09:10,  5.00s/it]
 90%|█████████ | 991/1100 [1:35:12<08:44,  4.81s/it]
 90%|█████████ | 992/1100 [1:35:19<09:49,  5.46s/it]
 90%|█████████ | 993/1100 [1:35:23<08:55,  5.00s/it]
 90%|█████████ | 994/1100 [1:35:26<07:42,  4.36s/it]
 90%|█████████ | 995/1100 [1:35:33<08:57,  5.12s/it]
 91%|█████████ | 996/1100 [1:35:37<08:16,  4.77s/it]
 91%|█████████ | 997/1100 [1:35:40<07:18,  4.25s/it]
 91%|█████████ | 998/1100 [1:35:46<08:20,  4.91s/it]
 91%|█████████ | 999/1100 [1:35:53<08:57,  5.32s/it]
 91%|█████████ | 1000/1100 [1:35:56<08:00,  4.81s/it]
                                                     
{'loss': '1.349', 'grad_norm': '1.507', 'learning_rate': '5.092e-06', 'entropy': '1.345', 'num_tokens': '2.079e+06', 'mean_token_accuracy': '0.6429', 'epoch': '1.819'}

 91%|█████████ | 1000/1100 [1:35:56<08:00,  4.81s/it]

  0%|          | 0/253 [00:00<?, ?it/s][A

  1%|          | 2/253 [00:00<00:38,  6.59it/s][A

  1%|          | 3/253 [00:00<01:05,  3.83it/s][A

  2%|▏         | 4/253 [00:00<00:58,  4.25it/s][A

  2%|▏         | 5/253 [00:01<01:06,  3.74it/s][A

  2%|▏         | 6/253 [00:01<01:06,  3.71it/s][A

  3%|▎         | 7/253 [00:01<01:03,  3.90it/s][A

  3%|▎         | 8/253 [00:02<01:04,  3.79it/s][A

  4%|▎         | 9/253 [00:02<01:49,  2.23it/s][A

  4%|▍         | 10/253 [00:03<01:36,  2.51it/s][A

  4%|▍         | 11/253 [00:03<02:03,  1.96it/s][A

  5%|▍         | 12/253 [00:04<01:47,  2.24it/s][A

  5%|▌         | 13/253 [00:04<01:25,  2.81it/s][A

  6%|▌         | 14/253 [00:04<01:18,  3.06it/s][A

  6%|▌         | 15/253 [00:05<01:24,  2.82it/s][A

  6%|▋         | 16/253 [00:05<01:18,  3.02it/s][A

  7%|▋         | 17/253 [00:05<01:17,  3.06it/s][A

  7%|▋         | 18/253 [00:05<01:10,  3.33it/s][A

  8%|▊         | 19/253 [00:06<01:13,  3.18it/s][A

  8%|▊         | 20/253 [00:06<01:03,  3.67it/s][A

  8%|▊         | 21/253 [00:06<01:12,  3.21it/s][A

  9%|▊         | 22/253 [00:06<01:03,  3.65it/s][A

  9%|▉         | 23/253 [00:07<00:54,  4.19it/s][A

  9%|▉         | 24/253 [00:07<01:02,  3.65it/s][A

 10%|▉         | 25/253 [00:07<01:05,  3.47it/s][A

 10%|█         | 26/253 [00:08<01:02,  3.61it/s][A

 11%|█         | 27/253 [00:08<01:08,  3.28it/s][A

 11%|█         | 28/253 [00:08<01:06,  3.37it/s][A

 11%|█▏        | 29/253 [00:09<01:19,  2.81it/s][A

 12%|█▏        | 30/253 [00:09<01:23,  2.67it/s][A

 12%|█▏        | 31/253 [00:10<01:25,  2.59it/s][A

 13%|█▎        | 32/253 [00:10<01:43,  2.14it/s][A

 13%|█▎        | 33/253 [00:11<01:35,  2.30it/s][A

 13%|█▎        | 34/253 [00:11<01:38,  2.22it/s][A

 14%|█▍        | 35/253 [00:11<01:31,  2.38it/s][A

 14%|█▍        | 36/253 [00:12<01:16,  2.82it/s][A

 15%|█▍        | 37/253 [00:12<01:05,  3.30it/s][A

 15%|█▌        | 38/253 [00:12<01:05,  3.30it/s][A

 15%|█▌        | 39/253 [00:12<00:56,  3.76it/s][A

 16%|█▌        | 40/253 [00:12<00:50,  4.24it/s][A

 16%|█▌        | 41/253 [00:13<00:45,  4.69it/s][A

 17%|█▋        | 42/253 [00:13<00:51,  4.07it/s][A

 17%|█▋        | 43/253 [00:13<00:56,  3.74it/s][A

 17%|█▋        | 44/253 [00:13<00:52,  3.97it/s][A

 18%|█▊        | 45/253 [00:14<00:45,  4.57it/s][A

 18%|█▊        | 46/253 [00:14<00:44,  4.66it/s][A

 19%|█▊        | 47/253 [00:14<00:42,  4.86it/s][A

 19%|█▉        | 48/253 [00:14<00:41,  4.90it/s][A

 19%|█▉        | 49/253 [00:14<00:41,  4.89it/s][A

 20%|█▉        | 50/253 [00:15<00:44,  4.61it/s][A

 20%|██        | 51/253 [00:15<00:43,  4.65it/s][A

 21%|██        | 52/253 [00:15<00:41,  4.86it/s][A

 21%|██        | 53/253 [00:15<00:39,  5.10it/s][A

 21%|██▏       | 54/253 [00:15<00:37,  5.34it/s][A

 22%|██▏       | 55/253 [00:16<00:34,  5.77it/s][A

 22%|██▏       | 56/253 [00:16<00:33,  5.96it/s][A

 23%|██▎       | 57/253 [00:16<00:32,  5.95it/s][A

 23%|██▎       | 58/253 [00:16<00:41,  4.69it/s][A

 23%|██▎       | 59/253 [00:16<00:43,  4.49it/s][A

 24%|██▎       | 60/253 [00:17<00:44,  4.32it/s][A

 24%|██▍       | 61/253 [00:17<00:43,  4.39it/s][A

 25%|██▍       | 62/253 [00:17<00:48,  3.93it/s][A

 25%|██▍       | 63/253 [00:17<00:48,  3.91it/s][A

 25%|██▌       | 64/253 [00:18<00:48,  3.89it/s][A

 26%|██▌       | 65/253 [00:18<00:50,  3.71it/s][A

 26%|██▌       | 66/253 [00:20<02:00,  1.55it/s][A

 26%|██▋       | 67/253 [00:20<01:35,  1.95it/s][A

 27%|██▋       | 68/253 [00:20<01:19,  2.32it/s][A

 27%|██▋       | 69/253 [00:20<01:23,  2.21it/s][A

 28%|██▊       | 70/253 [00:21<01:20,  2.26it/s][A

 28%|██▊       | 71/253 [00:21<01:08,  2.67it/s][A

 28%|██▊       | 72/253 [00:21<00:59,  3.03it/s][A

 29%|██▉       | 73/253 [00:22<00:57,  3.12it/s][A

 29%|██▉       | 74/253 [00:22<00:57,  3.12it/s][A

 30%|██▉       | 75/253 [00:22<00:48,  3.63it/s][A

 30%|███       | 76/253 [00:22<00:42,  4.13it/s][A

 30%|███       | 77/253 [00:22<00:37,  4.71it/s][A

 31%|███       | 78/253 [00:23<00:34,  5.15it/s][A

 31%|███       | 79/253 [00:23<00:32,  5.39it/s][A

 32%|███▏      | 80/253 [00:23<00:36,  4.75it/s][A

 32%|███▏      | 81/253 [00:23<00:36,  4.76it/s][A

 32%|███▏      | 82/253 [00:23<00:36,  4.74it/s][A

 33%|███▎      | 83/253 [00:24<00:33,  5.01it/s][A

 33%|███▎      | 84/253 [00:24<00:35,  4.72it/s][A

 34%|███▎      | 85/253 [00:24<00:33,  5.07it/s][A

 34%|███▍      | 86/253 [00:24<00:39,  4.23it/s][A

 34%|███▍      | 87/253 [00:25<00:38,  4.26it/s][A

 35%|███▍      | 88/253 [00:25<00:36,  4.52it/s][A

 35%|███▌      | 89/253 [00:25<00:33,  4.87it/s][A

 36%|███▌      | 90/253 [00:25<00:30,  5.29it/s][A

 36%|███▌      | 91/253 [00:25<00:29,  5.45it/s][A

 36%|███▋      | 92/253 [00:25<00:28,  5.59it/s][A

 37%|███▋      | 93/253 [00:26<00:38,  4.15it/s][A

 37%|███▋      | 94/253 [00:26<00:42,  3.70it/s][A

 38%|███▊      | 95/253 [00:27<00:49,  3.21it/s][A

 38%|███▊      | 96/253 [00:27<00:55,  2.81it/s][A

 38%|███▊      | 97/253 [00:28<01:02,  2.48it/s][A

 39%|███▊      | 98/253 [00:28<01:00,  2.57it/s][A

 39%|███▉      | 99/253 [00:28<01:01,  2.48it/s][A

 40%|███▉      | 100/253 [00:29<00:52,  2.89it/s][A

 40%|███▉      | 101/253 [00:29<00:52,  2.90it/s][A

 40%|████      | 102/253 [00:29<00:54,  2.77it/s][A

 41%|████      | 103/253 [00:30<00:50,  2.96it/s][A

 41%|████      | 104/253 [00:30<00:45,  3.24it/s][A

 42%|████▏     | 105/253 [00:30<00:43,  3.39it/s][A

 42%|████▏     | 106/253 [00:30<00:47,  3.10it/s][A

 42%|████▏     | 107/253 [00:31<00:43,  3.36it/s][A

 43%|████▎     | 108/253 [00:31<00:37,  3.87it/s][A

 43%|████▎     | 109/253 [00:31<00:41,  3.45it/s][A

 43%|████▎     | 110/253 [00:32<00:44,  3.22it/s][A

 44%|████▍     | 111/253 [00:32<00:43,  3.26it/s][A

 44%|████▍     | 112/253 [00:32<00:37,  3.79it/s][A

 45%|████▍     | 113/253 [00:32<00:36,  3.88it/s][A

 45%|████▌     | 114/253 [00:33<00:36,  3.84it/s][A

 45%|████▌     | 115/253 [00:33<00:33,  4.06it/s][A

 46%|████▌     | 116/253 [00:33<00:31,  4.39it/s][A

 46%|████▌     | 117/253 [00:33<00:34,  3.90it/s][A

 47%|████▋     | 118/253 [00:33<00:31,  4.34it/s][A

 47%|████▋     | 119/253 [00:34<00:29,  4.54it/s][A

 47%|████▋     | 120/253 [00:34<00:29,  4.56it/s][A

 48%|████▊     | 121/253 [00:34<00:29,  4.46it/s][A

 48%|████▊     | 122/253 [00:34<00:33,  3.88it/s][A

 49%|████▊     | 123/253 [00:35<00:30,  4.32it/s][A

 49%|████▉     | 124/253 [00:35<00:27,  4.70it/s][A

 49%|████▉     | 125/253 [00:35<00:29,  4.41it/s][A

 50%|████▉     | 126/253 [00:35<00:35,  3.61it/s][A

 50%|█████     | 127/253 [00:36<00:34,  3.69it/s][A

 51%|█████     | 128/253 [00:36<00:29,  4.22it/s][A

 51%|█████     | 129/253 [00:36<00:30,  4.02it/s][A

 51%|█████▏    | 130/253 [00:36<00:33,  3.62it/s][A

 52%|█████▏    | 131/253 [00:37<00:32,  3.79it/s][A

 52%|█████▏    | 132/253 [00:37<00:38,  3.17it/s][A

 53%|█████▎    | 133/253 [00:37<00:38,  3.08it/s][A

 53%|█████▎    | 134/253 [00:38<00:39,  3.04it/s][A

 53%|█████▎    | 135/253 [00:39<00:59,  1.99it/s][A

 54%|█████▍    | 136/253 [00:39<00:49,  2.38it/s][A

 54%|█████▍    | 137/253 [00:39<00:43,  2.67it/s][A

 55%|█████▍    | 138/253 [00:39<00:37,  3.07it/s][A

 55%|█████▍    | 139/253 [00:40<00:34,  3.28it/s][A

 55%|█████▌    | 140/253 [00:40<00:29,  3.87it/s][A

 56%|█████▌    | 141/253 [00:40<00:27,  4.06it/s][A

 56%|█████▌    | 142/253 [00:40<00:26,  4.12it/s][A

 57%|█████▋    | 143/253 [00:40<00:24,  4.42it/s][A

 57%|█████▋    | 144/253 [00:41<00:22,  4.82it/s][A

 57%|█████▋    | 145/253 [00:41<00:20,  5.33it/s][A

 58%|█████▊    | 146/253 [00:41<00:18,  5.69it/s][A

 58%|█████▊    | 147/253 [00:41<00:17,  5.99it/s][A

 58%|█████▊    | 148/253 [00:41<00:17,  5.97it/s][A

 59%|█████▉    | 149/253 [00:41<00:17,  5.92it/s][A

 59%|█████▉    | 150/253 [00:42<00:16,  6.19it/s][A

 60%|█████▉    | 151/253 [00:42<00:16,  6.22it/s][A

 60%|██████    | 152/253 [00:42<00:15,  6.38it/s][A

 60%|██████    | 153/253 [00:42<00:15,  6.32it/s][A

 61%|██████    | 154/253 [00:42<00:15,  6.35it/s][A

 61%|██████▏   | 155/253 [00:42<00:15,  6.14it/s][A

 62%|██████▏   | 156/253 [00:43<00:15,  6.22it/s][A

 62%|██████▏   | 157/253 [00:43<00:15,  6.27it/s][A

 62%|██████▏   | 158/253 [00:43<00:15,  6.30it/s][A

 63%|██████▎   | 159/253 [00:43<00:15,  6.13it/s][A

 63%|██████▎   | 160/253 [00:43<00:22,  4.07it/s][A

 64%|██████▎   | 161/253 [00:44<00:20,  4.45it/s][A

 64%|██████▍   | 162/253 [00:45<00:42,  2.13it/s][A

 64%|██████▍   | 163/253 [00:45<00:40,  2.21it/s][A

 65%|██████▍   | 164/253 [00:45<00:36,  2.42it/s][A

 65%|██████▌   | 165/253 [00:46<00:34,  2.51it/s][A

 66%|██████▌   | 166/253 [00:46<00:42,  2.05it/s][A

 66%|██████▌   | 167/253 [00:48<01:03,  1.35it/s][A

 66%|██████▋   | 168/253 [00:48<00:48,  1.76it/s][A

 67%|██████▋   | 169/253 [00:48<00:43,  1.95it/s][A

 67%|██████▋   | 170/253 [00:48<00:34,  2.43it/s][A

 68%|██████▊   | 171/253 [00:49<00:28,  2.85it/s][A

 68%|██████▊   | 172/253 [00:49<00:25,  3.15it/s][A

 68%|██████▊   | 173/253 [00:49<00:23,  3.35it/s][A

 69%|██████▉   | 174/253 [00:49<00:20,  3.85it/s][A

 69%|██████▉   | 175/253 [00:50<00:17,  4.46it/s][A

 70%|██████▉   | 176/253 [00:50<00:15,  5.00it/s][A

 70%|██████▉   | 177/253 [00:50<00:14,  5.36it/s][A

 70%|███████   | 178/253 [00:50<00:13,  5.75it/s][A

 71%|███████   | 179/253 [00:50<00:12,  5.76it/s][A

 71%|███████   | 180/253 [00:50<00:12,  5.85it/s][A

 72%|███████▏  | 181/253 [00:50<00:12,  5.86it/s][A

 72%|███████▏  | 182/253 [00:51<00:11,  6.08it/s][A

 72%|███████▏  | 183/253 [00:51<00:11,  5.93it/s][A

 73%|███████▎  | 184/253 [00:51<00:11,  6.11it/s][A

 73%|███████▎  | 185/253 [00:51<00:11,  6.09it/s][A

 74%|███████▎  | 186/253 [00:51<00:10,  6.22it/s][A

 74%|███████▍  | 187/253 [00:51<00:10,  6.18it/s][A

 74%|███████▍  | 188/253 [00:52<00:10,  5.96it/s][A

 75%|███████▍  | 189/253 [00:52<00:15,  4.24it/s][A

 75%|███████▌  | 190/253 [00:52<00:17,  3.61it/s][A

 75%|███████▌  | 191/253 [00:53<00:21,  2.93it/s][A

 76%|███████▌  | 192/253 [00:53<00:19,  3.19it/s][A

 76%|███████▋  | 193/253 [00:54<00:22,  2.72it/s][A

 77%|███████▋  | 194/253 [00:54<00:19,  3.03it/s][A

 77%|███████▋  | 195/253 [00:54<00:16,  3.49it/s][A

 77%|███████▋  | 196/253 [00:55<00:27,  2.11it/s][A

 78%|███████▊  | 197/253 [00:55<00:23,  2.37it/s][A

 78%|███████▊  | 198/253 [00:55<00:18,  2.93it/s][A

 79%|███████▊  | 199/253 [00:56<00:16,  3.28it/s][A

 79%|███████▉  | 200/253 [00:56<00:14,  3.57it/s][A

 79%|███████▉  | 201/253 [00:56<00:12,  4.05it/s][A

 80%|███████▉  | 202/253 [00:56<00:12,  4.09it/s][A

 80%|████████  | 203/253 [00:57<00:13,  3.67it/s][A

 81%|████████  | 204/253 [00:57<00:13,  3.64it/s][A

 81%|████████  | 205/253 [00:57<00:11,  4.09it/s][A

 81%|████████▏ | 206/253 [00:57<00:10,  4.57it/s][A

 82%|████████▏ | 207/253 [00:57<00:09,  4.94it/s][A

 82%|████████▏ | 208/253 [00:58<00:08,  5.24it/s][A

 83%|████████▎ | 209/253 [00:58<00:08,  5.44it/s][A

 83%|████████▎ | 210/253 [00:58<00:07,  5.69it/s][A

 83%|████████▎ | 211/253 [00:58<00:07,  5.90it/s][A

 84%|████████▍ | 212/253 [00:58<00:09,  4.30it/s][A

 84%|████████▍ | 213/253 [00:59<00:08,  4.59it/s][A

 85%|████████▍ | 214/253 [00:59<00:10,  3.89it/s][A

 85%|████████▍ | 215/253 [00:59<00:12,  2.99it/s][A

 85%|████████▌ | 216/253 [01:00<00:12,  2.91it/s][A

 86%|████████▌ | 217/253 [01:00<00:13,  2.77it/s][A

 86%|████████▌ | 218/253 [01:01<00:12,  2.83it/s][A

 87%|████████▋ | 219/253 [01:01<00:10,  3.25it/s][A

 87%|████████▋ | 220/253 [01:01<00:12,  2.70it/s][A

 87%|████████▋ | 221/253 [01:01<00:09,  3.23it/s][A

 88%|████████▊ | 222/253 [01:02<00:11,  2.60it/s][A

 88%|████████▊ | 223/253 [01:02<00:10,  2.89it/s][A

 89%|████████▊ | 224/253 [01:02<00:08,  3.36it/s][A

 89%|████████▉ | 225/253 [01:03<00:07,  3.78it/s][A

 89%|████████▉ | 226/253 [01:03<00:07,  3.55it/s][A

 90%|████████▉ | 227/253 [01:03<00:06,  3.87it/s][A

 90%|█████████ | 228/253 [01:03<00:05,  4.50it/s][A

 91%|█████████ | 229/253 [01:03<00:04,  4.97it/s][A

 91%|█████████ | 230/253 [01:04<00:04,  5.22it/s][A

 91%|█████████▏| 231/253 [01:04<00:03,  5.61it/s][A

 92%|█████████▏| 232/253 [01:04<00:03,  5.73it/s][A

 92%|█████████▏| 233/253 [01:04<00:04,  4.47it/s][A

 92%|█████████▏| 234/253 [01:05<00:04,  4.08it/s][A

 93%|█████████▎| 235/253 [01:05<00:04,  4.14it/s][A

 93%|█████████▎| 236/253 [01:05<00:03,  4.49it/s][A

 94%|█████████▎| 237/253 [01:05<00:03,  4.82it/s][A

 94%|█████████▍| 238/253 [01:05<00:03,  4.89it/s][A

 94%|█████████▍| 239/253 [01:05<00:02,  5.27it/s][A

 95%|█████████▍| 240/253 [01:06<00:02,  5.53it/s][A

 95%|█████████▌| 241/253 [01:06<00:02,  5.66it/s][A

 96%|█████████▌| 242/253 [01:06<00:02,  5.03it/s][A

 96%|█████████▌| 243/253 [01:06<00:02,  4.39it/s][A

 96%|█████████▋| 244/253 [01:07<00:01,  4.61it/s][A

 97%|█████████▋| 245/253 [01:07<00:01,  4.78it/s][A

 97%|█████████▋| 246/253 [01:07<00:02,  3.47it/s][A

 98%|█████████▊| 247/253 [01:08<00:02,  2.36it/s][A

 98%|█████████▊| 248/253 [01:08<00:01,  2.82it/s][A

 98%|█████████▊| 249/253 [01:08<00:01,  3.19it/s][A

 99%|█████████▉| 250/253 [01:09<00:00,  3.51it/s][A

 99%|█████████▉| 251/253 [01:09<00:00,  2.99it/s][A

100%|█████████▉| 252/253 [01:09<00:00,  3.32it/s][A

100%|██████████| 253/253 [01:10<00:00,  3.26it/s][A
                                                     

                                                 
[A{'eval_loss': '1.391', 'eval_runtime': '70.25', 'eval_samples_per_second': '7.202', 'eval_steps_per_second': '3.601', 'eval_entropy': '1.31', 'eval_num_tokens': '2.079e+06', 'eval_mean_token_accuracy': '0.637', 'epoch': '1.819'}

 91%|█████████ | 1000/1100 [1:37:06<08:00,  4.81s/it]

100%|██████████| 253/253 [01:10<00:00,  3.26it/s][A

                                                 [A
 91%|█████████ | 1001/1100 [1:37:11<42:31, 25.77s/it]
 91%|█████████ | 1002/1100 [1:37:17<32:42, 20.03s/it]
 91%|█████████ | 1003/1100 [1:37:23<25:29, 15.76s/it]
 91%|█████████▏| 1004/1100 [1:37:30<21:01, 13.14s/it]
 91%|█████████▏| 1005/1100 [1:37:33<16:02, 10.13s/it]
 91%|█████████▏| 1006/1100 [1:37:39<13:40,  8.73s/it]
 92%|█████████▏| 1007/1100 [1:37:43<11:26,  7.38s/it]
 92%|█████████▏| 1008/1100 [1:37:47<09:55,  6.47s/it]
 92%|█████████▏| 1009/1100 [1:37:54<09:51,  6.50s/it]
 92%|█████████▏| 1010/1100 [1:37:59<09:08,  6.09s/it]
                                                     
{'loss': '1.272', 'grad_norm': '1.655', 'learning_rate': '4.141e-06', 'entropy': '1.27', 'num_tokens': '2.1e+06', 'mean_token_accuracy': '0.6637', 'epoch': '1.837'}

 92%|█████████▏| 1010/1100 [1:37:59<09:08,  6.09s/it]
 92%|█████████▏| 1011/1100 [1:38:07<09:55,  6.70s/it]
 92%|█████████▏| 1012/1100 [1:38:11<08:30,  5.80s/it]
 92%|█████████▏| 1013/1100 [1:38:16<08:15,  5.70s/it]
 92%|█████████▏| 1014/1100 [1:38:20<07:12,  5.03s/it]
 92%|█████████▏| 1015/1100 [1:38:25<07:17,  5.14s/it]
 92%|█████████▏| 1016/1100 [1:38:29<06:25,  4.59s/it]
 92%|█████████▏| 1017/1100 [1:38:35<06:53,  4.98s/it]
 93%|█████████▎| 1018/1100 [1:38:38<06:19,  4.63s/it]
 93%|█████████▎| 1019/1100 [1:38:44<06:52,  5.09s/it]
 93%|█████████▎| 1020/1100 [1:38:49<06:32,  4.91s/it]
                                                     
{'loss': '1.301', 'grad_norm': '1.786', 'learning_rate': '3.285e-06', 'entropy': '1.304', 'num_tokens': '2.121e+06', 'mean_token_accuracy': '0.6457', 'epoch': '1.855'}

 93%|█████████▎| 1020/1100 [1:38:49<06:32,  4.91s/it]
 93%|█████████▎| 1021/1100 [1:38:56<07:11,  5.46s/it]
 93%|█████████▎| 1022/1100 [1:39:02<07:19,  5.63s/it]
 93%|█████████▎| 1023/1100 [1:39:06<06:51,  5.34s/it]
 93%|█████████▎| 1024/1100 [1:39:12<06:47,  5.37s/it]
 93%|█████████▎| 1025/1100 [1:39:17<06:44,  5.40s/it]
 93%|█████████▎| 1026/1100 [1:39:22<06:18,  5.11s/it]
 93%|█████████▎| 1027/1100 [1:39:27<06:13,  5.12s/it]
 93%|█████████▎| 1028/1100 [1:39:31<05:52,  4.89s/it]
 94%|█████████▎| 1029/1100 [1:39:38<06:35,  5.57s/it]
 94%|█████████▎| 1030/1100 [1:39:42<05:55,  5.07s/it]
                                                     
{'loss': '1.363', 'grad_norm': '1.424', 'learning_rate': '2.527e-06', 'entropy': '1.331', 'num_tokens': '2.142e+06', 'mean_token_accuracy': '0.6485', 'epoch': '1.873'}

 94%|█████████▎| 1030/1100 [1:39:42<05:55,  5.07s/it]
 94%|█████████▎| 1031/1100 [1:39:49<06:28,  5.63s/it]
 94%|█████████▍| 1032/1100 [1:39:54<06:06,  5.39s/it]
 94%|█████████▍| 1033/1100 [1:40:01<06:28,  5.80s/it]
 94%|█████████▍| 1034/1100 [1:40:03<05:16,  4.80s/it]
 94%|█████████▍| 1035/1100 [1:40:07<04:59,  4.60s/it]
 94%|█████████▍| 1036/1100 [1:40:13<05:14,  4.91s/it]
 94%|█████████▍| 1037/1100 [1:40:19<05:26,  5.19s/it]
 94%|█████████▍| 1038/1100 [1:40:23<04:52,  4.71s/it]
 94%|█████████▍| 1039/1100 [1:40:27<04:36,  4.53s/it]
 95%|█████████▍| 1040/1100 [1:40:35<05:32,  5.54s/it]
                                                     
{'loss': '1.211', 'grad_norm': '1.701', 'learning_rate': '1.868e-06', 'entropy': '1.257', 'num_tokens': '2.162e+06', 'mean_token_accuracy': '0.6778', 'epoch': '1.891'}

 95%|█████████▍| 1040/1100 [1:40:35<05:32,  5.54s/it]
 95%|█████████▍| 1041/1100 [1:40:39<05:10,  5.26s/it]
 95%|█████████▍| 1042/1100 [1:40:46<05:36,  5.81s/it]
 95%|█████████▍| 1043/1100 [1:40:49<04:43,  4.97s/it]
 95%|█████████▍| 1044/1100 [1:40:52<04:00,  4.30s/it]
 95%|█████████▌| 1045/1100 [1:40:57<04:13,  4.60s/it]
 95%|█████████▌| 1046/1100 [1:41:04<04:35,  5.10s/it]
 95%|█████████▌| 1047/1100 [1:41:10<04:56,  5.59s/it]
 95%|█████████▌| 1048/1100 [1:41:15<04:31,  5.23s/it]
 95%|█████████▌| 1049/1100 [1:41:19<04:08,  4.88s/it]
 95%|█████████▌| 1050/1100 [1:41:24<04:03,  4.87s/it]
                                                     
{'loss': '1.302', 'grad_norm': '1.625', 'learning_rate': '1.307e-06', 'entropy': '1.301', 'num_tokens': '2.183e+06', 'mean_token_accuracy': '0.6536', 'epoch': '1.91'}

 95%|█████████▌| 1050/1100 [1:41:24<04:03,  4.87s/it]
 96%|█████████▌| 1051/1100 [1:41:29<04:06,  5.02s/it]
 96%|█████████▌| 1052/1100 [1:41:32<03:39,  4.58s/it]
 96%|█████████▌| 1053/1100 [1:41:39<03:57,  5.05s/it]
 96%|█████████▌| 1054/1100 [1:41:45<04:12,  5.49s/it]
 96%|█████████▌| 1055/1100 [1:41:50<03:52,  5.16s/it]
 96%|█████████▌| 1056/1100 [1:41:56<03:59,  5.43s/it]
 96%|█████████▌| 1057/1100 [1:41:59<03:33,  4.97s/it]
 96%|█████████▌| 1058/1100 [1:42:04<03:27,  4.94s/it]
 96%|█████████▋| 1059/1100 [1:42:08<03:04,  4.49s/it]
 96%|█████████▋| 1060/1100 [1:42:13<03:08,  4.72s/it]
                                                     
{'loss': '1.315', 'grad_norm': '1.543', 'learning_rate': '8.452e-07', 'entropy': '1.32', 'num_tokens': '2.204e+06', 'mean_token_accuracy': '0.6447', 'epoch': '1.928'}

 96%|█████████▋| 1060/1100 [1:42:13<03:08,  4.72s/it]
 96%|█████████▋| 1061/1100 [1:42:17<02:56,  4.53s/it]
 97%|█████████▋| 1062/1100 [1:42:20<02:38,  4.16s/it]
 97%|█████████▋| 1063/1100 [1:42:23<02:19,  3.77s/it]
 97%|█████████▋| 1064/1100 [1:42:28<02:25,  4.03s/it]
 97%|█████████▋| 1065/1100 [1:42:31<02:08,  3.66s/it]
 97%|█████████▋| 1066/1100 [1:42:38<02:45,  4.86s/it]
 97%|█████████▋| 1067/1100 [1:42:43<02:34,  4.69s/it]
 97%|█████████▋| 1068/1100 [1:42:48<02:32,  4.75s/it]
 97%|█████████▋| 1069/1100 [1:42:55<02:50,  5.50s/it]
 97%|█████████▋| 1070/1100 [1:42:58<02:25,  4.84s/it]
                                                     
{'loss': '1.257', 'grad_norm': '1.705', 'learning_rate': '4.835e-07', 'entropy': '1.263', 'num_tokens': '2.225e+06', 'mean_token_accuracy': '0.6696', 'epoch': '1.946'}

 97%|█████████▋| 1070/1100 [1:42:58<02:25,  4.84s/it]
 97%|█████████▋| 1071/1100 [1:43:05<02:36,  5.38s/it]
 97%|█████████▋| 1072/1100 [1:43:08<02:14,  4.80s/it]
 98%|█████████▊| 1073/1100 [1:43:11<01:54,  4.23s/it]
 98%|█████████▊| 1074/1100 [1:43:17<02:02,  4.73s/it]
 98%|█████████▊| 1075/1100 [1:43:25<02:19,  5.58s/it]
 98%|█████████▊| 1076/1100 [1:43:27<01:53,  4.74s/it]
 98%|█████████▊| 1077/1100 [1:43:34<02:01,  5.28s/it]
 98%|█████████▊| 1078/1100 [1:43:41<02:07,  5.78s/it]
 98%|█████████▊| 1079/1100 [1:43:46<01:57,  5.60s/it]
 98%|█████████▊| 1080/1100 [1:43:52<01:55,  5.79s/it]
                                                     
{'loss': '1.256', 'grad_norm': '1.793', 'learning_rate': '2.22e-07', 'entropy': '1.238', 'num_tokens': '2.246e+06', 'mean_token_accuracy': '0.6623', 'epoch': '1.964'}

 98%|█████████▊| 1080/1100 [1:43:52<01:55,  5.79s/it]
 98%|█████████▊| 1081/1100 [1:43:58<01:48,  5.73s/it]
 98%|█████████▊| 1082/1100 [1:44:05<01:50,  6.15s/it]
 98%|█████████▊| 1083/1100 [1:44:08<01:30,  5.30s/it]
 99%|█████████▊| 1084/1100 [1:44:14<01:27,  5.46s/it]
 99%|█████████▊| 1085/1100 [1:44:22<01:31,  6.09s/it]
 99%|█████████▊| 1086/1100 [1:44:27<01:22,  5.89s/it]
 99%|█████████▉| 1087/1100 [1:44:35<01:22,  6.37s/it]
 99%|█████████▉| 1088/1100 [1:44:40<01:12,  6.06s/it]
 99%|█████████▉| 1089/1100 [1:44:45<01:01,  5.62s/it]
 99%|█████████▉| 1090/1100 [1:44:47<00:46,  4.63s/it]
                                                     
{'loss': '1.349', 'grad_norm': '1.819', 'learning_rate': '6.092e-08', 'entropy': '1.299', 'num_tokens': '2.267e+06', 'mean_token_accuracy': '0.6504', 'epoch': '1.982'}

 99%|█████████▉| 1090/1100 [1:44:47<00:46,  4.63s/it]
 99%|█████████▉| 1091/1100 [1:44:56<00:54,  6.03s/it]
 99%|█████████▉| 1092/1100 [1:45:10<01:07,  8.48s/it]
 99%|█████████▉| 1093/1100 [1:45:14<00:48,  6.99s/it]
 99%|█████████▉| 1094/1100 [1:45:25<00:49,  8.17s/it]
100%|█████████▉| 1095/1100 [1:45:28<00:33,  6.67s/it]
100%|█████████▉| 1096/1100 [1:45:36<00:28,  7.16s/it]
100%|█████████▉| 1097/1100 [1:45:41<00:19,  6.35s/it]
100%|█████████▉| 1098/1100 [1:45:44<00:11,  5.50s/it]
100%|█████████▉| 1099/1100 [1:45:49<00:05,  5.20s/it]
100%|██████████| 1100/1100 [1:45:51<00:00,  4.35s/it]
                                                     
{'loss': '1.298', 'grad_norm': '1.815', 'learning_rate': '5.035e-10', 'entropy': '1.288', 'num_tokens': '2.286e+06', 'mean_token_accuracy': '0.6638', 'epoch': '2'}

100%|██████████| 1100/1100 [1:45:51<00:00,  4.35s/it]

  0%|          | 0/253 [00:00<?, ?it/s][A

  1%|          | 2/253 [00:00<00:17, 14.13it/s][A

  2%|▏         | 4/253 [00:00<00:31,  7.89it/s][A

  2%|▏         | 5/253 [00:00<00:34,  7.25it/s][A

  2%|▏         | 6/253 [00:00<00:35,  7.03it/s][A

  3%|▎         | 7/253 [00:00<00:35,  6.97it/s][A

  3%|▎         | 8/253 [00:01<00:36,  6.72it/s][A

  4%|▎         | 9/253 [00:01<00:38,  6.42it/s][A

  4%|▍         | 10/253 [00:01<00:42,  5.67it/s][A

  4%|▍         | 11/253 [00:01<00:44,  5.43it/s][A

  5%|▍         | 12/253 [00:01<00:43,  5.59it/s][A

  5%|▌         | 13/253 [00:02<00:56,  4.26it/s][A

  6%|▌         | 14/253 [00:02<01:11,  3.36it/s][A

  6%|▌         | 15/253 [00:03<01:53,  2.09it/s][A

  6%|▋         | 16/253 [00:04<01:53,  2.10it/s][A

  7%|▋         | 17/253 [00:04<01:51,  2.13it/s][A

  7%|▋         | 18/253 [00:04<01:30,  2.60it/s][A

  8%|▊         | 19/253 [00:05<01:30,  2.60it/s][A

  8%|▊         | 20/253 [00:05<01:18,  2.98it/s][A

  8%|▊         | 21/253 [00:05<01:34,  2.45it/s][A

  9%|▊         | 22/253 [00:06<01:34,  2.44it/s][A

  9%|▉         | 23/253 [00:06<01:20,  2.85it/s][A

  9%|▉         | 24/253 [00:06<01:26,  2.65it/s][A

 10%|▉         | 25/253 [00:07<01:16,  2.98it/s][A

 10%|█         | 26/253 [00:07<01:17,  2.93it/s][A

 11%|█         | 27/253 [00:07<01:10,  3.19it/s][A

 11%|█         | 28/253 [00:08<01:06,  3.36it/s][A

 11%|█▏        | 29/253 [00:08<00:59,  3.76it/s][A

 12%|█▏        | 30/253 [00:08<00:51,  4.32it/s][A

 12%|█▏        | 31/253 [00:08<00:47,  4.69it/s][A

 13%|█▎        | 32/253 [00:08<00:56,  3.92it/s][A

 13%|█▎        | 33/253 [00:09<00:53,  4.10it/s][A

 13%|█▎        | 34/253 [00:09<01:04,  3.41it/s][A

 14%|█▍        | 35/253 [00:09<01:02,  3.50it/s][A

 14%|█▍        | 36/253 [00:09<00:55,  3.94it/s][A

 15%|█▍        | 37/253 [00:10<00:48,  4.46it/s][A

 15%|█▌        | 38/253 [00:10<00:44,  4.85it/s][A

 15%|█▌        | 39/253 [00:10<00:45,  4.71it/s][A

 16%|█▌        | 40/253 [00:11<01:13,  2.90it/s][A

 16%|█▌        | 41/253 [00:11<01:13,  2.88it/s][A

 17%|█▋        | 42/253 [00:11<01:13,  2.87it/s][A

 17%|█▋        | 43/253 [00:12<01:33,  2.24it/s][A

 17%|█▋        | 44/253 [00:13<01:44,  2.01it/s][A

 18%|█▊        | 45/253 [00:13<01:55,  1.80it/s][A

 18%|█▊        | 46/253 [00:14<01:35,  2.17it/s][A

 19%|█▊        | 47/253 [00:14<01:27,  2.36it/s][A

 19%|█▉        | 48/253 [00:14<01:11,  2.87it/s][A

 19%|█▉        | 49/253 [00:14<01:05,  3.09it/s][A

 20%|█▉        | 50/253 [00:15<01:04,  3.17it/s][A

 20%|██        | 51/253 [00:15<01:06,  3.02it/s][A

 21%|██        | 52/253 [00:15<01:05,  3.05it/s][A

 21%|██        | 53/253 [00:16<00:57,  3.47it/s][A

 21%|██▏       | 54/253 [00:16<00:55,  3.60it/s][A

 22%|██▏       | 55/253 [00:16<00:52,  3.74it/s][A

 22%|██▏       | 56/253 [00:16<00:48,  4.05it/s][A

 23%|██▎       | 57/253 [00:17<00:49,  3.98it/s][A

 23%|██▎       | 58/253 [00:17<00:44,  4.39it/s][A

 23%|██▎       | 59/253 [00:17<00:41,  4.71it/s][A

 24%|██▎       | 60/253 [00:17<00:38,  5.06it/s][A

 24%|██▍       | 61/253 [00:17<00:35,  5.47it/s][A

 25%|██▍       | 62/253 [00:17<00:35,  5.39it/s][A

 25%|██▍       | 63/253 [00:18<00:34,  5.57it/s][A

 25%|██▌       | 64/253 [00:18<00:32,  5.85it/s][A

 26%|██▌       | 65/253 [00:18<00:32,  5.85it/s][A

 26%|██▌       | 66/253 [00:18<00:32,  5.84it/s][A

 26%|██▋       | 67/253 [00:18<00:30,  6.04it/s][A

 27%|██▋       | 68/253 [00:18<00:30,  6.15it/s][A

 27%|██▋       | 69/253 [00:19<00:30,  6.07it/s][A

 28%|██▊       | 70/253 [00:19<00:30,  5.98it/s][A

 28%|██▊       | 71/253 [00:19<00:30,  5.99it/s][A

 28%|██▊       | 72/253 [00:19<00:31,  5.79it/s][A

 29%|██▉       | 73/253 [00:19<00:37,  4.86it/s][A

 29%|██▉       | 74/253 [00:20<00:43,  4.14it/s][A

 30%|██▉       | 75/253 [00:20<00:39,  4.53it/s][A

 30%|███       | 76/253 [00:20<00:42,  4.18it/s][A

 30%|███       | 77/253 [00:20<00:41,  4.24it/s][A

 31%|███       | 78/253 [00:21<00:48,  3.59it/s][A

 31%|███       | 79/253 [00:21<00:48,  3.61it/s][A

 32%|███▏      | 80/253 [00:21<00:52,  3.27it/s][A

 32%|███▏      | 81/253 [00:22<01:04,  2.69it/s][A

 32%|███▏      | 82/253 [00:23<01:32,  1.85it/s][A

 33%|███▎      | 83/253 [00:23<01:13,  2.33it/s][A

 33%|███▎      | 84/253 [00:23<01:08,  2.45it/s][A

 34%|███▎      | 85/253 [00:24<01:00,  2.78it/s][A

 34%|███▍      | 86/253 [00:24<00:58,  2.84it/s][A

 34%|███▍      | 87/253 [00:24<00:50,  3.30it/s][A

 35%|███▍      | 88/253 [00:24<00:43,  3.77it/s][A

 35%|███▌      | 89/253 [00:24<00:38,  4.22it/s][A

 36%|███▌      | 90/253 [00:25<00:37,  4.38it/s][A

 36%|███▌      | 91/253 [00:25<00:35,  4.53it/s][A

 36%|███▋      | 92/253 [00:25<00:35,  4.54it/s][A

 37%|███▋      | 93/253 [00:25<00:36,  4.42it/s][A

 37%|███▋      | 94/253 [00:26<00:34,  4.61it/s][A

 38%|███▊      | 95/253 [00:26<00:30,  5.14it/s][A

 38%|███▊      | 96/253 [00:26<00:27,  5.64it/s][A

 38%|███▊      | 97/253 [00:26<00:28,  5.48it/s][A

 39%|███▊      | 98/253 [00:26<00:28,  5.52it/s][A

 39%|███▉      | 99/253 [00:26<00:27,  5.67it/s][A

 40%|███▉      | 100/253 [00:26<00:26,  5.79it/s][A

 40%|███▉      | 101/253 [00:27<00:26,  5.75it/s][A

 40%|████      | 102/253 [00:27<00:25,  5.86it/s][A

 41%|████      | 103/253 [00:27<00:25,  5.87it/s][A

 41%|████      | 104/253 [00:27<00:25,  5.93it/s][A

 42%|████▏     | 105/253 [00:27<00:24,  5.92it/s][A

 42%|████▏     | 106/253 [00:27<00:23,  6.13it/s][A

 42%|████▏     | 107/253 [00:28<00:24,  5.98it/s][A

 43%|████▎     | 108/253 [00:28<00:24,  5.91it/s][A

 43%|████▎     | 109/253 [00:28<00:24,  5.83it/s][A

 43%|████▎     | 110/253 [00:28<00:28,  5.01it/s][A

 44%|████▍     | 111/253 [00:29<00:29,  4.77it/s][A

 44%|████▍     | 112/253 [00:29<00:28,  5.02it/s][A

 45%|████▍     | 113/253 [00:29<00:27,  5.16it/s][A

 45%|████▌     | 114/253 [00:29<00:26,  5.28it/s][A

 45%|████▌     | 115/253 [00:30<00:38,  3.60it/s][A

 46%|████▌     | 116/253 [00:30<01:04,  2.12it/s][A

 46%|████▌     | 117/253 [00:31<00:58,  2.32it/s][A

 47%|████▋     | 118/253 [00:31<00:54,  2.46it/s][A

 47%|████▋     | 119/253 [00:31<00:49,  2.70it/s][A

 47%|████▋     | 120/253 [00:32<00:47,  2.82it/s][A

 48%|████▊     | 121/253 [00:32<00:49,  2.66it/s][A

 48%|████▊     | 122/253 [00:32<00:43,  3.01it/s][A

 49%|████▊     | 123/253 [00:33<00:41,  3.16it/s][A

 49%|████▉     | 124/253 [00:33<00:39,  3.29it/s][A

 49%|████▉     | 125/253 [00:33<00:38,  3.35it/s][A

 50%|████▉     | 126/253 [00:33<00:34,  3.66it/s][A

 50%|█████     | 127/253 [00:34<00:30,  4.11it/s][A

 51%|█████     | 128/253 [00:34<00:26,  4.63it/s][A

 51%|█████     | 129/253 [00:34<00:25,  4.87it/s][A

 51%|█████▏    | 130/253 [00:34<00:24,  5.08it/s][A

 52%|█████▏    | 131/253 [00:35<00:32,  3.75it/s][A

 52%|█████▏    | 132/253 [00:35<00:36,  3.32it/s][A

 53%|█████▎    | 133/253 [00:35<00:30,  3.88it/s][A

 53%|█████▎    | 134/253 [00:35<00:28,  4.24it/s][A

 53%|█████▎    | 135/253 [00:35<00:25,  4.55it/s][A

 54%|█████▍    | 136/253 [00:36<00:30,  3.78it/s][A

 54%|█████▍    | 137/253 [00:36<00:37,  3.08it/s][A

 55%|█████▍    | 138/253 [00:37<01:00,  1.89it/s][A

 55%|█████▍    | 139/253 [00:38<00:58,  1.95it/s][A

 55%|█████▌    | 140/253 [00:39<01:19,  1.43it/s][A

 56%|█████▌    | 141/253 [00:39<01:06,  1.68it/s][A

 56%|█████▌    | 142/253 [00:40<00:59,  1.86it/s][A

 57%|█████▋    | 143/253 [00:40<00:51,  2.12it/s][A

 57%|█████▋    | 144/253 [00:40<00:48,  2.27it/s][A

 57%|█████▋    | 145/253 [00:41<00:42,  2.52it/s][A

 58%|█████▊    | 146/253 [00:41<00:34,  3.09it/s][A

 58%|█████▊    | 147/253 [00:41<00:31,  3.33it/s][A

 58%|█████▊    | 148/253 [00:41<00:33,  3.17it/s][A

 59%|█████▉    | 149/253 [00:42<00:29,  3.56it/s][A

 59%|█████▉    | 150/253 [00:42<00:36,  2.80it/s][A

 60%|█████▉    | 151/253 [00:42<00:31,  3.21it/s][A

 60%|██████    | 152/253 [00:42<00:26,  3.87it/s][A

 60%|██████    | 153/253 [00:43<00:22,  4.53it/s][A

 61%|██████    | 154/253 [00:43<00:19,  5.13it/s][A

 61%|██████▏   | 155/253 [00:43<00:18,  5.38it/s][A

 62%|██████▏   | 156/253 [00:43<00:16,  5.86it/s][A

 62%|██████▏   | 157/253 [00:43<00:15,  6.06it/s][A

 62%|██████▏   | 158/253 [00:43<00:15,  6.19it/s][A

 63%|██████▎   | 159/253 [00:44<00:15,  6.07it/s][A

 63%|██████▎   | 160/253 [00:44<00:15,  6.07it/s][A

 64%|██████▎   | 161/253 [00:44<00:15,  6.03it/s][A

 64%|██████▍   | 162/253 [00:44<00:15,  5.77it/s][A

 64%|██████▍   | 163/253 [00:44<00:14,  6.01it/s][A

 65%|██████▍   | 164/253 [00:44<00:15,  5.80it/s][A

 65%|██████▌   | 165/253 [00:45<00:15,  5.82it/s][A

 66%|██████▌   | 166/253 [00:45<00:14,  5.83it/s][A

 66%|██████▌   | 167/253 [00:45<00:14,  5.93it/s][A

 66%|██████▋   | 168/253 [00:45<00:14,  5.94it/s][A

 67%|██████▋   | 169/253 [00:46<00:20,  4.03it/s][A

 67%|██████▋   | 170/253 [00:46<00:19,  4.27it/s][A

 68%|██████▊   | 171/253 [00:46<00:18,  4.37it/s][A

 68%|██████▊   | 172/253 [00:46<00:18,  4.32it/s][A

 68%|██████▊   | 173/253 [00:46<00:20,  3.94it/s][A

 69%|██████▉   | 174/253 [00:48<00:42,  1.87it/s][A

 69%|██████▉   | 175/253 [00:48<00:34,  2.24it/s][A

 70%|██████▉   | 176/253 [00:48<00:30,  2.51it/s][A

 70%|██████▉   | 177/253 [00:48<00:26,  2.90it/s][A

 70%|███████   | 178/253 [00:49<00:25,  2.92it/s][A

 71%|███████   | 179/253 [00:49<00:22,  3.24it/s][A

 71%|███████   | 180/253 [00:49<00:22,  3.27it/s][A

 72%|███████▏  | 181/253 [00:50<00:23,  3.08it/s][A

 72%|███████▏  | 182/253 [00:50<00:19,  3.68it/s][A

 72%|███████▏  | 183/253 [00:50<00:18,  3.71it/s][A

 73%|███████▎  | 184/253 [00:50<00:18,  3.74it/s][A

 73%|███████▎  | 185/253 [00:50<00:16,  4.18it/s][A

 74%|███████▎  | 186/253 [00:51<00:18,  3.64it/s][A

 74%|███████▍  | 187/253 [00:51<00:17,  3.74it/s][A

 74%|███████▍  | 188/253 [00:51<00:15,  4.17it/s][A

 75%|███████▍  | 189/253 [00:51<00:14,  4.45it/s][A

 75%|███████▌  | 190/253 [00:52<00:12,  4.88it/s][A

 75%|███████▌  | 191/253 [00:52<00:15,  3.93it/s][A

 76%|███████▌  | 192/253 [00:52<00:14,  4.22it/s][A

 76%|███████▋  | 193/253 [00:53<00:20,  2.90it/s][A

 77%|███████▋  | 194/253 [00:53<00:18,  3.14it/s][A

 77%|███████▋  | 195/253 [00:55<00:38,  1.50it/s][A

 77%|███████▋  | 196/253 [00:55<00:33,  1.69it/s][A

 78%|███████▊  | 197/253 [00:55<00:27,  2.06it/s][A

 78%|███████▊  | 198/253 [00:56<00:27,  2.02it/s][A

 79%|███████▊  | 199/253 [00:57<00:37,  1.45it/s][A

 79%|███████▉  | 200/253 [00:57<00:29,  1.79it/s][A

 79%|███████▉  | 201/253 [00:57<00:24,  2.10it/s][A

 80%|███████▉  | 202/253 [00:58<00:21,  2.43it/s][A

 80%|████████  | 203/253 [00:58<00:20,  2.48it/s][A

 81%|████████  | 204/253 [00:58<00:17,  2.78it/s][A

 81%|████████  | 205/253 [00:59<00:16,  2.90it/s][A

 81%|████████▏ | 206/253 [00:59<00:14,  3.25it/s][A

 82%|████████▏ | 207/253 [00:59<00:13,  3.34it/s][A

 82%|████████▏ | 208/253 [00:59<00:11,  3.97it/s][A

 83%|████████▎ | 209/253 [01:00<00:11,  3.84it/s][A

 83%|████████▎ | 210/253 [01:00<00:12,  3.49it/s][A

 83%|████████▎ | 211/253 [01:00<00:10,  4.12it/s][A

 84%|████████▍ | 212/253 [01:00<00:08,  4.75it/s][A

 84%|████████▍ | 213/253 [01:00<00:07,  5.13it/s][A

 85%|████████▍ | 214/253 [01:00<00:06,  5.61it/s][A

 85%|████████▍ | 215/253 [01:01<00:06,  5.88it/s][A

 85%|████████▌ | 216/253 [01:01<00:05,  6.20it/s][A

 86%|████████▌ | 217/253 [01:01<00:06,  5.85it/s][A

 86%|████████▌ | 218/253 [01:01<00:05,  5.92it/s][A

 87%|████████▋ | 219/253 [01:01<00:05,  5.95it/s][A

 87%|████████▋ | 220/253 [01:01<00:05,  5.91it/s][A

 87%|████████▋ | 221/253 [01:02<00:06,  4.80it/s][A

 88%|████████▊ | 222/253 [01:02<00:08,  3.60it/s][A

 88%|████████▊ | 223/253 [01:02<00:08,  3.62it/s][A

 89%|████████▊ | 224/253 [01:03<00:09,  2.97it/s][A

 89%|████████▉ | 225/253 [01:03<00:08,  3.21it/s][A

 89%|████████▉ | 226/253 [01:04<00:11,  2.37it/s][A

 90%|████████▉ | 227/253 [01:04<00:11,  2.20it/s][A

 90%|█████████ | 228/253 [01:05<00:11,  2.13it/s][A

 91%|█████████ | 229/253 [01:06<00:13,  1.80it/s][A

 91%|█████████ | 230/253 [01:06<00:10,  2.22it/s][A

 91%|█████████▏| 231/253 [01:06<00:09,  2.38it/s][A

 92%|█████████▏| 232/253 [01:06<00:07,  2.65it/s][A

 92%|█████████▏| 233/253 [01:07<00:07,  2.61it/s][A

 92%|█████████▏| 234/253 [01:07<00:06,  3.14it/s][A

 93%|█████████▎| 235/253 [01:07<00:06,  2.92it/s][A

 93%|█████████▎| 236/253 [01:08<00:05,  3.35it/s][A

 94%|█████████▎| 237/253 [01:08<00:05,  3.04it/s][A

 94%|█████████▍| 238/253 [01:08<00:04,  3.53it/s][A

 94%|█████████▍| 239/253 [01:09<00:04,  3.41it/s][A

 95%|█████████▍| 240/253 [01:09<00:04,  3.24it/s][A

 95%|█████████▌| 241/253 [01:09<00:03,  3.90it/s][A

 96%|█████████▌| 242/253 [01:09<00:02,  4.55it/s][A

 96%|█████████▌| 243/253 [01:09<00:02,  4.91it/s][A

 96%|█████████▋| 244/253 [01:10<00:01,  4.57it/s][A

 97%|█████████▋| 245/253 [01:10<00:01,  4.52it/s][A

 97%|█████████▋| 246/253 [01:10<00:01,  4.67it/s][A

 98%|█████████▊| 247/253 [01:10<00:01,  5.02it/s][A

 98%|█████████▊| 248/253 [01:10<00:00,  5.52it/s][A

 98%|█████████▊| 249/253 [01:10<00:00,  5.79it/s][A

 99%|█████████▉| 250/253 [01:11<00:00,  5.88it/s][A

 99%|█████████▉| 251/253 [01:11<00:00,  6.25it/s][A

100%|█████████▉| 252/253 [01:11<00:00,  6.33it/s][A

100%|██████████| 253/253 [01:11<00:00,  6.45it/s][A
                                                     

                                                 
[A{'eval_loss': '1.391', 'eval_runtime': '71.7', 'eval_samples_per_second': '7.057', 'eval_steps_per_second': '3.529', 'eval_entropy': '1.302', 'eval_num_tokens': '2.286e+06', 'eval_mean_token_accuracy': '0.6372', 'epoch': '2'}

100%|██████████| 1100/1100 [1:47:03<00:00,  4.35s/it]

100%|██████████| 253/253 [01:11<00:00,  6.45it/s][A

                                                 [A
                                                     
{'train_runtime': '6424', 'train_samples_per_second': '1.369', 'train_steps_per_second': '0.171', 'train_loss': '1.518', 'epoch': '2'}

100%|██████████| 1100/1100 [1:47:03<00:00,  4.35s/it]
100%|██████████| 1100/1100 [1:47:03<00:00,  5.84s/it]
***** train metrics *****
  total_flos               = 96835547GF
  train_loss               =     1.5181
  train_runtime            = 1:47:04.11
  train_samples_per_second =      1.369
  train_steps_per_second   =      0.171

  0%|          | 0/253 [00:00<?, ?it/s]
  1%|          | 2/253 [00:00<00:18, 13.86it/s]
  2%|▏         | 4/253 [00:00<00:32,  7.62it/s]
  2%|▏         | 5/253 [00:00<00:36,  6.85it/s]
  2%|▏         | 6/253 [00:00<00:37,  6.64it/s]
  3%|▎         | 7/253 [00:01<00:39,  6.29it/s]
  3%|▎         | 8/253 [00:01<00:40,  6.04it/s]
  4%|▎         | 9/253 [00:01<00:40,  6.05it/s]
  4%|▍         | 10/253 [00:01<00:41,  5.89it/s]
  4%|▍         | 11/253 [00:01<00:42,  5.69it/s]
  5%|▍         | 12/253 [00:01<00:44,  5.44it/s]
  5%|▌         | 13/253 [00:02<01:04,  3.71it/s]
  6%|▌         | 14/253 [00:02<01:05,  3.64it/s]
  6%|▌         | 15/253 [00:03<01:41,  2.34it/s]
  6%|▋         | 16/253 [00:03<01:30,  2.61it/s]
  7%|▋         | 17/253 [00:04<01:33,  2.53it/s]
  7%|▋         | 18/253 [00:04<01:38,  2.39it/s]
  8%|▊         | 19/253 [00:05<01:39,  2.36it/s]
  8%|▊         | 20/253 [00:05<01:25,  2.73it/s]
  8%|▊         | 21/253 [00:05<01:25,  2.73it/s]
  9%|▊         | 22/253 [00:06<01:21,  2.83it/s]
  9%|▉         | 23/253 [00:06<01:27,  2.63it/s]
  9%|▉         | 24/253 [00:07<02:02,  1.88it/s]
 10%|▉         | 25/253 [00:07<02:03,  1.85it/s]
 10%|█         | 26/253 [00:08<01:54,  1.97it/s]
 11%|█         | 27/253 [00:08<01:43,  2.19it/s]
 11%|█         | 28/253 [00:09<01:36,  2.32it/s]
 11%|█▏        | 29/253 [00:09<01:37,  2.31it/s]
 12%|█▏        | 30/253 [00:09<01:21,  2.74it/s]
 12%|█▏        | 31/253 [00:10<01:24,  2.64it/s]
 13%|█▎        | 32/253 [00:10<01:11,  3.09it/s]
 13%|█▎        | 33/253 [00:10<01:04,  3.43it/s]
 13%|█▎        | 34/253 [00:10<00:55,  3.95it/s]
 14%|█▍        | 35/253 [00:10<00:52,  4.15it/s]
 14%|█▍        | 36/253 [00:11<00:52,  4.10it/s]
 15%|█▍        | 37/253 [00:11<00:49,  4.36it/s]
 15%|█▌        | 38/253 [00:11<00:48,  4.43it/s]
 15%|█▌        | 39/253 [00:11<00:44,  4.78it/s]
 16%|█▌        | 40/253 [00:11<00:48,  4.40it/s]
 16%|█▌        | 41/253 [00:12<00:43,  4.82it/s]
 17%|█▋        | 42/253 [00:12<01:01,  3.42it/s]
 17%|█▋        | 43/253 [00:12<00:57,  3.67it/s]
 17%|█▋        | 44/253 [00:13<00:56,  3.69it/s]
 18%|█▊        | 45/253 [00:13<00:49,  4.17it/s]
 18%|█▊        | 46/253 [00:13<00:47,  4.33it/s]
 19%|█▊        | 47/253 [00:13<00:44,  4.63it/s]
 19%|█▉        | 48/253 [00:13<00:43,  4.73it/s]
 19%|█▉        | 49/253 [00:14<00:41,  4.88it/s]
 20%|█▉        | 50/253 [00:14<00:52,  3.86it/s]
 20%|██        | 51/253 [00:14<00:54,  3.68it/s]
 21%|██        | 52/253 [00:14<00:48,  4.14it/s]
 21%|██        | 53/253 [00:15<00:57,  3.50it/s]
 21%|██▏       | 54/253 [00:15<00:51,  3.84it/s]
 22%|██▏       | 55/253 [00:16<01:16,  2.59it/s]
 22%|██▏       | 56/253 [00:16<01:04,  3.05it/s]
 23%|██▎       | 57/253 [00:16<01:15,  2.60it/s]
 23%|██▎       | 58/253 [00:17<01:17,  2.50it/s]
 23%|██▎       | 59/253 [00:17<01:07,  2.87it/s]
 24%|██▎       | 60/253 [00:18<01:12,  2.67it/s]
 24%|██▍       | 61/253 [00:18<01:15,  2.55it/s]
 25%|██▍       | 62/253 [00:18<01:12,  2.63it/s]
 25%|██▍       | 63/253 [00:19<01:11,  2.64it/s]
 25%|██▌       | 64/253 [00:19<01:02,  3.03it/s]
 26%|██▌       | 65/253 [00:19<01:03,  2.95it/s]
 26%|██▌       | 66/253 [00:20<00:59,  3.15it/s]
 26%|██▋       | 67/253 [00:20<00:55,  3.37it/s]
 27%|██▋       | 68/253 [00:20<00:53,  3.45it/s]
 27%|██▋       | 69/253 [00:20<00:50,  3.62it/s]
 28%|██▊       | 70/253 [00:21<00:56,  3.21it/s]
 28%|██▊       | 71/253 [00:21<00:57,  3.15it/s]
 28%|██▊       | 72/253 [00:21<00:52,  3.43it/s]
 29%|██▉       | 73/253 [00:21<00:46,  3.90it/s]
 29%|██▉       | 74/253 [00:22<00:42,  4.22it/s]
 30%|██▉       | 75/253 [00:22<00:38,  4.60it/s]
 30%|███       | 76/253 [00:22<00:35,  4.95it/s]
 30%|███       | 77/253 [00:22<00:33,  5.32it/s]
 31%|███       | 78/253 [00:22<00:31,  5.61it/s]
 31%|███       | 79/253 [00:22<00:30,  5.66it/s]
 32%|███▏      | 80/253 [00:23<00:30,  5.72it/s]
 32%|███▏      | 81/253 [00:23<00:31,  5.40it/s]
 32%|███▏      | 82/253 [00:23<00:34,  4.94it/s]
 33%|███▎      | 83/253 [00:23<00:37,  4.59it/s]
 33%|███▎      | 84/253 [00:23<00:35,  4.79it/s]
 34%|███▎      | 85/253 [00:24<00:32,  5.09it/s]
 34%|███▍      | 86/253 [00:24<00:40,  4.10it/s]
 34%|███▍      | 87/253 [00:24<00:43,  3.84it/s]
 35%|███▍      | 88/253 [00:25<00:39,  4.14it/s]
 35%|███▌      | 89/253 [00:25<00:42,  3.85it/s]
 36%|███▌      | 90/253 [00:25<00:49,  3.27it/s]
 36%|███▌      | 91/253 [00:26<00:52,  3.11it/s]
 36%|███▋      | 92/253 [00:26<00:48,  3.30it/s]
 37%|███▋      | 93/253 [00:26<00:54,  2.91it/s]
 37%|███▋      | 94/253 [00:27<01:01,  2.58it/s]
 38%|███▊      | 95/253 [00:27<01:09,  2.29it/s]
 38%|███▊      | 96/253 [00:28<00:57,  2.73it/s]
 38%|███▊      | 97/253 [00:28<01:21,  1.90it/s]
 39%|███▊      | 98/253 [00:29<01:22,  1.88it/s]
 39%|███▉      | 99/253 [00:29<01:13,  2.10it/s]
 40%|███▉      | 100/253 [00:30<01:09,  2.20it/s]
 40%|███▉      | 101/253 [00:30<01:18,  1.93it/s]
 40%|████      | 102/253 [00:31<01:24,  1.79it/s]
 41%|████      | 103/253 [00:31<01:10,  2.14it/s]
 41%|████      | 104/253 [00:32<01:13,  2.02it/s]
 42%|████▏     | 105/253 [00:32<01:01,  2.39it/s]
 42%|████▏     | 106/253 [00:32<00:51,  2.87it/s]
 42%|████▏     | 107/253 [00:33<00:47,  3.06it/s]
 43%|████▎     | 108/253 [00:33<00:44,  3.24it/s]
 43%|████▎     | 109/253 [00:33<00:39,  3.62it/s]
 43%|████▎     | 110/253 [00:33<00:39,  3.58it/s]
 44%|████▍     | 111/253 [00:34<00:39,  3.56it/s]
 44%|████▍     | 112/253 [00:34<00:39,  3.53it/s]
 45%|████▍     | 113/253 [00:34<00:36,  3.82it/s]
 45%|████▌     | 114/253 [00:34<00:38,  3.57it/s]
 45%|████▌     | 115/253 [00:35<00:34,  3.95it/s]
 46%|████▌     | 116/253 [00:35<00:31,  4.40it/s]
 46%|████▌     | 117/253 [00:35<00:28,  4.79it/s]
 47%|████▋     | 118/253 [00:35<00:28,  4.81it/s]
 47%|████▋     | 119/253 [00:35<00:27,  4.92it/s]
 47%|████▋     | 120/253 [00:36<00:26,  5.00it/s]
 48%|████▊     | 121/253 [00:36<00:26,  5.00it/s]
 48%|████▊     | 122/253 [00:36<00:24,  5.25it/s]
 49%|████▊     | 123/253 [00:36<00:25,  5.11it/s]
 49%|████▉     | 124/253 [00:37<00:35,  3.64it/s]
 49%|████▉     | 125/253 [00:37<00:31,  4.00it/s]
 50%|████▉     | 126/253 [00:37<00:29,  4.25it/s]
 50%|█████     | 127/253 [00:37<00:29,  4.21it/s]
 51%|█████     | 128/253 [00:38<00:35,  3.54it/s]
 51%|█████     | 129/253 [00:38<00:32,  3.81it/s]
 51%|█████▏    | 130/253 [00:38<00:36,  3.37it/s]
 52%|█████▏    | 131/253 [00:39<00:39,  3.11it/s]
 52%|█████▏    | 132/253 [00:39<00:36,  3.27it/s]
 53%|█████▎    | 133/253 [00:39<00:35,  3.34it/s]
 53%|█████▎    | 134/253 [00:39<00:34,  3.41it/s]
 53%|█████▎    | 135/253 [00:40<00:35,  3.36it/s]
 54%|█████▍    | 136/253 [00:40<00:32,  3.63it/s]
 54%|█████▍    | 137/253 [00:41<00:44,  2.61it/s]
 55%|█████▍    | 138/253 [00:41<00:37,  3.10it/s]
 55%|█████▍    | 139/253 [00:41<00:31,  3.64it/s]
 55%|█████▌    | 140/253 [00:41<00:26,  4.24it/s]
 56%|█████▌    | 141/253 [00:41<00:24,  4.63it/s]
 56%|█████▌    | 142/253 [00:41<00:22,  4.99it/s]
 57%|█████▋    | 143/253 [00:42<00:21,  5.21it/s]
 57%|█████▋    | 144/253 [00:42<00:20,  5.45it/s]
 57%|█████▋    | 145/253 [00:42<00:18,  5.77it/s]
 58%|█████▊    | 146/253 [00:42<00:18,  5.88it/s]
 58%|█████▊    | 147/253 [00:42<00:17,  6.06it/s]
 58%|█████▊    | 148/253 [00:42<00:17,  5.85it/s]
 59%|█████▉    | 149/253 [00:43<00:17,  5.89it/s]
 59%|█████▉    | 150/253 [00:43<00:18,  5.65it/s]
 60%|█████▉    | 151/253 [00:43<00:19,  5.24it/s]
 60%|██████    | 152/253 [00:43<00:24,  4.09it/s]
 60%|██████    | 153/253 [00:44<00:31,  3.20it/s]
 61%|██████    | 154/253 [00:44<00:32,  3.01it/s]
 61%|██████▏   | 155/253 [00:45<00:48,  2.01it/s]
 62%|██████▏   | 156/253 [00:46<00:55,  1.74it/s]
 62%|██████▏   | 157/253 [00:46<00:43,  2.20it/s]
 62%|██████▏   | 158/253 [00:46<00:39,  2.39it/s]
 63%|██████▎   | 159/253 [00:47<00:45,  2.08it/s]
 63%|██████▎   | 160/253 [00:47<00:42,  2.18it/s]
 64%|██████▎   | 161/253 [00:48<00:36,  2.51it/s]
 64%|██████▍   | 162/253 [00:48<00:34,  2.62it/s]
 64%|██████▍   | 163/253 [00:49<01:00,  1.48it/s]
 65%|██████▍   | 164/253 [00:50<00:55,  1.60it/s]
 65%|██████▌   | 165/253 [00:50<00:54,  1.61it/s]
 66%|██████▌   | 166/253 [00:51<00:42,  2.07it/s]
 66%|██████▌   | 167/253 [00:51<00:39,  2.20it/s]
 66%|██████▋   | 168/253 [00:51<00:34,  2.43it/s]
 67%|██████▋   | 169/253 [00:52<00:36,  2.32it/s]
 67%|██████▋   | 170/253 [00:52<00:37,  2.22it/s]
 68%|██████▊   | 171/253 [00:53<00:34,  2.39it/s]
 68%|██████▊   | 172/253 [00:53<00:32,  2.48it/s]
 68%|██████▊   | 173/253 [00:53<00:28,  2.85it/s]
 69%|██████▉   | 174/253 [00:53<00:24,  3.18it/s]
 69%|██████▉   | 175/253 [00:54<00:21,  3.69it/s]
 70%|██████▉   | 176/253 [00:54<00:17,  4.33it/s]
 70%|██████▉   | 177/253 [00:54<00:19,  3.84it/s]
 70%|███████   | 178/253 [00:54<00:19,  3.91it/s]
 71%|███████   | 179/253 [00:55<00:18,  3.97it/s]
 71%|███████   | 180/253 [00:55<00:16,  4.40it/s]
 72%|███████▏  | 181/253 [00:55<00:16,  4.33it/s]
 72%|███████▏  | 182/253 [00:55<00:18,  3.86it/s]
 72%|███████▏  | 183/253 [00:55<00:16,  4.27it/s]
 73%|███████▎  | 184/253 [00:56<00:14,  4.89it/s]
 73%|███████▎  | 185/253 [00:56<00:15,  4.44it/s]
 74%|███████▎  | 186/253 [00:56<00:16,  3.96it/s]
 74%|███████▍  | 187/253 [00:56<00:15,  4.35it/s]
 74%|███████▍  | 188/253 [00:57<00:16,  4.06it/s]
 75%|███████▍  | 189/253 [00:57<00:14,  4.51it/s]
 75%|███████▌  | 190/253 [00:57<00:12,  4.95it/s]
 75%|███████▌  | 191/253 [00:57<00:11,  5.24it/s]
 76%|███████▌  | 192/253 [00:57<00:10,  5.55it/s]
 76%|███████▋  | 193/253 [00:57<00:10,  5.84it/s]
 77%|███████▋  | 194/253 [00:58<00:09,  5.97it/s]
 77%|███████▋  | 195/253 [00:58<00:09,  6.09it/s]
 77%|███████▋  | 196/253 [00:58<00:09,  6.05it/s]
 78%|███████▊  | 197/253 [00:58<00:09,  5.92it/s]
 78%|███████▊  | 198/253 [00:58<00:09,  6.05it/s]
 79%|███████▊  | 199/253 [00:59<00:10,  5.33it/s]
 79%|███████▉  | 200/253 [00:59<00:09,  5.48it/s]
 79%|███████▉  | 201/253 [00:59<00:10,  5.15it/s]
 80%|███████▉  | 202/253 [00:59<00:09,  5.20it/s]
 80%|████████  | 203/253 [01:00<00:17,  2.86it/s]
 81%|████████  | 204/253 [01:00<00:15,  3.16it/s]
 81%|████████  | 205/253 [01:01<00:23,  2.06it/s]
 81%|████████▏ | 206/253 [01:02<00:25,  1.83it/s]
 82%|████████▏ | 207/253 [01:02<00:20,  2.28it/s]
 82%|████████▏ | 208/253 [01:02<00:20,  2.24it/s]
 83%|████████▎ | 209/253 [01:03<00:17,  2.56it/s]
 83%|████████▎ | 210/253 [01:03<00:15,  2.70it/s]
 83%|████████▎ | 211/253 [01:03<00:14,  2.89it/s]
 84%|████████▍ | 212/253 [01:03<00:12,  3.29it/s]
 84%|████████▍ | 213/253 [01:04<00:11,  3.39it/s]
 85%|████████▍ | 214/253 [01:04<00:10,  3.69it/s]
 85%|████████▍ | 215/253 [01:04<00:12,  3.16it/s]
 85%|████████▌ | 216/253 [01:05<00:11,  3.12it/s]
 86%|████████▌ | 217/253 [01:05<00:10,  3.50it/s]
 86%|████████▌ | 218/253 [01:05<00:08,  4.01it/s]
 87%|████████▋ | 219/253 [01:05<00:07,  4.59it/s]
 87%|████████▋ | 220/253 [01:05<00:06,  4.92it/s]
 87%|████████▋ | 221/253 [01:05<00:06,  5.32it/s]
 88%|████████▊ | 222/253 [01:06<00:05,  5.60it/s]
 88%|████████▊ | 223/253 [01:06<00:05,  5.65it/s]
 89%|████████▊ | 224/253 [01:06<00:04,  5.92it/s]
 89%|████████▉ | 225/253 [01:06<00:04,  6.02it/s]
 89%|████████▉ | 226/253 [01:06<00:05,  5.28it/s]
 90%|████████▉ | 227/253 [01:07<00:06,  4.14it/s]
 90%|█████████ | 228/253 [01:07<00:05,  4.33it/s]
 91%|█████████ | 229/253 [01:07<00:05,  4.53it/s]
 91%|█████████ | 230/253 [01:07<00:04,  4.82it/s]
 91%|█████████▏| 231/253 [01:07<00:04,  5.16it/s]
 92%|█████████▏| 232/253 [01:08<00:04,  4.42it/s]
 92%|█████████▏| 233/253 [01:08<00:04,  4.66it/s]
 92%|█████████▏| 234/253 [01:08<00:04,  4.47it/s]
 93%|█████████▎| 235/253 [01:09<00:04,  3.66it/s]
 93%|█████████▎| 236/253 [01:09<00:04,  3.41it/s]
 94%|█████████▎| 237/253 [01:10<00:09,  1.66it/s]
 94%|█████████▍| 238/253 [01:10<00:07,  2.00it/s]
 94%|█████████▍| 239/253 [01:11<00:06,  2.15it/s]
 95%|█████████▍| 240/253 [01:11<00:04,  2.70it/s]
 95%|█████████▌| 241/253 [01:11<00:04,  2.45it/s]
 96%|█████████▌| 242/253 [01:12<00:03,  2.97it/s]
 96%|█████████▌| 243/253 [01:12<00:02,  3.49it/s]
 96%|█████████▋| 244/253 [01:12<00:02,  3.58it/s]
 97%|█████████▋| 245/253 [01:12<00:02,  3.89it/s]
 97%|█████████▋| 246/253 [01:13<00:01,  3.92it/s]
 98%|█████████▊| 247/253 [01:13<00:01,  4.26it/s]
 98%|█████████▊| 248/253 [01:13<00:01,  4.81it/s]
 98%|█████████▊| 249/253 [01:13<00:00,  4.16it/s]
 99%|█████████▉| 250/253 [01:13<00:00,  4.39it/s]
 99%|█████████▉| 251/253 [01:14<00:00,  4.49it/s]
100%|█████████▉| 252/253 [01:14<00:00,  4.25it/s]
100%|██████████| 253/253 [01:15<00:00,  2.21it/s]
100%|██████████| 253/253 [01:15<00:00,  3.36it/s]
***** eval metrics *****
  eval_loss               =     1.3912
  eval_runtime            = 0:01:15.48
  eval_samples_per_second =      6.703
  eval_steps_per_second   =      3.352
post-train generation: 10/150
post-train generation: 20/150
post-train generation: 30/150
post-train generation: 40/150
post-train generation: 50/150
post-train generation: 60/150
post-train generation: 70/150
post-train generation: 80/150
post-train generation: 90/150
post-train generation: 100/150
post-train generation: 110/150
post-train generation: 120/150
post-train generation: 130/150
post-train generation: 140/150
post-train generation: 150/150
Saved post-train test generations to /data2/songxinshuai/linsihan/ecommerce_assistant/outputs/lora_ablation_jddc_rebuild_v2/rank16_qv_qlora/post_train_test_generations.jsonl
[rank0]:[W530 04:50:31.443157344 ProcessGroupNCCL.cpp:1496] Warning: WARNING: destroy_process_group() was not called before program exit, which can leak resources. For more info, please see https://pytorch.org/docs/stable/distributed.html#shutdown (function operator())
