W0530 06:11:32.116000 3048771 site-packages/torch/distributed/run.py:792] 
W0530 06:11:32.116000 3048771 site-packages/torch/distributed/run.py:792] *****************************************
W0530 06:11:32.116000 3048771 site-packages/torch/distributed/run.py:792] Setting OMP_NUM_THREADS environment variable for each process to be 1 in default, to avoid your system being overloaded, please further tune the variable for optimal performance in your application as needed. 
W0530 06:11:32.116000 3048771 site-packages/torch/distributed/run.py:792] *****************************************
eval: total=506, usable=506, skipped=0, truncated=0, max_length=409
train: total=4397, usable=4397, skipped=0, truncated=0, max_length=532
[transformers] `torch_dtype` is deprecated! Use `dtype` instead!
eval: total=506, usable=506, skipped=0, truncated=0, max_length=409
train: total=4397, usable=4397, skipped=0, truncated=0, max_length=532
[transformers] `torch_dtype` is deprecated! Use `dtype` instead!

Loading weights:   0%|          | 0/399 [00:00<?, ?it/s]
Loading weights:   0%|          | 0/399 [00:00<?, ?it/s]
Loading weights:   0%|          | 1/399 [00:02<14:28,  2.18s/it]
Loading weights:   0%|          | 1/399 [00:02<14:38,  2.21s/it]
Loading weights:   1%|          | 2/399 [00:04<14:47,  2.24s/it]
Loading weights:   1%|          | 2/399 [00:04<14:52,  2.25s/it]
Loading weights:   1%|          | 4/399 [00:04<05:56,  1.11it/s]
Loading weights:   1%|          | 4/399 [00:04<05:59,  1.10it/s]
Loading weights:   1%|▏         | 5/399 [00:04<04:23,  1.49it/s]
Loading weights:   1%|▏         | 5/399 [00:04<04:26,  1.48it/s]
Loading weights:   2%|▏         | 6/399 [00:04<03:21,  1.95it/s]
Loading weights:   2%|▏         | 6/399 [00:05<03:24,  1.92it/s]
Loading weights:   3%|▎         | 12/399 [00:05<01:00,  6.43it/s]
Loading weights:   3%|▎         | 12/399 [00:05<01:00,  6.37it/s]
Loading weights:   4%|▍         | 15/399 [00:05<00:46,  8.18it/s]
Loading weights:   4%|▍         | 15/399 [00:05<00:46,  8.20it/s]
Loading weights:   4%|▍         | 17/399 [00:05<00:49,  7.69it/s]
Loading weights:   5%|▍         | 18/399 [00:05<00:44,  8.63it/s]
Loading weights:   6%|▌         | 23/399 [00:05<00:27, 13.68it/s]
Loading weights:   6%|▌         | 23/399 [00:05<00:28, 13.27it/s]
Loading weights:   7%|▋         | 26/399 [00:05<00:25, 14.71it/s]
Loading weights:   7%|▋         | 26/399 [00:05<00:26, 14.34it/s]
Loading weights:   7%|▋         | 29/399 [00:06<00:28, 13.06it/s]
Loading weights:   7%|▋         | 29/399 [00:06<00:28, 12.76it/s]
Loading weights:   9%|▊         | 34/399 [00:06<00:20, 18.13it/s]
Loading weights:   9%|▊         | 34/399 [00:06<00:20, 17.62it/s]
Loading weights:   9%|▉         | 37/399 [00:06<00:19, 18.25it/s]
Loading weights:   9%|▉         | 37/399 [00:06<00:20, 17.83it/s]
Loading weights:  10%|█         | 40/399 [00:06<00:23, 15.01it/s]
Loading weights:  10%|█         | 40/399 [00:06<00:24, 14.81it/s]
Loading weights:  11%|█▏        | 45/399 [00:06<00:17, 20.16it/s]
Loading weights:  11%|█▏        | 45/399 [00:06<00:17, 19.79it/s]
Loading weights:  12%|█▏        | 48/399 [00:06<00:17, 19.79it/s]
Loading weights:  12%|█▏        | 48/399 [00:07<00:17, 19.62it/s]
Loading weights:  13%|█▎        | 51/399 [00:07<00:21, 16.17it/s]
Loading weights:  13%|█▎        | 51/399 [00:07<00:21, 16.02it/s]
Loading weights:  14%|█▍        | 56/399 [00:07<00:16, 21.40it/s]
Loading weights:  14%|█▍        | 56/399 [00:07<00:16, 21.20it/s]
Loading weights:  15%|█▍        | 59/399 [00:07<00:16, 20.44it/s]
Loading weights:  15%|█▍        | 59/399 [00:07<00:16, 20.31it/s]
Loading weights:  16%|█▌        | 62/399 [00:07<00:21, 16.01it/s]
Loading weights:  16%|█▌        | 62/399 [00:07<00:21, 16.00it/s]
Loading weights:  17%|█▋        | 67/399 [00:07<00:15, 20.97it/s]
Loading weights:  17%|█▋        | 67/399 [00:08<00:15, 21.20it/s]
Loading weights:  18%|█▊        | 70/399 [00:08<00:16, 20.38it/s]
Loading weights:  18%|█▊        | 70/399 [00:08<00:15, 20.65it/s]
Loading weights:  18%|█▊        | 73/399 [00:08<00:20, 15.66it/s]
Loading weights:  18%|█▊        | 73/399 [00:08<00:21, 15.39it/s]
Loading weights:  20%|█▉        | 78/399 [00:08<00:15, 20.59it/s]
Loading weights:  20%|█▉        | 78/399 [00:08<00:15, 20.38it/s]
Loading weights:  20%|██        | 81/399 [00:08<00:16, 19.48it/s]
Loading weights:  20%|██        | 81/399 [00:08<00:16, 18.84it/s]
Loading weights:  21%|██        | 84/399 [00:09<00:20, 15.26it/s]
Loading weights:  21%|██        | 84/399 [00:09<00:22, 14.27it/s]
Loading weights:  22%|██▏       | 89/399 [00:09<00:15, 19.96it/s]
Loading weights:  22%|██▏       | 89/399 [00:09<00:16, 19.11it/s]
Loading weights:  23%|██▎       | 92/399 [00:09<00:16, 18.77it/s]
Loading weights:  23%|██▎       | 92/399 [00:09<00:16, 18.66it/s]
Loading weights:  24%|██▍       | 95/399 [00:09<00:20, 14.75it/s]
Loading weights:  24%|██▍       | 95/399 [00:09<00:20, 14.48it/s]
Loading weights:  25%|██▌       | 100/399 [00:09<00:15, 19.62it/s]
Loading weights:  25%|██▌       | 100/399 [00:09<00:15, 19.27it/s]
Loading weights:  26%|██▌       | 103/399 [00:10<00:15, 19.07it/s]
Loading weights:  26%|██▌       | 103/399 [00:10<00:15, 18.78it/s]
Loading weights:  27%|██▋       | 106/399 [00:10<00:20, 14.60it/s]
Loading weights:  27%|██▋       | 106/399 [00:10<00:19, 15.06it/s]
Loading weights:  28%|██▊       | 111/399 [00:10<00:14, 19.52it/s]
Loading weights:  28%|██▊       | 111/399 [00:10<00:14, 20.05it/s]
Loading weights:  29%|██▊       | 114/399 [00:10<00:14, 19.16it/s]
Loading weights:  29%|██▊       | 114/399 [00:10<00:14, 19.27it/s]
Loading weights:  29%|██▉       | 117/399 [00:10<00:18, 15.29it/s]
Loading weights:  29%|██▉       | 117/399 [00:11<00:18, 15.42it/s]
Loading weights:  31%|███       | 122/399 [00:11<00:13, 20.19it/s]
Loading weights:  31%|███       | 122/399 [00:11<00:13, 20.28it/s]
Loading weights:  31%|███▏      | 125/399 [00:11<00:14, 19.42it/s]
Loading weights:  31%|███▏      | 125/399 [00:11<00:13, 19.64it/s]
Loading weights:  32%|███▏      | 128/399 [00:11<00:17, 15.47it/s]
Loading weights:  32%|███▏      | 128/399 [00:11<00:17, 15.56it/s]
Loading weights:  33%|███▎      | 133/399 [00:11<00:12, 20.49it/s]
Loading weights:  33%|███▎      | 133/399 [00:11<00:12, 20.59it/s]
Loading weights:  34%|███▍      | 136/399 [00:11<00:13, 20.00it/s]
Loading weights:  34%|███▍      | 136/399 [00:11<00:13, 19.80it/s]
Loading weights:  35%|███▍      | 139/399 [00:12<00:16, 16.08it/s]
Loading weights:  35%|███▍      | 139/399 [00:12<00:16, 16.05it/s]
Loading weights:  36%|███▌      | 144/399 [00:12<00:11, 21.44it/s]
Loading weights:  36%|███▌      | 144/399 [00:12<00:11, 21.46it/s]
Loading weights:  37%|███▋      | 147/399 [00:12<00:12, 20.93it/s]
Loading weights:  37%|███▋      | 147/399 [00:12<00:12, 20.68it/s]
Loading weights:  38%|███▊      | 150/399 [00:12<00:15, 16.42it/s]
Loading weights:  38%|███▊      | 150/399 [00:12<00:15, 15.88it/s]
Loading weights:  39%|███▉      | 155/399 [00:12<00:11, 21.36it/s]
Loading weights:  39%|███▉      | 155/399 [00:12<00:12, 20.30it/s]
Loading weights:  40%|███▉      | 158/399 [00:12<00:11, 20.63it/s]
Loading weights:  40%|███▉      | 158/399 [00:13<00:12, 19.13it/s]
Loading weights:  40%|████      | 161/399 [00:13<00:14, 16.04it/s]
Loading weights:  42%|████▏     | 166/399 [00:13<00:11, 21.11it/s]
Loading weights:  40%|████      | 161/399 [00:13<00:15, 15.49it/s]
Loading weights:  42%|████▏     | 166/399 [00:13<00:11, 20.00it/s]
Loading weights:  42%|████▏     | 169/399 [00:13<00:11, 20.44it/s]
Loading weights:  42%|████▏     | 169/399 [00:13<00:11, 19.47it/s]
Loading weights:  43%|████▎     | 172/399 [00:13<00:14, 15.78it/s]
Loading weights:  44%|████▍     | 177/399 [00:13<00:10, 20.65it/s]
Loading weights:  43%|████▎     | 172/399 [00:14<00:14, 15.14it/s]
Loading weights:  44%|████▍     | 177/399 [00:14<00:11, 20.11it/s]
Loading weights:  45%|████▌     | 180/399 [00:14<00:11, 19.58it/s]
Loading weights:  45%|████▌     | 180/399 [00:14<00:11, 19.10it/s]
Loading weights:  46%|████▌     | 183/399 [00:14<00:14, 14.52it/s]
Loading weights:  47%|████▋     | 188/399 [00:14<00:10, 19.19it/s]
Loading weights:  46%|████▌     | 183/399 [00:14<00:14, 14.78it/s]
Loading weights:  47%|████▋     | 188/399 [00:14<00:10, 19.67it/s]
Loading weights:  48%|████▊     | 191/399 [00:14<00:11, 18.53it/s]
Loading weights:  48%|████▊     | 191/399 [00:14<00:10, 19.32it/s]
Loading weights:  49%|████▊     | 194/399 [00:15<00:13, 14.72it/s]
Loading weights:  49%|████▊     | 194/399 [00:15<00:13, 15.58it/s]
Loading weights:  50%|████▉     | 199/399 [00:15<00:10, 19.71it/s]
Loading weights:  50%|████▉     | 199/399 [00:15<00:09, 20.58it/s]
Loading weights:  51%|█████     | 202/399 [00:15<00:10, 19.46it/s]
Loading weights:  51%|█████     | 202/399 [00:15<00:09, 19.76it/s]
Loading weights:  51%|█████▏    | 205/399 [00:15<00:12, 15.61it/s]
Loading weights:  51%|█████▏    | 205/399 [00:15<00:12, 15.95it/s]
Loading weights:  53%|█████▎    | 210/399 [00:15<00:09, 20.69it/s]
Loading weights:  53%|█████▎    | 210/399 [00:15<00:09, 20.81it/s]
Loading weights:  53%|█████▎    | 213/399 [00:15<00:09, 19.82it/s]
Loading weights:  53%|█████▎    | 213/399 [00:16<00:09, 19.79it/s]
Loading weights:  54%|█████▍    | 216/399 [00:16<00:11, 15.64it/s]
Loading weights:  55%|█████▌    | 221/399 [00:16<00:08, 20.74it/s]
Loading weights:  54%|█████▍    | 216/399 [00:16<00:12, 15.14it/s]
Loading weights:  55%|█████▌    | 221/399 [00:16<00:08, 20.15it/s]
Loading weights:  56%|█████▌    | 224/399 [00:16<00:08, 20.07it/s]
Loading weights:  56%|█████▌    | 224/399 [00:16<00:08, 19.57it/s]
Loading weights:  57%|█████▋    | 227/399 [00:16<00:10, 16.01it/s]
Loading weights:  57%|█████▋    | 227/399 [00:17<00:10, 15.67it/s]
Loading weights:  58%|█████▊    | 232/399 [00:17<00:08, 20.23it/s]
Loading weights:  58%|█████▊    | 232/399 [00:17<00:08, 20.73it/s]
Loading weights:  59%|█████▉    | 235/399 [00:17<00:08, 19.82it/s]
Loading weights:  59%|█████▉    | 235/399 [00:17<00:08, 20.09it/s]
Loading weights:  60%|█████▉    | 238/399 [00:17<00:10, 15.84it/s]
Loading weights:  60%|█████▉    | 238/399 [00:17<00:09, 16.11it/s]
Loading weights:  61%|██████    | 243/399 [00:17<00:07, 21.07it/s]
Loading weights:  61%|██████    | 243/399 [00:17<00:07, 21.37it/s]
Loading weights:  62%|██████▏   | 246/399 [00:17<00:07, 20.59it/s]
Loading weights:  62%|██████▏   | 246/399 [00:17<00:07, 20.48it/s]
Loading weights:  62%|██████▏   | 249/399 [00:18<00:09, 16.29it/s]
Loading weights:  64%|██████▎   | 254/399 [00:18<00:06, 21.39it/s]
Loading weights:  62%|██████▏   | 249/399 [00:18<00:09, 15.94it/s]
Loading weights:  64%|██████▎   | 254/399 [00:18<00:06, 21.27it/s]
Loading weights:  64%|██████▍   | 257/399 [00:18<00:06, 20.91it/s]
Loading weights:  64%|██████▍   | 257/399 [00:18<00:06, 20.45it/s]
Loading weights:  65%|██████▌   | 260/399 [00:18<00:08, 16.25it/s]
Loading weights:  66%|██████▋   | 265/399 [00:18<00:06, 21.26it/s]
Loading weights:  65%|██████▌   | 260/399 [00:18<00:08, 15.79it/s]
Loading weights:  66%|██████▋   | 265/399 [00:18<00:06, 21.05it/s]
Loading weights:  67%|██████▋   | 268/399 [00:18<00:06, 20.73it/s]
Loading weights:  67%|██████▋   | 268/399 [00:19<00:06, 19.82it/s]
Loading weights:  68%|██████▊   | 271/399 [00:19<00:07, 16.03it/s]
Loading weights:  69%|██████▉   | 276/399 [00:19<00:05, 20.91it/s]
Loading weights:  68%|██████▊   | 271/399 [00:19<00:08, 15.19it/s]
Loading weights:  69%|██████▉   | 276/399 [00:19<00:06, 19.87it/s]
Loading weights:  70%|██████▉   | 279/399 [00:19<00:06, 19.39it/s]
Loading weights:  70%|██████▉   | 279/399 [00:19<00:06, 18.99it/s]
Loading weights:  71%|███████   | 282/399 [00:19<00:07, 15.13it/s]
Loading weights:  72%|███████▏  | 287/399 [00:19<00:05, 19.31it/s]
Loading weights:  71%|███████   | 282/399 [00:19<00:07, 15.23it/s]
Loading weights:  72%|███████▏  | 287/399 [00:20<00:05, 20.11it/s]
Loading weights:  73%|███████▎  | 290/399 [00:20<00:05, 18.66it/s]
Loading weights:  73%|███████▎  | 290/399 [00:20<00:05, 19.53it/s]
Loading weights:  73%|███████▎  | 293/399 [00:20<00:07, 14.79it/s]
Loading weights:  73%|███████▎  | 293/399 [00:20<00:06, 15.46it/s]
Loading weights:  75%|███████▍  | 298/399 [00:20<00:05, 19.80it/s]
Loading weights:  75%|███████▍  | 298/399 [00:20<00:04, 20.39it/s]
Loading weights:  75%|███████▌  | 301/399 [00:20<00:05, 19.02it/s]
Loading weights:  75%|███████▌  | 301/399 [00:20<00:05, 19.21it/s]
Loading weights:  76%|███████▌  | 304/399 [00:21<00:06, 15.15it/s]
Loading weights:  77%|███████▋  | 309/399 [00:21<00:04, 20.28it/s]
Loading weights:  76%|███████▌  | 304/399 [00:21<00:06, 15.19it/s]
Loading weights:  77%|███████▋  | 309/399 [00:21<00:04, 20.45it/s]
Loading weights:  78%|███████▊  | 312/399 [00:21<00:04, 19.62it/s]
Loading weights:  78%|███████▊  | 312/399 [00:21<00:04, 20.12it/s]
Loading weights:  79%|███████▉  | 315/399 [00:21<00:05, 15.74it/s]
Loading weights:  79%|███████▉  | 315/399 [00:21<00:05, 16.00it/s]
Loading weights:  80%|████████  | 320/399 [00:21<00:03, 20.97it/s]
Loading weights:  80%|████████  | 320/399 [00:21<00:03, 20.93it/s]
Loading weights:  81%|████████  | 323/399 [00:21<00:03, 19.60it/s]
Loading weights:  81%|████████  | 323/399 [00:22<00:03, 20.11it/s]
Loading weights:  82%|████████▏ | 326/399 [00:22<00:04, 15.38it/s]
Loading weights:  82%|████████▏ | 326/399 [00:22<00:04, 15.20it/s]
Loading weights:  83%|████████▎ | 331/399 [00:22<00:03, 20.45it/s]
Loading weights:  83%|████████▎ | 331/399 [00:22<00:03, 20.20it/s]
Loading weights:  84%|████████▎ | 334/399 [00:22<00:03, 19.74it/s]
Loading weights:  84%|████████▎ | 334/399 [00:22<00:03, 19.58it/s]
Loading weights:  84%|████████▍ | 337/399 [00:22<00:03, 15.51it/s]
Loading weights:  84%|████████▍ | 337/399 [00:22<00:03, 15.59it/s]
Loading weights:  86%|████████▌ | 342/399 [00:22<00:02, 19.80it/s]
Loading weights:  86%|████████▌ | 342/399 [00:23<00:02, 20.64it/s]
Loading weights:  86%|████████▋ | 345/399 [00:23<00:02, 19.56it/s]
Loading weights:  86%|████████▋ | 345/399 [00:23<00:02, 20.05it/s]
Loading weights:  87%|████████▋ | 348/399 [00:23<00:03, 15.84it/s]
Loading weights:  87%|████████▋ | 348/399 [00:23<00:03, 16.23it/s]
Loading weights:  88%|████████▊ | 353/399 [00:23<00:02, 21.06it/s]
Loading weights:  88%|████████▊ | 353/399 [00:23<00:02, 21.33it/s]
Loading weights:  89%|████████▉ | 356/399 [00:23<00:02, 20.52it/s]
Loading weights:  89%|████████▉ | 356/399 [00:23<00:02, 20.04it/s]
Loading weights:  90%|████████▉ | 359/399 [00:24<00:02, 15.54it/s]
Loading weights:  90%|████████▉ | 359/399 [00:24<00:02, 15.49it/s]
Loading weights:  91%|█████████ | 364/399 [00:24<00:01, 20.63it/s]
Loading weights:  91%|█████████ | 364/399 [00:24<00:01, 20.25it/s]
Loading weights:  92%|█████████▏| 367/399 [00:24<00:01, 19.82it/s]
Loading weights:  92%|█████████▏| 367/399 [00:24<00:01, 19.61it/s]
Loading weights:  93%|█████████▎| 370/399 [00:24<00:01, 15.56it/s]
Loading weights:  93%|█████████▎| 370/399 [00:24<00:01, 15.26it/s]
Loading weights:  94%|█████████▍| 375/399 [00:24<00:01, 20.31it/s]
Loading weights:  94%|█████████▍| 375/399 [00:24<00:01, 20.17it/s]
Loading weights:  95%|█████████▍| 378/399 [00:24<00:01, 19.57it/s]
Loading weights:  95%|█████████▍| 378/399 [00:25<00:01, 19.03it/s]
Loading weights:  95%|█████████▌| 381/399 [00:25<00:01, 15.32it/s]
Loading weights:  97%|█████████▋| 386/399 [00:25<00:00, 20.37it/s]
Loading weights:  95%|█████████▌| 381/399 [00:25<00:01, 14.80it/s]
Loading weights:  97%|█████████▋| 386/399 [00:25<00:00, 19.62it/s]
Loading weights:  97%|█████████▋| 389/399 [00:25<00:00, 19.33it/s]
Loading weights:  97%|█████████▋| 389/399 [00:25<00:00, 18.62it/s]
Loading weights:  98%|█████████▊| 392/399 [00:25<00:00, 15.07it/s]
Loading weights:  99%|█████████▉| 397/399 [00:25<00:00, 19.72it/s]
Loading weights:  98%|█████████▊| 392/399 [00:26<00:00, 14.95it/s]
Loading weights: 100%|██████████| 399/399 [00:25<00:00, 15.36it/s]

Loading weights:  99%|█████████▉| 397/399 [00:26<00:00, 20.06it/s]
Loading weights: 100%|██████████| 399/399 [00:26<00:00, 15.27it/s]
[transformers] warmup_ratio is deprecated and will be removed in v5.2. Use `warmup_steps` instead.
[transformers] warmup_ratio is deprecated and will be removed in v5.2. Use `warmup_steps` instead.
[RANK 0] Detected kernel version 5.4.0, which is below the recommended minimum of 5.5.0; this can cause the process to hang. It is recommended to upgrade the kernel to the minimum version or higher.
Converted 504 low-precision trainable parameters to FP32 for FP16 AMP compatibility.
[transformers] The tokenizer has new PAD/BOS/EOS tokens that differ from the model config and generation config. The model config and generation config were aligned accordingly, being updated with the tokenizer's values. Updated tokens: {'bos_token_id': None, 'pad_token_id': 151643}.
[transformers] The tokenizer has new PAD/BOS/EOS tokens that differ from the model config and generation config. The model config and generation config were aligned accordingly, being updated with the tokenizer's values. Updated tokens: {'bos_token_id': None, 'pad_token_id': 151643}.

  0%|          | 0/1100 [00:00<?, ?it/s]
  0%|          | 1/1100 [00:06<1:55:54,  6.33s/it]
  0%|          | 2/1100 [00:10<1:33:55,  5.13s/it]
  0%|          | 3/1100 [00:15<1:33:44,  5.13s/it]
  0%|          | 4/1100 [00:21<1:34:42,  5.19s/it]
  0%|          | 5/1100 [00:25<1:30:36,  4.96s/it]
  1%|          | 6/1100 [00:29<1:23:55,  4.60s/it]
  1%|          | 7/1100 [00:34<1:24:35,  4.64s/it]
  1%|          | 8/1100 [00:39<1:27:11,  4.79s/it]
  1%|          | 9/1100 [00:43<1:25:39,  4.71s/it]
  1%|          | 10/1100 [00:48<1:25:46,  4.72s/it]
                                                   
{'loss': '3.764', 'grad_norm': '2.957', 'learning_rate': '1.636e-05', 'entropy': '0.9017', 'num_tokens': '2.099e+04', 'mean_token_accuracy': '0.4686', 'epoch': '0.01819'}

  1%|          | 10/1100 [00:48<1:25:46,  4.72s/it]
  1%|          | 11/1100 [00:53<1:24:33,  4.66s/it]
  1%|          | 12/1100 [00:58<1:25:47,  4.73s/it]
  1%|          | 13/1100 [01:03<1:27:17,  4.82s/it]
  1%|▏         | 14/1100 [01:07<1:26:28,  4.78s/it]
  1%|▏         | 15/1100 [01:12<1:24:40,  4.68s/it]
  1%|▏         | 16/1100 [01:17<1:25:45,  4.75s/it]
  2%|▏         | 17/1100 [01:21<1:21:21,  4.51s/it]
  2%|▏         | 18/1100 [01:25<1:22:08,  4.56s/it]
  2%|▏         | 19/1100 [01:29<1:17:56,  4.33s/it]
  2%|▏         | 20/1100 [01:34<1:23:47,  4.66s/it]
                                                   
{'loss': '2.93', 'grad_norm': '2.553', 'learning_rate': '3.455e-05', 'entropy': '1.332', 'num_tokens': '4.211e+04', 'mean_token_accuracy': '0.4993', 'epoch': '0.03638'}

  2%|▏         | 20/1100 [01:34<1:23:47,  4.66s/it]
  2%|▏         | 21/1100 [01:38<1:18:43,  4.38s/it]
  2%|▏         | 22/1100 [01:43<1:20:15,  4.47s/it]
  2%|▏         | 23/1100 [01:49<1:29:40,  5.00s/it]
  2%|▏         | 24/1100 [01:54<1:30:54,  5.07s/it]
  2%|▏         | 25/1100 [01:58<1:23:59,  4.69s/it]
  2%|▏         | 26/1100 [02:02<1:21:00,  4.53s/it]
  2%|▏         | 27/1100 [02:07<1:23:15,  4.66s/it]
  3%|▎         | 28/1100 [02:12<1:23:01,  4.65s/it]
  3%|▎         | 29/1100 [02:17<1:24:41,  4.74s/it]
  3%|▎         | 30/1100 [02:21<1:24:23,  4.73s/it]
                                                   
{'loss': '2.04', 'grad_norm': '1.988', 'learning_rate': '5.273e-05', 'entropy': '1.891', 'num_tokens': '6.266e+04', 'mean_token_accuracy': '0.5366', 'epoch': '0.05457'}

  3%|▎         | 30/1100 [02:22<1:24:23,  4.73s/it]
  3%|▎         | 31/1100 [02:26<1:23:27,  4.68s/it]
  3%|▎         | 32/1100 [02:30<1:21:23,  4.57s/it]
  3%|▎         | 33/1100 [02:35<1:20:29,  4.53s/it]
  3%|▎         | 34/1100 [02:40<1:25:31,  4.81s/it]
  3%|▎         | 35/1100 [02:45<1:22:54,  4.67s/it]
  3%|▎         | 36/1100 [02:49<1:23:03,  4.68s/it]
  3%|▎         | 37/1100 [02:54<1:22:15,  4.64s/it]
  3%|▎         | 38/1100 [02:59<1:24:48,  4.79s/it]
  4%|▎         | 39/1100 [03:03<1:21:48,  4.63s/it]
  4%|▎         | 40/1100 [03:08<1:23:06,  4.70s/it]
                                                   
{'loss': '1.937', 'grad_norm': '0.9503', 'learning_rate': '7.091e-05', 'entropy': '2.045', 'num_tokens': '8.275e+04', 'mean_token_accuracy': '0.5457', 'epoch': '0.07276'}

  4%|▎         | 40/1100 [03:08<1:23:06,  4.70s/it]
  4%|▎         | 41/1100 [03:13<1:24:22,  4.78s/it]
  4%|▍         | 42/1100 [03:18<1:25:30,  4.85s/it]
  4%|▍         | 43/1100 [03:23<1:24:04,  4.77s/it]
  4%|▍         | 44/1100 [03:27<1:20:51,  4.59s/it]
  4%|▍         | 45/1100 [03:32<1:20:54,  4.60s/it]
  4%|▍         | 46/1100 [03:36<1:21:37,  4.65s/it]
  4%|▍         | 47/1100 [03:41<1:20:46,  4.60s/it]
  4%|▍         | 48/1100 [03:46<1:23:57,  4.79s/it]
  4%|▍         | 49/1100 [03:51<1:25:20,  4.87s/it]
  5%|▍         | 50/1100 [03:54<1:17:03,  4.40s/it]
                                                   
{'loss': '1.795', 'grad_norm': '0.9841', 'learning_rate': '8.909e-05', 'entropy': '1.773', 'num_tokens': '1.035e+05', 'mean_token_accuracy': '0.577', 'epoch': '0.09095'}

  5%|▍         | 50/1100 [03:54<1:17:03,  4.40s/it]
  5%|▍         | 51/1100 [03:59<1:18:15,  4.48s/it]
  5%|▍         | 52/1100 [04:02<1:12:54,  4.17s/it]
  5%|▍         | 53/1100 [04:07<1:16:05,  4.36s/it]
  5%|▍         | 54/1100 [04:11<1:14:00,  4.24s/it]
  5%|▌         | 55/1100 [04:16<1:16:56,  4.42s/it]
  5%|▌         | 56/1100 [04:21<1:18:07,  4.49s/it]
  5%|▌         | 57/1100 [04:24<1:13:44,  4.24s/it]
  5%|▌         | 58/1100 [04:28<1:11:45,  4.13s/it]
  5%|▌         | 59/1100 [04:33<1:15:46,  4.37s/it]
  5%|▌         | 60/1100 [04:37<1:11:52,  4.15s/it]
                                                   
{'loss': '1.731', 'grad_norm': '1.321', 'learning_rate': '0.0001073', 'entropy': '1.712', 'num_tokens': '1.237e+05', 'mean_token_accuracy': '0.5696', 'epoch': '0.1091'}

  5%|▌         | 60/1100 [04:37<1:11:52,  4.15s/it]
  6%|▌         | 61/1100 [04:41<1:12:18,  4.18s/it]
  6%|▌         | 62/1100 [04:46<1:14:18,  4.30s/it]
  6%|▌         | 63/1100 [04:50<1:13:50,  4.27s/it]
  6%|▌         | 64/1100 [04:54<1:14:20,  4.31s/it]
  6%|▌         | 65/1100 [04:58<1:12:28,  4.20s/it]
  6%|▌         | 66/1100 [05:03<1:14:04,  4.30s/it]
  6%|▌         | 67/1100 [05:07<1:14:42,  4.34s/it]
  6%|▌         | 68/1100 [05:12<1:14:46,  4.35s/it]
  6%|▋         | 69/1100 [05:16<1:16:32,  4.45s/it]
  6%|▋         | 70/1100 [05:21<1:17:10,  4.50s/it]
                                                   
{'loss': '1.74', 'grad_norm': '1.131', 'learning_rate': '0.0001255', 'entropy': '1.642', 'num_tokens': '1.44e+05', 'mean_token_accuracy': '0.5884', 'epoch': '0.1273'}

  6%|▋         | 70/1100 [05:21<1:17:10,  4.50s/it]
  6%|▋         | 71/1100 [05:25<1:16:44,  4.47s/it]
  7%|▋         | 72/1100 [05:30<1:20:38,  4.71s/it]
  7%|▋         | 73/1100 [05:35<1:18:03,  4.56s/it]
  7%|▋         | 74/1100 [05:39<1:16:08,  4.45s/it]
  7%|▋         | 75/1100 [05:44<1:17:13,  4.52s/it]
  7%|▋         | 76/1100 [05:47<1:12:37,  4.26s/it]
  7%|▋         | 77/1100 [05:52<1:15:40,  4.44s/it]
  7%|▋         | 78/1100 [05:56<1:15:15,  4.42s/it]
  7%|▋         | 79/1100 [06:02<1:18:34,  4.62s/it]
  7%|▋         | 80/1100 [06:06<1:17:38,  4.57s/it]
                                                   
{'loss': '1.621', 'grad_norm': '1.24', 'learning_rate': '0.0001436', 'entropy': '1.643', 'num_tokens': '1.639e+05', 'mean_token_accuracy': '0.5977', 'epoch': '0.1455'}

  7%|▋         | 80/1100 [06:06<1:17:38,  4.57s/it]
  7%|▋         | 81/1100 [06:11<1:17:45,  4.58s/it]
  7%|▋         | 82/1100 [06:15<1:16:44,  4.52s/it]
  8%|▊         | 83/1100 [06:19<1:16:25,  4.51s/it]
  8%|▊         | 84/1100 [06:24<1:15:14,  4.44s/it]
  8%|▊         | 85/1100 [06:28<1:15:09,  4.44s/it]
  8%|▊         | 86/1100 [06:33<1:17:06,  4.56s/it]
  8%|▊         | 87/1100 [06:38<1:18:28,  4.65s/it]
  8%|▊         | 88/1100 [06:42<1:15:32,  4.48s/it]
  8%|▊         | 89/1100 [06:46<1:13:59,  4.39s/it]
  8%|▊         | 90/1100 [06:51<1:16:45,  4.56s/it]
                                                   
{'loss': '1.664', 'grad_norm': '1.075', 'learning_rate': '0.0001618', 'entropy': '1.676', 'num_tokens': '1.848e+05', 'mean_token_accuracy': '0.58', 'epoch': '0.1637'}

  8%|▊         | 90/1100 [06:51<1:16:45,  4.56s/it]
  8%|▊         | 91/1100 [06:55<1:15:12,  4.47s/it]
  8%|▊         | 92/1100 [06:59<1:12:46,  4.33s/it]
  8%|▊         | 93/1100 [07:03<1:11:13,  4.24s/it]
  9%|▊         | 94/1100 [07:08<1:13:14,  4.37s/it]
  9%|▊         | 95/1100 [07:12<1:11:35,  4.27s/it]
  9%|▊         | 96/1100 [07:17<1:13:06,  4.37s/it]
  9%|▉         | 97/1100 [07:21<1:13:49,  4.42s/it]
  9%|▉         | 98/1100 [07:25<1:12:25,  4.34s/it]
  9%|▉         | 99/1100 [07:30<1:13:49,  4.42s/it]
  9%|▉         | 100/1100 [07:34<1:12:04,  4.32s/it]
                                                    
{'loss': '1.694', 'grad_norm': '1.139', 'learning_rate': '0.00018', 'entropy': '1.669', 'num_tokens': '2.059e+05', 'mean_token_accuracy': '0.5785', 'epoch': '0.1819'}

  9%|▉         | 100/1100 [07:34<1:12:04,  4.32s/it]

  0%|          | 0/253 [00:00<?, ?it/s][A

  1%|          | 2/253 [00:00<00:42,  5.87it/s][A

  1%|          | 3/253 [00:00<00:53,  4.70it/s][A

  2%|▏         | 4/253 [00:00<00:57,  4.37it/s][A

  2%|▏         | 5/253 [00:01<00:54,  4.57it/s][A

  2%|▏         | 6/253 [00:01<00:55,  4.41it/s][A

  3%|▎         | 7/253 [00:01<00:59,  4.16it/s][A

  3%|▎         | 8/253 [00:01<00:59,  4.09it/s][A

  4%|▎         | 9/253 [00:02<00:59,  4.07it/s][A

  4%|▍         | 10/253 [00:02<01:09,  3.51it/s][A

  4%|▍         | 11/253 [00:02<01:05,  3.69it/s][A

  5%|▍         | 12/253 [00:02<00:59,  4.04it/s][A

  5%|▌         | 13/253 [00:03<01:01,  3.90it/s][A

  6%|▌         | 14/253 [00:03<01:09,  3.43it/s][A

  6%|▌         | 15/253 [00:03<01:12,  3.29it/s][A

  6%|▋         | 16/253 [00:04<01:10,  3.35it/s][A

  7%|▋         | 17/253 [00:04<01:06,  3.56it/s][A

  7%|▋         | 18/253 [00:04<01:02,  3.77it/s][A

  8%|▊         | 19/253 [00:04<00:58,  3.97it/s][A

  8%|▊         | 20/253 [00:05<00:59,  3.91it/s][A

  8%|▊         | 21/253 [00:05<01:00,  3.80it/s][A

  9%|▊         | 22/253 [00:05<01:04,  3.58it/s][A

  9%|▉         | 23/253 [00:05<01:01,  3.76it/s][A

  9%|▉         | 24/253 [00:06<01:04,  3.57it/s][A

 10%|▉         | 25/253 [00:06<01:01,  3.73it/s][A

 10%|█         | 26/253 [00:06<01:02,  3.61it/s][A

 11%|█         | 27/253 [00:07<01:01,  3.66it/s][A

 11%|█         | 28/253 [00:07<00:59,  3.75it/s][A

 11%|█▏        | 29/253 [00:07<00:55,  4.05it/s][A

 12%|█▏        | 30/253 [00:07<00:54,  4.12it/s][A

 12%|█▏        | 31/253 [00:08<00:55,  4.03it/s][A

 13%|█▎        | 32/253 [00:08<00:51,  4.32it/s][A

 13%|█▎        | 33/253 [00:08<00:47,  4.63it/s][A

 13%|█▎        | 34/253 [00:08<00:46,  4.74it/s][A

 14%|█▍        | 35/253 [00:08<00:48,  4.46it/s][A

 14%|█▍        | 36/253 [00:09<00:53,  4.08it/s][A

 15%|█▍        | 37/253 [00:09<00:50,  4.31it/s][A

 15%|█▌        | 38/253 [00:09<00:47,  4.54it/s][A

 15%|█▌        | 39/253 [00:09<00:45,  4.73it/s][A

 16%|█▌        | 40/253 [00:09<00:47,  4.46it/s][A

 16%|█▌        | 41/253 [00:10<00:45,  4.63it/s][A

 17%|█▋        | 42/253 [00:10<00:44,  4.74it/s][A

 17%|█▋        | 43/253 [00:10<00:46,  4.47it/s][A

 17%|█▋        | 44/253 [00:10<00:52,  3.96it/s][A

 18%|█▊        | 45/253 [00:11<00:53,  3.90it/s][A

 18%|█▊        | 46/253 [00:11<00:53,  3.89it/s][A

 19%|█▊        | 47/253 [00:11<00:50,  4.12it/s][A

 19%|█▉        | 48/253 [00:11<00:52,  3.87it/s][A

 19%|█▉        | 49/253 [00:12<00:51,  3.96it/s][A

 20%|█▉        | 50/253 [00:12<00:51,  3.96it/s][A

 20%|██        | 51/253 [00:12<00:52,  3.85it/s][A

 21%|██        | 52/253 [00:13<00:54,  3.69it/s][A

 21%|██        | 53/253 [00:13<00:49,  4.03it/s][A

 21%|██▏       | 54/253 [00:13<00:49,  4.06it/s][A

 22%|██▏       | 55/253 [00:13<00:46,  4.29it/s][A

 22%|██▏       | 56/253 [00:13<00:42,  4.61it/s][A

 23%|██▎       | 57/253 [00:14<00:40,  4.83it/s][A

 23%|██▎       | 58/253 [00:14<00:39,  4.93it/s][A

 23%|██▎       | 59/253 [00:14<00:38,  5.02it/s][A

 24%|██▎       | 60/253 [00:14<00:37,  5.18it/s][A

 24%|██▍       | 61/253 [00:14<00:41,  4.67it/s][A

 25%|██▍       | 62/253 [00:15<00:41,  4.65it/s][A

 25%|██▍       | 63/253 [00:15<00:39,  4.86it/s][A

 25%|██▌       | 64/253 [00:15<00:38,  4.90it/s][A

 26%|██▌       | 65/253 [00:15<00:37,  5.04it/s][A

 26%|██▌       | 66/253 [00:15<00:36,  5.17it/s][A

 26%|██▋       | 67/253 [00:16<00:37,  4.91it/s][A

 27%|██▋       | 68/253 [00:16<00:46,  4.00it/s][A

 27%|██▋       | 69/253 [00:16<00:45,  4.07it/s][A

 28%|██▊       | 70/253 [00:16<00:46,  3.94it/s][A

 28%|██▊       | 71/253 [00:17<00:51,  3.55it/s][A

 28%|██▊       | 72/253 [00:17<00:47,  3.84it/s][A

 29%|██▉       | 73/253 [00:17<00:44,  4.02it/s][A

 29%|██▉       | 74/253 [00:18<00:48,  3.67it/s][A

 30%|██▉       | 75/253 [00:18<00:46,  3.83it/s][A

 30%|███       | 76/253 [00:18<00:46,  3.83it/s][A

 30%|███       | 77/253 [00:18<00:45,  3.90it/s][A

 31%|███       | 78/253 [00:18<00:43,  4.02it/s][A

 31%|███       | 79/253 [00:19<00:40,  4.30it/s][A

 32%|███▏      | 80/253 [00:19<00:39,  4.35it/s][A

 32%|███▏      | 81/253 [00:19<00:39,  4.37it/s][A

 32%|███▏      | 82/253 [00:19<00:36,  4.67it/s][A

 33%|███▎      | 83/253 [00:20<00:35,  4.84it/s][A

 33%|███▎      | 84/253 [00:20<00:33,  5.01it/s][A

 34%|███▎      | 85/253 [00:20<00:32,  5.16it/s][A

 34%|███▍      | 86/253 [00:20<00:31,  5.22it/s][A

 34%|███▍      | 87/253 [00:20<00:31,  5.23it/s][A

 35%|███▍      | 88/253 [00:20<00:31,  5.29it/s][A

 35%|███▌      | 89/253 [00:21<00:30,  5.33it/s][A

 36%|███▌      | 90/253 [00:21<00:30,  5.41it/s][A

 36%|███▌      | 91/253 [00:21<00:29,  5.43it/s][A

 36%|███▋      | 92/253 [00:21<00:32,  4.95it/s][A

 37%|███▋      | 93/253 [00:22<00:39,  4.08it/s][A

 37%|███▋      | 94/253 [00:22<00:38,  4.13it/s][A

 38%|███▊      | 95/253 [00:22<00:37,  4.22it/s][A

 38%|███▊      | 96/253 [00:22<00:39,  3.96it/s][A

 38%|███▊      | 97/253 [00:23<00:37,  4.14it/s][A

 39%|███▊      | 98/253 [00:23<00:36,  4.29it/s][A

 39%|███▉      | 99/253 [00:23<00:40,  3.83it/s][A

 40%|███▉      | 100/253 [00:23<00:44,  3.43it/s][A

 40%|███▉      | 101/253 [00:24<00:46,  3.25it/s][A

 40%|████      | 102/253 [00:24<00:47,  3.20it/s][A

 41%|████      | 103/253 [00:24<00:44,  3.38it/s][A

 41%|████      | 104/253 [00:25<00:42,  3.50it/s][A

 42%|████▏     | 105/253 [00:25<00:40,  3.63it/s][A

 42%|████▏     | 106/253 [00:25<00:41,  3.50it/s][A

 42%|████▏     | 107/253 [00:25<00:37,  3.90it/s][A

 43%|████▎     | 108/253 [00:26<00:33,  4.28it/s][A

 43%|████▎     | 109/253 [00:26<00:31,  4.50it/s][A

 43%|████▎     | 110/253 [00:26<00:32,  4.40it/s][A

 44%|████▍     | 111/253 [00:26<00:32,  4.34it/s][A

 44%|████▍     | 112/253 [00:26<00:30,  4.62it/s][A

 45%|████▍     | 113/253 [00:27<00:29,  4.83it/s][A

 45%|████▌     | 114/253 [00:27<00:28,  4.91it/s][A

 45%|████▌     | 115/253 [00:27<00:28,  4.85it/s][A

 46%|████▌     | 116/253 [00:27<00:27,  4.98it/s][A

 46%|████▌     | 117/253 [00:27<00:27,  4.94it/s][A

 47%|████▋     | 118/253 [00:28<00:28,  4.73it/s][A

 47%|████▋     | 119/253 [00:28<00:33,  4.03it/s][A

 47%|████▋     | 120/253 [00:28<00:32,  4.14it/s][A

 48%|████▊     | 121/253 [00:28<00:31,  4.23it/s][A

 48%|████▊     | 122/253 [00:29<00:30,  4.33it/s][A

 49%|████▊     | 123/253 [00:29<00:32,  4.06it/s][A

 49%|████▉     | 124/253 [00:29<00:33,  3.87it/s][A

 49%|████▉     | 125/253 [00:29<00:33,  3.79it/s][A

 50%|████▉     | 126/253 [00:30<00:35,  3.62it/s][A

 50%|█████     | 127/253 [00:30<00:34,  3.67it/s][A

 51%|█████     | 128/253 [00:30<00:31,  4.02it/s][A

 51%|█████     | 129/253 [00:30<00:28,  4.28it/s][A

 51%|█████▏    | 130/253 [00:31<00:27,  4.48it/s][A

 52%|█████▏    | 131/253 [00:31<00:27,  4.45it/s][A

 52%|█████▏    | 132/253 [00:31<00:27,  4.33it/s][A

 53%|█████▎    | 133/253 [00:31<00:26,  4.61it/s][A

 53%|█████▎    | 134/253 [00:31<00:24,  4.86it/s][A

 53%|█████▎    | 135/253 [00:32<00:23,  5.00it/s][A

 54%|█████▍    | 136/253 [00:32<00:27,  4.19it/s][A

 54%|█████▍    | 137/253 [00:32<00:26,  4.36it/s][A

 55%|█████▍    | 138/253 [00:32<00:25,  4.46it/s][A

 55%|█████▍    | 139/253 [00:33<00:25,  4.55it/s][A

 55%|█████▌    | 140/253 [00:33<00:24,  4.56it/s][A

 56%|█████▌    | 141/253 [00:33<00:24,  4.61it/s][A

 56%|█████▌    | 142/253 [00:33<00:24,  4.49it/s][A

 57%|█████▋    | 143/253 [00:34<00:24,  4.47it/s][A

 57%|█████▋    | 144/253 [00:34<00:27,  3.93it/s][A

 57%|█████▋    | 145/253 [00:34<00:30,  3.60it/s][A

 58%|█████▊    | 146/253 [00:35<00:33,  3.22it/s][A

 58%|█████▊    | 147/253 [00:35<00:33,  3.19it/s][A

 58%|█████▊    | 148/253 [00:35<00:31,  3.38it/s][A

 59%|█████▉    | 149/253 [00:35<00:31,  3.30it/s][A

 59%|█████▉    | 150/253 [00:36<00:33,  3.12it/s][A

 60%|█████▉    | 151/253 [00:36<00:28,  3.55it/s][A

 60%|██████    | 152/253 [00:36<00:26,  3.87it/s][A

 60%|██████    | 153/253 [00:36<00:24,  4.00it/s][A

 61%|██████    | 154/253 [00:37<00:26,  3.80it/s][A

 61%|██████▏   | 155/253 [00:37<00:23,  4.16it/s][A

 62%|██████▏   | 156/253 [00:37<00:22,  4.37it/s][A

 62%|██████▏   | 157/253 [00:37<00:20,  4.64it/s][A

 62%|██████▏   | 158/253 [00:37<00:19,  4.86it/s][A

 63%|██████▎   | 159/253 [00:38<00:18,  4.97it/s][A

 63%|██████▎   | 160/253 [00:38<00:18,  5.10it/s][A

 64%|██████▎   | 161/253 [00:38<00:17,  5.16it/s][A

 64%|██████▍   | 162/253 [00:38<00:18,  5.01it/s][A

 64%|██████▍   | 163/253 [00:38<00:17,  5.07it/s][A

 65%|██████▍   | 164/253 [00:39<00:21,  4.17it/s][A

 65%|██████▌   | 165/253 [00:39<00:20,  4.36it/s][A

 66%|██████▌   | 166/253 [00:39<00:19,  4.43it/s][A

 66%|██████▌   | 167/253 [00:39<00:18,  4.54it/s][A

 66%|██████▋   | 168/253 [00:40<00:20,  4.10it/s][A

 67%|██████▋   | 169/253 [00:40<00:24,  3.40it/s][A

 67%|██████▋   | 170/253 [00:40<00:24,  3.32it/s][A

 68%|██████▊   | 171/253 [00:41<00:25,  3.27it/s][A

 68%|██████▊   | 172/253 [00:41<00:23,  3.39it/s][A

 68%|██████▊   | 173/253 [00:41<00:23,  3.47it/s][A

 69%|██████▉   | 174/253 [00:42<00:21,  3.64it/s][A

 69%|██████▉   | 175/253 [00:42<00:21,  3.69it/s][A

 70%|██████▉   | 176/253 [00:42<00:20,  3.84it/s][A

 70%|██████▉   | 177/253 [00:42<00:17,  4.25it/s][A

 70%|███████   | 178/253 [00:42<00:16,  4.59it/s][A

 71%|███████   | 179/253 [00:43<00:15,  4.79it/s][A

 71%|███████   | 180/253 [00:43<00:14,  4.98it/s][A

 72%|███████▏  | 181/253 [00:43<00:14,  5.11it/s][A

 72%|███████▏  | 182/253 [00:43<00:13,  5.32it/s][A

 72%|███████▏  | 183/253 [00:43<00:12,  5.39it/s][A

 73%|███████▎  | 184/253 [00:43<00:12,  5.52it/s][A

 73%|███████▎  | 185/253 [00:44<00:12,  5.53it/s][A

 74%|███████▎  | 186/253 [00:44<00:11,  5.62it/s][A

 74%|███████▍  | 187/253 [00:44<00:11,  5.57it/s][A

 74%|███████▍  | 188/253 [00:44<00:11,  5.45it/s][A

 75%|███████▍  | 189/253 [00:44<00:11,  5.43it/s][A

 75%|███████▌  | 190/253 [00:45<00:12,  5.25it/s][A

 75%|███████▌  | 191/253 [00:45<00:11,  5.30it/s][A

 76%|███████▌  | 192/253 [00:45<00:11,  5.35it/s][A

 76%|███████▋  | 193/253 [00:45<00:11,  5.41it/s][A

 77%|███████▋  | 194/253 [00:45<00:10,  5.41it/s][A

 77%|███████▋  | 195/253 [00:46<00:11,  5.25it/s][A

 77%|███████▋  | 196/253 [00:46<00:10,  5.23it/s][A

 78%|███████▊  | 197/253 [00:46<00:10,  5.21it/s][A

 78%|███████▊  | 198/253 [00:46<00:10,  5.02it/s][A

 79%|███████▊  | 199/253 [00:46<00:10,  5.09it/s][A

 79%|███████▉  | 200/253 [00:47<00:12,  4.17it/s][A

 79%|███████▉  | 201/253 [00:47<00:12,  4.18it/s][A

 80%|███████▉  | 202/253 [00:47<00:12,  4.02it/s][A

 80%|████████  | 203/253 [00:47<00:13,  3.73it/s][A

 81%|████████  | 204/253 [00:48<00:12,  4.00it/s][A

 81%|████████  | 205/253 [00:48<00:11,  4.28it/s][A

 81%|████████▏ | 206/253 [00:48<00:11,  4.20it/s][A

 82%|████████▏ | 207/253 [00:48<00:10,  4.51it/s][A

 82%|████████▏ | 208/253 [00:49<00:09,  4.76it/s][A

 83%|████████▎ | 209/253 [00:49<00:08,  4.96it/s][A

 83%|████████▎ | 210/253 [00:49<00:08,  5.14it/s][A

 83%|████████▎ | 211/253 [00:49<00:08,  5.05it/s][A

 84%|████████▍ | 212/253 [00:49<00:07,  5.18it/s][A

 84%|████████▍ | 213/253 [00:49<00:07,  5.17it/s][A

 85%|████████▍ | 214/253 [00:50<00:07,  5.22it/s][A

 85%|████████▍ | 215/253 [00:50<00:07,  5.30it/s][A

 85%|████████▌ | 216/253 [00:50<00:06,  5.29it/s][A

 86%|████████▌ | 217/253 [00:50<00:07,  5.09it/s][A

 86%|████████▌ | 218/253 [00:50<00:07,  4.81it/s][A

 87%|████████▋ | 219/253 [00:51<00:06,  4.97it/s][A

 87%|████████▋ | 220/253 [00:51<00:07,  4.59it/s][A

 87%|████████▋ | 221/253 [00:51<00:07,  4.53it/s][A

 88%|████████▊ | 222/253 [00:51<00:07,  3.92it/s][A

 88%|████████▊ | 223/253 [00:52<00:07,  3.78it/s][A

 89%|████████▊ | 224/253 [00:52<00:07,  3.74it/s][A

 89%|████████▉ | 225/253 [00:52<00:07,  3.98it/s][A

 89%|████████▉ | 226/253 [00:52<00:06,  4.06it/s][A

 90%|████████▉ | 227/253 [00:53<00:05,  4.39it/s][A

 90%|█████████ | 228/253 [00:53<00:05,  4.68it/s][A

 91%|█████████ | 229/253 [00:53<00:04,  4.94it/s][A

 91%|█████████ | 230/253 [00:53<00:04,  5.05it/s][A

 91%|█████████▏| 231/253 [00:53<00:04,  5.21it/s][A

 92%|█████████▏| 232/253 [00:54<00:03,  5.30it/s][A

 92%|█████████▏| 233/253 [00:54<00:03,  5.39it/s][A

 92%|█████████▏| 234/253 [00:54<00:03,  5.44it/s][A

 93%|█████████▎| 235/253 [00:54<00:03,  5.39it/s][A

 93%|█████████▎| 236/253 [00:54<00:03,  5.43it/s][A

 94%|█████████▎| 237/253 [00:54<00:02,  5.49it/s][A

 94%|█████████▍| 238/253 [00:55<00:02,  5.52it/s][A

 94%|█████████▍| 239/253 [00:55<00:02,  5.53it/s][A

 95%|█████████▍| 240/253 [00:55<00:02,  5.20it/s][A

 95%|█████████▌| 241/253 [00:55<00:02,  4.81it/s][A

 96%|█████████▌| 242/253 [00:56<00:02,  4.48it/s][A

 96%|█████████▌| 243/253 [00:56<00:02,  4.70it/s][A

 96%|█████████▋| 244/253 [00:56<00:01,  4.66it/s][A

 97%|█████████▋| 245/253 [00:56<00:01,  4.82it/s][A

 97%|█████████▋| 246/253 [00:56<00:01,  4.39it/s][A

 98%|█████████▊| 247/253 [00:57<00:01,  4.22it/s][A

 98%|█████████▊| 248/253 [00:57<00:01,  3.40it/s][A

 98%|█████████▊| 249/253 [00:57<00:01,  3.35it/s][A

 99%|█████████▉| 250/253 [00:58<00:00,  3.24it/s][A

 99%|█████████▉| 251/253 [00:58<00:00,  3.45it/s][A

100%|█████████▉| 252/253 [00:58<00:00,  3.65it/s][A

100%|██████████| 253/253 [00:58<00:00,  3.89it/s][A
                                                    

                                                 
[A{'eval_loss': '1.585', 'eval_runtime': '59.23', 'eval_samples_per_second': '8.544', 'eval_steps_per_second': '4.272', 'eval_entropy': '1.617', 'eval_num_tokens': '2.059e+05', 'eval_mean_token_accuracy': '0.6025', 'epoch': '0.1819'}

  9%|▉         | 100/1100 [08:33<1:12:04,  4.32s/it]

100%|██████████| 253/253 [00:58<00:00,  3.89it/s][A

                                                 [A
  9%|▉         | 101/1100 [08:39<6:12:18, 22.36s/it]
  9%|▉         | 102/1100 [08:42<4:38:40, 16.75s/it]
  9%|▉         | 103/1100 [08:47<3:36:35, 13.03s/it]
  9%|▉         | 104/1100 [08:51<2:51:02, 10.30s/it]
 10%|▉         | 105/1100 [08:55<2:22:39,  8.60s/it]
 10%|▉         | 106/1100 [08:59<1:59:16,  7.20s/it]
 10%|▉         | 107/1100 [09:03<1:43:18,  6.24s/it]
 10%|▉         | 108/1100 [09:07<1:33:42,  5.67s/it]
 10%|▉         | 109/1100 [09:11<1:25:04,  5.15s/it]
 10%|█         | 110/1100 [09:15<1:19:55,  4.84s/it]
                                                    
{'loss': '1.658', 'grad_norm': '1.091', 'learning_rate': '0.0001982', 'entropy': '1.599', 'num_tokens': '2.264e+05', 'mean_token_accuracy': '0.6037', 'epoch': '0.2001'}

 10%|█         | 110/1100 [09:16<1:19:55,  4.84s/it]
 10%|█         | 111/1100 [09:20<1:18:09,  4.74s/it]
 10%|█         | 112/1100 [09:24<1:15:42,  4.60s/it]
 10%|█         | 113/1100 [09:29<1:15:55,  4.61s/it]
 10%|█         | 114/1100 [09:33<1:12:42,  4.42s/it]
 10%|█         | 115/1100 [09:37<1:13:06,  4.45s/it]
 11%|█         | 116/1100 [09:42<1:13:31,  4.48s/it]
 11%|█         | 117/1100 [09:46<1:10:34,  4.31s/it]
 11%|█         | 118/1100 [09:50<1:09:37,  4.25s/it]
 11%|█         | 119/1100 [09:54<1:10:03,  4.28s/it]
 11%|█         | 120/1100 [09:59<1:10:26,  4.31s/it]
                                                    
{'loss': '1.605', 'grad_norm': '1.404', 'learning_rate': '0.0002', 'entropy': '1.587', 'num_tokens': '2.469e+05', 'mean_token_accuracy': '0.5959', 'epoch': '0.2183'}

 11%|█         | 120/1100 [09:59<1:10:26,  4.31s/it]
 11%|█         | 121/1100 [10:03<1:10:47,  4.34s/it]
 11%|█         | 122/1100 [10:08<1:12:12,  4.43s/it]
 11%|█         | 123/1100 [10:12<1:13:03,  4.49s/it]
 11%|█▏        | 124/1100 [10:18<1:16:20,  4.69s/it]
 11%|█▏        | 125/1100 [10:22<1:14:15,  4.57s/it]
 11%|█▏        | 126/1100 [10:26<1:14:22,  4.58s/it]
 12%|█▏        | 127/1100 [10:31<1:14:36,  4.60s/it]
 12%|█▏        | 128/1100 [10:37<1:20:20,  4.96s/it]
 12%|█▏        | 129/1100 [10:41<1:17:22,  4.78s/it]
 12%|█▏        | 130/1100 [10:46<1:16:29,  4.73s/it]
                                                    
{'loss': '1.592', 'grad_norm': '1.195', 'learning_rate': '0.0001998', 'entropy': '1.533', 'num_tokens': '2.675e+05', 'mean_token_accuracy': '0.607', 'epoch': '0.2365'}

 12%|█▏        | 130/1100 [10:46<1:16:29,  4.73s/it]
 12%|█▏        | 131/1100 [10:50<1:12:53,  4.51s/it]
 12%|█▏        | 132/1100 [10:55<1:13:33,  4.56s/it]
 12%|█▏        | 133/1100 [10:59<1:11:50,  4.46s/it]
 12%|█▏        | 134/1100 [11:03<1:12:28,  4.50s/it]
 12%|█▏        | 135/1100 [11:08<1:13:37,  4.58s/it]
 12%|█▏        | 136/1100 [11:13<1:13:00,  4.54s/it]
 12%|█▏        | 137/1100 [11:17<1:12:31,  4.52s/it]
 13%|█▎        | 138/1100 [11:21<1:10:22,  4.39s/it]
 13%|█▎        | 139/1100 [11:26<1:11:47,  4.48s/it]
 13%|█▎        | 140/1100 [11:30<1:10:28,  4.40s/it]
                                                    
{'loss': '1.549', 'grad_norm': '1.21', 'learning_rate': '0.0001996', 'entropy': '1.558', 'num_tokens': '2.883e+05', 'mean_token_accuracy': '0.6059', 'epoch': '0.2547'}

 13%|█▎        | 140/1100 [11:30<1:10:28,  4.40s/it]
 13%|█▎        | 141/1100 [11:34<1:09:23,  4.34s/it]
 13%|█▎        | 142/1100 [11:39<1:11:22,  4.47s/it]
 13%|█▎        | 143/1100 [11:43<1:11:15,  4.47s/it]
 13%|█▎        | 144/1100 [11:48<1:10:19,  4.41s/it]
 13%|█▎        | 145/1100 [11:52<1:11:00,  4.46s/it]
 13%|█▎        | 146/1100 [11:56<1:06:56,  4.21s/it]
 13%|█▎        | 147/1100 [12:01<1:10:03,  4.41s/it]
 13%|█▎        | 148/1100 [12:05<1:09:58,  4.41s/it]
 14%|█▎        | 149/1100 [12:10<1:11:06,  4.49s/it]
 14%|█▎        | 150/1100 [12:15<1:13:01,  4.61s/it]
                                                    
{'loss': '1.516', 'grad_norm': '1.026', 'learning_rate': '0.0001992', 'entropy': '1.507', 'num_tokens': '3.09e+05', 'mean_token_accuracy': '0.612', 'epoch': '0.2729'}

 14%|█▎        | 150/1100 [12:15<1:13:01,  4.61s/it]
 14%|█▎        | 151/1100 [12:19<1:11:10,  4.50s/it]
 14%|█▍        | 152/1100 [12:24<1:11:17,  4.51s/it]
 14%|█▍        | 153/1100 [12:28<1:11:31,  4.53s/it]
 14%|█▍        | 154/1100 [12:33<1:13:26,  4.66s/it]
 14%|█▍        | 155/1100 [12:38<1:13:53,  4.69s/it]
 14%|█▍        | 156/1100 [12:43<1:16:07,  4.84s/it]
 14%|█▍        | 157/1100 [12:47<1:10:49,  4.51s/it]
 14%|█▍        | 158/1100 [12:51<1:11:10,  4.53s/it]
 14%|█▍        | 159/1100 [12:56<1:09:27,  4.43s/it]
 15%|█▍        | 160/1100 [13:00<1:08:38,  4.38s/it]
                                                    
{'loss': '1.48', 'grad_norm': '0.989', 'learning_rate': '0.0001988', 'entropy': '1.43', 'num_tokens': '3.302e+05', 'mean_token_accuracy': '0.6151', 'epoch': '0.291'}

 15%|█▍        | 160/1100 [13:00<1:08:38,  4.38s/it]
 15%|█▍        | 161/1100 [13:05<1:10:17,  4.49s/it]
 15%|█▍        | 162/1100 [13:10<1:13:40,  4.71s/it]
 15%|█▍        | 163/1100 [13:14<1:10:54,  4.54s/it]
 15%|█▍        | 164/1100 [13:18<1:10:26,  4.52s/it]
 15%|█▌        | 165/1100 [13:24<1:13:21,  4.71s/it]
 15%|█▌        | 166/1100 [13:29<1:14:56,  4.81s/it]
 15%|█▌        | 167/1100 [13:33<1:13:02,  4.70s/it]
 15%|█▌        | 168/1100 [13:38<1:12:05,  4.64s/it]
 15%|█▌        | 169/1100 [13:43<1:13:51,  4.76s/it]
 15%|█▌        | 170/1100 [13:48<1:14:52,  4.83s/it]
                                                    
{'loss': '1.506', 'grad_norm': '1.125', 'learning_rate': '0.0001983', 'entropy': '1.559', 'num_tokens': '3.512e+05', 'mean_token_accuracy': '0.618', 'epoch': '0.3092'}

 15%|█▌        | 170/1100 [13:48<1:14:52,  4.83s/it]
 16%|█▌        | 171/1100 [13:53<1:18:02,  5.04s/it]
 16%|█▌        | 172/1100 [13:58<1:17:50,  5.03s/it]
 16%|█▌        | 173/1100 [14:04<1:20:13,  5.19s/it]
 16%|█▌        | 174/1100 [14:07<1:13:22,  4.75s/it]
 16%|█▌        | 175/1100 [14:12<1:11:01,  4.61s/it]
 16%|█▌        | 176/1100 [14:16<1:10:25,  4.57s/it]
 16%|█▌        | 177/1100 [14:20<1:07:43,  4.40s/it]
 16%|█▌        | 178/1100 [14:24<1:06:09,  4.30s/it]
 16%|█▋        | 179/1100 [14:29<1:05:54,  4.29s/it]
 16%|█▋        | 180/1100 [14:33<1:06:27,  4.33s/it]
                                                    
{'loss': '1.452', 'grad_norm': '0.9749', 'learning_rate': '0.0001976', 'entropy': '1.397', 'num_tokens': '3.72e+05', 'mean_token_accuracy': '0.6249', 'epoch': '0.3274'}

 16%|█▋        | 180/1100 [14:33<1:06:27,  4.33s/it]
 16%|█▋        | 181/1100 [14:37<1:06:19,  4.33s/it]
 17%|█▋        | 182/1100 [14:42<1:06:38,  4.36s/it]
 17%|█▋        | 183/1100 [14:46<1:07:50,  4.44s/it]
 17%|█▋        | 184/1100 [14:51<1:10:20,  4.61s/it]
 17%|█▋        | 185/1100 [14:56<1:08:40,  4.50s/it]
 17%|█▋        | 186/1100 [15:00<1:07:26,  4.43s/it]
 17%|█▋        | 187/1100 [15:05<1:09:11,  4.55s/it]
 17%|█▋        | 188/1100 [15:10<1:12:14,  4.75s/it]
 17%|█▋        | 189/1100 [15:14<1:09:10,  4.56s/it]
 17%|█▋        | 190/1100 [15:18<1:08:07,  4.49s/it]
                                                    
{'loss': '1.416', 'grad_norm': '1.129', 'learning_rate': '0.0001969', 'entropy': '1.453', 'num_tokens': '3.926e+05', 'mean_token_accuracy': '0.6234', 'epoch': '0.3456'}

 17%|█▋        | 190/1100 [15:18<1:08:07,  4.49s/it]
 17%|█▋        | 191/1100 [15:23<1:10:14,  4.64s/it]
 17%|█▋        | 192/1100 [15:28<1:09:49,  4.61s/it]
 18%|█▊        | 193/1100 [15:33<1:10:06,  4.64s/it]
 18%|█▊        | 194/1100 [15:37<1:09:22,  4.59s/it]
 18%|█▊        | 195/1100 [15:42<1:11:27,  4.74s/it]
 18%|█▊        | 196/1100 [15:46<1:08:42,  4.56s/it]
 18%|█▊        | 197/1100 [15:51<1:08:45,  4.57s/it]
 18%|█▊        | 198/1100 [15:56<1:08:58,  4.59s/it]
 18%|█▊        | 199/1100 [16:01<1:12:48,  4.85s/it]
 18%|█▊        | 200/1100 [16:06<1:12:52,  4.86s/it]
                                                    
{'loss': '1.496', 'grad_norm': '1.08', 'learning_rate': '0.000196', 'entropy': '1.499', 'num_tokens': '4.136e+05', 'mean_token_accuracy': '0.625', 'epoch': '0.3638'}

 18%|█▊        | 200/1100 [16:06<1:12:52,  4.86s/it]

  0%|          | 0/253 [00:00<?, ?it/s][A

  1%|          | 2/253 [00:00<00:23, 10.72it/s][A

  2%|▏         | 4/253 [00:00<00:41,  6.01it/s][A

  2%|▏         | 5/253 [00:00<00:47,  5.18it/s][A

  2%|▏         | 6/253 [00:01<00:49,  4.98it/s][A

  3%|▎         | 7/253 [00:01<00:48,  5.08it/s][A

  3%|▎         | 8/253 [00:01<00:59,  4.15it/s][A

  4%|▎         | 9/253 [00:01<00:54,  4.44it/s][A

  4%|▍         | 10/253 [00:02<00:57,  4.24it/s][A

  4%|▍         | 11/253 [00:02<01:01,  3.94it/s][A

  5%|▍         | 12/253 [00:02<01:01,  3.93it/s][A

  5%|▌         | 13/253 [00:02<01:01,  3.92it/s][A

  6%|▌         | 14/253 [00:03<01:10,  3.41it/s][A

  6%|▌         | 15/253 [00:03<01:16,  3.11it/s][A

  6%|▋         | 16/253 [00:03<01:14,  3.17it/s][A

  7%|▋         | 17/253 [00:04<01:16,  3.07it/s][A

  7%|▋         | 18/253 [00:04<01:18,  3.01it/s][A

  8%|▊         | 19/253 [00:05<01:20,  2.91it/s][A

  8%|▊         | 20/253 [00:05<01:22,  2.84it/s][A

  8%|▊         | 21/253 [00:05<01:14,  3.13it/s][A

  9%|▊         | 22/253 [00:05<01:07,  3.43it/s][A

  9%|▉         | 23/253 [00:06<01:01,  3.71it/s][A

  9%|▉         | 24/253 [00:06<01:00,  3.76it/s][A

 10%|▉         | 25/253 [00:06<00:59,  3.80it/s][A

 10%|█         | 26/253 [00:06<00:55,  4.12it/s][A

 11%|█         | 27/253 [00:06<00:51,  4.41it/s][A

 11%|█         | 28/253 [00:07<00:50,  4.44it/s][A

 11%|█▏        | 29/253 [00:07<00:47,  4.73it/s][A

 12%|█▏        | 30/253 [00:07<00:45,  4.91it/s][A

 12%|█▏        | 31/253 [00:07<00:45,  4.92it/s][A

 13%|█▎        | 32/253 [00:08<00:47,  4.61it/s][A

 13%|█▎        | 33/253 [00:08<00:46,  4.72it/s][A

 13%|█▎        | 34/253 [00:08<00:44,  4.94it/s][A

 14%|█▍        | 35/253 [00:08<00:44,  4.92it/s][A

 14%|█▍        | 36/253 [00:08<00:43,  4.97it/s][A

 15%|█▍        | 37/253 [00:08<00:42,  5.03it/s][A

 15%|█▌        | 38/253 [00:09<00:42,  5.06it/s][A

 15%|█▌        | 39/253 [00:09<00:41,  5.13it/s][A

 16%|█▌        | 40/253 [00:09<00:41,  5.12it/s][A

 16%|█▌        | 41/253 [00:09<00:42,  4.95it/s][A

 17%|█▋        | 42/253 [00:10<00:44,  4.70it/s][A

 17%|█▋        | 43/253 [00:10<00:43,  4.81it/s][A

 17%|█▋        | 44/253 [00:10<00:43,  4.78it/s][A

 18%|█▊        | 45/253 [00:10<00:43,  4.78it/s][A

 18%|█▊        | 46/253 [00:11<00:52,  3.93it/s][A

 19%|█▊        | 47/253 [00:11<00:57,  3.59it/s][A

 19%|█▉        | 48/253 [00:11<01:01,  3.34it/s][A

 19%|█▉        | 49/253 [00:11<01:00,  3.38it/s][A

 20%|█▉        | 50/253 [00:12<00:59,  3.44it/s][A

 20%|██        | 51/253 [00:12<00:57,  3.50it/s][A

 21%|██        | 52/253 [00:12<00:55,  3.62it/s][A

 21%|██        | 53/253 [00:13<01:00,  3.28it/s][A

 21%|██▏       | 54/253 [00:13<00:55,  3.60it/s][A

 22%|██▏       | 55/253 [00:13<00:51,  3.85it/s][A

 22%|██▏       | 56/253 [00:13<00:48,  4.10it/s][A

 23%|██▎       | 57/253 [00:14<00:45,  4.29it/s][A

 23%|██▎       | 58/253 [00:14<00:44,  4.40it/s][A

 23%|██▎       | 59/253 [00:14<00:42,  4.54it/s][A

 24%|██▎       | 60/253 [00:14<00:42,  4.50it/s][A

 24%|██▍       | 61/253 [00:14<00:45,  4.25it/s][A

 25%|██▍       | 62/253 [00:15<00:48,  3.94it/s][A

 25%|██▍       | 63/253 [00:15<00:52,  3.61it/s][A

 25%|██▌       | 64/253 [00:15<00:54,  3.44it/s][A

 26%|██▌       | 65/253 [00:16<00:58,  3.23it/s][A

 26%|██▌       | 66/253 [00:16<00:56,  3.30it/s][A

 26%|██▋       | 67/253 [00:16<00:54,  3.40it/s][A

 27%|██▋       | 68/253 [00:17<00:56,  3.29it/s][A

 27%|██▋       | 69/253 [00:17<00:57,  3.19it/s][A

 28%|██▊       | 70/253 [00:17<00:53,  3.45it/s][A

 28%|██▊       | 71/253 [00:17<00:53,  3.43it/s][A

 28%|██▊       | 72/253 [00:18<00:54,  3.32it/s][A

 29%|██▉       | 73/253 [00:18<00:51,  3.48it/s][A

 29%|██▉       | 74/253 [00:18<00:48,  3.70it/s][A

 30%|██▉       | 75/253 [00:19<00:46,  3.86it/s][A

 30%|███       | 76/253 [00:19<00:45,  3.88it/s][A

 30%|███       | 77/253 [00:19<00:41,  4.25it/s][A

 31%|███       | 78/253 [00:19<00:38,  4.50it/s][A

 31%|███       | 79/253 [00:19<00:37,  4.61it/s][A

 32%|███▏      | 80/253 [00:20<00:37,  4.64it/s][A

 32%|███▏      | 81/253 [00:20<00:41,  4.16it/s][A

 32%|███▏      | 82/253 [00:20<00:38,  4.43it/s][A

 33%|███▎      | 83/253 [00:20<00:36,  4.67it/s][A

 33%|███▎      | 84/253 [00:21<00:45,  3.75it/s][A

 34%|███▎      | 85/253 [00:21<00:40,  4.10it/s][A

 34%|███▍      | 86/253 [00:21<00:40,  4.10it/s][A

 34%|███▍      | 87/253 [00:21<00:48,  3.41it/s][A

 35%|███▍      | 88/253 [00:22<00:44,  3.71it/s][A

 35%|███▌      | 89/253 [00:22<00:46,  3.52it/s][A

 36%|███▌      | 90/253 [00:22<00:43,  3.72it/s][A

 36%|███▌      | 91/253 [00:22<00:42,  3.84it/s][A

 36%|███▋      | 92/253 [00:23<00:44,  3.65it/s][A

 37%|███▋      | 93/253 [00:23<00:45,  3.55it/s][A

 37%|███▋      | 94/253 [00:23<00:45,  3.48it/s][A

 38%|███▊      | 95/253 [00:24<00:43,  3.60it/s][A

 38%|███▊      | 96/253 [00:24<00:39,  3.95it/s][A

 38%|███▊      | 97/253 [00:24<00:41,  3.78it/s][A

 39%|███▊      | 98/253 [00:24<00:40,  3.82it/s][A

 39%|███▉      | 99/253 [00:25<00:38,  4.05it/s][A

 40%|███▉      | 100/253 [00:25<00:37,  4.12it/s][A

 40%|███▉      | 101/253 [00:25<00:40,  3.77it/s][A

 40%|████      | 102/253 [00:25<00:41,  3.65it/s][A

 41%|████      | 103/253 [00:26<00:42,  3.56it/s][A

 41%|████      | 104/253 [00:26<00:42,  3.50it/s][A

 42%|████▏     | 105/253 [00:26<00:43,  3.37it/s][A

 42%|████▏     | 106/253 [00:27<00:46,  3.17it/s][A

 42%|████▏     | 107/253 [00:27<00:45,  3.18it/s][A

 43%|████▎     | 108/253 [00:27<00:46,  3.13it/s][A

 43%|████▎     | 109/253 [00:28<00:43,  3.28it/s][A

 43%|████▎     | 110/253 [00:28<00:46,  3.08it/s][A

 44%|████▍     | 111/253 [00:28<00:44,  3.21it/s][A

 44%|████▍     | 112/253 [00:29<00:41,  3.43it/s][A

 45%|████▍     | 113/253 [00:29<00:38,  3.60it/s][A

 45%|████▌     | 114/253 [00:29<00:39,  3.48it/s][A

 45%|████▌     | 115/253 [00:29<00:38,  3.58it/s][A

 46%|████▌     | 116/253 [00:30<00:36,  3.72it/s][A

 46%|████▌     | 117/253 [00:30<00:35,  3.85it/s][A

 47%|████▋     | 118/253 [00:30<00:35,  3.82it/s][A

 47%|████▋     | 119/253 [00:30<00:37,  3.57it/s][A

 47%|████▋     | 120/253 [00:31<00:33,  4.01it/s][A

 48%|████▊     | 121/253 [00:31<00:31,  4.24it/s][A

 48%|████▊     | 122/253 [00:31<00:29,  4.49it/s][A

 49%|████▊     | 123/253 [00:31<00:30,  4.28it/s][A

 49%|████▉     | 124/253 [00:32<00:31,  4.10it/s][A

 49%|████▉     | 125/253 [00:32<00:36,  3.50it/s][A

 50%|████▉     | 126/253 [00:32<00:32,  3.89it/s][A

 50%|█████     | 127/253 [00:32<00:29,  4.26it/s][A

 51%|█████     | 128/253 [00:32<00:27,  4.54it/s][A

 51%|█████     | 129/253 [00:33<00:27,  4.48it/s][A

 51%|█████▏    | 130/253 [00:33<00:25,  4.74it/s][A

 52%|█████▏    | 131/253 [00:33<00:30,  4.04it/s][A

 52%|█████▏    | 132/253 [00:33<00:31,  3.84it/s][A

 53%|█████▎    | 133/253 [00:34<00:32,  3.73it/s][A

 53%|█████▎    | 134/253 [00:34<00:33,  3.57it/s][A

 53%|█████▎    | 135/253 [00:34<00:31,  3.78it/s][A

 54%|█████▍    | 136/253 [00:35<00:32,  3.59it/s][A

 54%|█████▍    | 137/253 [00:35<00:33,  3.43it/s][A

 55%|█████▍    | 138/253 [00:35<00:33,  3.42it/s][A

 55%|█████▍    | 139/253 [00:36<00:33,  3.35it/s][A

 55%|█████▌    | 140/253 [00:36<00:33,  3.33it/s][A

 56%|█████▌    | 141/253 [00:36<00:33,  3.35it/s][A

 56%|█████▌    | 142/253 [00:36<00:31,  3.52it/s][A

 57%|█████▋    | 143/253 [00:37<00:30,  3.63it/s][A

 57%|█████▋    | 144/253 [00:37<00:28,  3.85it/s][A

 57%|█████▋    | 145/253 [00:37<00:25,  4.21it/s][A

 58%|█████▊    | 146/253 [00:37<00:26,  4.10it/s][A

 58%|█████▊    | 147/253 [00:38<00:25,  4.13it/s][A

 58%|█████▊    | 148/253 [00:38<00:23,  4.40it/s][A

 59%|█████▉    | 149/253 [00:38<00:24,  4.31it/s][A

 59%|█████▉    | 150/253 [00:38<00:22,  4.60it/s][A

 60%|█████▉    | 151/253 [00:38<00:24,  4.20it/s][A

 60%|██████    | 152/253 [00:39<00:25,  4.03it/s][A

 60%|██████    | 153/253 [00:39<00:29,  3.37it/s][A

 61%|██████    | 154/253 [00:39<00:29,  3.38it/s][A

 61%|██████▏   | 155/253 [00:40<00:27,  3.56it/s][A

 62%|██████▏   | 156/253 [00:40<00:28,  3.42it/s][A

 62%|██████▏   | 157/253 [00:40<00:28,  3.31it/s][A

 62%|██████▏   | 158/253 [00:41<00:29,  3.27it/s][A

 63%|██████▎   | 159/253 [00:41<00:29,  3.20it/s][A

 63%|██████▎   | 160/253 [00:41<00:28,  3.27it/s][A

 64%|██████▎   | 161/253 [00:42<00:27,  3.38it/s][A

 64%|██████▍   | 162/253 [00:42<00:25,  3.52it/s][A

 64%|██████▍   | 163/253 [00:42<00:23,  3.79it/s][A

 65%|██████▍   | 164/253 [00:42<00:21,  4.06it/s][A

 65%|██████▌   | 165/253 [00:42<00:20,  4.35it/s][A

 66%|██████▌   | 166/253 [00:43<00:20,  4.21it/s][A

 66%|██████▌   | 167/253 [00:43<00:19,  4.47it/s][A

 66%|██████▋   | 168/253 [00:43<00:18,  4.60it/s][A

 67%|██████▋   | 169/253 [00:43<00:17,  4.86it/s][A

 67%|██████▋   | 170/253 [00:43<00:16,  4.99it/s][A

 68%|██████▊   | 171/253 [00:44<00:16,  5.09it/s][A

 68%|██████▊   | 172/253 [00:44<00:15,  5.28it/s][A

 68%|██████▊   | 173/253 [00:44<00:14,  5.36it/s][A

 69%|██████▉   | 174/253 [00:44<00:14,  5.41it/s][A

 69%|██████▉   | 175/253 [00:44<00:14,  5.49it/s][A

 70%|██████▉   | 176/253 [00:45<00:13,  5.56it/s][A

 70%|██████▉   | 177/253 [00:45<00:13,  5.46it/s][A

 70%|███████   | 178/253 [00:45<00:13,  5.50it/s][A

 71%|███████   | 179/253 [00:45<00:14,  5.28it/s][A

 71%|███████   | 180/253 [00:45<00:14,  5.15it/s][A

 72%|███████▏  | 181/253 [00:45<00:13,  5.22it/s][A

 72%|███████▏  | 182/253 [00:46<00:13,  5.23it/s][A

 72%|███████▏  | 183/253 [00:46<00:13,  5.26it/s][A

 73%|███████▎  | 184/253 [00:46<00:13,  5.17it/s][A

 73%|███████▎  | 185/253 [00:46<00:16,  4.15it/s][A

 74%|███████▎  | 186/253 [00:47<00:15,  4.34it/s][A

 74%|███████▍  | 187/253 [00:47<00:16,  4.08it/s][A

 74%|███████▍  | 188/253 [00:47<00:16,  3.97it/s][A

 75%|███████▍  | 189/253 [00:47<00:16,  3.89it/s][A

 75%|███████▌  | 190/253 [00:48<00:17,  3.63it/s][A

 75%|███████▌  | 191/253 [00:48<00:18,  3.34it/s][A

 76%|███████▌  | 192/253 [00:48<00:16,  3.71it/s][A

 76%|███████▋  | 193/253 [00:49<00:16,  3.56it/s][A

 77%|███████▋  | 194/253 [00:49<00:19,  3.09it/s][A

 77%|███████▋  | 195/253 [00:49<00:17,  3.32it/s][A

 77%|███████▋  | 196/253 [00:49<00:15,  3.73it/s][A

 78%|███████▊  | 197/253 [00:50<00:14,  3.99it/s][A

 78%|███████▊  | 198/253 [00:50<00:12,  4.32it/s][A

 79%|███████▊  | 199/253 [00:50<00:11,  4.52it/s][A

 79%|███████▉  | 200/253 [00:50<00:11,  4.49it/s][A

 79%|███████▉  | 201/253 [00:50<00:11,  4.69it/s][A

 80%|███████▉  | 202/253 [00:51<00:10,  4.85it/s][A

 80%|████████  | 203/253 [00:51<00:11,  4.35it/s][A

 81%|████████  | 204/253 [00:51<00:10,  4.50it/s][A

 81%|████████  | 205/253 [00:51<00:10,  4.55it/s][A

 81%|████████▏ | 206/253 [00:52<00:10,  4.54it/s][A

 82%|████████▏ | 207/253 [00:52<00:10,  4.49it/s][A

 82%|████████▏ | 208/253 [00:52<00:11,  3.83it/s][A

 83%|████████▎ | 209/253 [00:53<00:12,  3.45it/s][A

 83%|████████▎ | 210/253 [00:53<00:13,  3.19it/s][A

 83%|████████▎ | 211/253 [00:53<00:11,  3.59it/s][A

 84%|████████▍ | 212/253 [00:54<00:13,  3.06it/s][A

 84%|████████▍ | 213/253 [00:54<00:11,  3.43it/s][A

 85%|████████▍ | 214/253 [00:54<00:10,  3.78it/s][A

 85%|████████▍ | 215/253 [00:54<00:10,  3.74it/s][A

 85%|████████▌ | 216/253 [00:54<00:09,  3.98it/s][A

 86%|████████▌ | 217/253 [00:55<00:09,  3.92it/s][A

 86%|████████▌ | 218/253 [00:55<00:08,  4.10it/s][A

 87%|████████▋ | 219/253 [00:55<00:08,  4.12it/s][A

 87%|████████▋ | 220/253 [00:55<00:07,  4.43it/s][A

 87%|████████▋ | 221/253 [00:56<00:06,  4.77it/s][A

 88%|████████▊ | 222/253 [00:56<00:06,  5.00it/s][A

 88%|████████▊ | 223/253 [00:56<00:05,  5.08it/s][A

 89%|████████▊ | 224/253 [00:56<00:05,  5.27it/s][A

 89%|████████▉ | 225/253 [00:56<00:05,  5.40it/s][A

 89%|████████▉ | 226/253 [00:56<00:05,  5.31it/s][A

 90%|████████▉ | 227/253 [00:57<00:04,  5.37it/s][A

 90%|█████████ | 228/253 [00:57<00:04,  5.39it/s][A

 91%|█████████ | 229/253 [00:57<00:04,  5.37it/s][A

 91%|█████████ | 230/253 [00:57<00:04,  5.32it/s][A

 91%|█████████▏| 231/253 [00:57<00:04,  5.25it/s][A

 92%|█████████▏| 232/253 [00:58<00:04,  4.63it/s][A

 92%|█████████▏| 233/253 [00:58<00:04,  4.73it/s][A

 92%|█████████▏| 234/253 [00:58<00:03,  4.89it/s][A

 93%|█████████▎| 235/253 [00:58<00:04,  4.36it/s][A

 93%|█████████▎| 236/253 [00:59<00:04,  3.61it/s][A

 94%|█████████▎| 237/253 [00:59<00:04,  3.84it/s][A

 94%|█████████▍| 238/253 [00:59<00:03,  4.03it/s][A

 94%|█████████▍| 239/253 [00:59<00:03,  4.19it/s][A

 95%|█████████▍| 240/253 [01:00<00:03,  3.93it/s][A

 95%|█████████▌| 241/253 [01:00<00:03,  3.54it/s][A

 96%|█████████▌| 242/253 [01:00<00:02,  3.75it/s][A

 96%|█████████▌| 243/253 [01:01<00:02,  3.66it/s][A

 96%|█████████▋| 244/253 [01:01<00:02,  3.20it/s][A

 97%|█████████▋| 245/253 [01:01<00:02,  3.29it/s][A

 97%|█████████▋| 246/253 [01:01<00:01,  3.62it/s][A

 98%|█████████▊| 247/253 [01:02<00:01,  3.86it/s][A

 98%|█████████▊| 248/253 [01:02<00:01,  3.98it/s][A

 98%|█████████▊| 249/253 [01:02<00:00,  4.17it/s][A

 99%|█████████▉| 250/253 [01:02<00:00,  4.51it/s][A

 99%|█████████▉| 251/253 [01:02<00:00,  4.75it/s][A

100%|█████████▉| 252/253 [01:03<00:00,  5.02it/s][A

100%|██████████| 253/253 [01:03<00:00,  5.23it/s][A
                                                    

                                                 
[A{'eval_loss': '1.444', 'eval_runtime': '63.62', 'eval_samples_per_second': '7.954', 'eval_steps_per_second': '3.977', 'eval_entropy': '1.406', 'eval_num_tokens': '4.136e+05', 'eval_mean_token_accuracy': '0.6235', 'epoch': '0.3638'}

 18%|█▊        | 200/1100 [17:10<1:12:52,  4.86s/it]

100%|██████████| 253/253 [01:03<00:00,  5.23it/s][A

                                                 [A
 18%|█▊        | 201/1100 [17:16<6:06:49, 24.48s/it]
 18%|█▊        | 202/1100 [17:22<4:41:01, 18.78s/it]
 18%|█▊        | 203/1100 [17:27<3:40:27, 14.75s/it]
 19%|█▊        | 204/1100 [17:31<2:50:05, 11.39s/it]
 19%|█▊        | 205/1100 [17:35<2:17:49,  9.24s/it]
 19%|█▊        | 206/1100 [17:40<1:58:51,  7.98s/it]
 19%|█▉        | 207/1100 [17:44<1:42:01,  6.86s/it]
 19%|█▉        | 208/1100 [17:48<1:26:58,  5.85s/it]
 19%|█▉        | 209/1100 [17:53<1:23:05,  5.60s/it]
 19%|█▉        | 210/1100 [17:58<1:21:29,  5.49s/it]
                                                    
{'loss': '1.447', 'grad_norm': '1.348', 'learning_rate': '0.0001951', 'entropy': '1.369', 'num_tokens': '4.349e+05', 'mean_token_accuracy': '0.6275', 'epoch': '0.382'}

 19%|█▉        | 210/1100 [17:58<1:21:29,  5.49s/it]
 19%|█▉        | 211/1100 [18:02<1:17:23,  5.22s/it]
 19%|█▉        | 212/1100 [18:07<1:13:42,  4.98s/it]
 19%|█▉        | 213/1100 [18:10<1:07:23,  4.56s/it]
 19%|█▉        | 214/1100 [18:16<1:10:25,  4.77s/it]
 20%|█▉        | 215/1100 [18:21<1:11:30,  4.85s/it]
 20%|█▉        | 216/1100 [18:25<1:07:17,  4.57s/it]
 20%|█▉        | 217/1100 [18:29<1:07:58,  4.62s/it]
 20%|█▉        | 218/1100 [18:34<1:08:32,  4.66s/it]
 20%|█▉        | 219/1100 [18:39<1:07:55,  4.63s/it]
 20%|██        | 220/1100 [18:43<1:04:55,  4.43s/it]
                                                    
{'loss': '1.37', 'grad_norm': '1.255', 'learning_rate': '0.0001941', 'entropy': '1.385', 'num_tokens': '4.55e+05', 'mean_token_accuracy': '0.6372', 'epoch': '0.4002'}

 20%|██        | 220/1100 [18:43<1:04:55,  4.43s/it]
 20%|██        | 221/1100 [18:47<1:06:35,  4.55s/it]
 20%|██        | 222/1100 [18:52<1:05:00,  4.44s/it]
 20%|██        | 223/1100 [18:55<1:01:37,  4.22s/it]
 20%|██        | 224/1100 [19:00<1:05:20,  4.48s/it]
 20%|██        | 225/1100 [19:06<1:08:34,  4.70s/it]
 21%|██        | 226/1100 [19:10<1:08:19,  4.69s/it]
 21%|██        | 227/1100 [19:15<1:09:34,  4.78s/it]
 21%|██        | 228/1100 [19:19<1:06:16,  4.56s/it]
 21%|██        | 229/1100 [19:25<1:11:15,  4.91s/it]
 21%|██        | 230/1100 [19:30<1:10:42,  4.88s/it]
                                                    
{'loss': '1.486', 'grad_norm': '1.158', 'learning_rate': '0.000193', 'entropy': '1.396', 'num_tokens': '4.756e+05', 'mean_token_accuracy': '0.6289', 'epoch': '0.4184'}

 21%|██        | 230/1100 [19:30<1:10:42,  4.88s/it]
 21%|██        | 231/1100 [19:34<1:08:54,  4.76s/it]
 21%|██        | 232/1100 [19:40<1:11:48,  4.96s/it]
 21%|██        | 233/1100 [19:45<1:12:04,  4.99s/it]
 21%|██▏       | 234/1100 [19:49<1:08:25,  4.74s/it]
 21%|██▏       | 235/1100 [19:53<1:04:36,  4.48s/it]
 21%|██▏       | 236/1100 [19:58<1:05:36,  4.56s/it]
 22%|██▏       | 237/1100 [20:03<1:08:12,  4.74s/it]
 22%|██▏       | 238/1100 [20:07<1:08:09,  4.74s/it]
 22%|██▏       | 239/1100 [20:11<1:04:51,  4.52s/it]
 22%|██▏       | 240/1100 [20:17<1:06:57,  4.67s/it]
                                                    
{'loss': '1.396', 'grad_norm': '1.016', 'learning_rate': '0.0001917', 'entropy': '1.422', 'num_tokens': '4.962e+05', 'mean_token_accuracy': '0.6266', 'epoch': '0.4366'}

 22%|██▏       | 240/1100 [20:17<1:06:57,  4.67s/it]
 22%|██▏       | 241/1100 [20:20<1:03:00,  4.40s/it]
 22%|██▏       | 242/1100 [20:25<1:02:55,  4.40s/it]
 22%|██▏       | 243/1100 [20:29<1:01:36,  4.31s/it]
 22%|██▏       | 244/1100 [20:35<1:09:41,  4.88s/it]
 22%|██▏       | 245/1100 [20:39<1:03:51,  4.48s/it]
 22%|██▏       | 246/1100 [20:43<1:04:54,  4.56s/it]
 22%|██▏       | 247/1100 [20:48<1:07:12,  4.73s/it]
 23%|██▎       | 248/1100 [20:53<1:07:47,  4.77s/it]
 23%|██▎       | 249/1100 [20:58<1:09:22,  4.89s/it]
 23%|██▎       | 250/1100 [21:04<1:10:42,  4.99s/it]
                                                    
{'loss': '1.456', 'grad_norm': '1.181', 'learning_rate': '0.0001904', 'entropy': '1.445', 'num_tokens': '5.17e+05', 'mean_token_accuracy': '0.6205', 'epoch': '0.4548'}

 23%|██▎       | 250/1100 [21:04<1:10:42,  4.99s/it]
 23%|██▎       | 251/1100 [21:08<1:08:12,  4.82s/it]
 23%|██▎       | 252/1100 [21:13<1:08:59,  4.88s/it]
 23%|██▎       | 253/1100 [21:18<1:09:15,  4.91s/it]
 23%|██▎       | 254/1100 [21:23<1:10:41,  5.01s/it]
 23%|██▎       | 255/1100 [21:28<1:09:54,  4.96s/it]
 23%|██▎       | 256/1100 [21:34<1:12:39,  5.17s/it]
 23%|██▎       | 257/1100 [21:38<1:07:19,  4.79s/it]
 23%|██▎       | 258/1100 [21:42<1:04:19,  4.58s/it]
 24%|██▎       | 259/1100 [21:47<1:07:35,  4.82s/it]
 24%|██▎       | 260/1100 [21:52<1:06:44,  4.77s/it]
                                                    
{'loss': '1.475', 'grad_norm': '0.9735', 'learning_rate': '0.000189', 'entropy': '1.401', 'num_tokens': '5.38e+05', 'mean_token_accuracy': '0.6178', 'epoch': '0.4729'}

 24%|██▎       | 260/1100 [21:52<1:06:44,  4.77s/it]
 24%|██▎       | 261/1100 [21:56<1:03:47,  4.56s/it]
 24%|██▍       | 262/1100 [22:01<1:05:02,  4.66s/it]
 24%|██▍       | 263/1100 [22:06<1:08:00,  4.88s/it]
 24%|██▍       | 264/1100 [22:11<1:06:23,  4.77s/it]
 24%|██▍       | 265/1100 [22:15<1:05:46,  4.73s/it]
 24%|██▍       | 266/1100 [22:21<1:08:14,  4.91s/it]
 24%|██▍       | 267/1100 [22:26<1:07:49,  4.89s/it]
 24%|██▍       | 268/1100 [22:30<1:04:53,  4.68s/it]
 24%|██▍       | 269/1100 [22:34<1:02:03,  4.48s/it]
 25%|██▍       | 270/1100 [22:38<1:02:50,  4.54s/it]
                                                    
{'loss': '1.389', 'grad_norm': '1.245', 'learning_rate': '0.0001875', 'entropy': '1.41', 'num_tokens': '5.59e+05', 'mean_token_accuracy': '0.6397', 'epoch': '0.4911'}

 25%|██▍       | 270/1100 [22:38<1:02:50,  4.54s/it]
 25%|██▍       | 271/1100 [22:43<1:02:01,  4.49s/it]
 25%|██▍       | 272/1100 [22:46<57:52,  4.19s/it]  
 25%|██▍       | 273/1100 [22:51<59:32,  4.32s/it]
 25%|██▍       | 274/1100 [22:56<1:02:07,  4.51s/it]
 25%|██▌       | 275/1100 [23:00<59:01,  4.29s/it]  
 25%|██▌       | 276/1100 [23:04<59:06,  4.30s/it]
 25%|██▌       | 277/1100 [23:09<1:01:37,  4.49s/it]
 25%|██▌       | 278/1100 [23:14<1:04:26,  4.70s/it]
 25%|██▌       | 279/1100 [23:19<1:05:05,  4.76s/it]
 25%|██▌       | 280/1100 [23:23<1:01:08,  4.47s/it]
                                                    
{'loss': '1.547', 'grad_norm': '1.066', 'learning_rate': '0.000186', 'entropy': '1.503', 'num_tokens': '5.807e+05', 'mean_token_accuracy': '0.6084', 'epoch': '0.5093'}

 25%|██▌       | 280/1100 [23:23<1:01:08,  4.47s/it]
 26%|██▌       | 281/1100 [23:28<1:03:19,  4.64s/it]
 26%|██▌       | 282/1100 [23:32<1:00:58,  4.47s/it]
 26%|██▌       | 283/1100 [23:36<1:00:44,  4.46s/it]
 26%|██▌       | 284/1100 [23:41<59:32,  4.38s/it]  
 26%|██▌       | 285/1100 [23:47<1:06:27,  4.89s/it]
 26%|██▌       | 286/1100 [23:51<1:02:31,  4.61s/it]
 26%|██▌       | 287/1100 [23:55<1:02:17,  4.60s/it]
 26%|██▌       | 288/1100 [24:00<1:02:10,  4.59s/it]
 26%|██▋       | 289/1100 [24:05<1:04:57,  4.81s/it]
 26%|██▋       | 290/1100 [24:10<1:04:32,  4.78s/it]
                                                    
{'loss': '1.378', 'grad_norm': '1.105', 'learning_rate': '0.0001843', 'entropy': '1.432', 'num_tokens': '6.014e+05', 'mean_token_accuracy': '0.6353', 'epoch': '0.5275'}

 26%|██▋       | 290/1100 [24:10<1:04:32,  4.78s/it]
 26%|██▋       | 291/1100 [24:14<1:03:09,  4.68s/it]
 27%|██▋       | 292/1100 [24:19<1:02:42,  4.66s/it]
 27%|██▋       | 293/1100 [24:24<1:02:46,  4.67s/it]
 27%|██▋       | 294/1100 [24:28<1:02:54,  4.68s/it]
 27%|██▋       | 295/1100 [24:33<1:03:01,  4.70s/it]
 27%|██▋       | 296/1100 [24:38<1:05:52,  4.92s/it]
 27%|██▋       | 297/1100 [24:44<1:06:40,  4.98s/it]
 27%|██▋       | 298/1100 [24:48<1:05:34,  4.91s/it]
 27%|██▋       | 299/1100 [24:52<1:01:25,  4.60s/it]
 27%|██▋       | 300/1100 [24:57<1:03:28,  4.76s/it]
                                                    
{'loss': '1.395', 'grad_norm': '1.129', 'learning_rate': '0.0001825', 'entropy': '1.318', 'num_tokens': '6.222e+05', 'mean_token_accuracy': '0.6325', 'epoch': '0.5457'}

 27%|██▋       | 300/1100 [24:57<1:03:28,  4.76s/it]

  0%|          | 0/253 [00:00<?, ?it/s][A

  1%|          | 2/253 [00:00<00:54,  4.58it/s][A

  1%|          | 3/253 [00:00<00:58,  4.28it/s][A

  2%|▏         | 4/253 [00:00<00:57,  4.34it/s][A

  2%|▏         | 5/253 [00:01<01:14,  3.33it/s][A

  2%|▏         | 6/253 [00:01<01:26,  2.84it/s][A

  3%|▎         | 7/253 [00:02<01:29,  2.76it/s][A

  3%|▎         | 8/253 [00:02<01:15,  3.23it/s][A

  4%|▎         | 9/253 [00:02<01:07,  3.61it/s][A

  4%|▍         | 10/253 [00:03<01:20,  3.04it/s][A

  4%|▍         | 11/253 [00:03<01:10,  3.42it/s][A

  5%|▍         | 12/253 [00:03<01:05,  3.66it/s][A

  5%|▌         | 13/253 [00:03<01:03,  3.80it/s][A

  6%|▌         | 14/253 [00:03<01:01,  3.90it/s][A

  6%|▌         | 15/253 [00:04<00:57,  4.17it/s][A

  6%|▋         | 16/253 [00:04<00:57,  4.14it/s][A

  7%|▋         | 17/253 [00:04<01:00,  3.93it/s][A

  7%|▋         | 18/253 [00:04<01:02,  3.77it/s][A

  8%|▊         | 19/253 [00:05<01:05,  3.58it/s][A

  8%|▊         | 20/253 [00:05<01:03,  3.65it/s][A

  8%|▊         | 21/253 [00:05<01:00,  3.84it/s][A

  9%|▊         | 22/253 [00:06<01:02,  3.70it/s][A

  9%|▉         | 23/253 [00:06<01:02,  3.66it/s][A

  9%|▉         | 24/253 [00:06<01:12,  3.17it/s][A

 10%|▉         | 25/253 [00:07<01:06,  3.41it/s][A

 10%|█         | 26/253 [00:07<01:03,  3.58it/s][A

 11%|█         | 27/253 [00:07<01:03,  3.58it/s][A

 11%|█         | 28/253 [00:07<01:07,  3.32it/s][A

 11%|█▏        | 29/253 [00:08<01:06,  3.38it/s][A

 12%|█▏        | 30/253 [00:08<01:04,  3.46it/s][A

 12%|█▏        | 31/253 [00:08<00:59,  3.72it/s][A

 13%|█▎        | 32/253 [00:08<00:59,  3.72it/s][A

 13%|█▎        | 33/253 [00:09<01:00,  3.62it/s][A

 13%|█▎        | 34/253 [00:09<00:59,  3.67it/s][A

 14%|█▍        | 35/253 [00:09<01:03,  3.44it/s][A

 14%|█▍        | 36/253 [00:10<00:59,  3.64it/s][A

 15%|█▍        | 37/253 [00:10<01:04,  3.37it/s][A

 15%|█▌        | 38/253 [00:10<01:04,  3.31it/s][A

 15%|█▌        | 39/253 [00:10<00:59,  3.58it/s][A

 16%|█▌        | 40/253 [00:11<01:05,  3.25it/s][A

 16%|█▌        | 41/253 [00:11<01:02,  3.38it/s][A

 17%|█▋        | 42/253 [00:11<01:00,  3.51it/s][A

 17%|█▋        | 43/253 [00:12<01:03,  3.31it/s][A

 17%|█▋        | 44/253 [00:12<01:05,  3.20it/s][A

 18%|█▊        | 45/253 [00:12<00:58,  3.54it/s][A

 18%|█▊        | 46/253 [00:12<00:53,  3.86it/s][A

 19%|█▊        | 47/253 [00:13<00:49,  4.16it/s][A

 19%|█▉        | 48/253 [00:13<00:46,  4.44it/s][A

 19%|█▉        | 49/253 [00:13<00:43,  4.66it/s][A

 20%|█▉        | 50/253 [00:13<00:41,  4.88it/s][A

 20%|██        | 51/253 [00:13<00:39,  5.10it/s][A

 21%|██        | 52/253 [00:14<00:38,  5.27it/s][A

 21%|██        | 53/253 [00:14<00:38,  5.26it/s][A

 21%|██▏       | 54/253 [00:14<00:37,  5.34it/s][A

 22%|██▏       | 55/253 [00:14<00:36,  5.36it/s][A

 22%|██▏       | 56/253 [00:14<00:36,  5.35it/s][A

 23%|██▎       | 57/253 [00:15<00:40,  4.85it/s][A

 23%|██▎       | 58/253 [00:15<00:46,  4.21it/s][A

 23%|██▎       | 59/253 [00:15<00:43,  4.48it/s][A

 24%|██▎       | 60/253 [00:15<00:45,  4.28it/s][A

 24%|██▍       | 61/253 [00:16<00:45,  4.20it/s][A

 25%|██▍       | 62/253 [00:16<00:44,  4.29it/s][A

 25%|██▍       | 63/253 [00:16<00:49,  3.87it/s][A

 25%|██▌       | 64/253 [00:16<00:48,  3.93it/s][A

 26%|██▌       | 65/253 [00:17<00:48,  3.88it/s][A

 26%|██▌       | 66/253 [00:17<00:46,  3.99it/s][A

 26%|██▋       | 67/253 [00:17<00:47,  3.93it/s][A

 27%|██▋       | 68/253 [00:17<00:46,  3.97it/s][A

 27%|██▋       | 69/253 [00:18<00:50,  3.62it/s][A

 28%|██▊       | 70/253 [00:18<00:47,  3.89it/s][A

 28%|██▊       | 71/253 [00:18<00:48,  3.75it/s][A

 28%|██▊       | 72/253 [00:18<00:44,  4.04it/s][A

 29%|██▉       | 73/253 [00:19<00:48,  3.68it/s][A

 29%|██▉       | 74/253 [00:19<00:43,  4.08it/s][A

 30%|██▉       | 75/253 [00:19<00:40,  4.38it/s][A

 30%|███       | 76/253 [00:19<00:38,  4.65it/s][A

 30%|███       | 77/253 [00:19<00:38,  4.57it/s][A

 31%|███       | 78/253 [00:20<00:38,  4.56it/s][A

 31%|███       | 79/253 [00:20<00:40,  4.25it/s][A

 32%|███▏      | 80/253 [00:20<00:39,  4.34it/s][A

 32%|███▏      | 81/253 [00:20<00:40,  4.28it/s][A

 32%|███▏      | 82/253 [00:21<00:42,  4.07it/s][A

 33%|███▎      | 83/253 [00:21<00:47,  3.57it/s][A

 33%|███▎      | 84/253 [00:21<00:43,  3.85it/s][A

 34%|███▎      | 85/253 [00:22<00:45,  3.65it/s][A

 34%|███▍      | 86/253 [00:22<00:45,  3.64it/s][A

 34%|███▍      | 87/253 [00:22<00:50,  3.29it/s][A

 35%|███▍      | 88/253 [00:23<00:47,  3.46it/s][A

 35%|███▌      | 89/253 [00:23<00:42,  3.86it/s][A

 36%|███▌      | 90/253 [00:23<00:41,  3.90it/s][A

 36%|███▌      | 91/253 [00:23<00:40,  4.00it/s][A

 36%|███▋      | 92/253 [00:24<00:43,  3.67it/s][A

 37%|███▋      | 93/253 [00:24<00:40,  3.96it/s][A

 37%|███▋      | 94/253 [00:24<00:40,  3.92it/s][A

 38%|███▊      | 95/253 [00:24<00:37,  4.22it/s][A

 38%|███▊      | 96/253 [00:24<00:34,  4.57it/s][A

 38%|███▊      | 97/253 [00:25<00:32,  4.84it/s][A

 39%|███▊      | 98/253 [00:25<00:31,  4.96it/s][A

 39%|███▉      | 99/253 [00:25<00:31,  4.90it/s][A

 40%|███▉      | 100/253 [00:25<00:30,  5.06it/s][A

 40%|███▉      | 101/253 [00:25<00:32,  4.64it/s][A

 40%|████      | 102/253 [00:26<00:31,  4.82it/s][A

 41%|████      | 103/253 [00:26<00:35,  4.25it/s][A

 41%|████      | 104/253 [00:26<00:34,  4.30it/s][A

 42%|████▏     | 105/253 [00:26<00:33,  4.40it/s][A

 42%|████▏     | 106/253 [00:27<00:36,  4.05it/s][A

 42%|████▏     | 107/253 [00:27<00:40,  3.59it/s][A

 43%|████▎     | 108/253 [00:27<00:39,  3.67it/s][A

 43%|████▎     | 109/253 [00:27<00:38,  3.69it/s][A

 43%|████▎     | 110/253 [00:28<00:41,  3.43it/s][A

 44%|████▍     | 111/253 [00:28<00:40,  3.48it/s][A

 44%|████▍     | 112/253 [00:28<00:42,  3.36it/s][A

 45%|████▍     | 113/253 [00:29<00:39,  3.57it/s][A

 45%|████▌     | 114/253 [00:29<00:36,  3.85it/s][A

 45%|████▌     | 115/253 [00:29<00:34,  4.05it/s][A

 46%|████▌     | 116/253 [00:29<00:34,  3.94it/s][A

 46%|████▌     | 117/253 [00:30<00:33,  4.11it/s][A

 47%|████▋     | 118/253 [00:30<00:34,  3.86it/s][A

 47%|████▋     | 119/253 [00:30<00:33,  4.04it/s][A

 47%|████▋     | 120/253 [00:30<00:30,  4.38it/s][A

 48%|████▊     | 121/253 [00:30<00:28,  4.56it/s][A

 48%|████▊     | 122/253 [00:31<00:30,  4.34it/s][A

 49%|████▊     | 123/253 [00:31<00:32,  3.97it/s][A

 49%|████▉     | 124/253 [00:31<00:30,  4.16it/s][A

 49%|████▉     | 125/253 [00:31<00:28,  4.52it/s][A

 50%|████▉     | 126/253 [00:32<00:27,  4.66it/s][A

 50%|█████     | 127/253 [00:32<00:28,  4.46it/s][A

 51%|█████     | 128/253 [00:32<00:27,  4.48it/s][A

 51%|█████     | 129/253 [00:32<00:26,  4.69it/s][A

 51%|█████▏    | 130/253 [00:33<00:32,  3.75it/s][A

 52%|█████▏    | 131/253 [00:33<00:34,  3.55it/s][A

 52%|█████▏    | 132/253 [00:33<00:33,  3.63it/s][A

 53%|█████▎    | 133/253 [00:33<00:32,  3.69it/s][A

 53%|█████▎    | 134/253 [00:34<00:33,  3.58it/s][A

 53%|█████▎    | 135/253 [00:34<00:36,  3.23it/s][A

 54%|█████▍    | 136/253 [00:34<00:34,  3.37it/s][A

 54%|█████▍    | 137/253 [00:35<00:30,  3.80it/s][A

 55%|█████▍    | 138/253 [00:35<00:29,  3.87it/s][A

 55%|█████▍    | 139/253 [00:35<00:31,  3.58it/s][A

 55%|█████▌    | 140/253 [00:35<00:28,  4.02it/s][A

 56%|█████▌    | 141/253 [00:36<00:25,  4.36it/s][A

 56%|█████▌    | 142/253 [00:36<00:30,  3.69it/s][A

 57%|█████▋    | 143/253 [00:36<00:28,  3.82it/s][A

 57%|█████▋    | 144/253 [00:36<00:26,  4.05it/s][A

 57%|█████▋    | 145/253 [00:37<00:24,  4.35it/s][A

 58%|█████▊    | 146/253 [00:37<00:23,  4.57it/s][A

 58%|█████▊    | 147/253 [00:37<00:22,  4.79it/s][A

 58%|█████▊    | 148/253 [00:37<00:21,  4.88it/s][A

 59%|█████▉    | 149/253 [00:37<00:20,  4.97it/s][A

 59%|█████▉    | 150/253 [00:38<00:21,  4.71it/s][A

 60%|█████▉    | 151/253 [00:38<00:24,  4.16it/s][A

 60%|██████    | 152/253 [00:38<00:22,  4.43it/s][A

 60%|██████    | 153/253 [00:38<00:21,  4.65it/s][A

 61%|██████    | 154/253 [00:39<00:22,  4.46it/s][A

 61%|██████▏   | 155/253 [00:39<00:22,  4.42it/s][A

 62%|██████▏   | 156/253 [00:39<00:21,  4.46it/s][A

 62%|██████▏   | 157/253 [00:39<00:21,  4.39it/s][A

 62%|██████▏   | 158/253 [00:39<00:21,  4.34it/s][A

 63%|██████▎   | 159/253 [00:40<00:26,  3.50it/s][A

 63%|██████▎   | 160/253 [00:40<00:27,  3.34it/s][A

 64%|██████▎   | 161/253 [00:41<00:29,  3.09it/s][A

 64%|██████▍   | 162/253 [00:41<00:27,  3.33it/s][A

 64%|██████▍   | 163/253 [00:41<00:24,  3.64it/s][A

 65%|██████▍   | 164/253 [00:41<00:26,  3.39it/s][A

 65%|██████▌   | 165/253 [00:42<00:23,  3.69it/s][A

 66%|██████▌   | 166/253 [00:42<00:22,  3.86it/s][A

 66%|██████▌   | 167/253 [00:42<00:21,  4.09it/s][A

 66%|██████▋   | 168/253 [00:42<00:20,  4.20it/s][A

 67%|██████▋   | 169/253 [00:42<00:19,  4.21it/s][A

 67%|██████▋   | 170/253 [00:43<00:20,  4.03it/s][A

 68%|██████▊   | 171/253 [00:43<00:19,  4.13it/s][A

 68%|██████▊   | 172/253 [00:43<00:20,  3.99it/s][A

 68%|██████▊   | 173/253 [00:43<00:19,  4.08it/s][A

 69%|██████▉   | 174/253 [00:44<00:19,  4.03it/s][A

 69%|██████▉   | 175/253 [00:44<00:19,  4.03it/s][A

 70%|██████▉   | 176/253 [00:44<00:19,  4.04it/s][A

 70%|██████▉   | 177/253 [00:44<00:18,  4.05it/s][A

 70%|███████   | 178/253 [00:45<00:22,  3.35it/s][A

 71%|███████   | 179/253 [00:45<00:22,  3.35it/s][A

 71%|███████   | 180/253 [00:45<00:21,  3.44it/s][A

 72%|███████▏  | 181/253 [00:46<00:21,  3.31it/s][A

 72%|███████▏  | 182/253 [00:46<00:22,  3.18it/s][A

 72%|███████▏  | 183/253 [00:46<00:20,  3.46it/s][A

 73%|███████▎  | 184/253 [00:47<00:18,  3.66it/s][A

 73%|███████▎  | 185/253 [00:47<00:18,  3.71it/s][A

 74%|███████▎  | 186/253 [00:47<00:17,  3.78it/s][A

 74%|███████▍  | 187/253 [00:47<00:18,  3.62it/s][A

 74%|███████▍  | 188/253 [00:48<00:17,  3.64it/s][A

 75%|███████▍  | 189/253 [00:48<00:16,  3.77it/s][A

 75%|███████▌  | 190/253 [00:48<00:16,  3.77it/s][A

 75%|███████▌  | 191/253 [00:48<00:15,  3.91it/s][A

 76%|███████▌  | 192/253 [00:49<00:15,  3.95it/s][A

 76%|███████▋  | 193/253 [00:49<00:15,  4.00it/s][A

 77%|███████▋  | 194/253 [00:49<00:14,  4.11it/s][A

 77%|███████▋  | 195/253 [00:49<00:14,  4.05it/s][A

 77%|███████▋  | 196/253 [00:50<00:14,  4.06it/s][A

 78%|███████▊  | 197/253 [00:50<00:13,  4.04it/s][A

 78%|███████▊  | 198/253 [00:50<00:13,  4.04it/s][A

 79%|███████▊  | 199/253 [00:50<00:13,  4.01it/s][A

 79%|███████▉  | 200/253 [00:51<00:15,  3.35it/s][A

 79%|███████▉  | 201/253 [00:51<00:15,  3.41it/s][A

 80%|███████▉  | 202/253 [00:51<00:14,  3.53it/s][A

 80%|████████  | 203/253 [00:52<00:15,  3.27it/s][A

 81%|████████  | 204/253 [00:52<00:17,  2.83it/s][A

 81%|████████  | 205/253 [00:52<00:15,  3.14it/s][A

 81%|████████▏ | 206/253 [00:53<00:13,  3.41it/s][A

 82%|████████▏ | 207/253 [00:53<00:12,  3.58it/s][A

 82%|████████▏ | 208/253 [00:53<00:12,  3.73it/s][A

 83%|████████▎ | 209/253 [00:53<00:11,  3.77it/s][A

 83%|████████▎ | 210/253 [00:54<00:11,  3.83it/s][A

 83%|████████▎ | 211/253 [00:54<00:11,  3.80it/s][A

 84%|████████▍ | 212/253 [00:54<00:10,  3.75it/s][A

 84%|████████▍ | 213/253 [00:54<00:10,  3.95it/s][A

 85%|████████▍ | 214/253 [00:55<00:09,  4.04it/s][A

 85%|████████▍ | 215/253 [00:55<00:10,  3.69it/s][A

 85%|████████▌ | 216/253 [00:55<00:10,  3.67it/s][A

 86%|████████▌ | 217/253 [00:55<00:09,  3.82it/s][A

 86%|████████▌ | 218/253 [00:56<00:09,  3.88it/s][A

 87%|████████▋ | 219/253 [00:56<00:08,  3.88it/s][A

 87%|████████▋ | 220/253 [00:56<00:08,  3.87it/s][A

 87%|████████▋ | 221/253 [00:57<00:08,  3.73it/s][A

 88%|████████▊ | 222/253 [00:57<00:08,  3.76it/s][A

 88%|████████▊ | 223/253 [00:57<00:08,  3.54it/s][A

 89%|████████▊ | 224/253 [00:57<00:08,  3.47it/s][A

 89%|████████▉ | 225/253 [00:58<00:07,  3.65it/s][A

 89%|████████▉ | 226/253 [00:58<00:07,  3.79it/s][A

 90%|████████▉ | 227/253 [00:58<00:06,  3.95it/s][A

 90%|█████████ | 228/253 [00:58<00:06,  4.00it/s][A

 91%|█████████ | 229/253 [00:59<00:05,  4.05it/s][A

 91%|█████████ | 230/253 [00:59<00:05,  4.11it/s][A

 91%|█████████▏| 231/253 [00:59<00:05,  4.16it/s][A

 92%|█████████▏| 232/253 [00:59<00:04,  4.27it/s][A

 92%|█████████▏| 233/253 [01:00<00:04,  4.16it/s][A

 92%|█████████▏| 234/253 [01:00<00:04,  4.21it/s][A

 93%|█████████▎| 235/253 [01:00<00:04,  4.16it/s][A

 93%|█████████▎| 236/253 [01:00<00:04,  4.21it/s][A

 94%|█████████▎| 237/253 [01:01<00:03,  4.22it/s][A

 94%|█████████▍| 238/253 [01:01<00:03,  4.29it/s][A

 94%|█████████▍| 239/253 [01:01<00:03,  4.34it/s][A

 95%|█████████▍| 240/253 [01:01<00:02,  4.34it/s][A

 95%|█████████▌| 241/253 [01:01<00:02,  4.35it/s][A

 96%|█████████▌| 242/253 [01:02<00:02,  4.18it/s][A

 96%|█████████▌| 243/253 [01:02<00:02,  4.17it/s][A

 96%|█████████▋| 244/253 [01:02<00:02,  3.93it/s][A

 97%|█████████▋| 245/253 [01:02<00:02,  4.00it/s][A

 97%|█████████▋| 246/253 [01:03<00:01,  3.84it/s][A

 98%|█████████▊| 247/253 [01:03<00:01,  3.78it/s][A

 98%|█████████▊| 248/253 [01:03<00:01,  3.63it/s][A

 98%|█████████▊| 249/253 [01:04<00:01,  3.56it/s][A

 99%|█████████▉| 250/253 [01:04<00:00,  3.50it/s][A

 99%|█████████▉| 251/253 [01:04<00:00,  3.14it/s][A

100%|█████████▉| 252/253 [01:05<00:00,  3.41it/s][A

100%|██████████| 253/253 [01:05<00:00,  3.67it/s][A
                                                    

                                                 
[A{'eval_loss': '1.381', 'eval_runtime': '65.53', 'eval_samples_per_second': '7.721', 'eval_steps_per_second': '3.861', 'eval_entropy': '1.388', 'eval_num_tokens': '6.222e+05', 'eval_mean_token_accuracy': '0.6391', 'epoch': '0.5457'}

 27%|██▋       | 300/1100 [26:03<1:03:28,  4.76s/it]

100%|██████████| 253/253 [01:05<00:00,  3.67it/s][A

                                                 [A
 27%|██▋       | 301/1100 [26:07<5:22:12, 24.20s/it]
 27%|██▋       | 302/1100 [26:11<4:01:55, 18.19s/it]
 28%|██▊       | 303/1100 [26:15<3:06:53, 14.07s/it]
 28%|██▊       | 304/1100 [26:21<2:31:07, 11.39s/it]
 28%|██▊       | 305/1100 [26:25<2:04:58,  9.43s/it]
 28%|██▊       | 306/1100 [26:29<1:40:25,  7.59s/it]
 28%|██▊       | 307/1100 [26:33<1:28:03,  6.66s/it]
 28%|██▊       | 308/1100 [26:38<1:21:31,  6.18s/it]
 28%|██▊       | 309/1100 [26:43<1:14:07,  5.62s/it]
 28%|██▊       | 310/1100 [26:47<1:07:43,  5.14s/it]
                                                    
{'loss': '1.35', 'grad_norm': '1.038', 'learning_rate': '0.0001807', 'entropy': '1.397', 'num_tokens': '6.43e+05', 'mean_token_accuracy': '0.6426', 'epoch': '0.5639'}

 28%|██▊       | 310/1100 [26:47<1:07:43,  5.14s/it]
 28%|██▊       | 311/1100 [26:51<1:05:40,  4.99s/it]
 28%|██▊       | 312/1100 [26:55<1:02:00,  4.72s/it]
 28%|██▊       | 313/1100 [27:00<1:01:02,  4.65s/it]
 29%|██▊       | 314/1100 [27:03<56:12,  4.29s/it]  
 29%|██▊       | 315/1100 [27:09<59:49,  4.57s/it]
 29%|██▊       | 316/1100 [27:13<58:23,  4.47s/it]
 29%|██▉       | 317/1100 [27:17<57:44,  4.42s/it]
 29%|██▉       | 318/1100 [27:21<57:17,  4.40s/it]
 29%|██▉       | 319/1100 [27:26<59:50,  4.60s/it]
 29%|██▉       | 320/1100 [27:31<59:03,  4.54s/it]
                                                  
{'loss': '1.389', 'grad_norm': '1.144', 'learning_rate': '0.0001788', 'entropy': '1.333', 'num_tokens': '6.647e+05', 'mean_token_accuracy': '0.6371', 'epoch': '0.5821'}

 29%|██▉       | 320/1100 [27:31<59:03,  4.54s/it]
 29%|██▉       | 321/1100 [27:35<57:06,  4.40s/it]
 29%|██▉       | 322/1100 [27:39<54:45,  4.22s/it]
 29%|██▉       | 323/1100 [27:44<59:19,  4.58s/it]
 29%|██▉       | 324/1100 [27:49<58:36,  4.53s/it]
 30%|██▉       | 325/1100 [27:53<59:27,  4.60s/it]
 30%|██▉       | 326/1100 [27:58<58:34,  4.54s/it]
 30%|██▉       | 327/1100 [28:02<57:34,  4.47s/it]
 30%|██▉       | 328/1100 [28:06<56:09,  4.36s/it]
 30%|██▉       | 329/1100 [28:10<55:30,  4.32s/it]
 30%|███       | 330/1100 [28:16<1:01:52,  4.82s/it]
                                                    
{'loss': '1.431', 'grad_norm': '1.093', 'learning_rate': '0.0001768', 'entropy': '1.425', 'num_tokens': '6.858e+05', 'mean_token_accuracy': '0.6408', 'epoch': '0.6003'}

 30%|███       | 330/1100 [28:16<1:01:52,  4.82s/it]
 30%|███       | 331/1100 [28:21<59:09,  4.62s/it]  
 30%|███       | 332/1100 [28:26<1:00:55,  4.76s/it]
 30%|███       | 333/1100 [28:30<59:03,  4.62s/it]  
 30%|███       | 334/1100 [28:36<1:02:58,  4.93s/it]
 30%|███       | 335/1100 [28:40<1:00:11,  4.72s/it]
 31%|███       | 336/1100 [28:44<58:40,  4.61s/it]  
 31%|███       | 337/1100 [28:49<1:01:05,  4.80s/it]
 31%|███       | 338/1100 [28:55<1:03:33,  5.00s/it]
 31%|███       | 339/1100 [28:59<59:28,  4.69s/it]  
 31%|███       | 340/1100 [29:03<56:38,  4.47s/it]
                                                  
{'loss': '1.391', 'grad_norm': '1.219', 'learning_rate': '0.0001747', 'entropy': '1.368', 'num_tokens': '7.066e+05', 'mean_token_accuracy': '0.6412', 'epoch': '0.6185'}

 31%|███       | 340/1100 [29:03<56:38,  4.47s/it]
 31%|███       | 341/1100 [29:08<57:54,  4.58s/it]
 31%|███       | 342/1100 [29:12<58:52,  4.66s/it]
 31%|███       | 343/1100 [29:17<58:03,  4.60s/it]
 31%|███▏      | 344/1100 [29:22<57:55,  4.60s/it]
 31%|███▏      | 345/1100 [29:26<58:10,  4.62s/it]
 31%|███▏      | 346/1100 [29:31<58:05,  4.62s/it]
 32%|███▏      | 347/1100 [29:35<57:06,  4.55s/it]
 32%|███▏      | 348/1100 [29:40<56:13,  4.49s/it]
 32%|███▏      | 349/1100 [29:46<1:01:36,  4.92s/it]
 32%|███▏      | 350/1100 [29:50<1:00:11,  4.81s/it]
                                                    
{'loss': '1.255', 'grad_norm': '1.102', 'learning_rate': '0.0001726', 'entropy': '1.28', 'num_tokens': '7.272e+05', 'mean_token_accuracy': '0.6552', 'epoch': '0.6367'}

 32%|███▏      | 350/1100 [29:50<1:00:11,  4.81s/it]
 32%|███▏      | 351/1100 [29:55<1:02:21,  5.00s/it]
 32%|███▏      | 352/1100 [30:00<1:00:18,  4.84s/it]
 32%|███▏      | 353/1100 [30:05<59:31,  4.78s/it]  
 32%|███▏      | 354/1100 [30:09<57:21,  4.61s/it]
 32%|███▏      | 355/1100 [30:13<55:34,  4.48s/it]
 32%|███▏      | 356/1100 [30:18<55:52,  4.51s/it]
 32%|███▏      | 357/1100 [30:23<59:14,  4.78s/it]
 33%|███▎      | 358/1100 [30:27<57:43,  4.67s/it]
 33%|███▎      | 359/1100 [30:32<57:29,  4.65s/it]
 33%|███▎      | 360/1100 [30:37<58:05,  4.71s/it]
                                                  
{'loss': '1.35', 'grad_norm': '1.125', 'learning_rate': '0.0001704', 'entropy': '1.263', 'num_tokens': '7.482e+05', 'mean_token_accuracy': '0.656', 'epoch': '0.6548'}

 33%|███▎      | 360/1100 [30:37<58:05,  4.71s/it]
 33%|███▎      | 361/1100 [30:41<57:27,  4.67s/it]
 33%|███▎      | 362/1100 [30:46<57:28,  4.67s/it]
 33%|███▎      | 363/1100 [30:50<54:32,  4.44s/it]
 33%|███▎      | 364/1100 [30:55<57:43,  4.71s/it]
 33%|███▎      | 365/1100 [31:00<58:17,  4.76s/it]
 33%|███▎      | 366/1100 [31:05<57:56,  4.74s/it]
 33%|███▎      | 367/1100 [31:09<56:09,  4.60s/it]
 33%|███▎      | 368/1100 [31:14<56:44,  4.65s/it]
 34%|███▎      | 369/1100 [31:19<56:43,  4.66s/it]
 34%|███▎      | 370/1100 [31:24<58:15,  4.79s/it]
                                                  
{'loss': '1.36', 'grad_norm': '1.125', 'learning_rate': '0.0001681', 'entropy': '1.379', 'num_tokens': '7.682e+05', 'mean_token_accuracy': '0.6429', 'epoch': '0.673'}

 34%|███▎      | 370/1100 [31:24<58:15,  4.79s/it]
 34%|███▎      | 371/1100 [31:28<58:06,  4.78s/it]
 34%|███▍      | 372/1100 [31:34<59:36,  4.91s/it]
 34%|███▍      | 373/1100 [31:37<54:32,  4.50s/it]
 34%|███▍      | 374/1100 [31:42<55:53,  4.62s/it]
 34%|███▍      | 375/1100 [31:47<57:56,  4.80s/it]
 34%|███▍      | 376/1100 [31:52<56:55,  4.72s/it]
 34%|███▍      | 377/1100 [31:57<58:40,  4.87s/it]
 34%|███▍      | 378/1100 [32:02<59:29,  4.94s/it]
 34%|███▍      | 379/1100 [32:07<58:47,  4.89s/it]
 35%|███▍      | 380/1100 [32:11<56:49,  4.74s/it]
                                                  
{'loss': '1.384', 'grad_norm': '1.119', 'learning_rate': '0.0001657', 'entropy': '1.376', 'num_tokens': '7.896e+05', 'mean_token_accuracy': '0.6421', 'epoch': '0.6912'}

 35%|███▍      | 380/1100 [32:11<56:49,  4.74s/it]
 35%|███▍      | 381/1100 [32:16<56:56,  4.75s/it]
 35%|███▍      | 382/1100 [32:21<56:22,  4.71s/it]
 35%|███▍      | 383/1100 [32:25<54:52,  4.59s/it]
 35%|███▍      | 384/1100 [32:29<53:28,  4.48s/it]
 35%|███▌      | 385/1100 [32:35<56:16,  4.72s/it]
 35%|███▌      | 386/1100 [32:40<57:45,  4.85s/it]
 35%|███▌      | 387/1100 [32:45<58:24,  4.91s/it]
 35%|███▌      | 388/1100 [32:49<55:29,  4.68s/it]
 35%|███▌      | 389/1100 [32:54<55:56,  4.72s/it]
 35%|███▌      | 390/1100 [32:59<58:34,  4.95s/it]
                                                  
{'loss': '1.241', 'grad_norm': '0.9689', 'learning_rate': '0.0001633', 'entropy': '1.243', 'num_tokens': '8.097e+05', 'mean_token_accuracy': '0.6745', 'epoch': '0.7094'}

 35%|███▌      | 390/1100 [32:59<58:34,  4.95s/it]
 36%|███▌      | 391/1100 [33:05<1:01:00,  5.16s/it]
 36%|███▌      | 392/1100 [33:11<1:05:17,  5.53s/it]
 36%|███▌      | 393/1100 [33:17<1:04:30,  5.47s/it]
 36%|███▌      | 394/1100 [33:22<1:02:47,  5.34s/it]
 36%|███▌      | 395/1100 [33:26<1:00:36,  5.16s/it]
 36%|███▌      | 396/1100 [33:31<59:11,  5.04s/it]  
 36%|███▌      | 397/1100 [33:36<59:31,  5.08s/it]
 36%|███▌      | 398/1100 [33:40<54:25,  4.65s/it]
 36%|███▋      | 399/1100 [33:45<54:16,  4.65s/it]
 36%|███▋      | 400/1100 [33:49<54:35,  4.68s/it]
                                                  
{'loss': '1.353', 'grad_norm': '0.8885', 'learning_rate': '0.0001611', 'entropy': '1.334', 'num_tokens': '8.31e+05', 'mean_token_accuracy': '0.6417', 'epoch': '0.7276'}

 36%|███▋      | 400/1100 [33:49<54:35,  4.68s/it]

  0%|          | 0/253 [00:00<?, ?it/s][A

  1%|          | 2/253 [00:00<00:23, 10.84it/s][A

  2%|▏         | 4/253 [00:00<00:39,  6.27it/s][A

  2%|▏         | 5/253 [00:00<00:41,  6.02it/s][A

  2%|▏         | 6/253 [00:00<00:42,  5.87it/s][A

  3%|▎         | 7/253 [00:01<00:42,  5.78it/s][A

  3%|▎         | 8/253 [00:01<00:43,  5.68it/s][A

  4%|▎         | 9/253 [00:01<00:44,  5.54it/s][A

  4%|▍         | 10/253 [00:01<00:44,  5.48it/s][A

  4%|▍         | 11/253 [00:01<00:44,  5.47it/s][A

  5%|▍         | 12/253 [00:02<00:48,  4.94it/s][A

  5%|▌         | 13/253 [00:02<00:49,  4.88it/s][A

  6%|▌         | 14/253 [00:02<00:59,  4.01it/s][A

  6%|▌         | 15/253 [00:02<01:03,  3.77it/s][A

  6%|▋         | 16/253 [00:03<00:59,  4.00it/s][A

  7%|▋         | 17/253 [00:03<00:55,  4.25it/s][A

  7%|▋         | 18/253 [00:03<01:02,  3.74it/s][A

  8%|▊         | 19/253 [00:04<01:04,  3.63it/s][A

  8%|▊         | 20/253 [00:04<01:06,  3.51it/s][A

  8%|▊         | 21/253 [00:04<01:01,  3.76it/s][A

  9%|▊         | 22/253 [00:04<01:07,  3.42it/s][A

  9%|▉         | 23/253 [00:05<01:10,  3.27it/s][A

  9%|▉         | 24/253 [00:05<01:07,  3.39it/s][A

 10%|▉         | 25/253 [00:05<01:03,  3.61it/s][A

 10%|█         | 26/253 [00:06<01:06,  3.43it/s][A

 11%|█         | 27/253 [00:06<01:02,  3.63it/s][A

 11%|█         | 28/253 [00:06<00:55,  4.04it/s][A

 11%|█▏        | 29/253 [00:06<00:56,  4.00it/s][A

 12%|█▏        | 30/253 [00:06<00:51,  4.35it/s][A

 12%|█▏        | 31/253 [00:07<00:50,  4.42it/s][A

 13%|█▎        | 32/253 [00:07<00:48,  4.51it/s][A

 13%|█▎        | 33/253 [00:07<00:50,  4.32it/s][A

 13%|█▎        | 34/253 [00:07<00:54,  4.03it/s][A

 14%|█▍        | 35/253 [00:08<00:53,  4.11it/s][A

 14%|█▍        | 36/253 [00:08<00:51,  4.21it/s][A

 15%|█▍        | 37/253 [00:08<00:49,  4.36it/s][A

 15%|█▌        | 38/253 [00:08<00:53,  4.04it/s][A

 15%|█▌        | 39/253 [00:09<00:51,  4.17it/s][A

 16%|█▌        | 40/253 [00:09<00:49,  4.31it/s][A

 16%|█▌        | 41/253 [00:09<00:56,  3.73it/s][A

 17%|█▋        | 42/253 [00:10<01:02,  3.38it/s][A

 17%|█▋        | 43/253 [00:10<01:14,  2.84it/s][A

 17%|█▋        | 44/253 [00:10<01:10,  2.99it/s][A

 18%|█▊        | 45/253 [00:11<01:06,  3.14it/s][A

 18%|█▊        | 46/253 [00:11<01:04,  3.23it/s][A

 19%|█▊        | 47/253 [00:11<01:02,  3.28it/s][A

 19%|█▉        | 48/253 [00:11<01:01,  3.34it/s][A

 19%|█▉        | 49/253 [00:12<00:58,  3.49it/s][A

 20%|█▉        | 50/253 [00:12<00:54,  3.71it/s][A

 20%|██        | 51/253 [00:12<00:49,  4.12it/s][A

 21%|██        | 52/253 [00:12<00:45,  4.45it/s][A

 21%|██        | 53/253 [00:13<00:47,  4.18it/s][A

 21%|██▏       | 54/253 [00:13<00:44,  4.51it/s][A

 22%|██▏       | 55/253 [00:13<00:44,  4.43it/s][A

 22%|██▏       | 56/253 [00:13<00:46,  4.28it/s][A

 23%|██▎       | 57/253 [00:13<00:45,  4.33it/s][A

 23%|██▎       | 58/253 [00:14<00:45,  4.28it/s][A

 23%|██▎       | 59/253 [00:14<00:48,  3.98it/s][A

 24%|██▎       | 60/253 [00:14<00:49,  3.86it/s][A

 24%|██▍       | 61/253 [00:15<00:47,  4.05it/s][A

 25%|██▍       | 62/253 [00:15<00:51,  3.73it/s][A

 25%|██▍       | 63/253 [00:15<00:56,  3.38it/s][A

 25%|██▌       | 64/253 [00:15<00:54,  3.45it/s][A

 26%|██▌       | 65/253 [00:16<01:02,  2.99it/s][A

 26%|██▌       | 66/253 [00:16<01:03,  2.94it/s][A

 26%|██▋       | 67/253 [00:17<01:00,  3.09it/s][A

 27%|██▋       | 68/253 [00:17<00:59,  3.11it/s][A

 27%|██▋       | 69/253 [00:17<00:55,  3.34it/s][A

 28%|██▊       | 70/253 [00:17<00:48,  3.76it/s][A

 28%|██▊       | 71/253 [00:18<00:46,  3.89it/s][A

 28%|██▊       | 72/253 [00:18<00:42,  4.23it/s][A

 29%|██▉       | 73/253 [00:18<00:43,  4.16it/s][A

 29%|██▉       | 74/253 [00:18<00:41,  4.36it/s][A

 30%|██▉       | 75/253 [00:18<00:38,  4.61it/s][A

 30%|███       | 76/253 [00:19<00:37,  4.76it/s][A

 30%|███       | 77/253 [00:19<00:39,  4.43it/s][A

 31%|███       | 78/253 [00:19<00:39,  4.42it/s][A

 31%|███       | 79/253 [00:19<00:39,  4.40it/s][A

 32%|███▏      | 80/253 [00:19<00:39,  4.40it/s][A

 32%|███▏      | 81/253 [00:20<00:38,  4.46it/s][A

 32%|███▏      | 82/253 [00:20<00:37,  4.59it/s][A

 33%|███▎      | 83/253 [00:20<00:52,  3.25it/s][A

 33%|███▎      | 84/253 [00:21<00:53,  3.17it/s][A

 34%|███▎      | 85/253 [00:21<00:48,  3.44it/s][A

 34%|███▍      | 86/253 [00:21<00:46,  3.57it/s][A

 34%|███▍      | 87/253 [00:22<00:45,  3.65it/s][A

 35%|███▍      | 88/253 [00:22<00:47,  3.51it/s][A

 35%|███▌      | 89/253 [00:22<00:47,  3.48it/s][A

 36%|███▌      | 90/253 [00:22<00:44,  3.68it/s][A

 36%|███▌      | 91/253 [00:23<00:41,  3.91it/s][A

 36%|███▋      | 92/253 [00:23<00:40,  3.97it/s][A

 37%|███▋      | 93/253 [00:23<00:38,  4.15it/s][A

 37%|███▋      | 94/253 [00:23<00:37,  4.20it/s][A

 38%|███▊      | 95/253 [00:24<00:38,  4.16it/s][A

 38%|███▊      | 96/253 [00:24<00:35,  4.38it/s][A

 38%|███▊      | 97/253 [00:24<00:35,  4.34it/s][A

 39%|███▊      | 98/253 [00:24<00:33,  4.59it/s][A

 39%|███▉      | 99/253 [00:24<00:32,  4.73it/s][A

 40%|███▉      | 100/253 [00:25<00:31,  4.89it/s][A

 40%|███▉      | 101/253 [00:25<00:30,  5.03it/s][A

 40%|████      | 102/253 [00:25<00:29,  5.18it/s][A

 41%|████      | 103/253 [00:25<00:28,  5.26it/s][A

 41%|████      | 104/253 [00:25<00:27,  5.36it/s][A

 42%|████▏     | 105/253 [00:25<00:27,  5.37it/s][A

 42%|████▏     | 106/253 [00:26<00:26,  5.52it/s][A

 42%|████▏     | 107/253 [00:26<00:26,  5.53it/s][A

 43%|████▎     | 108/253 [00:26<00:26,  5.52it/s][A

 43%|████▎     | 109/253 [00:26<00:25,  5.59it/s][A

 43%|████▎     | 110/253 [00:26<00:25,  5.68it/s][A

 44%|████▍     | 111/253 [00:27<00:26,  5.39it/s][A

 44%|████▍     | 112/253 [00:27<00:26,  5.36it/s][A

 45%|████▍     | 113/253 [00:27<00:26,  5.31it/s][A

 45%|████▌     | 114/253 [00:27<00:27,  5.14it/s][A

 45%|████▌     | 115/253 [00:27<00:27,  4.94it/s][A

 46%|████▌     | 116/253 [00:28<00:29,  4.69it/s][A

 46%|████▌     | 117/253 [00:28<00:28,  4.80it/s][A

 47%|████▋     | 118/253 [00:28<00:27,  4.93it/s][A

 47%|████▋     | 119/253 [00:28<00:27,  4.89it/s][A

 47%|████▋     | 120/253 [00:28<00:30,  4.34it/s][A

 48%|████▊     | 121/253 [00:29<00:32,  4.05it/s][A

 48%|████▊     | 122/253 [00:29<00:34,  3.76it/s][A

 49%|████▊     | 123/253 [00:29<00:32,  4.04it/s][A

 49%|████▉     | 124/253 [00:29<00:31,  4.05it/s][A

 49%|████▉     | 125/253 [00:30<00:34,  3.69it/s][A

 50%|████▉     | 126/253 [00:30<00:36,  3.44it/s][A

 50%|█████     | 127/253 [00:30<00:37,  3.35it/s][A

 51%|█████     | 128/253 [00:31<00:36,  3.38it/s][A

 51%|█████     | 129/253 [00:31<00:34,  3.58it/s][A

 51%|█████▏    | 130/253 [00:31<00:32,  3.80it/s][A

 52%|█████▏    | 131/253 [00:31<00:30,  4.03it/s][A

 52%|█████▏    | 132/253 [00:32<00:27,  4.39it/s][A

 53%|█████▎    | 133/253 [00:32<00:25,  4.75it/s][A

 53%|█████▎    | 134/253 [00:32<00:23,  4.99it/s][A

 53%|█████▎    | 135/253 [00:32<00:23,  5.11it/s][A

 54%|█████▍    | 136/253 [00:32<00:22,  5.28it/s][A

 54%|█████▍    | 137/253 [00:33<00:21,  5.38it/s][A

 55%|█████▍    | 138/253 [00:33<00:21,  5.38it/s][A

 55%|█████▍    | 139/253 [00:33<00:21,  5.42it/s][A

 55%|█████▌    | 140/253 [00:33<00:20,  5.46it/s][A

 56%|█████▌    | 141/253 [00:33<00:20,  5.42it/s][A

 56%|█████▌    | 142/253 [00:33<00:21,  5.21it/s][A

 57%|█████▋    | 143/253 [00:34<00:21,  5.22it/s][A

 57%|█████▋    | 144/253 [00:34<00:21,  5.09it/s][A

 57%|█████▋    | 145/253 [00:34<00:20,  5.19it/s][A

 58%|█████▊    | 146/253 [00:34<00:22,  4.85it/s][A

 58%|█████▊    | 147/253 [00:35<00:24,  4.39it/s][A

 58%|█████▊    | 148/253 [00:35<00:22,  4.64it/s][A

 59%|█████▉    | 149/253 [00:35<00:24,  4.16it/s][A

 59%|█████▉    | 150/253 [00:35<00:25,  4.10it/s][A

 60%|█████▉    | 151/253 [00:36<00:26,  3.92it/s][A

 60%|██████    | 152/253 [00:36<00:26,  3.85it/s][A

 60%|██████    | 153/253 [00:36<00:31,  3.20it/s][A

 61%|██████    | 154/253 [00:37<00:31,  3.15it/s][A

 61%|██████▏   | 155/253 [00:37<00:29,  3.28it/s][A

 62%|██████▏   | 156/253 [00:37<00:29,  3.34it/s][A

 62%|██████▏   | 157/253 [00:37<00:25,  3.75it/s][A

 62%|██████▏   | 158/253 [00:38<00:23,  4.12it/s][A

 63%|██████▎   | 159/253 [00:38<00:22,  4.19it/s][A

 63%|██████▎   | 160/253 [00:38<00:21,  4.27it/s][A

 64%|██████▎   | 161/253 [00:38<00:20,  4.52it/s][A

 64%|██████▍   | 162/253 [00:38<00:19,  4.58it/s][A

 64%|██████▍   | 163/253 [00:39<00:18,  4.77it/s][A

 65%|██████▍   | 164/253 [00:39<00:19,  4.56it/s][A

 65%|██████▌   | 165/253 [00:39<00:19,  4.52it/s][A

 66%|██████▌   | 166/253 [00:39<00:18,  4.73it/s][A

 66%|██████▌   | 167/253 [00:39<00:17,  4.78it/s][A

 66%|██████▋   | 168/253 [00:40<00:18,  4.54it/s][A

 67%|██████▋   | 169/253 [00:40<00:18,  4.53it/s][A

 67%|██████▋   | 170/253 [00:40<00:18,  4.54it/s][A

 68%|██████▊   | 171/253 [00:40<00:19,  4.19it/s][A

 68%|██████▊   | 172/253 [00:41<00:20,  3.88it/s][A

 68%|██████▊   | 173/253 [00:41<00:23,  3.41it/s][A

 69%|██████▉   | 174/253 [00:41<00:23,  3.37it/s][A

 69%|██████▉   | 175/253 [00:42<00:23,  3.32it/s][A

 70%|██████▉   | 176/253 [00:42<00:26,  2.92it/s][A

 70%|██████▉   | 177/253 [00:42<00:23,  3.19it/s][A

 70%|███████   | 178/253 [00:43<00:20,  3.62it/s][A

 71%|███████   | 179/253 [00:43<00:20,  3.70it/s][A

 71%|███████   | 180/253 [00:43<00:19,  3.77it/s][A

 72%|███████▏  | 181/253 [00:43<00:17,  4.02it/s][A

 72%|███████▏  | 182/253 [00:44<00:16,  4.28it/s][A

 72%|███████▏  | 183/253 [00:44<00:15,  4.57it/s][A

 73%|███████▎  | 184/253 [00:44<00:14,  4.79it/s][A

 73%|███████▎  | 185/253 [00:44<00:14,  4.69it/s][A

 74%|███████▎  | 186/253 [00:44<00:14,  4.51it/s][A

 74%|███████▍  | 187/253 [00:45<00:13,  4.75it/s][A

 74%|███████▍  | 188/253 [00:45<00:15,  4.21it/s][A

 75%|███████▍  | 189/253 [00:45<00:16,  3.88it/s][A

 75%|███████▌  | 190/253 [00:45<00:15,  3.96it/s][A

 75%|███████▌  | 191/253 [00:46<00:15,  3.91it/s][A

 76%|███████▌  | 192/253 [00:46<00:15,  3.83it/s][A

 76%|███████▋  | 193/253 [00:46<00:15,  3.77it/s][A

 77%|███████▋  | 194/253 [00:46<00:15,  3.82it/s][A

 77%|███████▋  | 195/253 [00:47<00:16,  3.54it/s][A

 77%|███████▋  | 196/253 [00:47<00:15,  3.58it/s][A

 78%|███████▊  | 197/253 [00:47<00:14,  3.75it/s][A

 78%|███████▊  | 198/253 [00:48<00:15,  3.53it/s][A

 79%|███████▊  | 199/253 [00:48<00:14,  3.69it/s][A

 79%|███████▉  | 200/253 [00:48<00:13,  3.87it/s][A

 79%|███████▉  | 201/253 [00:48<00:13,  3.76it/s][A

 80%|███████▉  | 202/253 [00:49<00:12,  3.93it/s][A

 80%|████████  | 203/253 [00:49<00:12,  4.03it/s][A

 81%|████████  | 204/253 [00:49<00:12,  4.03it/s][A

 81%|████████  | 205/253 [00:49<00:11,  4.01it/s][A

 81%|████████▏ | 206/253 [00:50<00:11,  4.03it/s][A

 82%|████████▏ | 207/253 [00:50<00:11,  4.01it/s][A

 82%|████████▏ | 208/253 [00:50<00:12,  3.75it/s][A

 83%|████████▎ | 209/253 [00:50<00:11,  3.79it/s][A

 83%|████████▎ | 210/253 [00:51<00:12,  3.57it/s][A

 83%|████████▎ | 211/253 [00:51<00:11,  3.68it/s][A

 84%|████████▍ | 212/253 [00:51<00:11,  3.59it/s][A

 84%|████████▍ | 213/253 [00:52<00:11,  3.42it/s][A

 85%|████████▍ | 214/253 [00:52<00:11,  3.51it/s][A

 85%|████████▍ | 215/253 [00:52<00:10,  3.49it/s][A

 85%|████████▌ | 216/253 [00:52<00:10,  3.51it/s][A

 86%|████████▌ | 217/253 [00:53<00:10,  3.57it/s][A

 86%|████████▌ | 218/253 [00:53<00:09,  3.65it/s][A

 87%|████████▋ | 219/253 [00:53<00:10,  3.33it/s][A

 87%|████████▋ | 220/253 [00:54<00:10,  3.05it/s][A

 87%|████████▋ | 221/253 [00:54<00:09,  3.22it/s][A

 88%|████████▊ | 222/253 [00:54<00:10,  2.99it/s][A

 88%|████████▊ | 223/253 [00:55<00:09,  3.26it/s][A

 89%|████████▊ | 224/253 [00:55<00:08,  3.50it/s][A

 89%|████████▉ | 225/253 [00:55<00:07,  3.67it/s][A

 89%|████████▉ | 226/253 [00:55<00:07,  3.81it/s][A

 90%|████████▉ | 227/253 [00:56<00:06,  3.98it/s][A

 90%|█████████ | 228/253 [00:56<00:06,  4.08it/s][A

 91%|█████████ | 229/253 [00:56<00:05,  4.12it/s][A

 91%|█████████ | 230/253 [00:56<00:05,  4.11it/s][A

 91%|█████████▏| 231/253 [00:56<00:05,  4.14it/s][A

 92%|█████████▏| 232/253 [00:57<00:05,  4.07it/s][A

 92%|█████████▏| 233/253 [00:57<00:05,  3.79it/s][A

 92%|█████████▏| 234/253 [00:57<00:04,  3.84it/s][A

 93%|█████████▎| 235/253 [00:58<00:05,  3.58it/s][A

 93%|█████████▎| 236/253 [00:58<00:04,  3.51it/s][A

 94%|█████████▎| 237/253 [00:58<00:04,  3.59it/s][A

 94%|█████████▍| 238/253 [00:58<00:04,  3.49it/s][A

 94%|█████████▍| 239/253 [00:59<00:04,  3.32it/s][A

 95%|█████████▍| 240/253 [00:59<00:04,  3.14it/s][A

 95%|█████████▌| 241/253 [00:59<00:03,  3.20it/s][A

 96%|█████████▌| 242/253 [01:00<00:03,  3.47it/s][A

 96%|█████████▌| 243/253 [01:00<00:02,  3.70it/s][A

 96%|█████████▋| 244/253 [01:00<00:02,  3.78it/s][A

 97%|█████████▋| 245/253 [01:00<00:02,  3.93it/s][A

 97%|█████████▋| 246/253 [01:01<00:01,  3.96it/s][A

 98%|█████████▊| 247/253 [01:01<00:01,  4.32it/s][A

 98%|█████████▊| 248/253 [01:01<00:01,  4.58it/s][A

 98%|█████████▊| 249/253 [01:01<00:00,  4.80it/s][A

 99%|█████████▉| 250/253 [01:01<00:00,  4.92it/s][A

 99%|█████████▉| 251/253 [01:02<00:00,  5.06it/s][A

100%|█████████▉| 252/253 [01:02<00:00,  5.15it/s][A

100%|██████████| 253/253 [01:02<00:00,  5.19it/s][A
                                                  

                                                 
[A{'eval_loss': '1.336', 'eval_runtime': '62.67', 'eval_samples_per_second': '8.074', 'eval_steps_per_second': '4.037', 'eval_entropy': '1.312', 'eval_num_tokens': '8.31e+05', 'eval_mean_token_accuracy': '0.6454', 'epoch': '0.7276'}

 36%|███▋      | 400/1100 [34:52<54:35,  4.68s/it]

100%|██████████| 253/253 [01:02<00:00,  5.19it/s][A

                                                 [A
 36%|███▋      | 401/1100 [34:58<4:36:35, 23.74s/it]
 37%|███▋      | 402/1100 [35:02<3:29:35, 18.02s/it]
 37%|███▋      | 403/1100 [35:06<2:40:40, 13.83s/it]
 37%|███▋      | 404/1100 [35:12<2:10:53, 11.28s/it]
 37%|███▋      | 405/1100 [35:16<1:48:03,  9.33s/it]
 37%|███▋      | 406/1100 [35:21<1:31:53,  7.95s/it]
 37%|███▋      | 407/1100 [35:26<1:19:27,  6.88s/it]
 37%|███▋      | 408/1100 [35:30<1:12:06,  6.25s/it]
 37%|███▋      | 409/1100 [35:36<1:11:10,  6.18s/it]
 37%|███▋      | 410/1100 [35:41<1:06:00,  5.74s/it]
                                                    
{'loss': '1.316', 'grad_norm': '1.067', 'learning_rate': '0.0001585', 'entropy': '1.328', 'num_tokens': '8.528e+05', 'mean_token_accuracy': '0.6566', 'epoch': '0.7458'}

 37%|███▋      | 410/1100 [35:41<1:06:00,  5.74s/it]
 37%|███▋      | 411/1100 [35:45<1:00:00,  5.23s/it]
 37%|███▋      | 412/1100 [35:50<58:51,  5.13s/it]  
 38%|███▊      | 413/1100 [35:55<58:13,  5.09s/it]
 38%|███▊      | 414/1100 [35:59<55:08,  4.82s/it]
 38%|███▊      | 415/1100 [36:04<53:44,  4.71s/it]
 38%|███▊      | 416/1100 [36:08<52:30,  4.61s/it]
 38%|███▊      | 417/1100 [36:13<52:49,  4.64s/it]
 38%|███▊      | 418/1100 [36:17<51:33,  4.54s/it]
 38%|███▊      | 419/1100 [36:21<49:12,  4.34s/it]
 38%|███▊      | 420/1100 [36:27<55:32,  4.90s/it]
                                                  
{'loss': '1.266', 'grad_norm': '1.15', 'learning_rate': '0.0001559', 'entropy': '1.255', 'num_tokens': '8.731e+05', 'mean_token_accuracy': '0.6708', 'epoch': '0.764'}

 38%|███▊      | 420/1100 [36:27<55:32,  4.90s/it]
 38%|███▊      | 421/1100 [36:32<54:41,  4.83s/it]
 38%|███▊      | 422/1100 [36:37<54:50,  4.85s/it]
 38%|███▊      | 423/1100 [36:42<56:43,  5.03s/it]
 39%|███▊      | 424/1100 [36:47<56:31,  5.02s/it]
 39%|███▊      | 425/1100 [36:52<55:18,  4.92s/it]
 39%|███▊      | 426/1100 [36:56<52:50,  4.70s/it]
 39%|███▉      | 427/1100 [37:00<51:31,  4.59s/it]
 39%|███▉      | 428/1100 [37:05<53:24,  4.77s/it]
 39%|███▉      | 429/1100 [37:10<53:12,  4.76s/it]
 39%|███▉      | 430/1100 [37:14<50:22,  4.51s/it]
                                                  
{'loss': '1.3', 'grad_norm': '1.007', 'learning_rate': '0.0001533', 'entropy': '1.3', 'num_tokens': '8.935e+05', 'mean_token_accuracy': '0.6589', 'epoch': '0.7822'}

 39%|███▉      | 430/1100 [37:14<50:22,  4.51s/it]
 39%|███▉      | 431/1100 [37:20<54:21,  4.88s/it]
 39%|███▉      | 432/1100 [37:25<54:40,  4.91s/it]
 39%|███▉      | 433/1100 [37:29<52:01,  4.68s/it]
 39%|███▉      | 434/1100 [37:33<50:50,  4.58s/it]
 40%|███▉      | 435/1100 [37:39<55:49,  5.04s/it]
 40%|███▉      | 436/1100 [37:44<54:44,  4.95s/it]
 40%|███▉      | 437/1100 [37:49<55:13,  5.00s/it]
 40%|███▉      | 438/1100 [37:54<53:41,  4.87s/it]
 40%|███▉      | 439/1100 [37:58<51:42,  4.69s/it]
 40%|████      | 440/1100 [38:03<50:52,  4.62s/it]
                                                  
{'loss': '1.323', 'grad_norm': '1.299', 'learning_rate': '0.0001505', 'entropy': '1.336', 'num_tokens': '9.146e+05', 'mean_token_accuracy': '0.6509', 'epoch': '0.8004'}

 40%|████      | 440/1100 [38:03<50:52,  4.62s/it]
 40%|████      | 441/1100 [38:07<51:15,  4.67s/it]
 40%|████      | 442/1100 [38:12<51:03,  4.66s/it]
 40%|████      | 443/1100 [38:17<50:40,  4.63s/it]
 40%|████      | 444/1100 [38:21<51:16,  4.69s/it]
 40%|████      | 445/1100 [38:27<52:42,  4.83s/it]
 41%|████      | 446/1100 [38:31<52:55,  4.86s/it]
 41%|████      | 447/1100 [38:36<51:39,  4.75s/it]
 41%|████      | 448/1100 [38:40<49:38,  4.57s/it]
 41%|████      | 449/1100 [38:44<48:39,  4.49s/it]
 41%|████      | 450/1100 [38:49<50:07,  4.63s/it]
                                                  
{'loss': '1.286', 'grad_norm': '1.111', 'learning_rate': '0.0001478', 'entropy': '1.285', 'num_tokens': '9.358e+05', 'mean_token_accuracy': '0.6589', 'epoch': '0.8186'}

 41%|████      | 450/1100 [38:49<50:07,  4.63s/it]
 41%|████      | 451/1100 [38:54<51:13,  4.74s/it]
 41%|████      | 452/1100 [38:58<46:52,  4.34s/it]
 41%|████      | 453/1100 [39:03<48:27,  4.49s/it]
 41%|████▏     | 454/1100 [39:06<46:20,  4.30s/it]
 41%|████▏     | 455/1100 [39:11<46:12,  4.30s/it]
 41%|████▏     | 456/1100 [39:15<45:42,  4.26s/it]
 42%|████▏     | 457/1100 [39:19<46:33,  4.34s/it]
 42%|████▏     | 458/1100 [39:24<47:25,  4.43s/it]
 42%|████▏     | 459/1100 [39:29<48:36,  4.55s/it]
 42%|████▏     | 460/1100 [39:34<49:17,  4.62s/it]
                                                  
{'loss': '1.322', 'grad_norm': '1.138', 'learning_rate': '0.000145', 'entropy': '1.286', 'num_tokens': '9.561e+05', 'mean_token_accuracy': '0.6461', 'epoch': '0.8367'}

 42%|████▏     | 460/1100 [39:34<49:17,  4.62s/it]
 42%|████▏     | 461/1100 [39:39<49:56,  4.69s/it]
 42%|████▏     | 462/1100 [39:43<48:58,  4.61s/it]
 42%|████▏     | 463/1100 [39:47<46:02,  4.34s/it]
 42%|████▏     | 464/1100 [39:51<46:51,  4.42s/it]
 42%|████▏     | 465/1100 [39:55<45:14,  4.27s/it]
 42%|████▏     | 466/1100 [40:00<46:20,  4.39s/it]
 42%|████▏     | 467/1100 [40:05<47:19,  4.49s/it]
 43%|████▎     | 468/1100 [40:09<48:01,  4.56s/it]
 43%|████▎     | 469/1100 [40:14<48:09,  4.58s/it]
 43%|████▎     | 470/1100 [40:18<47:07,  4.49s/it]
                                                  
{'loss': '1.282', 'grad_norm': '1.194', 'learning_rate': '0.0001421', 'entropy': '1.269', 'num_tokens': '9.763e+05', 'mean_token_accuracy': '0.6622', 'epoch': '0.8549'}

 43%|████▎     | 470/1100 [40:18<47:07,  4.49s/it]
 43%|████▎     | 471/1100 [40:23<48:03,  4.58s/it]
 43%|████▎     | 472/1100 [40:28<48:56,  4.68s/it]
 43%|████▎     | 473/1100 [40:32<46:06,  4.41s/it]
 43%|████▎     | 474/1100 [40:36<45:47,  4.39s/it]
 43%|████▎     | 475/1100 [40:40<44:57,  4.32s/it]
 43%|████▎     | 476/1100 [40:45<44:54,  4.32s/it]
 43%|████▎     | 477/1100 [40:49<46:15,  4.45s/it]
 43%|████▎     | 478/1100 [40:54<46:46,  4.51s/it]
 44%|████▎     | 479/1100 [40:59<47:41,  4.61s/it]
 44%|████▎     | 480/1100 [41:03<47:52,  4.63s/it]
                                                  
{'loss': '1.416', 'grad_norm': '1.04', 'learning_rate': '0.0001392', 'entropy': '1.365', 'num_tokens': '9.974e+05', 'mean_token_accuracy': '0.6379', 'epoch': '0.8731'}

 44%|████▎     | 480/1100 [41:04<47:52,  4.63s/it]
 44%|████▎     | 481/1100 [41:08<47:52,  4.64s/it]
 44%|████▍     | 482/1100 [41:13<47:28,  4.61s/it]
 44%|████▍     | 483/1100 [41:17<47:38,  4.63s/it]
 44%|████▍     | 484/1100 [41:22<46:36,  4.54s/it]
 44%|████▍     | 485/1100 [41:26<46:57,  4.58s/it]
 44%|████▍     | 486/1100 [41:31<46:44,  4.57s/it]
 44%|████▍     | 487/1100 [41:36<46:59,  4.60s/it]
 44%|████▍     | 488/1100 [41:40<46:51,  4.59s/it]
 44%|████▍     | 489/1100 [41:46<49:58,  4.91s/it]
 45%|████▍     | 490/1100 [41:51<49:25,  4.86s/it]
                                                  
{'loss': '1.33', 'grad_norm': '0.9757', 'learning_rate': '0.0001363', 'entropy': '1.374', 'num_tokens': '1.018e+06', 'mean_token_accuracy': '0.6501', 'epoch': '0.8913'}

 45%|████▍     | 490/1100 [41:51<49:25,  4.86s/it]
 45%|████▍     | 491/1100 [41:55<47:55,  4.72s/it]
 45%|████▍     | 492/1100 [42:00<49:27,  4.88s/it]
 45%|████▍     | 493/1100 [42:05<47:48,  4.73s/it]
 45%|████▍     | 494/1100 [42:09<45:25,  4.50s/it]
 45%|████▌     | 495/1100 [42:13<45:49,  4.54s/it]
 45%|████▌     | 496/1100 [42:19<48:29,  4.82s/it]
 45%|████▌     | 497/1100 [42:23<45:57,  4.57s/it]
 45%|████▌     | 498/1100 [42:27<46:31,  4.64s/it]
 45%|████▌     | 499/1100 [42:32<45:16,  4.52s/it]
 45%|████▌     | 500/1100 [42:36<45:31,  4.55s/it]
                                                  
{'loss': '1.252', 'grad_norm': '1.207', 'learning_rate': '0.0001333', 'entropy': '1.288', 'num_tokens': '1.039e+06', 'mean_token_accuracy': '0.6683', 'epoch': '0.9095'}

 45%|████▌     | 500/1100 [42:36<45:31,  4.55s/it]

  0%|          | 0/253 [00:00<?, ?it/s][A

  1%|          | 2/253 [00:00<00:27,  9.00it/s][A

  1%|          | 3/253 [00:00<00:46,  5.40it/s][A

  2%|▏         | 4/253 [00:00<00:55,  4.51it/s][A

  2%|▏         | 5/253 [00:01<00:54,  4.51it/s][A

  2%|▏         | 6/253 [00:01<01:06,  3.70it/s][A

  3%|▎         | 7/253 [00:01<01:11,  3.43it/s][A

  3%|▎         | 8/253 [00:01<01:05,  3.77it/s][A

  4%|▎         | 9/253 [00:02<01:02,  3.90it/s][A

  4%|▍         | 10/253 [00:02<00:58,  4.13it/s][A

  4%|▍         | 11/253 [00:02<00:58,  4.12it/s][A

  5%|▍         | 12/253 [00:02<00:54,  4.43it/s][A

  5%|▌         | 13/253 [00:03<00:58,  4.10it/s][A

  6%|▌         | 14/253 [00:03<00:54,  4.41it/s][A

  6%|▌         | 15/253 [00:03<00:50,  4.68it/s][A

  6%|▋         | 16/253 [00:03<00:49,  4.77it/s][A

  7%|▋         | 17/253 [00:03<00:48,  4.85it/s][A

  7%|▋         | 18/253 [00:04<00:48,  4.84it/s][A

  8%|▊         | 19/253 [00:04<00:47,  4.96it/s][A

  8%|▊         | 20/253 [00:04<00:46,  5.04it/s][A

  8%|▊         | 21/253 [00:04<00:49,  4.72it/s][A

  9%|▊         | 22/253 [00:04<00:54,  4.24it/s][A

  9%|▉         | 23/253 [00:05<00:56,  4.04it/s][A

  9%|▉         | 24/253 [00:05<00:55,  4.14it/s][A

 10%|▉         | 25/253 [00:05<00:54,  4.17it/s][A

 10%|█         | 26/253 [00:06<00:57,  3.95it/s][A

 11%|█         | 27/253 [00:06<00:57,  3.92it/s][A

 11%|█         | 28/253 [00:06<00:56,  3.96it/s][A

 11%|█▏        | 29/253 [00:06<00:54,  4.15it/s][A

 12%|█▏        | 30/253 [00:06<00:51,  4.31it/s][A

 12%|█▏        | 31/253 [00:07<00:52,  4.23it/s][A

 13%|█▎        | 32/253 [00:07<00:59,  3.72it/s][A

 13%|█▎        | 33/253 [00:07<00:54,  4.02it/s][A

 13%|█▎        | 34/253 [00:08<00:58,  3.76it/s][A

 14%|█▍        | 35/253 [00:08<01:00,  3.58it/s][A

 14%|█▍        | 36/253 [00:08<00:54,  3.96it/s][A

 15%|█▍        | 37/253 [00:08<00:50,  4.25it/s][A

 15%|█▌        | 38/253 [00:08<00:48,  4.46it/s][A

 15%|█▌        | 39/253 [00:09<00:45,  4.67it/s][A

 16%|█▌        | 40/253 [00:09<00:51,  4.16it/s][A

 16%|█▌        | 41/253 [00:09<00:48,  4.37it/s][A

 17%|█▋        | 42/253 [00:09<00:49,  4.25it/s][A

 17%|█▋        | 43/253 [00:10<00:56,  3.73it/s][A

 17%|█▋        | 44/253 [00:10<00:55,  3.80it/s][A

 18%|█▊        | 45/253 [00:10<00:58,  3.56it/s][A

 18%|█▊        | 46/253 [00:11<00:58,  3.57it/s][A

 19%|█▊        | 47/253 [00:11<00:57,  3.56it/s][A

 19%|█▉        | 48/253 [00:11<00:55,  3.72it/s][A

 19%|█▉        | 49/253 [00:11<00:50,  4.05it/s][A

 20%|█▉        | 50/253 [00:12<00:49,  4.13it/s][A

 20%|██        | 51/253 [00:12<00:46,  4.37it/s][A

 21%|██        | 52/253 [00:12<00:45,  4.42it/s][A

 21%|██        | 53/253 [00:12<00:48,  4.12it/s][A

 21%|██▏       | 54/253 [00:12<00:44,  4.46it/s][A

 22%|██▏       | 55/253 [00:13<00:42,  4.68it/s][A

 22%|██▏       | 56/253 [00:13<00:44,  4.39it/s][A

 23%|██▎       | 57/253 [00:13<00:42,  4.65it/s][A

 23%|██▎       | 58/253 [00:13<00:40,  4.80it/s][A

 23%|██▎       | 59/253 [00:13<00:39,  4.87it/s][A

 24%|██▎       | 60/253 [00:14<00:40,  4.82it/s][A

 24%|██▍       | 61/253 [00:14<00:42,  4.54it/s][A

 25%|██▍       | 62/253 [00:14<00:41,  4.59it/s][A

 25%|██▍       | 63/253 [00:14<00:39,  4.78it/s][A

 25%|██▌       | 64/253 [00:15<00:42,  4.42it/s][A

 26%|██▌       | 65/253 [00:15<00:42,  4.38it/s][A

 26%|██▌       | 66/253 [00:15<00:43,  4.32it/s][A

 26%|██▋       | 67/253 [00:15<00:40,  4.54it/s][A

 27%|██▋       | 68/253 [00:15<00:42,  4.38it/s][A

 27%|██▋       | 69/253 [00:16<00:42,  4.35it/s][A

 28%|██▊       | 70/253 [00:16<00:45,  3.99it/s][A

 28%|██▊       | 71/253 [00:16<00:51,  3.52it/s][A

 28%|██▊       | 72/253 [00:17<00:50,  3.57it/s][A

 29%|██▉       | 73/253 [00:17<00:50,  3.55it/s][A

 29%|██▉       | 74/253 [00:17<00:45,  3.91it/s][A

 30%|██▉       | 75/253 [00:17<00:42,  4.22it/s][A

 30%|███       | 76/253 [00:18<00:42,  4.15it/s][A

 30%|███       | 77/253 [00:18<00:40,  4.36it/s][A

 31%|███       | 78/253 [00:18<00:38,  4.56it/s][A

 31%|███       | 79/253 [00:18<00:40,  4.28it/s][A

 32%|███▏      | 80/253 [00:18<00:37,  4.56it/s][A

 32%|███▏      | 81/253 [00:19<00:35,  4.79it/s][A

 32%|███▏      | 82/253 [00:19<00:34,  4.97it/s][A

 33%|███▎      | 83/253 [00:19<00:34,  4.95it/s][A

 33%|███▎      | 84/253 [00:19<00:36,  4.58it/s][A

 34%|███▎      | 85/253 [00:19<00:36,  4.67it/s][A

 34%|███▍      | 86/253 [00:20<00:36,  4.52it/s][A

 34%|███▍      | 87/253 [00:20<00:40,  4.09it/s][A

 35%|███▍      | 88/253 [00:20<00:37,  4.35it/s][A

 35%|███▌      | 89/253 [00:20<00:39,  4.19it/s][A

 36%|███▌      | 90/253 [00:21<00:37,  4.34it/s][A

 36%|███▌      | 91/253 [00:21<00:39,  4.06it/s][A

 36%|███▋      | 92/253 [00:21<00:38,  4.18it/s][A

 37%|███▋      | 93/253 [00:21<00:41,  3.89it/s][A

 37%|███▋      | 94/253 [00:22<00:38,  4.13it/s][A

 38%|███▊      | 95/253 [00:22<00:38,  4.10it/s][A

 38%|███▊      | 96/253 [00:22<00:37,  4.21it/s][A

 38%|███▊      | 97/253 [00:22<00:38,  4.01it/s][A

 39%|███▊      | 98/253 [00:23<00:37,  4.15it/s][A

 39%|███▉      | 99/253 [00:23<00:37,  4.09it/s][A

 40%|███▉      | 100/253 [00:23<00:34,  4.40it/s][A

 40%|███▉      | 101/253 [00:23<00:33,  4.60it/s][A

 40%|████      | 102/253 [00:23<00:31,  4.86it/s][A

 41%|████      | 103/253 [00:24<00:30,  4.98it/s][A

 41%|████      | 104/253 [00:24<00:30,  4.86it/s][A

 42%|████▏     | 105/253 [00:24<00:29,  4.95it/s][A

 42%|████▏     | 106/253 [00:24<00:29,  4.94it/s][A

 42%|████▏     | 107/253 [00:24<00:31,  4.71it/s][A

 43%|████▎     | 108/253 [00:25<00:29,  4.87it/s][A

 43%|████▎     | 109/253 [00:25<00:28,  5.02it/s][A

 43%|████▎     | 110/253 [00:25<00:27,  5.13it/s][A

 44%|████▍     | 111/253 [00:25<00:29,  4.74it/s][A

 44%|████▍     | 112/253 [00:26<00:31,  4.43it/s][A

 45%|████▍     | 113/253 [00:26<00:32,  4.25it/s][A

 45%|████▌     | 114/253 [00:26<00:31,  4.45it/s][A

 45%|████▌     | 115/253 [00:26<00:34,  4.03it/s][A

 46%|████▌     | 116/253 [00:27<00:35,  3.84it/s][A

 46%|████▌     | 117/253 [00:27<00:35,  3.80it/s][A

 47%|████▋     | 118/253 [00:27<00:35,  3.85it/s][A

 47%|████▋     | 119/253 [00:27<00:32,  4.18it/s][A

 47%|████▋     | 120/253 [00:28<00:32,  4.14it/s][A

 48%|████▊     | 121/253 [00:28<00:30,  4.39it/s][A

 48%|████▊     | 122/253 [00:28<00:30,  4.23it/s][A

 49%|████▊     | 123/253 [00:28<00:29,  4.47it/s][A

 49%|████▉     | 124/253 [00:29<00:33,  3.90it/s][A

 49%|████▉     | 125/253 [00:29<00:30,  4.24it/s][A

 50%|████▉     | 126/253 [00:29<00:28,  4.53it/s][A

 50%|█████     | 127/253 [00:29<00:28,  4.40it/s][A

 51%|█████     | 128/253 [00:29<00:27,  4.57it/s][A

 51%|█████     | 129/253 [00:30<00:26,  4.73it/s][A

 51%|█████▏    | 130/253 [00:30<00:25,  4.74it/s][A

 52%|█████▏    | 131/253 [00:30<00:28,  4.25it/s][A

 52%|█████▏    | 132/253 [00:30<00:30,  4.02it/s][A

 53%|█████▎    | 133/253 [00:31<00:31,  3.83it/s][A

 53%|█████▎    | 134/253 [00:31<00:31,  3.78it/s][A

 53%|█████▎    | 135/253 [00:31<00:30,  3.82it/s][A

 54%|█████▍    | 136/253 [00:31<00:28,  4.05it/s][A

 54%|█████▍    | 137/253 [00:32<00:29,  3.99it/s][A

 55%|█████▍    | 138/253 [00:32<00:30,  3.73it/s][A

 55%|█████▍    | 139/253 [00:32<00:28,  3.96it/s][A

 55%|█████▌    | 140/253 [00:32<00:27,  4.06it/s][A

 56%|█████▌    | 141/253 [00:33<00:27,  4.15it/s][A

 56%|█████▌    | 142/253 [00:33<00:28,  3.91it/s][A

 57%|█████▋    | 143/253 [00:33<00:26,  4.22it/s][A

 57%|█████▋    | 144/253 [00:33<00:27,  3.95it/s][A

 57%|█████▋    | 145/253 [00:34<00:24,  4.35it/s][A

 58%|█████▊    | 146/253 [00:34<00:22,  4.65it/s][A

 58%|█████▊    | 147/253 [00:34<00:21,  4.91it/s][A

 58%|█████▊    | 148/253 [00:34<00:20,  5.06it/s][A

 59%|█████▉    | 149/253 [00:34<00:20,  5.11it/s][A

 59%|█████▉    | 150/253 [00:34<00:19,  5.22it/s][A

 60%|█████▉    | 151/253 [00:35<00:21,  4.76it/s][A

 60%|██████    | 152/253 [00:35<00:22,  4.55it/s][A

 60%|██████    | 153/253 [00:35<00:22,  4.42it/s][A

 61%|██████    | 154/253 [00:35<00:21,  4.61it/s][A

 61%|██████▏   | 155/253 [00:36<00:23,  4.10it/s][A

 62%|██████▏   | 156/253 [00:36<00:23,  4.18it/s][A

 62%|██████▏   | 157/253 [00:36<00:26,  3.65it/s][A

 62%|██████▏   | 158/253 [00:37<00:25,  3.75it/s][A

 63%|██████▎   | 159/253 [00:37<00:24,  3.91it/s][A

 63%|██████▎   | 160/253 [00:37<00:22,  4.13it/s][A

 64%|██████▎   | 161/253 [00:37<00:22,  4.11it/s][A

 64%|██████▍   | 162/253 [00:37<00:22,  4.09it/s][A

 64%|██████▍   | 163/253 [00:38<00:21,  4.13it/s][A

 65%|██████▍   | 164/253 [00:38<00:21,  4.11it/s][A

 65%|██████▌   | 165/253 [00:38<00:23,  3.74it/s][A

 66%|██████▌   | 166/253 [00:38<00:21,  3.96it/s][A

 66%|██████▌   | 167/253 [00:39<00:20,  4.18it/s][A

 66%|██████▋   | 168/253 [00:39<00:20,  4.24it/s][A

 67%|██████▋   | 169/253 [00:39<00:20,  4.05it/s][A

 67%|██████▋   | 170/253 [00:39<00:19,  4.25it/s][A

 68%|██████▊   | 171/253 [00:40<00:19,  4.17it/s][A

 68%|██████▊   | 172/253 [00:40<00:18,  4.28it/s][A

 68%|██████▊   | 173/253 [00:40<00:20,  3.85it/s][A

 69%|██████▉   | 174/253 [00:40<00:21,  3.73it/s][A

 69%|██████▉   | 175/253 [00:41<00:23,  3.39it/s][A

 70%|██████▉   | 176/253 [00:41<00:22,  3.49it/s][A

 70%|██████▉   | 177/253 [00:41<00:19,  3.87it/s][A

 70%|███████   | 178/253 [00:42<00:19,  3.92it/s][A

 71%|███████   | 179/253 [00:42<00:19,  3.82it/s][A

 71%|███████   | 180/253 [00:42<00:19,  3.82it/s][A

 72%|███████▏  | 181/253 [00:42<00:18,  3.85it/s][A

 72%|███████▏  | 182/253 [00:43<00:20,  3.40it/s][A

 72%|███████▏  | 183/253 [00:43<00:18,  3.72it/s][A

 73%|███████▎  | 184/253 [00:43<00:20,  3.37it/s][A

 73%|███████▎  | 185/253 [00:44<00:21,  3.24it/s][A

 74%|███████▎  | 186/253 [00:44<00:22,  3.00it/s][A

 74%|███████▍  | 187/253 [00:44<00:20,  3.27it/s][A

 74%|███████▍  | 188/253 [00:44<00:17,  3.67it/s][A

 75%|███████▍  | 189/253 [00:45<00:16,  3.78it/s][A

 75%|███████▌  | 190/253 [00:45<00:15,  4.11it/s][A

 75%|███████▌  | 191/253 [00:45<00:13,  4.45it/s][A

 76%|███████▌  | 192/253 [00:45<00:12,  4.79it/s][A

 76%|███████▋  | 193/253 [00:45<00:11,  5.06it/s][A

 77%|███████▋  | 194/253 [00:46<00:11,  5.23it/s][A

 77%|███████▋  | 195/253 [00:46<00:10,  5.38it/s][A

 77%|███████▋  | 196/253 [00:46<00:10,  5.40it/s][A

 78%|███████▊  | 197/253 [00:46<00:10,  5.46it/s][A

 78%|███████▊  | 198/253 [00:46<00:10,  5.21it/s][A

 79%|███████▊  | 199/253 [00:47<00:10,  4.94it/s][A

 79%|███████▉  | 200/253 [00:47<00:10,  4.89it/s][A

 79%|███████▉  | 201/253 [00:47<00:10,  5.01it/s][A

 80%|███████▉  | 202/253 [00:47<00:10,  4.65it/s][A

 80%|████████  | 203/253 [00:47<00:10,  4.67it/s][A

 81%|████████  | 204/253 [00:48<00:10,  4.83it/s][A

 81%|████████  | 205/253 [00:48<00:09,  4.95it/s][A

 81%|████████▏ | 206/253 [00:48<00:09,  5.04it/s][A

 82%|████████▏ | 207/253 [00:48<00:10,  4.42it/s][A

 82%|████████▏ | 208/253 [00:48<00:09,  4.65it/s][A

 83%|████████▎ | 209/253 [00:49<00:09,  4.42it/s][A

 83%|████████▎ | 210/253 [00:49<00:09,  4.48it/s][A

 83%|████████▎ | 211/253 [00:49<00:10,  4.17it/s][A

 84%|████████▍ | 212/253 [00:50<00:10,  4.03it/s][A

 84%|████████▍ | 213/253 [00:50<00:10,  3.87it/s][A

 85%|████████▍ | 214/253 [00:50<00:10,  3.82it/s][A

 85%|████████▍ | 215/253 [00:50<00:10,  3.72it/s][A

 85%|████████▌ | 216/253 [00:51<00:09,  3.80it/s][A

 86%|████████▌ | 217/253 [00:51<00:09,  3.65it/s][A

 86%|████████▌ | 218/253 [00:51<00:08,  4.01it/s][A

 87%|████████▋ | 219/253 [00:51<00:07,  4.27it/s][A

 87%|████████▋ | 220/253 [00:52<00:08,  4.10it/s][A

 87%|████████▋ | 221/253 [00:52<00:07,  4.27it/s][A

 88%|████████▊ | 222/253 [00:52<00:07,  4.35it/s][A

 88%|████████▊ | 223/253 [00:52<00:06,  4.51it/s][A

 89%|████████▊ | 224/253 [00:52<00:06,  4.70it/s][A

 89%|████████▉ | 225/253 [00:53<00:05,  4.81it/s][A

 89%|████████▉ | 226/253 [00:53<00:05,  4.91it/s][A

 90%|████████▉ | 227/253 [00:53<00:05,  4.99it/s][A

 90%|█████████ | 228/253 [00:53<00:05,  4.94it/s][A

 91%|█████████ | 229/253 [00:53<00:04,  4.83it/s][A

 91%|█████████ | 230/253 [00:54<00:05,  3.88it/s][A

 91%|█████████▏| 231/253 [00:54<00:05,  4.08it/s][A

 92%|█████████▏| 232/253 [00:54<00:05,  4.10it/s][A

 92%|█████████▏| 233/253 [00:54<00:04,  4.31it/s][A

 92%|█████████▏| 234/253 [00:55<00:04,  4.13it/s][A

 93%|█████████▎| 235/253 [00:55<00:04,  4.22it/s][A

 93%|█████████▎| 236/253 [00:55<00:04,  3.75it/s][A

 94%|█████████▎| 237/253 [00:55<00:04,  3.94it/s][A

 94%|█████████▍| 238/253 [00:56<00:03,  3.92it/s][A

 94%|█████████▍| 239/253 [00:56<00:03,  3.67it/s][A

 95%|█████████▍| 240/253 [00:56<00:03,  3.96it/s][A

 95%|█████████▌| 241/253 [00:56<00:02,  4.00it/s][A

 96%|█████████▌| 242/253 [00:57<00:02,  3.76it/s][A

 96%|█████████▌| 243/253 [00:57<00:02,  4.09it/s][A

 96%|█████████▋| 244/253 [00:57<00:02,  4.16it/s][A

 97%|█████████▋| 245/253 [00:57<00:01,  4.38it/s][A

 97%|█████████▋| 246/253 [00:58<00:01,  4.36it/s][A

 98%|█████████▊| 247/253 [00:58<00:01,  4.36it/s][A

 98%|█████████▊| 248/253 [00:58<00:01,  4.26it/s][A

 98%|█████████▊| 249/253 [00:58<00:00,  4.47it/s][A

 99%|█████████▉| 250/253 [00:59<00:00,  4.66it/s][A

 99%|█████████▉| 251/253 [00:59<00:00,  4.77it/s][A

100%|█████████▉| 252/253 [00:59<00:00,  4.60it/s][A

100%|██████████| 253/253 [00:59<00:00,  4.14it/s][A
                                                  

                                                 
[A{'eval_loss': '1.306', 'eval_runtime': '60.02', 'eval_samples_per_second': '8.431', 'eval_steps_per_second': '4.216', 'eval_entropy': '1.194', 'eval_num_tokens': '1.039e+06', 'eval_mean_token_accuracy': '0.6534', 'epoch': '0.9095'}

 45%|████▌     | 500/1100 [43:36<45:31,  4.55s/it]

100%|██████████| 253/253 [00:59<00:00,  4.14it/s][A

                                                 [A
 46%|████▌     | 501/1100 [43:41<3:44:20, 22.47s/it]
 46%|████▌     | 502/1100 [43:45<2:50:48, 17.14s/it]
 46%|████▌     | 503/1100 [43:50<2:12:38, 13.33s/it]
 46%|████▌     | 504/1100 [43:55<1:46:57, 10.77s/it]
 46%|████▌     | 505/1100 [43:59<1:27:21,  8.81s/it]
 46%|████▌     | 506/1100 [44:04<1:15:32,  7.63s/it]
 46%|████▌     | 507/1100 [44:08<1:06:45,  6.76s/it]
 46%|████▌     | 508/1100 [44:12<58:10,  5.90s/it]  
 46%|████▋     | 509/1100 [44:17<54:22,  5.52s/it]
 46%|████▋     | 510/1100 [44:22<52:48,  5.37s/it]
                                                  
{'loss': '1.314', 'grad_norm': '1.062', 'learning_rate': '0.0001303', 'entropy': '1.247', 'num_tokens': '1.06e+06', 'mean_token_accuracy': '0.6493', 'epoch': '0.9277'}

 46%|████▋     | 510/1100 [44:22<52:48,  5.37s/it]
 46%|████▋     | 511/1100 [44:26<50:00,  5.09s/it]
 47%|████▋     | 512/1100 [44:30<47:03,  4.80s/it]
 47%|████▋     | 513/1100 [44:35<46:07,  4.72s/it]
 47%|████▋     | 514/1100 [44:39<45:25,  4.65s/it]
 47%|████▋     | 515/1100 [44:44<44:46,  4.59s/it]
 47%|████▋     | 516/1100 [44:48<43:46,  4.50s/it]
 47%|████▋     | 517/1100 [44:53<43:09,  4.44s/it]
 47%|████▋     | 518/1100 [44:57<42:33,  4.39s/it]
 47%|████▋     | 519/1100 [45:02<44:15,  4.57s/it]
 47%|████▋     | 520/1100 [45:06<44:22,  4.59s/it]
                                                  
{'loss': '1.364', 'grad_norm': '1.088', 'learning_rate': '0.0001273', 'entropy': '1.386', 'num_tokens': '1.081e+06', 'mean_token_accuracy': '0.6438', 'epoch': '0.9459'}

 47%|████▋     | 520/1100 [45:06<44:22,  4.59s/it]
 47%|████▋     | 521/1100 [45:10<42:30,  4.41s/it]
 47%|████▋     | 522/1100 [45:16<45:57,  4.77s/it]
 48%|████▊     | 523/1100 [45:20<43:37,  4.54s/it]
 48%|████▊     | 524/1100 [45:24<42:17,  4.41s/it]
 48%|████▊     | 525/1100 [45:29<42:14,  4.41s/it]
 48%|████▊     | 526/1100 [45:34<44:03,  4.61s/it]
 48%|████▊     | 527/1100 [45:37<40:44,  4.27s/it]
 48%|████▊     | 528/1100 [45:42<42:36,  4.47s/it]
 48%|████▊     | 529/1100 [45:46<41:49,  4.40s/it]
 48%|████▊     | 530/1100 [45:51<43:40,  4.60s/it]
                                                  
{'loss': '1.37', 'grad_norm': '1.08', 'learning_rate': '0.0001242', 'entropy': '1.291', 'num_tokens': '1.102e+06', 'mean_token_accuracy': '0.6505', 'epoch': '0.9641'}

 48%|████▊     | 530/1100 [45:51<43:40,  4.60s/it]
 48%|████▊     | 531/1100 [45:56<43:08,  4.55s/it]
 48%|████▊     | 532/1100 [46:00<42:08,  4.45s/it]
 48%|████▊     | 533/1100 [46:04<41:14,  4.36s/it]
 49%|████▊     | 534/1100 [46:09<41:13,  4.37s/it]
 49%|████▊     | 535/1100 [46:12<39:38,  4.21s/it]
 49%|████▊     | 536/1100 [46:16<38:10,  4.06s/it]
 49%|████▉     | 537/1100 [46:21<40:13,  4.29s/it]
 49%|████▉     | 538/1100 [46:26<41:40,  4.45s/it]
 49%|████▉     | 539/1100 [46:31<43:41,  4.67s/it]
 49%|████▉     | 540/1100 [46:35<40:43,  4.36s/it]
                                                  
{'loss': '1.254', 'grad_norm': '1.066', 'learning_rate': '0.0001211', 'entropy': '1.338', 'num_tokens': '1.123e+06', 'mean_token_accuracy': '0.6643', 'epoch': '0.9823'}

 49%|████▉     | 540/1100 [46:35<40:43,  4.36s/it]
 49%|████▉     | 541/1100 [46:39<40:30,  4.35s/it]
 49%|████▉     | 542/1100 [46:43<40:57,  4.40s/it]
 49%|████▉     | 543/1100 [46:48<41:47,  4.50s/it]
 49%|████▉     | 544/1100 [46:52<39:32,  4.27s/it]
 50%|████▉     | 545/1100 [46:57<41:02,  4.44s/it]
 50%|████▉     | 546/1100 [47:01<40:24,  4.38s/it]
 50%|████▉     | 547/1100 [47:06<41:17,  4.48s/it]
 50%|████▉     | 548/1100 [47:10<42:03,  4.57s/it]
 50%|████▉     | 549/1100 [47:15<41:59,  4.57s/it]
 50%|█████     | 550/1100 [47:18<38:49,  4.23s/it]
                                                  
{'loss': '1.312', 'grad_norm': '1.161', 'learning_rate': '0.000118', 'entropy': '1.274', 'num_tokens': '1.143e+06', 'mean_token_accuracy': '0.6608', 'epoch': '1'}

 50%|█████     | 550/1100 [47:18<38:49,  4.23s/it]
 50%|█████     | 551/1100 [47:22<37:43,  4.12s/it]
 50%|█████     | 552/1100 [47:26<37:33,  4.11s/it]
 50%|█████     | 553/1100 [47:31<39:32,  4.34s/it]
 50%|█████     | 554/1100 [47:35<38:43,  4.26s/it]
 50%|█████     | 555/1100 [47:39<38:23,  4.23s/it]
 51%|█████     | 556/1100 [47:43<37:31,  4.14s/it]
 51%|█████     | 557/1100 [47:48<39:05,  4.32s/it]
 51%|█████     | 558/1100 [47:52<38:56,  4.31s/it]
 51%|█████     | 559/1100 [47:56<37:02,  4.11s/it]
 51%|█████     | 560/1100 [48:00<37:47,  4.20s/it]
                                                  
{'loss': '1.023', 'grad_norm': '1.363', 'learning_rate': '0.0001149', 'entropy': '1.144', 'num_tokens': '1.163e+06', 'mean_token_accuracy': '0.7096', 'epoch': '1.018'}

 51%|█████     | 560/1100 [48:00<37:47,  4.20s/it]
 51%|█████     | 561/1100 [48:05<39:42,  4.42s/it]
 51%|█████     | 562/1100 [48:09<37:27,  4.18s/it]
 51%|█████     | 563/1100 [48:13<37:32,  4.19s/it]
 51%|█████▏    | 564/1100 [48:17<37:05,  4.15s/it]
 51%|█████▏    | 565/1100 [48:21<36:25,  4.08s/it]
 51%|█████▏    | 566/1100 [48:26<37:33,  4.22s/it]
 52%|█████▏    | 567/1100 [48:30<37:04,  4.17s/it]
 52%|█████▏    | 568/1100 [48:34<37:23,  4.22s/it]
 52%|█████▏    | 569/1100 [48:39<38:02,  4.30s/it]
 52%|█████▏    | 570/1100 [48:44<39:39,  4.49s/it]
                                                  
{'loss': '1.11', 'grad_norm': '1.258', 'learning_rate': '0.0001117', 'entropy': '1.048', 'num_tokens': '1.184e+06', 'mean_token_accuracy': '0.7007', 'epoch': '1.036'}

 52%|█████▏    | 570/1100 [48:44<39:39,  4.49s/it]
 52%|█████▏    | 571/1100 [48:48<39:27,  4.48s/it]
 52%|█████▏    | 572/1100 [48:52<37:43,  4.29s/it]
 52%|█████▏    | 573/1100 [48:56<36:22,  4.14s/it]
 52%|█████▏    | 574/1100 [49:00<35:35,  4.06s/it]
 52%|█████▏    | 575/1100 [49:04<35:54,  4.10s/it]
 52%|█████▏    | 576/1100 [49:08<35:26,  4.06s/it]
 52%|█████▏    | 577/1100 [49:13<37:31,  4.30s/it]
 53%|█████▎    | 578/1100 [49:17<36:47,  4.23s/it]
 53%|█████▎    | 579/1100 [49:22<38:40,  4.45s/it]
 53%|█████▎    | 580/1100 [49:26<38:42,  4.47s/it]
                                                  
{'loss': '1.072', 'grad_norm': '1.19', 'learning_rate': '0.0001086', 'entropy': '1.1', 'num_tokens': '1.205e+06', 'mean_token_accuracy': '0.7082', 'epoch': '1.055'}

 53%|█████▎    | 580/1100 [49:26<38:42,  4.47s/it]
 53%|█████▎    | 581/1100 [49:31<38:35,  4.46s/it]
 53%|█████▎    | 582/1100 [49:35<38:02,  4.41s/it]
 53%|█████▎    | 583/1100 [49:39<36:39,  4.25s/it]
 53%|█████▎    | 584/1100 [49:43<36:05,  4.20s/it]
 53%|█████▎    | 585/1100 [49:48<38:34,  4.49s/it]
 53%|█████▎    | 586/1100 [49:52<37:17,  4.35s/it]
 53%|█████▎    | 587/1100 [49:57<37:49,  4.42s/it]
 53%|█████▎    | 588/1100 [50:01<38:20,  4.49s/it]
 54%|█████▎    | 589/1100 [50:05<37:32,  4.41s/it]
 54%|█████▎    | 590/1100 [50:10<37:23,  4.40s/it]
                                                  
{'loss': '1.116', 'grad_norm': '1.301', 'learning_rate': '0.0001054', 'entropy': '1.028', 'num_tokens': '1.225e+06', 'mean_token_accuracy': '0.703', 'epoch': '1.073'}

 54%|█████▎    | 590/1100 [50:10<37:23,  4.40s/it]
 54%|█████▎    | 591/1100 [50:14<37:43,  4.45s/it]
 54%|█████▍    | 592/1100 [50:19<37:04,  4.38s/it]
 54%|█████▍    | 593/1100 [50:22<34:28,  4.08s/it]
 54%|█████▍    | 594/1100 [50:27<36:29,  4.33s/it]
 54%|█████▍    | 595/1100 [50:31<36:17,  4.31s/it]
 54%|█████▍    | 596/1100 [50:35<35:07,  4.18s/it]
 54%|█████▍    | 597/1100 [50:39<35:23,  4.22s/it]
 54%|█████▍    | 598/1100 [50:44<35:21,  4.23s/it]
 54%|█████▍    | 599/1100 [50:48<34:36,  4.15s/it]
 55%|█████▍    | 600/1100 [50:52<35:14,  4.23s/it]
                                                  
{'loss': '1.05', 'grad_norm': '1.196', 'learning_rate': '0.0001022', 'entropy': '1.064', 'num_tokens': '1.247e+06', 'mean_token_accuracy': '0.7059', 'epoch': '1.091'}

 55%|█████▍    | 600/1100 [50:52<35:14,  4.23s/it]

  0%|          | 0/253 [00:00<?, ?it/s][A

  1%|          | 2/253 [00:00<00:46,  5.42it/s][A

  1%|          | 3/253 [00:00<00:58,  4.31it/s][A

  2%|▏         | 4/253 [00:00<00:58,  4.24it/s][A

  2%|▏         | 5/253 [00:01<01:03,  3.91it/s][A

  2%|▏         | 6/253 [00:01<01:09,  3.54it/s][A

  3%|▎         | 7/253 [00:01<01:04,  3.82it/s][A

  3%|▎         | 8/253 [00:02<01:08,  3.60it/s][A

  4%|▎         | 9/253 [00:02<01:08,  3.54it/s][A

  4%|▍         | 10/253 [00:02<01:01,  3.94it/s][A

  4%|▍         | 11/253 [00:02<01:06,  3.62it/s][A

  5%|▍         | 12/253 [00:03<01:02,  3.86it/s][A

  5%|▌         | 13/253 [00:03<01:00,  3.94it/s][A

  6%|▌         | 14/253 [00:03<00:55,  4.33it/s][A

  6%|▌         | 15/253 [00:03<00:51,  4.62it/s][A

  6%|▋         | 16/253 [00:03<00:48,  4.87it/s][A

  7%|▋         | 17/253 [00:04<00:46,  5.11it/s][A

  7%|▋         | 18/253 [00:04<00:44,  5.30it/s][A

  8%|▊         | 19/253 [00:04<00:44,  5.27it/s][A

  8%|▊         | 20/253 [00:04<00:43,  5.30it/s][A

  8%|▊         | 21/253 [00:04<00:44,  5.27it/s][A

  9%|▊         | 22/253 [00:04<00:43,  5.30it/s][A

  9%|▉         | 23/253 [00:05<00:44,  5.11it/s][A

  9%|▉         | 24/253 [00:05<00:45,  5.01it/s][A

 10%|▉         | 25/253 [00:05<00:47,  4.77it/s][A

 10%|█         | 26/253 [00:05<00:46,  4.87it/s][A

 11%|█         | 27/253 [00:06<00:53,  4.26it/s][A

 11%|█         | 28/253 [00:06<00:57,  3.89it/s][A

 11%|█▏        | 29/253 [00:06<00:56,  3.96it/s][A

 12%|█▏        | 30/253 [00:06<00:55,  4.03it/s][A

 12%|█▏        | 31/253 [00:07<01:00,  3.69it/s][A

 13%|█▎        | 32/253 [00:07<00:59,  3.69it/s][A

 13%|█▎        | 33/253 [00:07<01:01,  3.61it/s][A

 13%|█▎        | 34/253 [00:08<01:00,  3.60it/s][A

 14%|█▍        | 35/253 [00:08<01:03,  3.42it/s][A

 14%|█▍        | 36/253 [00:08<01:02,  3.45it/s][A

 15%|█▍        | 37/253 [00:08<00:58,  3.66it/s][A

 15%|█▌        | 38/253 [00:09<00:52,  4.11it/s][A

 15%|█▌        | 39/253 [00:09<00:51,  4.19it/s][A

 16%|█▌        | 40/253 [00:09<00:47,  4.51it/s][A

 16%|█▌        | 41/253 [00:09<00:44,  4.75it/s][A

 17%|█▋        | 42/253 [00:09<00:42,  4.94it/s][A

 17%|█▋        | 43/253 [00:10<00:41,  5.11it/s][A

 17%|█▋        | 44/253 [00:10<00:39,  5.24it/s][A

 18%|█▊        | 45/253 [00:10<00:40,  5.19it/s][A

 18%|█▊        | 46/253 [00:10<00:39,  5.23it/s][A

 19%|█▊        | 47/253 [00:10<00:39,  5.17it/s][A

 19%|█▉        | 48/253 [00:11<00:44,  4.59it/s][A

 19%|█▉        | 49/253 [00:11<00:45,  4.47it/s][A

 20%|█▉        | 50/253 [00:11<00:44,  4.60it/s][A

 20%|██        | 51/253 [00:11<00:45,  4.41it/s][A

 21%|██        | 52/253 [00:12<00:51,  3.87it/s][A

 21%|██        | 53/253 [00:12<00:51,  3.91it/s][A

 21%|██▏       | 54/253 [00:12<00:50,  3.95it/s][A

 22%|██▏       | 55/253 [00:12<00:55,  3.56it/s][A

 22%|██▏       | 56/253 [00:13<00:54,  3.64it/s][A

 23%|██▎       | 57/253 [00:13<00:56,  3.46it/s][A

 23%|██▎       | 58/253 [00:13<00:51,  3.82it/s][A

 23%|██▎       | 59/253 [00:14<00:53,  3.61it/s][A

 24%|██▎       | 60/253 [00:14<00:51,  3.72it/s][A

 24%|██▍       | 61/253 [00:14<00:47,  4.03it/s][A

 25%|██▍       | 62/253 [00:14<00:46,  4.12it/s][A

 25%|██▍       | 63/253 [00:15<00:49,  3.85it/s][A

 25%|██▌       | 64/253 [00:15<00:45,  4.13it/s][A

 26%|██▌       | 65/253 [00:15<00:42,  4.45it/s][A

 26%|██▌       | 66/253 [00:15<00:39,  4.70it/s][A

 26%|██▋       | 67/253 [00:15<00:38,  4.81it/s][A

 27%|██▋       | 68/253 [00:16<00:38,  4.77it/s][A

 27%|██▋       | 69/253 [00:16<00:41,  4.43it/s][A

 28%|██▊       | 70/253 [00:16<00:39,  4.66it/s][A

 28%|██▊       | 71/253 [00:16<00:41,  4.40it/s][A

 28%|██▊       | 72/253 [00:16<00:39,  4.61it/s][A

 29%|██▉       | 73/253 [00:17<00:39,  4.59it/s][A

 29%|██▉       | 74/253 [00:17<00:37,  4.76it/s][A

 30%|██▉       | 75/253 [00:17<00:40,  4.37it/s][A

 30%|███       | 76/253 [00:17<00:43,  4.04it/s][A

 30%|███       | 77/253 [00:18<00:47,  3.70it/s][A

 31%|███       | 78/253 [00:18<00:46,  3.73it/s][A

 31%|███       | 79/253 [00:18<00:44,  3.91it/s][A

 32%|███▏      | 80/253 [00:19<00:47,  3.66it/s][A

 32%|███▏      | 81/253 [00:19<00:50,  3.42it/s][A

 32%|███▏      | 82/253 [00:19<00:46,  3.71it/s][A

 33%|███▎      | 83/253 [00:19<00:48,  3.48it/s][A

 33%|███▎      | 84/253 [00:20<00:43,  3.84it/s][A

 34%|███▎      | 85/253 [00:20<00:39,  4.22it/s][A

 34%|███▍      | 86/253 [00:20<00:37,  4.51it/s][A

 34%|███▍      | 87/253 [00:20<00:35,  4.67it/s][A

 35%|███▍      | 88/253 [00:20<00:37,  4.38it/s][A

 35%|███▌      | 89/253 [00:21<00:38,  4.25it/s][A

 36%|███▌      | 90/253 [00:21<00:36,  4.42it/s][A

 36%|███▌      | 91/253 [00:21<00:37,  4.28it/s][A

 36%|███▋      | 92/253 [00:21<00:35,  4.52it/s][A

 37%|███▋      | 93/253 [00:22<00:40,  3.99it/s][A

 37%|███▋      | 94/253 [00:22<00:37,  4.26it/s][A

 38%|███▊      | 95/253 [00:22<00:37,  4.17it/s][A

 38%|███▊      | 96/253 [00:22<00:35,  4.42it/s][A

 38%|███▊      | 97/253 [00:23<00:44,  3.50it/s][A

 39%|███▊      | 98/253 [00:23<00:43,  3.53it/s][A

 39%|███▉      | 99/253 [00:23<00:47,  3.22it/s][A

 40%|███▉      | 100/253 [00:24<00:43,  3.51it/s][A

 40%|███▉      | 101/253 [00:24<00:42,  3.57it/s][A

 40%|████      | 102/253 [00:24<00:43,  3.44it/s][A

 41%|████      | 103/253 [00:24<00:41,  3.64it/s][A

 41%|████      | 104/253 [00:25<00:46,  3.20it/s][A

 42%|████▏     | 105/253 [00:25<00:46,  3.19it/s][A

 42%|████▏     | 106/253 [00:25<00:47,  3.12it/s][A

 42%|████▏     | 107/253 [00:26<00:44,  3.25it/s][A

 43%|████▎     | 108/253 [00:26<00:40,  3.56it/s][A

 43%|████▎     | 109/253 [00:26<00:38,  3.72it/s][A

 43%|████▎     | 110/253 [00:26<00:34,  4.09it/s][A

 44%|████▍     | 111/253 [00:27<00:34,  4.16it/s][A

 44%|████▍     | 112/253 [00:27<00:31,  4.50it/s][A

 45%|████▍     | 113/253 [00:27<00:29,  4.72it/s][A

 45%|████▌     | 114/253 [00:27<00:28,  4.91it/s][A

 45%|████▌     | 115/253 [00:27<00:28,  4.86it/s][A

 46%|████▌     | 116/253 [00:28<00:27,  5.03it/s][A

 46%|████▌     | 117/253 [00:28<00:26,  5.13it/s][A

 47%|████▋     | 118/253 [00:28<00:25,  5.21it/s][A

 47%|████▋     | 119/253 [00:28<00:25,  5.29it/s][A

 47%|████▋     | 120/253 [00:28<00:25,  5.26it/s][A

 48%|████▊     | 121/253 [00:29<00:30,  4.30it/s][A

 48%|████▊     | 122/253 [00:29<00:32,  3.98it/s][A

 49%|████▊     | 123/253 [00:29<00:30,  4.25it/s][A

 49%|████▉     | 124/253 [00:29<00:29,  4.43it/s][A

 49%|████▉     | 125/253 [00:30<00:30,  4.27it/s][A

 50%|████▉     | 126/253 [00:30<00:30,  4.17it/s][A

 50%|█████     | 127/253 [00:30<00:32,  3.94it/s][A

 51%|█████     | 128/253 [00:30<00:32,  3.87it/s][A

 51%|█████     | 129/253 [00:31<00:33,  3.73it/s][A

 51%|█████▏    | 130/253 [00:31<00:34,  3.54it/s][A

 52%|█████▏    | 131/253 [00:31<00:33,  3.68it/s][A

 52%|█████▏    | 132/253 [00:32<00:31,  3.80it/s][A

 53%|█████▎    | 133/253 [00:32<00:31,  3.87it/s][A

 53%|█████▎    | 134/253 [00:32<00:30,  3.96it/s][A

 53%|█████▎    | 135/253 [00:32<00:30,  3.88it/s][A

 54%|█████▍    | 136/253 [00:33<00:30,  3.80it/s][A

 54%|█████▍    | 137/253 [00:33<00:31,  3.73it/s][A

 55%|█████▍    | 138/253 [00:33<00:29,  3.95it/s][A

 55%|█████▍    | 139/253 [00:33<00:28,  3.95it/s][A

 55%|█████▌    | 140/253 [00:34<00:28,  4.00it/s][A

 56%|█████▌    | 141/253 [00:34<00:27,  4.12it/s][A

 56%|█████▌    | 142/253 [00:34<00:26,  4.15it/s][A

 57%|█████▋    | 143/253 [00:34<00:24,  4.43it/s][A

 57%|█████▋    | 144/253 [00:34<00:23,  4.69it/s][A

 57%|█████▋    | 145/253 [00:35<00:22,  4.83it/s][A

 58%|█████▊    | 146/253 [00:35<00:21,  4.95it/s][A

 58%|█████▊    | 147/253 [00:35<00:22,  4.69it/s][A

 58%|█████▊    | 148/253 [00:35<00:21,  4.85it/s][A

 59%|█████▉    | 149/253 [00:35<00:20,  4.96it/s][A

 59%|█████▉    | 150/253 [00:36<00:21,  4.85it/s][A

 60%|█████▉    | 151/253 [00:36<00:21,  4.82it/s][A

 60%|██████    | 152/253 [00:36<00:21,  4.78it/s][A

 60%|██████    | 153/253 [00:36<00:26,  3.79it/s][A

 61%|██████    | 154/253 [00:37<00:27,  3.66it/s][A

 61%|██████▏   | 155/253 [00:37<00:25,  3.86it/s][A

 62%|██████▏   | 156/253 [00:37<00:27,  3.59it/s][A

 62%|██████▏   | 157/253 [00:38<00:27,  3.50it/s][A

 62%|██████▏   | 158/253 [00:38<00:26,  3.62it/s][A

 63%|██████▎   | 159/253 [00:38<00:24,  3.84it/s][A

 63%|██████▎   | 160/253 [00:38<00:27,  3.34it/s][A

 64%|██████▎   | 161/253 [00:39<00:26,  3.42it/s][A

 64%|██████▍   | 162/253 [00:39<00:24,  3.64it/s][A

 64%|██████▍   | 163/253 [00:39<00:23,  3.81it/s][A

 65%|██████▍   | 164/253 [00:39<00:23,  3.74it/s][A

 65%|██████▌   | 165/253 [00:40<00:23,  3.75it/s][A

 66%|██████▌   | 166/253 [00:40<00:22,  3.93it/s][A

 66%|██████▌   | 167/253 [00:40<00:21,  3.95it/s][A

 66%|██████▋   | 168/253 [00:40<00:20,  4.14it/s][A

 67%|██████▋   | 169/253 [00:41<00:18,  4.46it/s][A

 67%|██████▋   | 170/253 [00:41<00:17,  4.67it/s][A

 68%|██████▊   | 171/253 [00:41<00:17,  4.71it/s][A

 68%|██████▊   | 172/253 [00:41<00:17,  4.64it/s][A

 68%|██████▊   | 173/253 [00:41<00:18,  4.40it/s][A

 69%|██████▉   | 174/253 [00:42<00:17,  4.53it/s][A

 69%|██████▉   | 175/253 [00:42<00:16,  4.69it/s][A

 70%|██████▉   | 176/253 [00:42<00:17,  4.48it/s][A

 70%|██████▉   | 177/253 [00:42<00:18,  4.09it/s][A

 70%|███████   | 178/253 [00:43<00:21,  3.48it/s][A

 71%|███████   | 179/253 [00:43<00:19,  3.73it/s][A

 71%|███████   | 180/253 [00:43<00:18,  3.86it/s][A

 72%|███████▏  | 181/253 [00:44<00:20,  3.56it/s][A

 72%|███████▏  | 182/253 [00:44<00:19,  3.68it/s][A

 72%|███████▏  | 183/253 [00:44<00:20,  3.46it/s][A

 73%|███████▎  | 184/253 [00:44<00:21,  3.28it/s][A

 73%|███████▎  | 185/253 [00:45<00:19,  3.40it/s][A

 74%|███████▎  | 186/253 [00:45<00:18,  3.68it/s][A

 74%|███████▍  | 187/253 [00:45<00:16,  4.10it/s][A

 74%|███████▍  | 188/253 [00:45<00:14,  4.36it/s][A

 75%|███████▍  | 189/253 [00:46<00:13,  4.65it/s][A

 75%|███████▌  | 190/253 [00:46<00:12,  4.98it/s][A

 75%|███████▌  | 191/253 [00:46<00:12,  5.13it/s][A

 76%|███████▌  | 192/253 [00:46<00:11,  5.30it/s][A

 76%|███████▋  | 193/253 [00:46<00:11,  5.41it/s][A

 77%|███████▋  | 194/253 [00:46<00:10,  5.49it/s][A

 77%|███████▋  | 195/253 [00:47<00:11,  5.23it/s][A

 77%|███████▋  | 196/253 [00:47<00:10,  5.30it/s][A

 78%|███████▊  | 197/253 [00:47<00:10,  5.37it/s][A

 78%|███████▊  | 198/253 [00:47<00:10,  5.35it/s][A

 79%|███████▊  | 199/253 [00:47<00:10,  5.30it/s][A

 79%|███████▉  | 200/253 [00:48<00:10,  4.90it/s][A

 79%|███████▉  | 201/253 [00:48<00:10,  4.94it/s][A

 80%|███████▉  | 202/253 [00:48<00:11,  4.53it/s][A

 80%|████████  | 203/253 [00:48<00:10,  4.58it/s][A

 81%|████████  | 204/253 [00:48<00:10,  4.74it/s][A

 81%|████████  | 205/253 [00:49<00:11,  4.20it/s][A

 81%|████████▏ | 206/253 [00:49<00:11,  4.12it/s][A

 82%|████████▏ | 207/253 [00:49<00:10,  4.35it/s][A

 82%|████████▏ | 208/253 [00:49<00:10,  4.37it/s][A

 83%|████████▎ | 209/253 [00:50<00:11,  3.73it/s][A

 83%|████████▎ | 210/253 [00:50<00:10,  4.03it/s][A

 83%|████████▎ | 211/253 [00:50<00:10,  3.91it/s][A

 84%|████████▍ | 212/253 [00:51<00:10,  4.10it/s][A

 84%|████████▍ | 213/253 [00:51<00:09,  4.24it/s][A

 85%|████████▍ | 214/253 [00:51<00:08,  4.43it/s][A

 85%|████████▍ | 215/253 [00:51<00:08,  4.34it/s][A

 85%|████████▌ | 216/253 [00:51<00:08,  4.27it/s][A

 86%|████████▌ | 217/253 [00:52<00:08,  4.38it/s][A

 86%|████████▌ | 218/253 [00:52<00:07,  4.39it/s][A

 87%|████████▋ | 219/253 [00:52<00:07,  4.48it/s][A

 87%|████████▋ | 220/253 [00:52<00:07,  4.67it/s][A

 87%|████████▋ | 221/253 [00:52<00:06,  4.68it/s][A

 88%|████████▊ | 222/253 [00:53<00:06,  4.78it/s][A

 88%|████████▊ | 223/253 [00:53<00:06,  4.46it/s][A

 89%|████████▊ | 224/253 [00:53<00:07,  3.96it/s][A

 89%|████████▉ | 225/253 [00:53<00:06,  4.06it/s][A

 89%|████████▉ | 226/253 [00:54<00:06,  4.24it/s][A

 90%|████████▉ | 227/253 [00:54<00:05,  4.36it/s][A

 90%|█████████ | 228/253 [00:54<00:05,  4.26it/s][A

 91%|█████████ | 229/253 [00:54<00:06,  3.78it/s][A

 91%|█████████ | 230/253 [00:55<00:06,  3.57it/s][A

 91%|█████████▏| 231/253 [00:55<00:05,  3.78it/s][A

 92%|█████████▏| 232/253 [00:55<00:05,  3.58it/s][A

 92%|█████████▏| 233/253 [00:56<00:05,  3.83it/s][A

 92%|█████████▏| 234/253 [00:56<00:05,  3.69it/s][A

 93%|█████████▎| 235/253 [00:56<00:04,  3.83it/s][A

 93%|█████████▎| 236/253 [00:56<00:04,  4.04it/s][A

 94%|█████████▎| 237/253 [00:57<00:04,  3.93it/s][A

 94%|█████████▍| 238/253 [00:57<00:03,  3.96it/s][A

 94%|█████████▍| 239/253 [00:57<00:03,  3.94it/s][A

 95%|█████████▍| 240/253 [00:57<00:03,  4.01it/s][A

 95%|█████████▌| 241/253 [00:58<00:03,  3.97it/s][A

 96%|█████████▌| 242/253 [00:58<00:02,  3.83it/s][A

 96%|█████████▌| 243/253 [00:58<00:02,  4.14it/s][A

 96%|█████████▋| 244/253 [00:58<00:02,  4.44it/s][A

 97%|█████████▋| 245/253 [00:58<00:01,  4.46it/s][A

 97%|█████████▋| 246/253 [00:59<00:01,  3.62it/s][A

 98%|█████████▊| 247/253 [00:59<00:01,  3.39it/s][A

 98%|█████████▊| 248/253 [00:59<00:01,  3.67it/s][A

 98%|█████████▊| 249/253 [01:00<00:01,  3.74it/s][A

 99%|█████████▉| 250/253 [01:00<00:00,  3.74it/s][A

 99%|█████████▉| 251/253 [01:00<00:00,  3.83it/s][A

100%|█████████▉| 252/253 [01:00<00:00,  3.93it/s][A

100%|██████████| 253/253 [01:01<00:00,  3.81it/s][A
                                                  

                                                 
[A{'eval_loss': '1.304', 'eval_runtime': '61.51', 'eval_samples_per_second': '8.227', 'eval_steps_per_second': '4.113', 'eval_entropy': '1.109', 'eval_num_tokens': '1.247e+06', 'eval_mean_token_accuracy': '0.6547', 'epoch': '1.091'}

 55%|█████▍    | 600/1100 [51:54<35:14,  4.23s/it]

100%|██████████| 253/253 [01:01<00:00,  3.81it/s][A

                                                 [A
 55%|█████▍    | 601/1100 [52:00<3:14:25, 23.38s/it]
 55%|█████▍    | 602/1100 [52:04<2:26:32, 17.66s/it]
 55%|█████▍    | 603/1100 [52:10<1:56:06, 14.02s/it]
 55%|█████▍    | 604/1100 [52:14<1:31:13, 11.03s/it]
 55%|█████▌    | 605/1100 [52:19<1:16:41,  9.30s/it]
 55%|█████▌    | 606/1100 [52:24<1:05:11,  7.92s/it]
 55%|█████▌    | 607/1100 [52:29<57:08,  6.95s/it]  
 55%|█████▌    | 608/1100 [52:34<52:00,  6.34s/it]
 55%|█████▌    | 609/1100 [52:38<48:31,  5.93s/it]
 55%|█████▌    | 610/1100 [52:43<44:47,  5.48s/it]
                                                  
{'loss': '1.084', 'grad_norm': '1.453', 'learning_rate': '9.905e-05', 'entropy': '1.079', 'num_tokens': '1.268e+06', 'mean_token_accuracy': '0.699', 'epoch': '1.109'}

 55%|█████▌    | 610/1100 [52:43<44:47,  5.48s/it]
 56%|█████▌    | 611/1100 [52:48<44:49,  5.50s/it]
 56%|█████▌    | 612/1100 [52:54<44:54,  5.52s/it]
 56%|█████▌    | 613/1100 [52:59<42:56,  5.29s/it]
 56%|█████▌    | 614/1100 [53:03<40:55,  5.05s/it]
 56%|█████▌    | 615/1100 [53:08<40:13,  4.98s/it]
 56%|█████▌    | 616/1100 [53:13<39:50,  4.94s/it]
 56%|█████▌    | 617/1100 [53:17<37:05,  4.61s/it]
 56%|█████▌    | 618/1100 [53:22<39:25,  4.91s/it]
 56%|█████▋    | 619/1100 [53:27<37:37,  4.69s/it]
 56%|█████▋    | 620/1100 [53:31<36:08,  4.52s/it]
                                                  
{'loss': '1.011', 'grad_norm': '1.441', 'learning_rate': '9.588e-05', 'entropy': '1.022', 'num_tokens': '1.289e+06', 'mean_token_accuracy': '0.7147', 'epoch': '1.127'}

 56%|█████▋    | 620/1100 [53:31<36:08,  4.52s/it]
 56%|█████▋    | 621/1100 [53:35<35:44,  4.48s/it]
 57%|█████▋    | 622/1100 [53:39<35:19,  4.43s/it]
 57%|█████▋    | 623/1100 [53:43<33:07,  4.17s/it]
 57%|█████▋    | 624/1100 [53:48<34:40,  4.37s/it]
 57%|█████▋    | 625/1100 [53:52<33:09,  4.19s/it]
 57%|█████▋    | 626/1100 [53:56<32:37,  4.13s/it]
 57%|█████▋    | 627/1100 [54:00<33:53,  4.30s/it]
 57%|█████▋    | 628/1100 [54:04<33:17,  4.23s/it]
 57%|█████▋    | 629/1100 [54:08<32:09,  4.10s/it]
 57%|█████▋    | 630/1100 [54:13<33:28,  4.27s/it]
                                                  
{'loss': '0.9308', 'grad_norm': '1.25', 'learning_rate': '9.271e-05', 'entropy': '0.9456', 'num_tokens': '1.309e+06', 'mean_token_accuracy': '0.7387', 'epoch': '1.146'}

 57%|█████▋    | 630/1100 [54:13<33:28,  4.27s/it]
 57%|█████▋    | 631/1100 [54:17<34:12,  4.38s/it]
 57%|█████▋    | 632/1100 [54:21<33:03,  4.24s/it]
 58%|█████▊    | 633/1100 [54:26<32:58,  4.24s/it]
 58%|█████▊    | 634/1100 [54:30<33:01,  4.25s/it]
 58%|█████▊    | 635/1100 [54:34<33:29,  4.32s/it]
 58%|█████▊    | 636/1100 [54:38<31:22,  4.06s/it]
 58%|█████▊    | 637/1100 [54:42<31:22,  4.07s/it]
 58%|█████▊    | 638/1100 [54:46<32:13,  4.18s/it]
 58%|█████▊    | 639/1100 [54:50<31:44,  4.13s/it]
 58%|█████▊    | 640/1100 [54:54<31:25,  4.10s/it]
                                                  
{'loss': '1.109', 'grad_norm': '1.225', 'learning_rate': '8.955e-05', 'entropy': '1.041', 'num_tokens': '1.33e+06', 'mean_token_accuracy': '0.7077', 'epoch': '1.164'}

 58%|█████▊    | 640/1100 [54:54<31:25,  4.10s/it]
 58%|█████▊    | 641/1100 [54:59<32:28,  4.25s/it]
 58%|█████▊    | 642/1100 [55:03<32:02,  4.20s/it]
 58%|█████▊    | 643/1100 [55:07<32:15,  4.23s/it]
 59%|█████▊    | 644/1100 [55:11<31:18,  4.12s/it]
 59%|█████▊    | 645/1100 [55:16<32:29,  4.28s/it]
 59%|█████▊    | 646/1100 [55:21<33:30,  4.43s/it]
 59%|█████▉    | 647/1100 [55:24<32:04,  4.25s/it]
 59%|█████▉    | 648/1100 [55:28<31:11,  4.14s/it]
 59%|█████▉    | 649/1100 [55:33<31:52,  4.24s/it]
 59%|█████▉    | 650/1100 [55:37<30:37,  4.08s/it]
                                                  
{'loss': '0.9465', 'grad_norm': '1.555', 'learning_rate': '8.64e-05', 'entropy': '0.9969', 'num_tokens': '1.351e+06', 'mean_token_accuracy': '0.7288', 'epoch': '1.182'}

 59%|█████▉    | 650/1100 [55:37<30:37,  4.08s/it]
 59%|█████▉    | 651/1100 [55:41<31:15,  4.18s/it]
 59%|█████▉    | 652/1100 [55:46<32:30,  4.35s/it]
 59%|█████▉    | 653/1100 [55:49<30:27,  4.09s/it]
 59%|█████▉    | 654/1100 [55:55<33:48,  4.55s/it]
 60%|█████▉    | 655/1100 [55:59<34:00,  4.58s/it]
 60%|█████▉    | 656/1100 [56:04<34:19,  4.64s/it]
 60%|█████▉    | 657/1100 [56:09<33:31,  4.54s/it]
 60%|█████▉    | 658/1100 [56:13<33:00,  4.48s/it]
 60%|█████▉    | 659/1100 [56:17<32:59,  4.49s/it]
 60%|██████    | 660/1100 [56:23<35:06,  4.79s/it]
                                                  
{'loss': '1.006', 'grad_norm': '1.239', 'learning_rate': '8.326e-05', 'entropy': '1.015', 'num_tokens': '1.371e+06', 'mean_token_accuracy': '0.7213', 'epoch': '1.2'}

 60%|██████    | 660/1100 [56:23<35:06,  4.79s/it]
 60%|██████    | 661/1100 [56:28<36:11,  4.95s/it]
 60%|██████    | 662/1100 [56:34<37:46,  5.17s/it]
 60%|██████    | 663/1100 [56:39<36:30,  5.01s/it]
 60%|██████    | 664/1100 [56:43<34:31,  4.75s/it]
 60%|██████    | 665/1100 [56:47<34:13,  4.72s/it]
 61%|██████    | 666/1100 [56:52<34:29,  4.77s/it]
 61%|██████    | 667/1100 [56:57<33:59,  4.71s/it]
 61%|██████    | 668/1100 [57:01<32:35,  4.53s/it]
 61%|██████    | 669/1100 [57:05<32:10,  4.48s/it]
 61%|██████    | 670/1100 [57:09<30:58,  4.32s/it]
                                                  
{'loss': '0.9889', 'grad_norm': '1.413', 'learning_rate': '8.014e-05', 'entropy': '0.9861', 'num_tokens': '1.392e+06', 'mean_token_accuracy': '0.7254', 'epoch': '1.218'}

 61%|██████    | 670/1100 [57:09<30:58,  4.32s/it]
 61%|██████    | 671/1100 [57:14<32:28,  4.54s/it]
 61%|██████    | 672/1100 [57:19<33:38,  4.72s/it]
 61%|██████    | 673/1100 [57:25<35:10,  4.94s/it]
 61%|██████▏   | 674/1100 [57:30<35:20,  4.98s/it]
 61%|██████▏   | 675/1100 [57:35<35:22,  4.99s/it]
 61%|██████▏   | 676/1100 [57:40<35:28,  5.02s/it]
 62%|██████▏   | 677/1100 [57:45<35:31,  5.04s/it]
 62%|██████▏   | 678/1100 [57:50<34:50,  4.95s/it]
 62%|██████▏   | 679/1100 [57:54<33:34,  4.78s/it]
 62%|██████▏   | 680/1100 [57:59<33:34,  4.80s/it]
                                                  
{'loss': '0.9542', 'grad_norm': '1.392', 'learning_rate': '7.704e-05', 'entropy': '0.9473', 'num_tokens': '1.413e+06', 'mean_token_accuracy': '0.7325', 'epoch': '1.236'}

 62%|██████▏   | 680/1100 [57:59<33:34,  4.80s/it]
 62%|██████▏   | 681/1100 [58:04<34:04,  4.88s/it]
 62%|██████▏   | 682/1100 [58:09<34:15,  4.92s/it]
 62%|██████▏   | 683/1100 [58:13<32:54,  4.73s/it]
 62%|██████▏   | 684/1100 [58:18<33:07,  4.78s/it]
 62%|██████▏   | 685/1100 [58:22<31:31,  4.56s/it]
 62%|██████▏   | 686/1100 [58:26<29:56,  4.34s/it]
 62%|██████▏   | 687/1100 [58:30<29:22,  4.27s/it]
 63%|██████▎   | 688/1100 [58:35<30:51,  4.49s/it]
 63%|██████▎   | 689/1100 [58:40<30:13,  4.41s/it]
 63%|██████▎   | 690/1100 [58:44<29:45,  4.35s/it]
                                                  
{'loss': '1.008', 'grad_norm': '1.363', 'learning_rate': '7.396e-05', 'entropy': '0.9554', 'num_tokens': '1.434e+06', 'mean_token_accuracy': '0.7151', 'epoch': '1.255'}

 63%|██████▎   | 690/1100 [58:44<29:45,  4.35s/it]
 63%|██████▎   | 691/1100 [58:49<30:48,  4.52s/it]
 63%|██████▎   | 692/1100 [58:52<28:49,  4.24s/it]
 63%|██████▎   | 693/1100 [58:57<29:13,  4.31s/it]
 63%|██████▎   | 694/1100 [59:01<29:31,  4.36s/it]
 63%|██████▎   | 695/1100 [59:06<29:52,  4.43s/it]
 63%|██████▎   | 696/1100 [59:10<30:00,  4.46s/it]
 63%|██████▎   | 697/1100 [59:15<29:54,  4.45s/it]
 63%|██████▎   | 698/1100 [59:19<29:32,  4.41s/it]
 64%|██████▎   | 699/1100 [59:24<29:37,  4.43s/it]
 64%|██████▎   | 700/1100 [59:28<29:21,  4.40s/it]
                                                  
{'loss': '1.015', 'grad_norm': '1.596', 'learning_rate': '7.091e-05', 'entropy': '1.055', 'num_tokens': '1.454e+06', 'mean_token_accuracy': '0.7159', 'epoch': '1.273'}

 64%|██████▎   | 700/1100 [59:28<29:21,  4.40s/it]

  0%|          | 0/253 [00:00<?, ?it/s][A

  1%|          | 2/253 [00:00<00:25,  9.82it/s][A

  1%|          | 3/253 [00:00<00:35,  7.02it/s][A

  2%|▏         | 4/253 [00:00<00:46,  5.30it/s][A

  2%|▏         | 5/253 [00:00<00:47,  5.24it/s][A

  2%|▏         | 6/253 [00:01<00:47,  5.25it/s][A

  3%|▎         | 7/253 [00:01<00:46,  5.27it/s][A

  3%|▎         | 8/253 [00:01<00:51,  4.75it/s][A

  4%|▎         | 9/253 [00:01<00:53,  4.57it/s][A

  4%|▍         | 10/253 [00:01<00:54,  4.43it/s][A

  4%|▍         | 11/253 [00:02<01:03,  3.84it/s][A

  5%|▍         | 12/253 [00:02<01:05,  3.70it/s][A

  5%|▌         | 13/253 [00:02<01:12,  3.32it/s][A

  6%|▌         | 14/253 [00:03<01:03,  3.76it/s][A

  6%|▌         | 15/253 [00:03<01:01,  3.88it/s][A

  6%|▋         | 16/253 [00:03<00:58,  4.06it/s][A

  7%|▋         | 17/253 [00:03<00:55,  4.28it/s][A

  7%|▋         | 18/253 [00:04<00:54,  4.31it/s][A

  8%|▊         | 19/253 [00:04<00:51,  4.56it/s][A

  8%|▊         | 20/253 [00:04<00:52,  4.46it/s][A

  8%|▊         | 21/253 [00:04<00:49,  4.70it/s][A

  9%|▊         | 22/253 [00:04<00:48,  4.78it/s][A

  9%|▉         | 23/253 [00:05<00:49,  4.63it/s][A

  9%|▉         | 24/253 [00:05<00:51,  4.46it/s][A

 10%|▉         | 25/253 [00:05<00:52,  4.33it/s][A

 10%|█         | 26/253 [00:05<00:50,  4.52it/s][A

 11%|█         | 27/253 [00:05<00:47,  4.74it/s][A

 11%|█         | 28/253 [00:06<00:47,  4.78it/s][A

 11%|█▏        | 29/253 [00:06<00:51,  4.36it/s][A

 12%|█▏        | 30/253 [00:06<00:48,  4.59it/s][A

 12%|█▏        | 31/253 [00:06<00:50,  4.39it/s][A

 13%|█▎        | 32/253 [00:07<00:58,  3.75it/s][A

 13%|█▎        | 33/253 [00:07<00:54,  4.00it/s][A

 13%|█▎        | 34/253 [00:07<00:54,  4.00it/s][A

 14%|█▍        | 35/253 [00:08<00:58,  3.72it/s][A

 14%|█▍        | 36/253 [00:08<01:00,  3.58it/s][A

 15%|█▍        | 37/253 [00:08<01:00,  3.56it/s][A

 15%|█▌        | 38/253 [00:08<00:55,  3.88it/s][A

 15%|█▌        | 39/253 [00:09<00:53,  4.00it/s][A

 16%|█▌        | 40/253 [00:09<00:49,  4.34it/s][A

 16%|█▌        | 41/253 [00:09<00:52,  4.05it/s][A

 17%|█▋        | 42/253 [00:09<00:58,  3.60it/s][A

 17%|█▋        | 43/253 [00:10<00:53,  3.91it/s][A

 17%|█▋        | 44/253 [00:10<00:51,  4.07it/s][A

 18%|█▊        | 45/253 [00:10<00:48,  4.26it/s][A

 18%|█▊        | 46/253 [00:10<00:53,  3.89it/s][A

 19%|█▊        | 47/253 [00:11<00:49,  4.14it/s][A

 19%|█▉        | 48/253 [00:11<00:49,  4.13it/s][A

 19%|█▉        | 49/253 [00:11<00:54,  3.74it/s][A

 20%|█▉        | 50/253 [00:11<00:53,  3.82it/s][A

 20%|██        | 51/253 [00:12<00:48,  4.15it/s][A

 21%|██        | 52/253 [00:12<00:47,  4.26it/s][A

 21%|██        | 53/253 [00:12<00:47,  4.17it/s][A

 21%|██▏       | 54/253 [00:12<00:45,  4.38it/s][A

 22%|██▏       | 55/253 [00:12<00:48,  4.10it/s][A

 22%|██▏       | 56/253 [00:13<00:49,  3.97it/s][A

 23%|██▎       | 57/253 [00:13<00:50,  3.91it/s][A

 23%|██▎       | 58/253 [00:13<00:48,  4.05it/s][A

 23%|██▎       | 59/253 [00:13<00:47,  4.07it/s][A

 24%|██▎       | 60/253 [00:14<00:49,  3.89it/s][A

 24%|██▍       | 61/253 [00:14<00:45,  4.24it/s][A

 25%|██▍       | 62/253 [00:14<00:43,  4.37it/s][A

 25%|██▍       | 63/253 [00:14<00:40,  4.65it/s][A

 25%|██▌       | 64/253 [00:15<00:38,  4.86it/s][A

 26%|██▌       | 65/253 [00:15<00:41,  4.51it/s][A

 26%|██▌       | 66/253 [00:15<00:39,  4.77it/s][A

 26%|██▋       | 67/253 [00:15<00:37,  5.02it/s][A

 27%|██▋       | 68/253 [00:15<00:39,  4.69it/s][A

 27%|██▋       | 69/253 [00:16<00:37,  4.88it/s][A

 28%|██▊       | 70/253 [00:16<00:36,  5.05it/s][A

 28%|██▊       | 71/253 [00:16<00:39,  4.57it/s][A

 28%|██▊       | 72/253 [00:16<00:39,  4.63it/s][A

 29%|██▉       | 73/253 [00:17<00:41,  4.37it/s][A

 29%|██▉       | 74/253 [00:17<00:38,  4.60it/s][A

 30%|██▉       | 75/253 [00:17<00:37,  4.79it/s][A

 30%|███       | 76/253 [00:17<00:36,  4.86it/s][A

 30%|███       | 77/253 [00:17<00:38,  4.62it/s][A

 31%|███       | 78/253 [00:18<00:41,  4.25it/s][A

 31%|███       | 79/253 [00:18<00:39,  4.46it/s][A

 32%|███▏      | 80/253 [00:18<00:40,  4.28it/s][A

 32%|███▏      | 81/253 [00:18<00:40,  4.23it/s][A

 32%|███▏      | 82/253 [00:19<00:40,  4.21it/s][A

 33%|███▎      | 83/253 [00:19<00:38,  4.40it/s][A

 33%|███▎      | 84/253 [00:19<00:40,  4.21it/s][A

 34%|███▎      | 85/253 [00:19<00:37,  4.46it/s][A

 34%|███▍      | 86/253 [00:19<00:36,  4.63it/s][A

 34%|███▍      | 87/253 [00:20<00:38,  4.36it/s][A

 35%|███▍      | 88/253 [00:20<00:38,  4.26it/s][A

 35%|███▌      | 89/253 [00:20<00:36,  4.48it/s][A

 36%|███▌      | 90/253 [00:20<00:35,  4.55it/s][A

 36%|███▌      | 91/253 [00:21<00:38,  4.20it/s][A

 36%|███▋      | 92/253 [00:21<00:37,  4.33it/s][A

 37%|███▋      | 93/253 [00:21<00:36,  4.34it/s][A

 37%|███▋      | 94/253 [00:21<00:36,  4.32it/s][A

 38%|███▊      | 95/253 [00:21<00:34,  4.63it/s][A

 38%|███▊      | 96/253 [00:22<00:32,  4.86it/s][A

 38%|███▊      | 97/253 [00:22<00:30,  5.07it/s][A

 39%|███▊      | 98/253 [00:22<00:30,  5.11it/s][A

 39%|███▉      | 99/253 [00:22<00:33,  4.54it/s][A

 40%|███▉      | 100/253 [00:22<00:31,  4.80it/s][A

 40%|███▉      | 101/253 [00:23<00:30,  4.94it/s][A

 40%|████      | 102/253 [00:23<00:34,  4.39it/s][A

 41%|████      | 103/253 [00:23<00:33,  4.50it/s][A

 41%|████      | 104/253 [00:23<00:32,  4.61it/s][A

 42%|████▏     | 105/253 [00:24<00:36,  4.07it/s][A

 42%|████▏     | 106/253 [00:24<00:35,  4.12it/s][A

 42%|████▏     | 107/253 [00:24<00:34,  4.29it/s][A

 43%|████▎     | 108/253 [00:24<00:34,  4.20it/s][A

 43%|████▎     | 109/253 [00:25<00:41,  3.50it/s][A

 43%|████▎     | 110/253 [00:25<00:37,  3.84it/s][A

 44%|████▍     | 111/253 [00:25<00:34,  4.07it/s][A

 44%|████▍     | 112/253 [00:25<00:36,  3.82it/s][A

 45%|████▍     | 113/253 [00:26<00:36,  3.82it/s][A

 45%|████▌     | 114/253 [00:26<00:36,  3.76it/s][A

 45%|████▌     | 115/253 [00:26<00:37,  3.68it/s][A

 46%|████▌     | 116/253 [00:26<00:34,  4.02it/s][A

 46%|████▌     | 117/253 [00:27<00:36,  3.77it/s][A

 47%|████▋     | 118/253 [00:27<00:34,  3.91it/s][A

 47%|████▋     | 119/253 [00:27<00:31,  4.26it/s][A

 47%|████▋     | 120/253 [00:27<00:30,  4.32it/s][A

 48%|████▊     | 121/253 [00:28<00:28,  4.64it/s][A

 48%|████▊     | 122/253 [00:28<00:26,  4.90it/s][A

 49%|████▊     | 123/253 [00:28<00:25,  5.07it/s][A

 49%|████▉     | 124/253 [00:28<00:24,  5.21it/s][A

 49%|████▉     | 125/253 [00:28<00:23,  5.34it/s][A

 50%|████▉     | 126/253 [00:29<00:23,  5.38it/s][A

 50%|█████     | 127/253 [00:29<00:23,  5.43it/s][A

 51%|█████     | 128/253 [00:29<00:23,  5.39it/s][A

 51%|█████     | 129/253 [00:29<00:23,  5.37it/s][A

 51%|█████▏    | 130/253 [00:29<00:22,  5.39it/s][A

 52%|█████▏    | 131/253 [00:29<00:22,  5.43it/s][A

 52%|█████▏    | 132/253 [00:30<00:22,  5.43it/s][A

 53%|█████▎    | 133/253 [00:30<00:23,  5.07it/s][A

 53%|█████▎    | 134/253 [00:30<00:23,  5.13it/s][A

 53%|█████▎    | 135/253 [00:30<00:22,  5.16it/s][A

 54%|█████▍    | 136/253 [00:30<00:22,  5.20it/s][A

 54%|█████▍    | 137/253 [00:31<00:22,  5.22it/s][A

 55%|█████▍    | 138/253 [00:31<00:22,  5.10it/s][A

 55%|█████▍    | 139/253 [00:31<00:22,  5.12it/s][A

 55%|█████▌    | 140/253 [00:31<00:22,  4.99it/s][A

 56%|█████▌    | 141/253 [00:31<00:24,  4.66it/s][A

 56%|█████▌    | 142/253 [00:32<00:23,  4.76it/s][A

 57%|█████▋    | 143/253 [00:32<00:22,  4.90it/s][A

 57%|█████▋    | 144/253 [00:32<00:21,  4.98it/s][A

 57%|█████▋    | 145/253 [00:32<00:21,  5.09it/s][A

 58%|█████▊    | 146/253 [00:32<00:21,  5.04it/s][A

 58%|█████▊    | 147/253 [00:33<00:21,  5.04it/s][A

 58%|█████▊    | 148/253 [00:33<00:21,  4.87it/s][A

 59%|█████▉    | 149/253 [00:33<00:20,  4.98it/s][A

 59%|█████▉    | 150/253 [00:33<00:20,  5.14it/s][A

 60%|█████▉    | 151/253 [00:33<00:19,  5.24it/s][A

 60%|██████    | 152/253 [00:34<00:19,  5.23it/s][A

 60%|██████    | 153/253 [00:34<00:18,  5.27it/s][A

 61%|██████    | 154/253 [00:34<00:19,  5.19it/s][A

 61%|██████▏   | 155/253 [00:34<00:18,  5.22it/s][A

 62%|██████▏   | 156/253 [00:34<00:18,  5.24it/s][A

 62%|██████▏   | 157/253 [00:35<00:18,  5.31it/s][A

 62%|██████▏   | 158/253 [00:35<00:17,  5.32it/s][A

 63%|██████▎   | 159/253 [00:35<00:17,  5.29it/s][A

 63%|██████▎   | 160/253 [00:35<00:17,  5.31it/s][A

 64%|██████▎   | 161/253 [00:35<00:20,  4.49it/s][A

 64%|██████▍   | 162/253 [00:36<00:19,  4.57it/s][A

 64%|██████▍   | 163/253 [00:36<00:19,  4.73it/s][A

 65%|██████▍   | 164/253 [00:36<00:19,  4.47it/s][A

 65%|██████▌   | 165/253 [00:36<00:19,  4.57it/s][A

 66%|██████▌   | 166/253 [00:37<00:19,  4.52it/s][A

 66%|██████▌   | 167/253 [00:37<00:18,  4.67it/s][A

 66%|██████▋   | 168/253 [00:37<00:18,  4.49it/s][A

 67%|██████▋   | 169/253 [00:37<00:19,  4.37it/s][A

 67%|██████▋   | 170/253 [00:37<00:18,  4.48it/s][A

 68%|██████▊   | 171/253 [00:38<00:18,  4.35it/s][A

 68%|██████▊   | 172/253 [00:38<00:20,  4.02it/s][A

 68%|██████▊   | 173/253 [00:38<00:20,  3.90it/s][A

 69%|██████▉   | 174/253 [00:38<00:18,  4.16it/s][A

 69%|██████▉   | 175/253 [00:39<00:17,  4.44it/s][A

 70%|██████▉   | 176/253 [00:39<00:16,  4.53it/s][A

 70%|██████▉   | 177/253 [00:39<00:17,  4.43it/s][A

 70%|███████   | 178/253 [00:39<00:18,  4.01it/s][A

 71%|███████   | 179/253 [00:40<00:18,  4.07it/s][A

 71%|███████   | 180/253 [00:40<00:16,  4.39it/s][A

 72%|███████▏  | 181/253 [00:40<00:17,  4.14it/s][A

 72%|███████▏  | 182/253 [00:40<00:16,  4.34it/s][A

 72%|███████▏  | 183/253 [00:40<00:15,  4.47it/s][A

 73%|███████▎  | 184/253 [00:41<00:15,  4.40it/s][A

 73%|███████▎  | 185/253 [00:41<00:14,  4.61it/s][A

 74%|███████▎  | 186/253 [00:41<00:13,  4.82it/s][A

 74%|███████▍  | 187/253 [00:41<00:13,  4.96it/s][A

 74%|███████▍  | 188/253 [00:42<00:16,  4.05it/s][A

 75%|███████▍  | 189/253 [00:42<00:16,  3.80it/s][A

 75%|███████▌  | 190/253 [00:42<00:17,  3.55it/s][A

 75%|███████▌  | 191/253 [00:42<00:15,  3.92it/s][A

 76%|███████▌  | 192/253 [00:43<00:15,  4.01it/s][A

 76%|███████▋  | 193/253 [00:43<00:15,  3.85it/s][A

 77%|███████▋  | 194/253 [00:43<00:14,  4.18it/s][A

 77%|███████▋  | 195/253 [00:43<00:13,  4.38it/s][A

 77%|███████▋  | 196/253 [00:44<00:12,  4.47it/s][A

 78%|███████▊  | 197/253 [00:44<00:12,  4.47it/s][A

 78%|███████▊  | 198/253 [00:44<00:11,  4.62it/s][A

 79%|███████▊  | 199/253 [00:44<00:11,  4.53it/s][A

 79%|███████▉  | 200/253 [00:45<00:13,  3.80it/s][A

 79%|███████▉  | 201/253 [00:45<00:14,  3.63it/s][A

 80%|███████▉  | 202/253 [00:45<00:14,  3.47it/s][A

 80%|████████  | 203/253 [00:45<00:13,  3.60it/s][A

 81%|████████  | 204/253 [00:46<00:12,  3.96it/s][A

 81%|████████  | 205/253 [00:46<00:11,  4.19it/s][A

 81%|████████▏ | 206/253 [00:46<00:10,  4.29it/s][A

 82%|████████▏ | 207/253 [00:46<00:10,  4.54it/s][A

 82%|████████▏ | 208/253 [00:46<00:09,  4.79it/s][A

 83%|████████▎ | 209/253 [00:47<00:09,  4.62it/s][A

 83%|████████▎ | 210/253 [00:47<00:08,  4.79it/s][A

 83%|████████▎ | 211/253 [00:47<00:08,  4.98it/s][A

 84%|████████▍ | 212/253 [00:47<00:08,  5.12it/s][A

 84%|████████▍ | 213/253 [00:47<00:07,  5.28it/s][A

 85%|████████▍ | 214/253 [00:48<00:07,  5.45it/s][A

 85%|████████▍ | 215/253 [00:48<00:06,  5.58it/s][A

 85%|████████▌ | 216/253 [00:48<00:06,  5.58it/s][A

 86%|████████▌ | 217/253 [00:48<00:06,  5.23it/s][A

 86%|████████▌ | 218/253 [00:48<00:06,  5.34it/s][A

 87%|████████▋ | 219/253 [00:49<00:06,  5.46it/s][A

 87%|████████▋ | 220/253 [00:49<00:06,  5.44it/s][A

 87%|████████▋ | 221/253 [00:49<00:05,  5.46it/s][A

 88%|████████▊ | 222/253 [00:49<00:05,  5.48it/s][A

 88%|████████▊ | 223/253 [00:49<00:05,  5.41it/s][A

 89%|████████▊ | 224/253 [00:49<00:05,  5.43it/s][A

 89%|████████▉ | 225/253 [00:50<00:05,  5.37it/s][A

 89%|████████▉ | 226/253 [00:50<00:05,  5.29it/s][A

 90%|████████▉ | 227/253 [00:50<00:04,  5.22it/s][A

 90%|█████████ | 228/253 [00:50<00:04,  5.27it/s][A

 91%|█████████ | 229/253 [00:50<00:04,  5.19it/s][A

 91%|█████████ | 230/253 [00:51<00:04,  5.18it/s][A

 91%|█████████▏| 231/253 [00:51<00:04,  4.74it/s][A

 92%|█████████▏| 232/253 [00:51<00:05,  4.17it/s][A

 92%|█████████▏| 233/253 [00:51<00:04,  4.13it/s][A

 92%|█████████▏| 234/253 [00:52<00:04,  3.91it/s][A

 93%|█████████▎| 235/253 [00:52<00:04,  4.09it/s][A

 93%|█████████▎| 236/253 [00:52<00:04,  3.72it/s][A

 94%|█████████▎| 237/253 [00:52<00:04,  3.84it/s][A

 94%|█████████▍| 238/253 [00:53<00:03,  3.81it/s][A

 94%|█████████▍| 239/253 [00:53<00:03,  3.74it/s][A

 95%|█████████▍| 240/253 [00:53<00:03,  3.57it/s][A

 95%|█████████▌| 241/253 [00:54<00:03,  3.48it/s][A

 96%|█████████▌| 242/253 [00:54<00:03,  3.55it/s][A

 96%|█████████▌| 243/253 [00:54<00:02,  3.67it/s][A

 96%|█████████▋| 244/253 [00:54<00:02,  3.80it/s][A

 97%|█████████▋| 245/253 [00:55<00:02,  3.67it/s][A

 97%|█████████▋| 246/253 [00:55<00:01,  3.93it/s][A

 98%|█████████▊| 247/253 [00:55<00:01,  3.99it/s][A

 98%|█████████▊| 248/253 [00:55<00:01,  4.04it/s][A

 98%|█████████▊| 249/253 [00:56<00:00,  4.10it/s][A

 99%|█████████▉| 250/253 [00:56<00:00,  3.85it/s][A

 99%|█████████▉| 251/253 [00:56<00:00,  3.93it/s][A

100%|█████████▉| 252/253 [00:56<00:00,  4.13it/s][A

100%|██████████| 253/253 [00:57<00:00,  4.42it/s][A
                                                  

                                                 
[A{'eval_loss': '1.291', 'eval_runtime': '57.33', 'eval_samples_per_second': '8.827', 'eval_steps_per_second': '4.413', 'eval_entropy': '1.065', 'eval_num_tokens': '1.454e+06', 'eval_mean_token_accuracy': '0.6586', 'epoch': '1.273'}

 64%|██████▎   | 700/1100 [1:00:25<29:21,  4.40s/it]

100%|██████████| 253/253 [00:57<00:00,  4.42it/s][A

                                                 [A
 64%|██████▎   | 701/1100 [1:00:29<2:23:04, 21.51s/it]
 64%|██████▍   | 702/1100 [1:00:33<1:47:35, 16.22s/it]
 64%|██████▍   | 703/1100 [1:00:37<1:23:08, 12.57s/it]
 64%|██████▍   | 704/1100 [1:00:42<1:07:14, 10.19s/it]
 64%|██████▍   | 705/1100 [1:00:47<56:44,  8.62s/it]  
 64%|██████▍   | 706/1100 [1:00:50<46:32,  7.09s/it]
 64%|██████▍   | 707/1100 [1:00:54<40:26,  6.17s/it]
 64%|██████▍   | 708/1100 [1:00:59<37:01,  5.67s/it]
 64%|██████▍   | 709/1100 [1:01:03<32:56,  5.05s/it]
 65%|██████▍   | 710/1100 [1:01:07<31:24,  4.83s/it]
                                                    
{'loss': '0.994', 'grad_norm': '1.61', 'learning_rate': '6.789e-05', 'entropy': '0.9839', 'num_tokens': '1.475e+06', 'mean_token_accuracy': '0.7317', 'epoch': '1.291'}

 65%|██████▍   | 710/1100 [1:01:07<31:24,  4.83s/it]
 65%|██████▍   | 711/1100 [1:01:11<29:44,  4.59s/it]
 65%|██████▍   | 712/1100 [1:01:15<29:24,  4.55s/it]
 65%|██████▍   | 713/1100 [1:01:20<28:55,  4.48s/it]
 65%|██████▍   | 714/1100 [1:01:24<27:59,  4.35s/it]
 65%|██████▌   | 715/1100 [1:01:28<27:48,  4.33s/it]
 65%|██████▌   | 716/1100 [1:01:32<27:20,  4.27s/it]
 65%|██████▌   | 717/1100 [1:01:36<27:31,  4.31s/it]
 65%|██████▌   | 718/1100 [1:01:41<27:10,  4.27s/it]
 65%|██████▌   | 719/1100 [1:01:45<27:51,  4.39s/it]
 65%|██████▌   | 720/1100 [1:01:49<27:05,  4.28s/it]
                                                    
{'loss': '1.021', 'grad_norm': '1.345', 'learning_rate': '6.49e-05', 'entropy': '1.027', 'num_tokens': '1.497e+06', 'mean_token_accuracy': '0.7125', 'epoch': '1.309'}

 65%|██████▌   | 720/1100 [1:01:49<27:05,  4.28s/it]
 66%|██████▌   | 721/1100 [1:01:54<27:53,  4.41s/it]
 66%|██████▌   | 722/1100 [1:01:58<27:20,  4.34s/it]
 66%|██████▌   | 723/1100 [1:02:03<28:28,  4.53s/it]
 66%|██████▌   | 724/1100 [1:02:08<28:14,  4.51s/it]
 66%|██████▌   | 725/1100 [1:02:12<27:24,  4.39s/it]
 66%|██████▌   | 726/1100 [1:02:16<27:56,  4.48s/it]
 66%|██████▌   | 727/1100 [1:02:21<27:56,  4.49s/it]
 66%|██████▌   | 728/1100 [1:02:25<27:51,  4.49s/it]
 66%|██████▋   | 729/1100 [1:02:30<28:26,  4.60s/it]
 66%|██████▋   | 730/1100 [1:02:34<26:53,  4.36s/it]
                                                    
{'loss': '1.056', 'grad_norm': '1.56', 'learning_rate': '6.195e-05', 'entropy': '0.9935', 'num_tokens': '1.518e+06', 'mean_token_accuracy': '0.7147', 'epoch': '1.327'}

 66%|██████▋   | 730/1100 [1:02:34<26:53,  4.36s/it]
 66%|██████▋   | 731/1100 [1:02:38<26:44,  4.35s/it]
 67%|██████▋   | 732/1100 [1:02:43<27:10,  4.43s/it]
 67%|██████▋   | 733/1100 [1:02:48<27:59,  4.58s/it]
 67%|██████▋   | 734/1100 [1:02:53<27:56,  4.58s/it]
 67%|██████▋   | 735/1100 [1:02:57<28:12,  4.64s/it]
 67%|██████▋   | 736/1100 [1:03:01<27:13,  4.49s/it]
 67%|██████▋   | 737/1100 [1:03:06<27:29,  4.54s/it]
 67%|██████▋   | 738/1100 [1:03:11<27:02,  4.48s/it]
 67%|██████▋   | 739/1100 [1:03:15<26:05,  4.34s/it]
 67%|██████▋   | 740/1100 [1:03:20<27:32,  4.59s/it]
                                                    
{'loss': '0.9907', 'grad_norm': '1.207', 'learning_rate': '5.904e-05', 'entropy': '1.024', 'num_tokens': '1.539e+06', 'mean_token_accuracy': '0.7161', 'epoch': '1.346'}

 67%|██████▋   | 740/1100 [1:03:20<27:32,  4.59s/it]
 67%|██████▋   | 741/1100 [1:03:24<27:04,  4.53s/it]
 67%|██████▋   | 742/1100 [1:03:29<26:57,  4.52s/it]
 68%|██████▊   | 743/1100 [1:03:33<26:50,  4.51s/it]
 68%|██████▊   | 744/1100 [1:03:37<26:21,  4.44s/it]
 68%|██████▊   | 745/1100 [1:03:41<24:59,  4.22s/it]
 68%|██████▊   | 746/1100 [1:03:46<25:43,  4.36s/it]
 68%|██████▊   | 747/1100 [1:03:50<26:07,  4.44s/it]
 68%|██████▊   | 748/1100 [1:03:55<26:20,  4.49s/it]
 68%|██████▊   | 749/1100 [1:04:00<26:29,  4.53s/it]
 68%|██████▊   | 750/1100 [1:04:04<26:35,  4.56s/it]
                                                    
{'loss': '0.9704', 'grad_norm': '1.296', 'learning_rate': '5.616e-05', 'entropy': '0.9687', 'num_tokens': '1.56e+06', 'mean_token_accuracy': '0.7233', 'epoch': '1.364'}

 68%|██████▊   | 750/1100 [1:04:04<26:35,  4.56s/it]
 68%|██████▊   | 751/1100 [1:04:09<26:19,  4.53s/it]
 68%|██████▊   | 752/1100 [1:04:14<27:12,  4.69s/it]
 68%|██████▊   | 753/1100 [1:04:18<26:10,  4.52s/it]
 69%|██████▊   | 754/1100 [1:04:22<26:06,  4.53s/it]
 69%|██████▊   | 755/1100 [1:04:27<26:43,  4.65s/it]
 69%|██████▊   | 756/1100 [1:04:32<26:08,  4.56s/it]
 69%|██████▉   | 757/1100 [1:04:36<24:59,  4.37s/it]
 69%|██████▉   | 758/1100 [1:04:40<24:24,  4.28s/it]
 69%|██████▉   | 759/1100 [1:04:44<24:36,  4.33s/it]
 69%|██████▉   | 760/1100 [1:04:48<23:35,  4.16s/it]
                                                    
{'loss': '0.9535', 'grad_norm': '1.237', 'learning_rate': '5.333e-05', 'entropy': '0.9776', 'num_tokens': '1.581e+06', 'mean_token_accuracy': '0.7304', 'epoch': '1.382'}

 69%|██████▉   | 760/1100 [1:04:48<23:35,  4.16s/it]
 69%|██████▉   | 761/1100 [1:04:53<24:46,  4.38s/it]
 69%|██████▉   | 762/1100 [1:04:57<24:21,  4.32s/it]
 69%|██████▉   | 763/1100 [1:05:02<24:58,  4.45s/it]
 69%|██████▉   | 764/1100 [1:05:06<25:13,  4.50s/it]
 70%|██████▉   | 765/1100 [1:05:10<24:25,  4.38s/it]
 70%|██████▉   | 766/1100 [1:05:15<24:05,  4.33s/it]
 70%|██████▉   | 767/1100 [1:05:20<24:52,  4.48s/it]
 70%|██████▉   | 768/1100 [1:05:24<24:03,  4.35s/it]
 70%|██████▉   | 769/1100 [1:05:28<24:17,  4.40s/it]
 70%|███████   | 770/1100 [1:05:33<24:40,  4.49s/it]
                                                    
{'loss': '0.9791', 'grad_norm': '1.658', 'learning_rate': '5.055e-05', 'entropy': '0.9987', 'num_tokens': '1.601e+06', 'mean_token_accuracy': '0.7288', 'epoch': '1.4'}

 70%|███████   | 770/1100 [1:05:33<24:40,  4.49s/it]
 70%|███████   | 771/1100 [1:05:36<23:04,  4.21s/it]
 70%|███████   | 772/1100 [1:05:41<23:23,  4.28s/it]
 70%|███████   | 773/1100 [1:05:44<22:15,  4.08s/it]
 70%|███████   | 774/1100 [1:05:49<22:33,  4.15s/it]
 70%|███████   | 775/1100 [1:05:53<22:51,  4.22s/it]
 71%|███████   | 776/1100 [1:05:57<22:58,  4.25s/it]
 71%|███████   | 777/1100 [1:06:01<22:11,  4.12s/it]
 71%|███████   | 778/1100 [1:06:06<22:58,  4.28s/it]
 71%|███████   | 779/1100 [1:06:11<23:35,  4.41s/it]
 71%|███████   | 780/1100 [1:06:15<22:44,  4.26s/it]
                                                    
{'loss': '0.9953', 'grad_norm': '1.549', 'learning_rate': '4.782e-05', 'entropy': '1.007', 'num_tokens': '1.622e+06', 'mean_token_accuracy': '0.73', 'epoch': '1.418'}

 71%|███████   | 780/1100 [1:06:15<22:44,  4.26s/it]
 71%|███████   | 781/1100 [1:06:19<23:36,  4.44s/it]
 71%|███████   | 782/1100 [1:06:24<23:50,  4.50s/it]
 71%|███████   | 783/1100 [1:06:28<23:35,  4.47s/it]
 71%|███████▏  | 784/1100 [1:06:33<23:48,  4.52s/it]
 71%|███████▏  | 785/1100 [1:06:37<23:14,  4.43s/it]
 71%|███████▏  | 786/1100 [1:06:42<23:01,  4.40s/it]
 72%|███████▏  | 787/1100 [1:06:47<23:57,  4.59s/it]
 72%|███████▏  | 788/1100 [1:06:51<23:32,  4.53s/it]
 72%|███████▏  | 789/1100 [1:06:56<24:43,  4.77s/it]
 72%|███████▏  | 790/1100 [1:07:01<24:09,  4.68s/it]
                                                    
{'loss': '0.9866', 'grad_norm': '1.662', 'learning_rate': '4.514e-05', 'entropy': '0.9657', 'num_tokens': '1.643e+06', 'mean_token_accuracy': '0.7179', 'epoch': '1.437'}

 72%|███████▏  | 790/1100 [1:07:01<24:09,  4.68s/it]
 72%|███████▏  | 791/1100 [1:07:05<23:12,  4.51s/it]
 72%|███████▏  | 792/1100 [1:07:09<22:51,  4.45s/it]
 72%|███████▏  | 793/1100 [1:07:14<23:17,  4.55s/it]
 72%|███████▏  | 794/1100 [1:07:18<22:52,  4.48s/it]
 72%|███████▏  | 795/1100 [1:07:22<21:38,  4.26s/it]
 72%|███████▏  | 796/1100 [1:07:26<21:33,  4.26s/it]
 72%|███████▏  | 797/1100 [1:07:31<21:55,  4.34s/it]
 73%|███████▎  | 798/1100 [1:07:34<20:32,  4.08s/it]
 73%|███████▎  | 799/1100 [1:07:38<19:41,  3.92s/it]
 73%|███████▎  | 800/1100 [1:07:42<19:38,  3.93s/it]
                                                    
{'loss': '0.9452', 'grad_norm': '1.486', 'learning_rate': '4.251e-05', 'entropy': '0.9565', 'num_tokens': '1.664e+06', 'mean_token_accuracy': '0.7365', 'epoch': '1.455'}

 73%|███████▎  | 800/1100 [1:07:42<19:38,  3.93s/it]

  0%|          | 0/253 [00:00<?, ?it/s][A

  1%|          | 2/253 [00:00<00:25,  9.83it/s][A

  1%|          | 3/253 [00:00<00:38,  6.56it/s][A

  2%|▏         | 4/253 [00:00<00:44,  5.63it/s][A

  2%|▏         | 5/253 [00:00<00:47,  5.22it/s][A

  2%|▏         | 6/253 [00:01<00:48,  5.07it/s][A

  3%|▎         | 7/253 [00:01<00:49,  4.94it/s][A

  3%|▎         | 8/253 [00:01<00:49,  5.00it/s][A

  4%|▎         | 9/253 [00:01<00:48,  5.00it/s][A

  4%|▍         | 10/253 [00:01<00:48,  5.02it/s][A

  4%|▍         | 11/253 [00:02<00:48,  4.95it/s][A

  5%|▍         | 12/253 [00:02<00:48,  4.98it/s][A

  5%|▌         | 13/253 [00:02<00:48,  4.99it/s][A

  6%|▌         | 14/253 [00:02<00:47,  5.01it/s][A

  6%|▌         | 15/253 [00:02<00:49,  4.85it/s][A

  6%|▋         | 16/253 [00:03<00:50,  4.71it/s][A

  7%|▋         | 17/253 [00:03<00:51,  4.59it/s][A

  7%|▋         | 18/253 [00:03<00:51,  4.57it/s][A

  8%|▊         | 19/253 [00:03<00:51,  4.52it/s][A

  8%|▊         | 20/253 [00:04<00:50,  4.58it/s][A

  8%|▊         | 21/253 [00:04<00:50,  4.63it/s][A

  9%|▊         | 22/253 [00:04<00:50,  4.53it/s][A

  9%|▉         | 23/253 [00:04<00:50,  4.58it/s][A

  9%|▉         | 24/253 [00:04<00:49,  4.62it/s][A

 10%|▉         | 25/253 [00:05<00:49,  4.63it/s][A

 10%|█         | 26/253 [00:05<00:47,  4.77it/s][A

 11%|█         | 27/253 [00:05<00:46,  4.85it/s][A

 11%|█         | 28/253 [00:05<00:45,  4.94it/s][A

 11%|█▏        | 29/253 [00:05<00:45,  4.98it/s][A

 12%|█▏        | 30/253 [00:06<00:44,  5.04it/s][A

 12%|█▏        | 31/253 [00:06<00:43,  5.07it/s][A

 13%|█▎        | 32/253 [00:06<00:43,  5.07it/s][A

 13%|█▎        | 33/253 [00:06<00:43,  5.05it/s][A

 13%|█▎        | 34/253 [00:06<00:43,  5.01it/s][A

 14%|█▍        | 35/253 [00:07<00:44,  4.94it/s][A

 14%|█▍        | 36/253 [00:07<00:44,  4.86it/s][A

 15%|█▍        | 37/253 [00:07<00:45,  4.78it/s][A

 15%|█▌        | 38/253 [00:07<00:45,  4.74it/s][A

 15%|█▌        | 39/253 [00:07<00:45,  4.72it/s][A

 16%|█▌        | 40/253 [00:08<00:45,  4.73it/s][A

 16%|█▌        | 41/253 [00:08<00:45,  4.69it/s][A

 17%|█▋        | 42/253 [00:08<00:45,  4.62it/s][A

 17%|█▋        | 43/253 [00:08<00:44,  4.69it/s][A

 17%|█▋        | 44/253 [00:09<00:44,  4.70it/s][A

 18%|█▊        | 45/253 [00:09<00:43,  4.82it/s][A

 18%|█▊        | 46/253 [00:09<00:42,  4.92it/s][A

 19%|█▊        | 47/253 [00:09<00:41,  4.92it/s][A

 19%|█▉        | 48/253 [00:09<00:41,  4.96it/s][A

 19%|█▉        | 49/253 [00:10<00:40,  4.98it/s][A

 20%|█▉        | 50/253 [00:10<00:40,  4.97it/s][A

 20%|██        | 51/253 [00:10<00:40,  5.00it/s][A

 21%|██        | 52/253 [00:10<00:40,  5.01it/s][A

 21%|██        | 53/253 [00:10<00:40,  4.98it/s][A

 21%|██▏       | 54/253 [00:11<00:39,  4.99it/s][A

 22%|██▏       | 55/253 [00:11<00:40,  4.94it/s][A

 22%|██▏       | 56/253 [00:11<00:40,  4.91it/s][A

 23%|██▎       | 57/253 [00:11<00:40,  4.82it/s][A

 23%|██▎       | 58/253 [00:11<00:40,  4.81it/s][A

 23%|██▎       | 59/253 [00:12<00:39,  4.85it/s][A

 24%|██▎       | 60/253 [00:12<00:41,  4.69it/s][A

 24%|██▍       | 61/253 [00:12<00:39,  4.86it/s][A

 25%|██▍       | 62/253 [00:12<00:39,  4.78it/s][A

 25%|██▍       | 63/253 [00:12<00:38,  4.97it/s][A

 25%|██▌       | 64/253 [00:13<00:36,  5.22it/s][A

 26%|██▌       | 65/253 [00:13<00:35,  5.27it/s][A

 26%|██▌       | 66/253 [00:13<00:34,  5.35it/s][A

 26%|██▋       | 67/253 [00:13<00:33,  5.55it/s][A

 27%|██▋       | 68/253 [00:13<00:32,  5.66it/s][A

 27%|██▋       | 69/253 [00:13<00:32,  5.61it/s][A

 28%|██▊       | 70/253 [00:14<00:32,  5.70it/s][A

 28%|██▊       | 71/253 [00:14<00:32,  5.68it/s][A

 28%|██▊       | 72/253 [00:14<00:31,  5.79it/s][A

 29%|██▉       | 73/253 [00:14<00:31,  5.81it/s][A

 29%|██▉       | 74/253 [00:14<00:30,  5.79it/s][A

 30%|██▉       | 75/253 [00:14<00:31,  5.65it/s][A

 30%|███       | 76/253 [00:15<00:31,  5.61it/s][A

 30%|███       | 77/253 [00:15<00:30,  5.71it/s][A

 31%|███       | 78/253 [00:15<00:30,  5.70it/s][A

 31%|███       | 79/253 [00:15<00:31,  5.47it/s][A

 32%|███▏      | 80/253 [00:15<00:31,  5.44it/s][A

 32%|███▏      | 81/253 [00:16<00:31,  5.47it/s][A

 32%|███▏      | 82/253 [00:16<00:30,  5.60it/s][A

 33%|███▎      | 83/253 [00:16<00:30,  5.48it/s][A

 33%|███▎      | 84/253 [00:16<00:30,  5.49it/s][A

 34%|███▎      | 85/253 [00:16<00:30,  5.51it/s][A

 34%|███▍      | 86/253 [00:16<00:29,  5.67it/s][A

 34%|███▍      | 87/253 [00:17<00:30,  5.52it/s][A

 35%|███▍      | 88/253 [00:17<00:30,  5.48it/s][A

 35%|███▌      | 89/253 [00:17<00:30,  5.46it/s][A

 36%|███▌      | 90/253 [00:17<00:29,  5.62it/s][A

 36%|███▌      | 91/253 [00:17<00:28,  5.71it/s][A

 36%|███▋      | 92/253 [00:18<00:28,  5.64it/s][A

 37%|███▋      | 93/253 [00:18<00:28,  5.53it/s][A

 37%|███▋      | 94/253 [00:18<00:28,  5.66it/s][A

 38%|███▊      | 95/253 [00:18<00:27,  5.76it/s][A

 38%|███▊      | 96/253 [00:18<00:27,  5.80it/s][A

 38%|███▊      | 97/253 [00:18<00:26,  5.87it/s][A

 39%|███▊      | 98/253 [00:19<00:27,  5.69it/s][A

 39%|███▉      | 99/253 [00:19<00:27,  5.65it/s][A

 40%|███▉      | 100/253 [00:19<00:27,  5.63it/s][A

 40%|███▉      | 101/253 [00:19<00:27,  5.53it/s][A

 40%|████      | 102/253 [00:19<00:27,  5.56it/s][A

 41%|████      | 103/253 [00:19<00:27,  5.52it/s][A

 41%|████      | 104/253 [00:20<00:26,  5.55it/s][A

 42%|████▏     | 105/253 [00:20<00:26,  5.50it/s][A

 42%|████▏     | 106/253 [00:20<00:26,  5.61it/s][A

 42%|████▏     | 107/253 [00:20<00:26,  5.60it/s][A

 43%|████▎     | 108/253 [00:20<00:26,  5.56it/s][A

 43%|████▎     | 109/253 [00:21<00:25,  5.69it/s][A

 43%|████▎     | 110/253 [00:21<00:24,  5.81it/s][A

 44%|████▍     | 111/253 [00:21<00:24,  5.84it/s][A

 44%|████▍     | 112/253 [00:21<00:24,  5.73it/s][A

 45%|████▍     | 113/253 [00:21<00:24,  5.61it/s][A

 45%|████▌     | 114/253 [00:21<00:25,  5.56it/s][A

 45%|████▌     | 115/253 [00:22<00:26,  5.29it/s][A

 46%|████▌     | 116/253 [00:22<00:25,  5.35it/s][A

 46%|████▌     | 117/253 [00:22<00:25,  5.37it/s][A

 47%|████▋     | 118/253 [00:22<00:25,  5.38it/s][A

 47%|████▋     | 119/253 [00:22<00:24,  5.41it/s][A

 47%|████▋     | 120/253 [00:23<00:23,  5.54it/s][A

 48%|████▊     | 121/253 [00:23<00:23,  5.62it/s][A

 48%|████▊     | 122/253 [00:23<00:22,  5.76it/s][A

 49%|████▊     | 123/253 [00:23<00:22,  5.67it/s][A

 49%|████▉     | 124/253 [00:23<00:22,  5.64it/s][A

 49%|████▉     | 125/253 [00:23<00:22,  5.75it/s][A

 50%|████▉     | 126/253 [00:24<00:22,  5.69it/s][A

 50%|█████     | 127/253 [00:24<00:22,  5.65it/s][A

 51%|█████     | 128/253 [00:24<00:21,  5.76it/s][A

 51%|█████     | 129/253 [00:24<00:22,  5.63it/s][A

 51%|█████▏    | 130/253 [00:24<00:21,  5.73it/s][A

 52%|█████▏    | 131/253 [00:24<00:20,  5.83it/s][A

 52%|█████▏    | 132/253 [00:25<00:21,  5.73it/s][A

 53%|█████▎    | 133/253 [00:25<00:20,  5.82it/s][A

 53%|█████▎    | 134/253 [00:25<00:20,  5.88it/s][A

 53%|█████▎    | 135/253 [00:25<00:20,  5.73it/s][A

 54%|█████▍    | 136/253 [00:25<00:20,  5.82it/s][A

 54%|█████▍    | 137/253 [00:25<00:19,  5.86it/s][A

 55%|█████▍    | 138/253 [00:26<00:20,  5.70it/s][A

 55%|█████▍    | 139/253 [00:26<00:20,  5.65it/s][A

 55%|█████▌    | 140/253 [00:26<00:19,  5.76it/s][A

 56%|█████▌    | 141/253 [00:26<00:21,  5.16it/s][A

 56%|█████▌    | 142/253 [00:26<00:21,  5.23it/s][A

 57%|█████▋    | 143/253 [00:27<00:20,  5.25it/s][A

 57%|█████▋    | 144/253 [00:27<00:20,  5.29it/s][A

 57%|█████▋    | 145/253 [00:27<00:20,  5.34it/s][A

 58%|█████▊    | 146/253 [00:27<00:19,  5.39it/s][A

 58%|█████▊    | 147/253 [00:27<00:19,  5.42it/s][A

 58%|█████▊    | 148/253 [00:28<00:19,  5.40it/s][A

 59%|█████▉    | 149/253 [00:28<00:19,  5.40it/s][A

 59%|█████▉    | 150/253 [00:28<00:18,  5.43it/s][A

 60%|█████▉    | 151/253 [00:28<00:18,  5.39it/s][A

 60%|██████    | 152/253 [00:28<00:18,  5.45it/s][A

 60%|██████    | 153/253 [00:28<00:18,  5.42it/s][A

 61%|██████    | 154/253 [00:29<00:18,  5.40it/s][A

 61%|██████▏   | 155/253 [00:29<00:18,  5.37it/s][A

 62%|██████▏   | 156/253 [00:29<00:17,  5.41it/s][A

 62%|██████▏   | 157/253 [00:29<00:17,  5.48it/s][A

 62%|██████▏   | 158/253 [00:29<00:17,  5.39it/s][A

 63%|██████▎   | 159/253 [00:30<00:17,  5.35it/s][A

 63%|██████▎   | 160/253 [00:30<00:17,  5.37it/s][A

 64%|██████▎   | 161/253 [00:30<00:17,  5.36it/s][A

 64%|██████▍   | 162/253 [00:30<00:17,  5.14it/s][A

 64%|██████▍   | 163/253 [00:30<00:17,  5.28it/s][A

 65%|██████▍   | 164/253 [00:31<00:16,  5.39it/s][A

 65%|██████▌   | 165/253 [00:31<00:16,  5.37it/s][A

 66%|██████▌   | 166/253 [00:31<00:15,  5.45it/s][A

 66%|██████▌   | 167/253 [00:31<00:15,  5.56it/s][A

 66%|██████▋   | 168/253 [00:31<00:15,  5.54it/s][A

 67%|██████▋   | 169/253 [00:31<00:15,  5.53it/s][A

 67%|██████▋   | 170/253 [00:32<00:15,  5.44it/s][A

 68%|██████▊   | 171/253 [00:32<00:15,  5.41it/s][A

 68%|██████▊   | 172/253 [00:32<00:14,  5.50it/s][A

 68%|██████▊   | 173/253 [00:32<00:14,  5.52it/s][A

 69%|██████▉   | 174/253 [00:32<00:14,  5.51it/s][A

 69%|██████▉   | 175/253 [00:33<00:14,  5.56it/s][A

 70%|██████▉   | 176/253 [00:33<00:13,  5.58it/s][A

 70%|██████▉   | 177/253 [00:33<00:13,  5.63it/s][A

 70%|███████   | 178/253 [00:33<00:13,  5.63it/s][A

 71%|███████   | 179/253 [00:33<00:13,  5.51it/s][A

 71%|███████   | 180/253 [00:33<00:13,  5.50it/s][A

 72%|███████▏  | 181/253 [00:34<00:13,  5.50it/s][A

 72%|███████▏  | 182/253 [00:34<00:12,  5.58it/s][A

 72%|███████▏  | 183/253 [00:34<00:12,  5.59it/s][A

 73%|███████▎  | 184/253 [00:34<00:12,  5.59it/s][A

 73%|███████▎  | 185/253 [00:34<00:12,  5.57it/s][A

 74%|███████▎  | 186/253 [00:34<00:11,  5.61it/s][A

 74%|███████▍  | 187/253 [00:35<00:11,  5.60it/s][A

 74%|███████▍  | 188/253 [00:35<00:11,  5.44it/s][A

 75%|███████▍  | 189/253 [00:35<00:11,  5.47it/s][A

 75%|███████▌  | 190/253 [00:35<00:11,  5.58it/s][A

 75%|███████▌  | 191/253 [00:35<00:11,  5.57it/s][A

 76%|███████▌  | 192/253 [00:36<00:10,  5.58it/s][A

 76%|███████▋  | 193/253 [00:36<00:10,  5.61it/s][A

 77%|███████▋  | 194/253 [00:36<00:10,  5.61it/s][A

 77%|███████▋  | 195/253 [00:36<00:10,  5.68it/s][A

 77%|███████▋  | 196/253 [00:36<00:10,  5.58it/s][A

 78%|███████▊  | 197/253 [00:36<00:09,  5.61it/s][A

 78%|███████▊  | 198/253 [00:37<00:09,  5.66it/s][A

 79%|███████▊  | 199/253 [00:37<00:09,  5.63it/s][A

 79%|███████▉  | 200/253 [00:37<00:09,  5.66it/s][A

 79%|███████▉  | 201/253 [00:37<00:09,  5.64it/s][A

 80%|███████▉  | 202/253 [00:37<00:09,  5.54it/s][A

 80%|████████  | 203/253 [00:38<00:09,  5.27it/s][A

 81%|████████  | 204/253 [00:38<00:09,  5.35it/s][A

 81%|████████  | 205/253 [00:38<00:09,  5.32it/s][A

 81%|████████▏ | 206/253 [00:38<00:08,  5.43it/s][A

 82%|████████▏ | 207/253 [00:38<00:08,  5.48it/s][A

 82%|████████▏ | 208/253 [00:38<00:08,  5.55it/s][A

 83%|████████▎ | 209/253 [00:39<00:07,  5.61it/s][A

 83%|████████▎ | 210/253 [00:39<00:07,  5.59it/s][A

 83%|████████▎ | 211/253 [00:39<00:07,  5.64it/s][A

 84%|████████▍ | 212/253 [00:39<00:07,  5.66it/s][A

 84%|████████▍ | 213/253 [00:39<00:07,  5.68it/s][A

 85%|████████▍ | 214/253 [00:40<00:06,  5.67it/s][A

 85%|████████▍ | 215/253 [00:40<00:06,  5.71it/s][A

 85%|████████▌ | 216/253 [00:40<00:06,  5.70it/s][A

 86%|████████▌ | 217/253 [00:40<00:06,  5.36it/s][A

 86%|████████▌ | 218/253 [00:40<00:06,  5.43it/s][A

 87%|████████▋ | 219/253 [00:40<00:06,  5.49it/s][A

 87%|████████▋ | 220/253 [00:41<00:06,  5.45it/s][A

 87%|████████▋ | 221/253 [00:41<00:05,  5.52it/s][A

 88%|████████▊ | 222/253 [00:41<00:05,  5.60it/s][A

 88%|████████▊ | 223/253 [00:41<00:05,  5.48it/s][A

 89%|████████▊ | 224/253 [00:41<00:05,  5.57it/s][A

 89%|████████▉ | 225/253 [00:41<00:04,  5.61it/s][A

 89%|████████▉ | 226/253 [00:42<00:04,  5.45it/s][A

 90%|████████▉ | 227/253 [00:42<00:04,  5.52it/s][A

 90%|█████████ | 228/253 [00:42<00:04,  5.60it/s][A

 91%|█████████ | 229/253 [00:42<00:04,  5.68it/s][A

 91%|█████████ | 230/253 [00:42<00:04,  5.57it/s][A

 91%|█████████▏| 231/253 [00:43<00:03,  5.61it/s][A

 92%|█████████▏| 232/253 [00:43<00:03,  5.59it/s][A

 92%|█████████▏| 233/253 [00:43<00:03,  5.65it/s][A

 92%|█████████▏| 234/253 [00:43<00:03,  5.64it/s][A

 93%|█████████▎| 235/253 [00:43<00:03,  5.71it/s][A

 93%|█████████▎| 236/253 [00:43<00:02,  5.78it/s][A

 94%|█████████▎| 237/253 [00:44<00:02,  5.82it/s][A

 94%|█████████▍| 238/253 [00:44<00:02,  5.79it/s][A

 94%|█████████▍| 239/253 [00:44<00:02,  5.85it/s][A

 95%|█████████▍| 240/253 [00:44<00:02,  5.90it/s][A

 95%|█████████▌| 241/253 [00:44<00:02,  5.87it/s][A

 96%|█████████▌| 242/253 [00:44<00:01,  5.85it/s][A

 96%|█████████▌| 243/253 [00:45<00:01,  5.74it/s][A

 96%|█████████▋| 244/253 [00:45<00:01,  5.65it/s][A

 97%|█████████▋| 245/253 [00:45<00:01,  5.71it/s][A

 97%|█████████▋| 246/253 [00:45<00:01,  5.38it/s][A

 98%|█████████▊| 247/253 [00:45<00:01,  5.54it/s][A

 98%|█████████▊| 248/253 [00:46<00:00,  5.66it/s][A

 98%|█████████▊| 249/253 [00:46<00:00,  5.66it/s][A

 99%|█████████▉| 250/253 [00:46<00:00,  5.64it/s][A

 99%|█████████▉| 251/253 [00:46<00:00,  5.65it/s][A

100%|█████████▉| 252/253 [00:46<00:00,  5.70it/s][A

100%|██████████| 253/253 [00:46<00:00,  5.74it/s][A
                                                    

                                                 
[A{'eval_loss': '1.277', 'eval_runtime': '47.16', 'eval_samples_per_second': '10.73', 'eval_steps_per_second': '5.364', 'eval_entropy': '1.034', 'eval_num_tokens': '1.664e+06', 'eval_mean_token_accuracy': '0.6627', 'epoch': '1.455'}

 73%|███████▎  | 800/1100 [1:08:29<19:38,  3.93s/it]

100%|██████████| 253/253 [00:46<00:00,  5.74it/s][A

                                                 [A
 73%|███████▎  | 801/1100 [1:08:33<1:30:15, 18.11s/it]
 73%|███████▎  | 802/1100 [1:08:36<1:08:07, 13.72s/it]
 73%|███████▎  | 803/1100 [1:08:39<51:46, 10.46s/it]  
 73%|███████▎  | 804/1100 [1:08:43<40:51,  8.28s/it]
 73%|███████▎  | 805/1100 [1:08:46<32:50,  6.68s/it]
 73%|███████▎  | 806/1100 [1:08:49<27:50,  5.68s/it]
 73%|███████▎  | 807/1100 [1:08:52<24:01,  4.92s/it]
 73%|███████▎  | 808/1100 [1:08:55<21:39,  4.45s/it]
 74%|███████▎  | 809/1100 [1:08:59<20:01,  4.13s/it]
 74%|███████▎  | 810/1100 [1:09:02<18:24,  3.81s/it]
                                                    
{'loss': '0.9293', 'grad_norm': '1.57', 'learning_rate': '3.995e-05', 'entropy': '0.9422', 'num_tokens': '1.685e+06', 'mean_token_accuracy': '0.7396', 'epoch': '1.473'}

 74%|███████▎  | 810/1100 [1:09:02<18:24,  3.81s/it]
 74%|███████▎  | 811/1100 [1:09:05<17:19,  3.60s/it]
 74%|███████▍  | 812/1100 [1:09:08<16:51,  3.51s/it]
 74%|███████▍  | 813/1100 [1:09:12<16:45,  3.50s/it]
 74%|███████▍  | 814/1100 [1:09:15<16:22,  3.44s/it]
 74%|███████▍  | 815/1100 [1:09:18<16:16,  3.42s/it]
 74%|███████▍  | 816/1100 [1:09:21<15:42,  3.32s/it]
 74%|███████▍  | 817/1100 [1:09:25<15:43,  3.33s/it]
 74%|███████▍  | 818/1100 [1:09:28<15:13,  3.24s/it]
 74%|███████▍  | 819/1100 [1:09:31<15:15,  3.26s/it]
 75%|███████▍  | 820/1100 [1:09:34<14:47,  3.17s/it]
                                                    
{'loss': '0.9025', 'grad_norm': '1.634', 'learning_rate': '3.744e-05', 'entropy': '0.9055', 'num_tokens': '1.706e+06', 'mean_token_accuracy': '0.735', 'epoch': '1.491'}

 75%|███████▍  | 820/1100 [1:09:34<14:47,  3.17s/it]
 75%|███████▍  | 821/1100 [1:09:37<14:48,  3.19s/it]
 75%|███████▍  | 822/1100 [1:09:41<15:09,  3.27s/it]
 75%|███████▍  | 823/1100 [1:09:44<15:23,  3.33s/it]
 75%|███████▍  | 824/1100 [1:09:48<15:29,  3.37s/it]
 75%|███████▌  | 825/1100 [1:09:51<15:09,  3.31s/it]
 75%|███████▌  | 826/1100 [1:09:54<14:56,  3.27s/it]
 75%|███████▌  | 827/1100 [1:09:58<15:32,  3.42s/it]
 75%|███████▌  | 828/1100 [1:10:01<15:12,  3.35s/it]
 75%|███████▌  | 829/1100 [1:10:04<14:27,  3.20s/it]
 75%|███████▌  | 830/1100 [1:10:07<14:17,  3.18s/it]
                                                    
{'loss': '0.9718', 'grad_norm': '1.484', 'learning_rate': '3.499e-05', 'entropy': '0.9292', 'num_tokens': '1.726e+06', 'mean_token_accuracy': '0.7353', 'epoch': '1.509'}

 75%|███████▌  | 830/1100 [1:10:07<14:17,  3.18s/it]
 76%|███████▌  | 831/1100 [1:10:10<13:39,  3.05s/it]
 76%|███████▌  | 832/1100 [1:10:13<13:52,  3.11s/it]
 76%|███████▌  | 833/1100 [1:10:16<13:39,  3.07s/it]
 76%|███████▌  | 834/1100 [1:10:19<13:52,  3.13s/it]
 76%|███████▌  | 835/1100 [1:10:22<13:37,  3.09s/it]
 76%|███████▌  | 836/1100 [1:10:25<13:47,  3.13s/it]
 76%|███████▌  | 837/1100 [1:10:28<13:29,  3.08s/it]
 76%|███████▌  | 838/1100 [1:10:31<13:24,  3.07s/it]
 76%|███████▋  | 839/1100 [1:10:35<13:23,  3.08s/it]
 76%|███████▋  | 840/1100 [1:10:37<12:56,  2.99s/it]
                                                    
{'loss': '0.8886', 'grad_norm': '1.554', 'learning_rate': '3.262e-05', 'entropy': '0.9151', 'num_tokens': '1.746e+06', 'mean_token_accuracy': '0.7446', 'epoch': '1.528'}

 76%|███████▋  | 840/1100 [1:10:37<12:56,  2.99s/it]
 76%|███████▋  | 841/1100 [1:10:40<12:54,  2.99s/it]
 77%|███████▋  | 842/1100 [1:10:44<13:09,  3.06s/it]
 77%|███████▋  | 843/1100 [1:10:47<13:18,  3.11s/it]
 77%|███████▋  | 844/1100 [1:10:50<13:03,  3.06s/it]
 77%|███████▋  | 845/1100 [1:10:53<13:18,  3.13s/it]
 77%|███████▋  | 846/1100 [1:10:56<12:50,  3.03s/it]
 77%|███████▋  | 847/1100 [1:10:59<12:54,  3.06s/it]
 77%|███████▋  | 848/1100 [1:11:02<12:35,  3.00s/it]
 77%|███████▋  | 849/1100 [1:11:05<12:41,  3.03s/it]
 77%|███████▋  | 850/1100 [1:11:08<12:21,  2.97s/it]
                                                    
{'loss': '0.9348', 'grad_norm': '1.261', 'learning_rate': '3.031e-05', 'entropy': '0.9379', 'num_tokens': '1.768e+06', 'mean_token_accuracy': '0.7389', 'epoch': '1.546'}

 77%|███████▋  | 850/1100 [1:11:08<12:21,  2.97s/it]
 77%|███████▋  | 851/1100 [1:11:11<12:27,  3.00s/it]
 77%|███████▋  | 852/1100 [1:11:14<12:07,  2.93s/it]
 78%|███████▊  | 853/1100 [1:11:17<12:13,  2.97s/it]
 78%|███████▊  | 854/1100 [1:11:20<12:15,  2.99s/it]
 78%|███████▊  | 855/1100 [1:11:22<11:55,  2.92s/it]
 78%|███████▊  | 856/1100 [1:11:25<11:52,  2.92s/it]
 78%|███████▊  | 857/1100 [1:11:28<12:02,  2.98s/it]
 78%|███████▊  | 858/1100 [1:11:32<12:18,  3.05s/it]
 78%|███████▊  | 859/1100 [1:11:35<11:58,  2.98s/it]
 78%|███████▊  | 860/1100 [1:11:38<11:57,  2.99s/it]
                                                    
{'loss': '0.9595', 'grad_norm': '1.866', 'learning_rate': '2.807e-05', 'entropy': '0.966', 'num_tokens': '1.788e+06', 'mean_token_accuracy': '0.7328', 'epoch': '1.564'}

 78%|███████▊  | 860/1100 [1:11:38<11:57,  2.99s/it]
 78%|███████▊  | 861/1100 [1:11:40<11:51,  2.98s/it]
 78%|███████▊  | 862/1100 [1:11:44<12:25,  3.13s/it]
 78%|███████▊  | 863/1100 [1:11:47<12:05,  3.06s/it]
 79%|███████▊  | 864/1100 [1:11:50<12:05,  3.07s/it]
 79%|███████▊  | 865/1100 [1:11:53<12:12,  3.12s/it]
 79%|███████▊  | 866/1100 [1:11:56<11:50,  3.04s/it]
 79%|███████▉  | 867/1100 [1:11:59<11:26,  2.94s/it]
 79%|███████▉  | 868/1100 [1:12:02<11:26,  2.96s/it]
 79%|███████▉  | 869/1100 [1:12:05<11:36,  3.01s/it]
 79%|███████▉  | 870/1100 [1:12:08<11:16,  2.94s/it]
                                                    
{'loss': '0.9554', 'grad_norm': '1.714', 'learning_rate': '2.59e-05', 'entropy': '0.9131', 'num_tokens': '1.809e+06', 'mean_token_accuracy': '0.7307', 'epoch': '1.582'}

 79%|███████▉  | 870/1100 [1:12:08<11:16,  2.94s/it]
 79%|███████▉  | 871/1100 [1:12:10<10:58,  2.87s/it]
 79%|███████▉  | 872/1100 [1:12:13<10:57,  2.88s/it]
 79%|███████▉  | 873/1100 [1:12:16<11:04,  2.93s/it]
 79%|███████▉  | 874/1100 [1:12:19<10:47,  2.86s/it]
 80%|███████▉  | 875/1100 [1:12:22<10:38,  2.84s/it]
 80%|███████▉  | 876/1100 [1:12:25<11:13,  3.01s/it]
 80%|███████▉  | 877/1100 [1:12:28<10:49,  2.91s/it]
 80%|███████▉  | 878/1100 [1:12:31<10:40,  2.88s/it]
 80%|███████▉  | 879/1100 [1:12:34<10:44,  2.91s/it]
 80%|████████  | 880/1100 [1:12:37<10:49,  2.95s/it]
                                                    
{'loss': '0.9378', 'grad_norm': '1.454', 'learning_rate': '2.381e-05', 'entropy': '0.9419', 'num_tokens': '1.83e+06', 'mean_token_accuracy': '0.7324', 'epoch': '1.6'}

 80%|████████  | 880/1100 [1:12:37<10:49,  2.95s/it]
 80%|████████  | 881/1100 [1:12:39<10:29,  2.87s/it]
 80%|████████  | 882/1100 [1:12:42<10:18,  2.84s/it]
 80%|████████  | 883/1100 [1:12:45<10:31,  2.91s/it]
 80%|████████  | 884/1100 [1:12:49<10:55,  3.04s/it]
 80%|████████  | 885/1100 [1:12:51<10:39,  2.97s/it]
 81%|████████  | 886/1100 [1:12:54<10:28,  2.94s/it]
 81%|████████  | 887/1100 [1:12:57<10:38,  3.00s/it]
 81%|████████  | 888/1100 [1:13:01<10:41,  3.03s/it]
 81%|████████  | 889/1100 [1:13:03<10:24,  2.96s/it]
 81%|████████  | 890/1100 [1:13:06<10:04,  2.88s/it]
                                                    
{'loss': '0.9799', 'grad_norm': '1.445', 'learning_rate': '2.179e-05', 'entropy': '0.9821', 'num_tokens': '1.851e+06', 'mean_token_accuracy': '0.7253', 'epoch': '1.618'}

 81%|████████  | 890/1100 [1:13:06<10:04,  2.88s/it]
 81%|████████  | 891/1100 [1:13:09<10:21,  2.97s/it]
 81%|████████  | 892/1100 [1:13:12<10:06,  2.91s/it]
 81%|████████  | 893/1100 [1:13:15<09:56,  2.88s/it]
 81%|████████▏ | 894/1100 [1:13:18<10:05,  2.94s/it]
 81%|████████▏ | 895/1100 [1:13:21<10:10,  2.98s/it]
 81%|████████▏ | 896/1100 [1:13:24<09:55,  2.92s/it]
 82%|████████▏ | 897/1100 [1:13:26<09:41,  2.87s/it]
 82%|████████▏ | 898/1100 [1:13:29<09:47,  2.91s/it]
 82%|████████▏ | 899/1100 [1:13:32<09:48,  2.93s/it]
 82%|████████▏ | 900/1100 [1:13:35<09:30,  2.85s/it]
                                                    
{'loss': '1.021', 'grad_norm': '1.861', 'learning_rate': '1.985e-05', 'entropy': '1.017', 'num_tokens': '1.872e+06', 'mean_token_accuracy': '0.7237', 'epoch': '1.637'}

 82%|████████▏ | 900/1100 [1:13:35<09:30,  2.85s/it]

  0%|          | 0/253 [00:00<?, ?it/s][A

  1%|          | 2/253 [00:00<00:20, 12.13it/s][A

  2%|▏         | 4/253 [00:00<00:35,  7.09it/s][A

  2%|▏         | 5/253 [00:00<00:37,  6.55it/s][A

  2%|▏         | 6/253 [00:00<00:38,  6.35it/s][A

  3%|▎         | 7/253 [00:01<00:39,  6.27it/s][A

  3%|▎         | 8/253 [00:01<00:39,  6.18it/s][A

  4%|▎         | 9/253 [00:01<00:39,  6.17it/s][A

  4%|▍         | 10/253 [00:01<00:40,  5.98it/s][A

  4%|▍         | 11/253 [00:01<00:40,  6.02it/s][A

  5%|▍         | 12/253 [00:01<00:41,  5.86it/s][A

  5%|▌         | 13/253 [00:02<00:40,  5.91it/s][A

  6%|▌         | 14/253 [00:02<00:40,  5.92it/s][A

  6%|▌         | 15/253 [00:02<00:41,  5.77it/s][A

  6%|▋         | 16/253 [00:02<00:40,  5.86it/s][A

  7%|▋         | 17/253 [00:02<00:39,  5.91it/s][A

  7%|▋         | 18/253 [00:02<00:39,  5.97it/s][A

  8%|▊         | 19/253 [00:03<00:40,  5.73it/s][A

  8%|▊         | 20/253 [00:03<00:40,  5.79it/s][A

  8%|▊         | 21/253 [00:03<00:40,  5.67it/s][A

  9%|▊         | 22/253 [00:03<00:40,  5.76it/s][A

  9%|▉         | 23/253 [00:03<00:39,  5.82it/s][A

  9%|▉         | 24/253 [00:03<00:40,  5.66it/s][A

 10%|▉         | 25/253 [00:04<00:39,  5.72it/s][A

 10%|█         | 26/253 [00:04<00:39,  5.79it/s][A

 11%|█         | 27/253 [00:04<00:38,  5.88it/s][A

 11%|█         | 28/253 [00:04<00:38,  5.90it/s][A

 11%|█▏        | 29/253 [00:04<00:37,  5.97it/s][A

 12%|█▏        | 30/253 [00:04<00:37,  6.00it/s][A

 12%|█▏        | 31/253 [00:05<00:38,  5.76it/s][A

 13%|█▎        | 32/253 [00:05<00:37,  5.84it/s][A

 13%|█▎        | 33/253 [00:05<00:37,  5.83it/s][A

 13%|█▎        | 34/253 [00:05<00:37,  5.77it/s][A

 14%|█▍        | 35/253 [00:05<00:39,  5.57it/s][A

 14%|█▍        | 36/253 [00:06<00:38,  5.66it/s][A

 15%|█▍        | 37/253 [00:06<00:37,  5.74it/s][A

 15%|█▌        | 38/253 [00:06<00:36,  5.81it/s][A

 15%|█▌        | 39/253 [00:06<00:37,  5.76it/s][A

 16%|█▌        | 40/253 [00:06<00:37,  5.69it/s][A

 16%|█▌        | 41/253 [00:06<00:37,  5.65it/s][A

 17%|█▋        | 42/253 [00:07<00:37,  5.57it/s][A

 17%|█▋        | 43/253 [00:07<00:36,  5.68it/s][A

 17%|█▋        | 44/253 [00:07<00:37,  5.65it/s][A

 18%|█▊        | 45/253 [00:07<00:36,  5.76it/s][A

 18%|█▊        | 46/253 [00:07<00:36,  5.70it/s][A

 19%|█▊        | 47/253 [00:07<00:37,  5.50it/s][A

 19%|█▉        | 48/253 [00:08<00:36,  5.61it/s][A

 19%|█▉        | 49/253 [00:08<00:35,  5.75it/s][A

 20%|█▉        | 50/253 [00:08<00:34,  5.87it/s][A

 20%|██        | 51/253 [00:08<00:34,  5.90it/s][A

 21%|██        | 52/253 [00:08<00:33,  5.94it/s][A

 21%|██        | 53/253 [00:09<00:34,  5.72it/s][A

 21%|██▏       | 54/253 [00:09<00:34,  5.69it/s][A

 22%|██▏       | 55/253 [00:09<00:34,  5.80it/s][A

 22%|██▏       | 56/253 [00:09<00:33,  5.89it/s][A

 23%|██▎       | 57/253 [00:09<00:34,  5.75it/s][A

 23%|██▎       | 58/253 [00:09<00:34,  5.58it/s][A

 23%|██▎       | 59/253 [00:10<00:35,  5.48it/s][A

 24%|██▎       | 60/253 [00:10<00:34,  5.52it/s][A

 24%|██▍       | 61/253 [00:10<00:33,  5.65it/s][A

 25%|██▍       | 62/253 [00:10<00:35,  5.34it/s][A

 25%|██▍       | 63/253 [00:10<00:35,  5.39it/s][A

 25%|██▌       | 64/253 [00:10<00:34,  5.56it/s][A

 26%|██▌       | 65/253 [00:11<00:34,  5.53it/s][A

 26%|██▌       | 66/253 [00:11<00:33,  5.53it/s][A

 26%|██▋       | 67/253 [00:11<00:32,  5.65it/s][A

 27%|██▋       | 68/253 [00:11<00:32,  5.76it/s][A

 27%|██▋       | 69/253 [00:11<00:32,  5.68it/s][A

 28%|██▊       | 70/253 [00:12<00:31,  5.78it/s][A

 28%|██▊       | 71/253 [00:12<00:31,  5.73it/s][A

 28%|██▊       | 72/253 [00:12<00:30,  5.85it/s][A

 29%|██▉       | 73/253 [00:12<00:30,  5.85it/s][A

 29%|██▉       | 74/253 [00:12<00:30,  5.86it/s][A

 30%|██▉       | 75/253 [00:12<00:31,  5.69it/s][A

 30%|███       | 76/253 [00:13<00:31,  5.63it/s][A

 30%|███       | 77/253 [00:13<00:30,  5.76it/s][A

 31%|███       | 78/253 [00:13<00:30,  5.83it/s][A

 31%|███       | 79/253 [00:13<00:30,  5.73it/s][A

 32%|███▏      | 80/253 [00:13<00:30,  5.63it/s][A

 32%|███▏      | 81/253 [00:13<00:30,  5.59it/s][A

 32%|███▏      | 82/253 [00:14<00:30,  5.69it/s][A

 33%|███▎      | 83/253 [00:14<00:30,  5.56it/s][A

 33%|███▎      | 84/253 [00:14<00:30,  5.55it/s][A

 34%|███▎      | 85/253 [00:14<00:30,  5.57it/s][A

 34%|███▍      | 86/253 [00:14<00:29,  5.71it/s][A

 34%|███▍      | 87/253 [00:15<00:29,  5.58it/s][A

 35%|███▍      | 88/253 [00:15<00:29,  5.54it/s][A

 35%|███▌      | 89/253 [00:15<00:29,  5.51it/s][A

 36%|███▌      | 90/253 [00:15<00:28,  5.69it/s][A

 36%|███▌      | 91/253 [00:15<00:27,  5.81it/s][A

 36%|███▋      | 92/253 [00:15<00:28,  5.71it/s][A

 37%|███▋      | 93/253 [00:16<00:28,  5.57it/s][A

 37%|███▋      | 94/253 [00:16<00:27,  5.71it/s][A

 38%|███▊      | 95/253 [00:16<00:27,  5.80it/s][A

 38%|███▊      | 96/253 [00:16<00:26,  5.89it/s][A

 38%|███▊      | 97/253 [00:16<00:26,  5.96it/s][A

 39%|███▊      | 98/253 [00:16<00:26,  5.75it/s][A

 39%|███▉      | 99/253 [00:17<00:26,  5.70it/s][A

 40%|███▉      | 100/253 [00:17<00:26,  5.67it/s][A

 40%|███▉      | 101/253 [00:17<00:27,  5.57it/s][A

 40%|████      | 102/253 [00:17<00:26,  5.60it/s][A

 41%|████      | 103/253 [00:17<00:27,  5.56it/s][A

 41%|████      | 104/253 [00:18<00:26,  5.57it/s][A

 42%|████▏     | 105/253 [00:18<00:26,  5.53it/s][A

 42%|████▏     | 106/253 [00:18<00:25,  5.70it/s][A

 42%|████▏     | 107/253 [00:18<00:25,  5.66it/s][A

 43%|████▎     | 108/253 [00:18<00:25,  5.61it/s][A

 43%|████▎     | 109/253 [00:18<00:25,  5.71it/s][A

 43%|████▎     | 110/253 [00:19<00:24,  5.81it/s][A

 44%|████▍     | 111/253 [00:19<00:24,  5.84it/s][A

 44%|████▍     | 112/253 [00:19<00:24,  5.73it/s][A

 45%|████▍     | 113/253 [00:19<00:24,  5.62it/s][A

 45%|████▌     | 114/253 [00:19<00:24,  5.57it/s][A

 45%|████▌     | 115/253 [00:19<00:26,  5.30it/s][A

 46%|████▌     | 116/253 [00:20<00:25,  5.35it/s][A

 46%|████▌     | 117/253 [00:20<00:25,  5.39it/s][A

 47%|████▋     | 118/253 [00:20<00:25,  5.40it/s][A

 47%|████▋     | 119/253 [00:20<00:24,  5.43it/s][A

 47%|████▋     | 120/253 [00:20<00:24,  5.53it/s][A

 48%|████▊     | 121/253 [00:21<00:23,  5.56it/s][A

 48%|████▊     | 122/253 [00:21<00:23,  5.63it/s][A

 49%|████▊     | 123/253 [00:21<00:23,  5.60it/s][A

 49%|████▉     | 124/253 [00:21<00:23,  5.59it/s][A

 49%|████▉     | 125/253 [00:21<00:22,  5.67it/s][A

 50%|████▉     | 126/253 [00:21<00:22,  5.64it/s][A

 50%|█████     | 127/253 [00:22<00:22,  5.62it/s][A

 51%|█████     | 128/253 [00:22<00:21,  5.70it/s][A

 51%|█████     | 129/253 [00:22<00:22,  5.59it/s][A

 51%|█████▏    | 130/253 [00:22<00:21,  5.68it/s][A

 52%|█████▏    | 131/253 [00:22<00:21,  5.75it/s][A

 52%|█████▏    | 132/253 [00:23<00:21,  5.69it/s][A

 53%|█████▎    | 133/253 [00:23<00:20,  5.75it/s][A

 53%|█████▎    | 134/253 [00:23<00:20,  5.80it/s][A

 53%|█████▎    | 135/253 [00:23<00:20,  5.67it/s][A

 54%|█████▍    | 136/253 [00:23<00:20,  5.73it/s][A

 54%|█████▍    | 137/253 [00:23<00:20,  5.77it/s][A

 55%|█████▍    | 138/253 [00:24<00:20,  5.64it/s][A

 55%|█████▍    | 139/253 [00:24<00:20,  5.61it/s][A

 55%|█████▌    | 140/253 [00:24<00:19,  5.69it/s][A

 56%|█████▌    | 141/253 [00:24<00:19,  5.62it/s][A

 56%|█████▌    | 142/253 [00:24<00:19,  5.60it/s][A

 57%|█████▋    | 143/253 [00:24<00:19,  5.51it/s][A

 57%|█████▋    | 144/253 [00:25<00:19,  5.52it/s][A

 57%|█████▋    | 145/253 [00:25<00:19,  5.67it/s][A

 58%|█████▊    | 146/253 [00:25<00:18,  5.77it/s][A

 58%|█████▊    | 147/253 [00:25<00:18,  5.86it/s][A

 58%|█████▊    | 148/253 [00:25<00:18,  5.75it/s][A

 59%|█████▉    | 149/253 [00:26<00:18,  5.66it/s][A

 59%|█████▉    | 150/253 [00:26<00:17,  5.78it/s][A

 60%|█████▉    | 151/253 [00:26<00:17,  5.82it/s][A

 60%|██████    | 152/253 [00:26<00:17,  5.90it/s][A

 60%|██████    | 153/253 [00:26<00:16,  5.97it/s][A

 61%|██████    | 154/253 [00:26<00:16,  6.01it/s][A

 61%|██████▏   | 155/253 [00:27<00:16,  5.90it/s][A

 62%|██████▏   | 156/253 [00:27<00:16,  5.92it/s][A

 62%|██████▏   | 157/253 [00:27<00:16,  5.94it/s][A

 62%|██████▏   | 158/253 [00:27<00:16,  5.92it/s][A

 63%|██████▎   | 159/253 [00:27<00:16,  5.71it/s][A

 63%|██████▎   | 160/253 [00:27<00:16,  5.65it/s][A

 64%|██████▎   | 161/253 [00:28<00:16,  5.57it/s][A

 64%|██████▍   | 162/253 [00:28<00:17,  5.29it/s][A

 64%|██████▍   | 163/253 [00:28<00:16,  5.46it/s][A

 65%|██████▍   | 164/253 [00:28<00:15,  5.65it/s][A

 65%|██████▌   | 165/253 [00:28<00:15,  5.57it/s][A

 66%|██████▌   | 166/253 [00:28<00:15,  5.69it/s][A

 66%|██████▌   | 167/253 [00:29<00:14,  5.76it/s][A

 66%|██████▋   | 168/253 [00:29<00:14,  5.82it/s][A

 67%|██████▋   | 169/253 [00:29<00:14,  5.80it/s][A

 67%|██████▋   | 170/253 [00:29<00:14,  5.61it/s][A

 68%|██████▊   | 171/253 [00:29<00:14,  5.54it/s][A

 68%|██████▊   | 172/253 [00:30<00:14,  5.65it/s][A

 68%|██████▊   | 173/253 [00:30<00:14,  5.64it/s][A

 69%|██████▉   | 174/253 [00:30<00:14,  5.61it/s][A

 69%|██████▉   | 175/253 [00:30<00:13,  5.74it/s][A

 70%|██████▉   | 176/253 [00:30<00:13,  5.81it/s][A

 70%|██████▉   | 177/253 [00:30<00:13,  5.82it/s][A

 70%|███████   | 178/253 [00:31<00:12,  5.87it/s][A

 71%|███████   | 179/253 [00:31<00:12,  5.71it/s][A

 71%|███████   | 180/253 [00:31<00:12,  5.67it/s][A

 72%|███████▏  | 181/253 [00:31<00:12,  5.62it/s][A

 72%|███████▏  | 182/253 [00:31<00:12,  5.74it/s][A

 72%|███████▏  | 183/253 [00:31<00:12,  5.70it/s][A

 73%|███████▎  | 184/253 [00:32<00:11,  5.79it/s][A

 73%|███████▎  | 185/253 [00:32<00:11,  5.70it/s][A

 74%|███████▎  | 186/253 [00:32<00:11,  5.81it/s][A

 74%|███████▍  | 187/253 [00:32<00:11,  5.74it/s][A

 74%|███████▍  | 188/253 [00:32<00:11,  5.59it/s][A

 75%|███████▍  | 189/253 [00:33<00:11,  5.58it/s][A

 75%|███████▌  | 190/253 [00:33<00:11,  5.71it/s][A

 75%|███████▌  | 191/253 [00:33<00:10,  5.68it/s][A

 76%|███████▌  | 192/253 [00:33<00:10,  5.79it/s][A

 76%|███████▋  | 193/253 [00:33<00:10,  5.86it/s][A

 77%|███████▋  | 194/253 [00:33<00:09,  5.91it/s][A

 77%|███████▋  | 195/253 [00:34<00:09,  5.95it/s][A

 77%|███████▋  | 196/253 [00:34<00:09,  5.80it/s][A

 78%|███████▊  | 197/253 [00:34<00:09,  5.83it/s][A

 78%|███████▊  | 198/253 [00:34<00:09,  5.89it/s][A

 79%|███████▊  | 199/253 [00:34<00:09,  5.80it/s][A

 79%|███████▉  | 200/253 [00:34<00:09,  5.84it/s][A

 79%|███████▉  | 201/253 [00:35<00:09,  5.77it/s][A

 80%|███████▉  | 202/253 [00:35<00:09,  5.65it/s][A

 80%|████████  | 203/253 [00:35<00:09,  5.35it/s][A

 81%|████████  | 204/253 [00:35<00:09,  5.42it/s][A

 81%|████████  | 205/253 [00:35<00:08,  5.37it/s][A

 81%|████████▏ | 206/253 [00:35<00:08,  5.56it/s][A

 82%|████████▏ | 207/253 [00:36<00:08,  5.57it/s][A

 82%|████████▏ | 208/253 [00:36<00:07,  5.68it/s][A

 83%|████████▎ | 209/253 [00:36<00:07,  5.78it/s][A

 83%|████████▎ | 210/253 [00:36<00:07,  5.85it/s][A

 83%|████████▎ | 211/253 [00:36<00:07,  5.91it/s][A

 84%|████████▍ | 212/253 [00:36<00:06,  5.94it/s][A

 84%|████████▍ | 213/253 [00:37<00:06,  5.94it/s][A

 85%|████████▍ | 214/253 [00:37<00:06,  5.97it/s][A

 85%|████████▍ | 215/253 [00:37<00:06,  5.99it/s][A

 85%|████████▌ | 216/253 [00:37<00:06,  6.00it/s][A

 86%|████████▌ | 217/253 [00:37<00:06,  5.55it/s][A

 86%|████████▌ | 218/253 [00:38<00:06,  5.57it/s][A

 87%|████████▋ | 219/253 [00:38<00:05,  5.69it/s][A

 87%|████████▋ | 220/253 [00:38<00:05,  5.59it/s][A

 87%|████████▋ | 221/253 [00:38<00:05,  5.71it/s][A

 88%|████████▊ | 222/253 [00:38<00:05,  5.76it/s][A

 88%|████████▊ | 223/253 [00:38<00:05,  5.61it/s][A

 89%|████████▊ | 224/253 [00:39<00:05,  5.72it/s][A

 89%|████████▉ | 225/253 [00:39<00:04,  5.75it/s][A

 89%|████████▉ | 226/253 [00:39<00:04,  5.55it/s][A

 90%|████████▉ | 227/253 [00:39<00:04,  5.67it/s][A

 90%|█████████ | 228/253 [00:39<00:04,  5.75it/s][A

 91%|█████████ | 229/253 [00:39<00:04,  5.82it/s][A

 91%|█████████ | 230/253 [00:40<00:04,  5.67it/s][A

 91%|█████████▏| 231/253 [00:40<00:03,  5.75it/s][A

 92%|█████████▏| 232/253 [00:40<00:03,  5.70it/s][A

 92%|█████████▏| 233/253 [00:40<00:03,  5.77it/s][A

 92%|█████████▏| 234/253 [00:40<00:03,  5.74it/s][A

 93%|█████████▎| 235/253 [00:41<00:03,  5.80it/s][A

 93%|█████████▎| 236/253 [00:41<00:02,  5.85it/s][A

 94%|█████████▎| 237/253 [00:41<00:02,  5.89it/s][A

 94%|█████████▍| 238/253 [00:41<00:02,  5.87it/s][A

 94%|█████████▍| 239/253 [00:41<00:02,  5.88it/s][A

 95%|█████████▍| 240/253 [00:41<00:02,  5.92it/s][A

 95%|█████████▌| 241/253 [00:42<00:02,  5.95it/s][A

 96%|█████████▌| 242/253 [00:42<00:01,  5.97it/s][A

 96%|█████████▌| 243/253 [00:42<00:01,  5.83it/s][A

 96%|█████████▋| 244/253 [00:42<00:01,  5.73it/s][A

 97%|█████████▋| 245/253 [00:42<00:01,  5.81it/s][A

 97%|█████████▋| 246/253 [00:42<00:01,  5.44it/s][A

 98%|█████████▊| 247/253 [00:43<00:01,  5.60it/s][A

 98%|█████████▊| 248/253 [00:43<00:00,  5.72it/s][A

 98%|█████████▊| 249/253 [00:43<00:00,  5.76it/s][A

 99%|█████████▉| 250/253 [00:43<00:00,  5.71it/s][A

 99%|█████████▉| 251/253 [00:43<00:00,  5.74it/s][A

100%|█████████▉| 252/253 [00:43<00:00,  5.80it/s][A

100%|██████████| 253/253 [00:44<00:00,  5.84it/s][A
                                                    

                                                 
[A{'eval_loss': '1.267', 'eval_runtime': '44.31', 'eval_samples_per_second': '11.42', 'eval_steps_per_second': '5.71', 'eval_entropy': '1.025', 'eval_num_tokens': '1.872e+06', 'eval_mean_token_accuracy': '0.6652', 'epoch': '1.637'}

 82%|████████▏ | 900/1100 [1:14:19<09:30,  2.85s/it]

100%|██████████| 253/253 [00:44<00:00,  5.84it/s][A

                                                 [A
 82%|████████▏ | 901/1100 [1:14:22<53:28, 16.12s/it]
 82%|████████▏ | 902/1100 [1:14:25<40:19, 12.22s/it]
 82%|████████▏ | 903/1100 [1:14:28<31:11,  9.50s/it]
 82%|████████▏ | 904/1100 [1:14:31<24:32,  7.51s/it]
 82%|████████▏ | 905/1100 [1:14:34<19:58,  6.15s/it]
 82%|████████▏ | 906/1100 [1:14:37<17:00,  5.26s/it]
 82%|████████▏ | 907/1100 [1:14:40<14:26,  4.49s/it]
 83%|████████▎ | 908/1100 [1:14:43<12:38,  3.95s/it]
 83%|████████▎ | 909/1100 [1:14:46<11:22,  3.57s/it]
 83%|████████▎ | 910/1100 [1:14:49<10:56,  3.46s/it]
                                                    
{'loss': '0.9192', 'grad_norm': '1.493', 'learning_rate': '1.799e-05', 'entropy': '0.9242', 'num_tokens': '1.892e+06', 'mean_token_accuracy': '0.7321', 'epoch': '1.655'}

 83%|████████▎ | 910/1100 [1:14:49<10:56,  3.46s/it]
 83%|████████▎ | 911/1100 [1:14:51<10:11,  3.24s/it]
 83%|████████▎ | 912/1100 [1:14:54<09:38,  3.08s/it]
 83%|████████▎ | 913/1100 [1:14:57<09:32,  3.06s/it]
 83%|████████▎ | 914/1100 [1:15:00<09:28,  3.05s/it]
 83%|████████▎ | 915/1100 [1:15:03<09:05,  2.95s/it]
 83%|████████▎ | 916/1100 [1:15:06<08:49,  2.88s/it]
 83%|████████▎ | 917/1100 [1:15:09<08:48,  2.89s/it]
 83%|████████▎ | 918/1100 [1:15:11<08:48,  2.90s/it]
 84%|████████▎ | 919/1100 [1:15:14<08:36,  2.86s/it]
 84%|████████▎ | 920/1100 [1:15:17<08:42,  2.90s/it]
                                                    
{'loss': '1.021', 'grad_norm': '1.663', 'learning_rate': '1.622e-05', 'entropy': '1.036', 'num_tokens': '1.912e+06', 'mean_token_accuracy': '0.7245', 'epoch': '1.673'}

 84%|████████▎ | 920/1100 [1:15:17<08:42,  2.90s/it]
 84%|████████▎ | 921/1100 [1:15:21<09:02,  3.03s/it]
 84%|████████▍ | 922/1100 [1:15:23<08:50,  2.98s/it]
 84%|████████▍ | 923/1100 [1:15:26<08:40,  2.94s/it]
 84%|████████▍ | 924/1100 [1:15:29<08:35,  2.93s/it]
 84%|████████▍ | 925/1100 [1:15:33<09:24,  3.23s/it]
 84%|████████▍ | 926/1100 [1:15:37<09:31,  3.28s/it]
 84%|████████▍ | 927/1100 [1:15:40<09:30,  3.30s/it]
 84%|████████▍ | 928/1100 [1:15:43<09:40,  3.37s/it]
 84%|████████▍ | 929/1100 [1:15:48<10:25,  3.66s/it]
 85%|████████▍ | 930/1100 [1:15:51<10:02,  3.54s/it]
                                                    
{'loss': '0.9214', 'grad_norm': '1.348', 'learning_rate': '1.453e-05', 'entropy': '0.9499', 'num_tokens': '1.933e+06', 'mean_token_accuracy': '0.7335', 'epoch': '1.691'}

 85%|████████▍ | 930/1100 [1:15:51<10:02,  3.54s/it]
 85%|████████▍ | 931/1100 [1:15:54<09:39,  3.43s/it]
 85%|████████▍ | 932/1100 [1:15:58<09:47,  3.50s/it]
 85%|████████▍ | 933/1100 [1:16:01<09:52,  3.55s/it]
 85%|████████▍ | 934/1100 [1:16:05<09:27,  3.42s/it]
 85%|████████▌ | 935/1100 [1:16:08<09:30,  3.46s/it]
 85%|████████▌ | 936/1100 [1:16:13<10:21,  3.79s/it]
 85%|████████▌ | 937/1100 [1:16:17<10:28,  3.86s/it]
 85%|████████▌ | 938/1100 [1:16:20<10:19,  3.83s/it]
 85%|████████▌ | 939/1100 [1:16:24<10:14,  3.82s/it]
 85%|████████▌ | 940/1100 [1:16:29<10:59,  4.12s/it]
                                                    
{'loss': '0.9402', 'grad_norm': '1.677', 'learning_rate': '1.293e-05', 'entropy': '0.9193', 'num_tokens': '1.954e+06', 'mean_token_accuracy': '0.7386', 'epoch': '1.709'}

 85%|████████▌ | 940/1100 [1:16:29<10:59,  4.12s/it]
 86%|████████▌ | 941/1100 [1:16:33<10:43,  4.05s/it]
 86%|████████▌ | 942/1100 [1:16:37<10:28,  3.98s/it]
 86%|████████▌ | 943/1100 [1:16:41<10:17,  3.93s/it]
 86%|████████▌ | 944/1100 [1:16:45<10:54,  4.20s/it]
 86%|████████▌ | 945/1100 [1:16:50<10:49,  4.19s/it]
 86%|████████▌ | 946/1100 [1:16:53<10:24,  4.05s/it]
 86%|████████▌ | 947/1100 [1:16:58<10:36,  4.16s/it]
 86%|████████▌ | 948/1100 [1:17:02<10:48,  4.27s/it]
 86%|████████▋ | 949/1100 [1:17:06<10:28,  4.16s/it]
 86%|████████▋ | 950/1100 [1:17:10<10:11,  4.07s/it]
                                                    
{'loss': '0.9695', 'grad_norm': '1.534', 'learning_rate': '1.141e-05', 'entropy': '0.9611', 'num_tokens': '1.975e+06', 'mean_token_accuracy': '0.7264', 'epoch': '1.728'}

 86%|████████▋ | 950/1100 [1:17:10<10:11,  4.07s/it]
 86%|████████▋ | 951/1100 [1:17:14<10:15,  4.13s/it]
 87%|████████▋ | 952/1100 [1:17:19<10:19,  4.18s/it]
 87%|████████▋ | 953/1100 [1:17:23<10:07,  4.14s/it]
 87%|████████▋ | 954/1100 [1:17:27<09:52,  4.06s/it]
 87%|████████▋ | 955/1100 [1:17:31<10:14,  4.24s/it]
 87%|████████▋ | 956/1100 [1:17:35<09:54,  4.13s/it]
 87%|████████▋ | 957/1100 [1:17:39<09:37,  4.04s/it]
 87%|████████▋ | 958/1100 [1:17:43<09:22,  3.96s/it]
 87%|████████▋ | 959/1100 [1:17:47<09:51,  4.20s/it]
 87%|████████▋ | 960/1100 [1:17:51<09:36,  4.12s/it]
                                                    
{'loss': '1.076', 'grad_norm': '1.652', 'learning_rate': '9.982e-06', 'entropy': '1.01', 'num_tokens': '1.996e+06', 'mean_token_accuracy': '0.7068', 'epoch': '1.746'}

 87%|████████▋ | 960/1100 [1:17:51<09:36,  4.12s/it]
 87%|████████▋ | 961/1100 [1:17:55<09:27,  4.09s/it]
 87%|████████▋ | 962/1100 [1:18:00<09:33,  4.15s/it]
 88%|████████▊ | 963/1100 [1:18:04<09:29,  4.15s/it]
 88%|████████▊ | 964/1100 [1:18:08<09:15,  4.08s/it]
 88%|████████▊ | 965/1100 [1:18:12<09:04,  4.04s/it]
 88%|████████▊ | 966/1100 [1:18:16<09:06,  4.08s/it]
 88%|████████▊ | 967/1100 [1:18:20<09:04,  4.09s/it]
 88%|████████▊ | 968/1100 [1:18:24<08:49,  4.01s/it]
 88%|████████▊ | 969/1100 [1:18:28<08:43,  3.99s/it]
 88%|████████▊ | 970/1100 [1:18:32<08:50,  4.08s/it]
                                                    
{'loss': '0.9658', 'grad_norm': '1.535', 'learning_rate': '8.645e-06', 'entropy': '0.9549', 'num_tokens': '2.017e+06', 'mean_token_accuracy': '0.7336', 'epoch': '1.764'}

 88%|████████▊ | 970/1100 [1:18:32<08:50,  4.08s/it]
 88%|████████▊ | 971/1100 [1:18:36<08:33,  3.98s/it]
 88%|████████▊ | 972/1100 [1:18:40<08:27,  3.96s/it]
 88%|████████▊ | 973/1100 [1:18:44<08:25,  3.98s/it]
 89%|████████▊ | 974/1100 [1:18:49<08:52,  4.23s/it]
 89%|████████▊ | 975/1100 [1:18:52<08:34,  4.12s/it]
 89%|████████▊ | 976/1100 [1:18:56<08:22,  4.05s/it]
 89%|████████▉ | 977/1100 [1:19:00<08:11,  3.99s/it]
 89%|████████▉ | 978/1100 [1:19:04<08:17,  4.08s/it]
 89%|████████▉ | 979/1100 [1:19:08<08:11,  4.06s/it]
 89%|████████▉ | 980/1100 [1:19:12<07:51,  3.93s/it]
                                                    
{'loss': '1.004', 'grad_norm': '1.74', 'learning_rate': '7.401e-06', 'entropy': '1.018', 'num_tokens': '2.038e+06', 'mean_token_accuracy': '0.729', 'epoch': '1.782'}

 89%|████████▉ | 980/1100 [1:19:12<07:51,  3.93s/it]
 89%|████████▉ | 981/1100 [1:19:16<07:56,  4.00s/it]
 89%|████████▉ | 982/1100 [1:19:20<07:53,  4.01s/it]
 89%|████████▉ | 983/1100 [1:19:24<07:38,  3.92s/it]
 89%|████████▉ | 984/1100 [1:19:28<07:29,  3.87s/it]
 90%|████████▉ | 985/1100 [1:19:32<07:41,  4.02s/it]
 90%|████████▉ | 986/1100 [1:19:36<07:26,  3.92s/it]
 90%|████████▉ | 987/1100 [1:19:39<07:14,  3.85s/it]
 90%|████████▉ | 988/1100 [1:19:43<07:02,  3.77s/it]
 90%|████████▉ | 989/1100 [1:19:48<07:28,  4.04s/it]
 90%|█████████ | 990/1100 [1:19:51<07:10,  3.92s/it]
                                                    
{'loss': '0.9669', 'grad_norm': '1.571', 'learning_rate': '6.25e-06', 'entropy': '1.015', 'num_tokens': '2.059e+06', 'mean_token_accuracy': '0.7297', 'epoch': '1.8'}

 90%|█████████ | 990/1100 [1:19:51<07:10,  3.92s/it]
 90%|█████████ | 991/1100 [1:19:55<06:59,  3.84s/it]
 90%|█████████ | 992/1100 [1:19:59<06:50,  3.80s/it]
 90%|█████████ | 993/1100 [1:20:03<07:01,  3.94s/it]
 90%|█████████ | 994/1100 [1:20:07<06:48,  3.85s/it]
 90%|█████████ | 995/1100 [1:20:10<06:41,  3.82s/it]
 91%|█████████ | 996/1100 [1:20:14<06:44,  3.89s/it]
 91%|█████████ | 997/1100 [1:20:19<06:49,  3.97s/it]
 91%|█████████ | 998/1100 [1:20:23<06:43,  3.95s/it]
 91%|█████████ | 999/1100 [1:20:26<06:38,  3.95s/it]
 91%|█████████ | 1000/1100 [1:20:31<06:41,  4.01s/it]
                                                     
{'loss': '0.9584', 'grad_norm': '1.245', 'learning_rate': '5.193e-06', 'entropy': '0.991', 'num_tokens': '2.079e+06', 'mean_token_accuracy': '0.7299', 'epoch': '1.819'}

 91%|█████████ | 1000/1100 [1:20:31<06:41,  4.01s/it]

  0%|          | 0/253 [00:00<?, ?it/s][A

  1%|          | 2/253 [00:00<00:23, 10.88it/s][A

  2%|▏         | 4/253 [00:00<00:37,  6.59it/s][A

  2%|▏         | 5/253 [00:00<00:41,  6.03it/s][A

  2%|▏         | 6/253 [00:00<00:43,  5.73it/s][A

  3%|▎         | 7/253 [00:01<00:48,  5.08it/s][A

  3%|▎         | 8/253 [00:01<00:48,  5.08it/s][A

  4%|▎         | 9/253 [00:01<00:51,  4.74it/s][A

  4%|▍         | 10/253 [00:01<00:49,  4.87it/s][A

  4%|▍         | 11/253 [00:02<00:49,  4.92it/s][A

  5%|▍         | 12/253 [00:02<00:47,  5.04it/s][A

  5%|▌         | 13/253 [00:02<00:46,  5.12it/s][A

  6%|▌         | 14/253 [00:02<00:50,  4.75it/s][A

  6%|▌         | 15/253 [00:02<00:49,  4.78it/s][A

  6%|▋         | 16/253 [00:03<00:52,  4.51it/s][A

  7%|▋         | 17/253 [00:03<00:50,  4.70it/s][A

  7%|▋         | 18/253 [00:03<00:52,  4.46it/s][A

  8%|▊         | 19/253 [00:03<00:51,  4.57it/s][A

  8%|▊         | 20/253 [00:04<00:52,  4.46it/s][A

  8%|▊         | 21/253 [00:04<00:49,  4.69it/s][A

  9%|▊         | 22/253 [00:04<00:47,  4.86it/s][A

  9%|▉         | 23/253 [00:04<00:46,  4.98it/s][A

  9%|▉         | 24/253 [00:04<00:45,  4.99it/s][A

 10%|▉         | 25/253 [00:04<00:44,  5.09it/s][A

 10%|█         | 26/253 [00:05<00:44,  5.16it/s][A

 11%|█         | 27/253 [00:05<00:43,  5.15it/s][A

 11%|█         | 28/253 [00:05<00:47,  4.73it/s][A

 11%|█▏        | 29/253 [00:05<00:45,  4.90it/s][A

 12%|█▏        | 30/253 [00:06<00:48,  4.62it/s][A

 12%|█▏        | 31/253 [00:06<00:46,  4.77it/s][A

 13%|█▎        | 32/253 [00:06<00:44,  4.93it/s][A

 13%|█▎        | 33/253 [00:06<00:44,  4.98it/s][A

 13%|█▎        | 34/253 [00:06<00:46,  4.73it/s][A

 14%|█▍        | 35/253 [00:07<00:46,  4.69it/s][A

 14%|█▍        | 36/253 [00:07<00:46,  4.65it/s][A

 15%|█▍        | 37/253 [00:07<00:46,  4.63it/s][A

 15%|█▌        | 38/253 [00:07<00:45,  4.69it/s][A

 15%|█▌        | 39/253 [00:07<00:47,  4.47it/s][A

 16%|█▌        | 40/253 [00:08<00:45,  4.69it/s][A

 16%|█▌        | 41/253 [00:08<00:44,  4.80it/s][A

 17%|█▋        | 42/253 [00:08<00:42,  4.93it/s][A

 17%|█▋        | 43/253 [00:08<00:41,  5.06it/s][A

 17%|█▋        | 44/253 [00:08<00:40,  5.12it/s][A

 18%|█▊        | 45/253 [00:09<00:40,  5.18it/s][A

 18%|█▊        | 46/253 [00:09<00:40,  5.14it/s][A

 19%|█▊        | 47/253 [00:09<00:40,  5.14it/s][A

 19%|█▉        | 48/253 [00:09<00:40,  5.11it/s][A

 19%|█▉        | 49/253 [00:09<00:43,  4.67it/s][A

 20%|█▉        | 50/253 [00:10<00:41,  4.86it/s][A

 20%|██        | 51/253 [00:10<00:44,  4.59it/s][A

 21%|██        | 52/253 [00:10<00:42,  4.77it/s][A

 21%|██        | 53/253 [00:10<00:44,  4.47it/s][A

 21%|██▏       | 54/253 [00:11<00:42,  4.68it/s][A

 22%|██▏       | 55/253 [00:11<00:44,  4.46it/s][A

 22%|██▏       | 56/253 [00:11<00:43,  4.49it/s][A

 23%|██▎       | 57/253 [00:11<00:43,  4.53it/s][A

 23%|██▎       | 58/253 [00:11<00:45,  4.32it/s][A

 23%|██▎       | 59/253 [00:12<00:42,  4.56it/s][A

 24%|██▎       | 60/253 [00:12<00:40,  4.77it/s][A

 24%|██▍       | 61/253 [00:12<00:39,  4.90it/s][A

 25%|██▍       | 62/253 [00:12<00:39,  4.84it/s][A

 25%|██▍       | 63/253 [00:12<00:38,  4.96it/s][A

 25%|██▌       | 64/253 [00:13<00:37,  5.06it/s][A

 26%|██▌       | 65/253 [00:13<00:36,  5.08it/s][A

 26%|██▌       | 66/253 [00:13<00:36,  5.10it/s][A

 26%|██▋       | 67/253 [00:13<00:36,  5.14it/s][A

 27%|██▋       | 68/253 [00:13<00:35,  5.15it/s][A

 27%|██▋       | 69/253 [00:14<00:38,  4.73it/s][A

 28%|██▊       | 70/253 [00:14<00:38,  4.76it/s][A

 28%|██▊       | 71/253 [00:14<00:39,  4.58it/s][A

 28%|██▊       | 72/253 [00:14<00:37,  4.80it/s][A

 29%|██▉       | 73/253 [00:14<00:36,  4.95it/s][A

 29%|██▉       | 74/253 [00:15<00:35,  5.03it/s][A

 30%|██▉       | 75/253 [00:15<00:38,  4.62it/s][A

 30%|███       | 76/253 [00:15<00:37,  4.78it/s][A

 30%|███       | 77/253 [00:15<00:38,  4.56it/s][A

 31%|███       | 78/253 [00:16<00:37,  4.68it/s][A

 31%|███       | 79/253 [00:16<00:38,  4.53it/s][A

 32%|███▏      | 80/253 [00:16<00:38,  4.44it/s][A

 32%|███▏      | 81/253 [00:16<00:37,  4.62it/s][A

 32%|███▏      | 82/253 [00:16<00:35,  4.81it/s][A

 33%|███▎      | 83/253 [00:17<00:34,  4.92it/s][A

 33%|███▎      | 84/253 [00:17<00:33,  5.04it/s][A

 34%|███▎      | 85/253 [00:17<00:32,  5.11it/s][A

 34%|███▍      | 86/253 [00:17<00:32,  5.16it/s][A

 34%|███▍      | 87/253 [00:17<00:32,  5.10it/s][A

 35%|███▍      | 88/253 [00:18<00:32,  5.08it/s][A

 35%|███▌      | 89/253 [00:18<00:32,  5.10it/s][A

 36%|███▌      | 90/253 [00:18<00:34,  4.74it/s][A

 36%|███▌      | 91/253 [00:18<00:33,  4.87it/s][A

 36%|███▋      | 92/253 [00:18<00:35,  4.58it/s][A

 37%|███▋      | 93/253 [00:19<00:33,  4.73it/s][A

 37%|███▋      | 94/253 [00:19<00:36,  4.40it/s][A

 38%|███▊      | 95/253 [00:19<00:34,  4.61it/s][A

 38%|███▊      | 96/253 [00:19<00:35,  4.45it/s][A

 38%|███▊      | 97/253 [00:20<00:33,  4.64it/s][A

 39%|███▊      | 98/253 [00:20<00:34,  4.51it/s][A

 39%|███▉      | 99/253 [00:20<00:35,  4.37it/s][A

 40%|███▉      | 100/253 [00:20<00:33,  4.58it/s][A

 40%|███▉      | 101/253 [00:20<00:31,  4.76it/s][A

 40%|████      | 102/253 [00:21<00:30,  4.91it/s][A

 41%|████      | 103/253 [00:21<00:29,  5.04it/s][A

 41%|████      | 104/253 [00:21<00:29,  5.11it/s][A

 42%|████▏     | 105/253 [00:21<00:28,  5.11it/s][A

 42%|████▏     | 106/253 [00:21<00:28,  5.15it/s][A

 42%|████▏     | 107/253 [00:22<00:28,  5.10it/s][A

 43%|████▎     | 108/253 [00:22<00:28,  5.14it/s][A

 43%|████▎     | 109/253 [00:22<00:27,  5.17it/s][A

 43%|████▎     | 110/253 [00:22<00:30,  4.74it/s][A

 44%|████▍     | 111/253 [00:22<00:29,  4.84it/s][A

 44%|████▍     | 112/253 [00:23<00:30,  4.57it/s][A

 45%|████▍     | 113/253 [00:23<00:29,  4.73it/s][A

 45%|████▌     | 114/253 [00:23<00:28,  4.84it/s][A

 45%|████▌     | 115/253 [00:23<00:30,  4.46it/s][A

 46%|████▌     | 116/253 [00:23<00:29,  4.57it/s][A

 46%|████▌     | 117/253 [00:24<00:30,  4.45it/s][A

 47%|████▋     | 118/253 [00:24<00:31,  4.34it/s][A

 47%|████▋     | 119/253 [00:24<00:29,  4.59it/s][A

 47%|████▋     | 120/253 [00:24<00:30,  4.38it/s][A

 48%|████▊     | 121/253 [00:25<00:28,  4.61it/s][A

 48%|████▊     | 122/253 [00:25<00:27,  4.80it/s][A

 49%|████▊     | 123/253 [00:25<00:26,  4.94it/s][A

 49%|████▉     | 124/253 [00:25<00:25,  5.06it/s][A

 49%|████▉     | 125/253 [00:25<00:25,  5.10it/s][A

 50%|████▉     | 126/253 [00:26<00:24,  5.12it/s][A

 50%|█████     | 127/253 [00:26<00:24,  5.16it/s][A

 51%|█████     | 128/253 [00:26<00:24,  5.16it/s][A

 51%|█████     | 129/253 [00:26<00:25,  4.96it/s][A

 51%|█████▏    | 130/253 [00:26<00:25,  4.76it/s][A

 52%|█████▏    | 131/253 [00:27<00:25,  4.75it/s][A

 52%|█████▏    | 132/253 [00:27<00:25,  4.68it/s][A

 53%|█████▎    | 133/253 [00:27<00:24,  4.87it/s][A

 53%|█████▎    | 134/253 [00:27<00:23,  5.00it/s][A

 53%|█████▎    | 135/253 [00:27<00:23,  4.94it/s][A

 54%|█████▍    | 136/253 [00:28<00:24,  4.78it/s][A

 54%|█████▍    | 137/253 [00:28<00:24,  4.69it/s][A

 55%|█████▍    | 138/253 [00:28<00:24,  4.72it/s][A

 55%|█████▍    | 139/253 [00:28<00:25,  4.50it/s][A

 55%|█████▌    | 140/253 [00:28<00:23,  4.71it/s][A

 56%|█████▌    | 141/253 [00:29<00:25,  4.45it/s][A

 56%|█████▌    | 142/253 [00:29<00:23,  4.65it/s][A

 57%|█████▋    | 143/253 [00:29<00:22,  4.81it/s][A

 57%|█████▋    | 144/253 [00:29<00:22,  4.93it/s][A

 57%|█████▋    | 145/253 [00:30<00:21,  5.02it/s][A

 58%|█████▊    | 146/253 [00:30<00:21,  5.08it/s][A

 58%|█████▊    | 147/253 [00:30<00:20,  5.14it/s][A

 58%|█████▊    | 148/253 [00:30<00:20,  5.15it/s][A

 59%|█████▉    | 149/253 [00:30<00:20,  5.11it/s][A

 59%|█████▉    | 150/253 [00:31<00:21,  4.78it/s][A

 60%|█████▉    | 151/253 [00:31<00:21,  4.79it/s][A

 60%|██████    | 152/253 [00:31<00:22,  4.55it/s][A

 60%|██████    | 153/253 [00:31<00:21,  4.71it/s][A

 61%|██████    | 154/253 [00:31<00:20,  4.86it/s][A

 61%|██████▏   | 155/253 [00:32<00:21,  4.54it/s][A

 62%|██████▏   | 156/253 [00:32<00:20,  4.68it/s][A

 62%|██████▏   | 157/253 [00:32<00:21,  4.47it/s][A

 62%|██████▏   | 158/253 [00:32<00:20,  4.67it/s][A

 63%|██████▎   | 159/253 [00:32<00:20,  4.48it/s][A

 63%|██████▎   | 160/253 [00:33<00:20,  4.45it/s][A

 64%|██████▎   | 161/253 [00:33<00:20,  4.51it/s][A

 64%|██████▍   | 162/253 [00:33<00:19,  4.57it/s][A

 64%|██████▍   | 163/253 [00:33<00:18,  4.74it/s][A

 65%|██████▍   | 164/253 [00:34<00:18,  4.88it/s][A

 65%|██████▌   | 165/253 [00:34<00:17,  4.97it/s][A

 66%|██████▌   | 166/253 [00:34<00:17,  5.05it/s][A

 66%|██████▌   | 167/253 [00:34<00:16,  5.10it/s][A

 66%|██████▋   | 168/253 [00:34<00:16,  5.14it/s][A

 67%|██████▋   | 169/253 [00:34<00:16,  5.13it/s][A

 67%|██████▋   | 170/253 [00:35<00:16,  5.12it/s][A

 68%|██████▊   | 171/253 [00:35<00:16,  4.86it/s][A

 68%|██████▊   | 172/253 [00:35<00:16,  4.90it/s][A

 68%|██████▊   | 173/253 [00:35<00:17,  4.60it/s][A

 69%|██████▉   | 174/253 [00:36<00:16,  4.76it/s][A

 69%|██████▉   | 175/253 [00:36<00:17,  4.52it/s][A

 70%|██████▉   | 176/253 [00:36<00:16,  4.73it/s][A

 70%|██████▉   | 177/253 [00:36<00:16,  4.51it/s][A

 70%|███████   | 178/253 [00:36<00:16,  4.58it/s][A

 71%|███████   | 179/253 [00:37<00:16,  4.58it/s][A

 71%|███████   | 180/253 [00:37<00:16,  4.43it/s][A

 72%|███████▏  | 181/253 [00:37<00:15,  4.65it/s][A

 72%|███████▏  | 182/253 [00:37<00:14,  4.85it/s][A

 72%|███████▏  | 183/253 [00:37<00:14,  4.96it/s][A

 73%|███████▎  | 184/253 [00:38<00:13,  5.03it/s][A

 73%|███████▎  | 185/253 [00:38<00:13,  5.06it/s][A

 74%|███████▎  | 186/253 [00:38<00:13,  5.12it/s][A

 74%|███████▍  | 187/253 [00:38<00:12,  5.13it/s][A

 74%|███████▍  | 188/253 [00:38<00:12,  5.15it/s][A

 75%|███████▍  | 189/253 [00:39<00:12,  5.15it/s][A

 75%|███████▌  | 190/253 [00:39<00:12,  4.93it/s][A

 75%|███████▌  | 191/253 [00:39<00:13,  4.73it/s][A

 76%|███████▌  | 192/253 [00:39<00:13,  4.60it/s][A

 76%|███████▋  | 193/253 [00:40<00:12,  4.70it/s][A

 77%|███████▋  | 194/253 [00:40<00:13,  4.47it/s][A

 77%|███████▋  | 195/253 [00:40<00:12,  4.66it/s][A

 77%|███████▋  | 196/253 [00:40<00:12,  4.45it/s][A

 78%|███████▊  | 197/253 [00:40<00:12,  4.64it/s][A

 78%|███████▊  | 198/253 [00:41<00:12,  4.50it/s][A

 79%|███████▊  | 199/253 [00:41<00:12,  4.43it/s][A

 79%|███████▉  | 200/253 [00:41<00:11,  4.52it/s][A

 79%|███████▉  | 201/253 [00:41<00:10,  4.74it/s][A

 80%|███████▉  | 202/253 [00:41<00:10,  4.87it/s][A

 80%|████████  | 203/253 [00:42<00:10,  4.82it/s][A

 81%|████████  | 204/253 [00:42<00:09,  4.91it/s][A

 81%|████████  | 205/253 [00:42<00:09,  4.97it/s][A

 81%|████████▏ | 206/253 [00:42<00:09,  5.03it/s][A

 82%|████████▏ | 207/253 [00:42<00:09,  5.08it/s][A

 82%|████████▏ | 208/253 [00:43<00:08,  5.13it/s][A

 83%|████████▎ | 209/253 [00:43<00:08,  5.13it/s][A

 83%|████████▎ | 210/253 [00:43<00:09,  4.68it/s][A

 83%|████████▎ | 211/253 [00:43<00:08,  4.77it/s][A

 84%|████████▍ | 212/253 [00:44<00:08,  4.60it/s][A

 84%|████████▍ | 213/253 [00:44<00:08,  4.75it/s][A

 85%|████████▍ | 214/253 [00:44<00:08,  4.51it/s][A

 85%|████████▍ | 215/253 [00:44<00:08,  4.68it/s][A

 85%|████████▌ | 216/253 [00:44<00:08,  4.52it/s][A

 86%|████████▌ | 217/253 [00:45<00:08,  4.46it/s][A

 86%|████████▌ | 218/253 [00:45<00:07,  4.60it/s][A

 87%|████████▋ | 219/253 [00:45<00:07,  4.46it/s][A

 87%|████████▋ | 220/253 [00:45<00:07,  4.65it/s][A

 87%|████████▋ | 221/253 [00:45<00:06,  4.83it/s][A

 88%|████████▊ | 222/253 [00:46<00:06,  4.94it/s][A

 88%|████████▊ | 223/253 [00:46<00:05,  5.01it/s][A

 89%|████████▊ | 224/253 [00:46<00:05,  4.99it/s][A

 89%|████████▉ | 225/253 [00:46<00:05,  4.93it/s][A

 89%|████████▉ | 226/253 [00:46<00:05,  4.91it/s][A

 90%|████████▉ | 227/253 [00:47<00:05,  4.98it/s][A

 90%|█████████ | 228/253 [00:47<00:04,  5.05it/s][A

 91%|█████████ | 229/253 [00:47<00:04,  5.07it/s][A

 91%|█████████ | 230/253 [00:47<00:04,  4.78it/s][A

 91%|█████████▏| 231/253 [00:48<00:04,  4.69it/s][A

 92%|█████████▏| 232/253 [00:48<00:04,  4.51it/s][A

 92%|█████████▏| 233/253 [00:48<00:04,  4.51it/s][A

 92%|█████████▏| 234/253 [00:48<00:04,  4.51it/s][A

 93%|█████████▎| 235/253 [00:48<00:03,  4.61it/s][A

 93%|█████████▎| 236/253 [00:49<00:03,  4.45it/s][A

 94%|█████████▎| 237/253 [00:49<00:03,  4.67it/s][A

 94%|█████████▍| 238/253 [00:49<00:03,  4.48it/s][A

 94%|█████████▍| 239/253 [00:49<00:03,  4.55it/s][A

 95%|█████████▍| 240/253 [00:50<00:02,  4.54it/s][A

 95%|█████████▌| 241/253 [00:50<00:02,  4.77it/s][A

 96%|█████████▌| 242/253 [00:50<00:02,  4.92it/s][A

 96%|█████████▌| 243/253 [00:50<00:01,  5.01it/s][A

 96%|█████████▋| 244/253 [00:50<00:01,  5.06it/s][A

 97%|█████████▋| 245/253 [00:50<00:01,  5.11it/s][A

 97%|█████████▋| 246/253 [00:51<00:01,  5.00it/s][A

 98%|█████████▊| 247/253 [00:51<00:01,  5.06it/s][A

 98%|█████████▊| 248/253 [00:51<00:01,  4.97it/s][A

 98%|█████████▊| 249/253 [00:51<00:00,  4.74it/s][A

 99%|█████████▉| 250/253 [00:52<00:00,  4.61it/s][A

 99%|█████████▉| 251/253 [00:52<00:00,  4.67it/s][A

100%|█████████▉| 252/253 [00:52<00:00,  4.74it/s][A

100%|██████████| 253/253 [00:52<00:00,  4.61it/s][A
                                                     

                                                 
[A{'eval_loss': '1.256', 'eval_runtime': '52.89', 'eval_samples_per_second': '9.567', 'eval_steps_per_second': '4.784', 'eval_entropy': '1.022', 'eval_num_tokens': '2.079e+06', 'eval_mean_token_accuracy': '0.6678', 'epoch': '1.819'}

 91%|█████████ | 1000/1100 [1:21:24<06:41,  4.01s/it]

100%|██████████| 253/253 [00:52<00:00,  4.61it/s][A

                                                 [A
 91%|█████████ | 1001/1100 [1:21:29<33:18, 20.19s/it]
 91%|█████████ | 1002/1100 [1:21:32<24:54, 15.25s/it]
 91%|█████████ | 1003/1100 [1:21:36<19:06, 11.82s/it]
 91%|█████████▏| 1004/1100 [1:21:41<15:28,  9.67s/it]
 91%|█████████▏| 1005/1100 [1:21:45<12:34,  7.94s/it]
 91%|█████████▏| 1006/1100 [1:21:48<10:23,  6.64s/it]
 92%|█████████▏| 1007/1100 [1:21:52<09:04,  5.86s/it]
 92%|█████████▏| 1008/1100 [1:21:56<08:10,  5.33s/it]
 92%|█████████▏| 1009/1100 [1:22:00<07:22,  4.86s/it]
 92%|█████████▏| 1010/1100 [1:22:04<06:47,  4.53s/it]
                                                     
{'loss': '0.9027', 'grad_norm': '1.635', 'learning_rate': '4.231e-06', 'entropy': '0.9244', 'num_tokens': '2.1e+06', 'mean_token_accuracy': '0.7461', 'epoch': '1.837'}

 92%|█████████▏| 1010/1100 [1:22:04<06:47,  4.53s/it]
 92%|█████████▏| 1011/1100 [1:22:09<06:45,  4.56s/it]
 92%|█████████▏| 1012/1100 [1:22:12<06:22,  4.35s/it]
 92%|█████████▏| 1013/1100 [1:22:16<06:06,  4.21s/it]
 92%|█████████▏| 1014/1100 [1:22:20<05:54,  4.12s/it]
 92%|█████████▏| 1015/1100 [1:22:25<05:59,  4.23s/it]
 92%|█████████▏| 1016/1100 [1:22:29<05:45,  4.11s/it]
 92%|█████████▏| 1017/1100 [1:22:32<05:32,  4.01s/it]
 93%|█████████▎| 1018/1100 [1:22:36<05:24,  3.96s/it]
 93%|█████████▎| 1019/1100 [1:22:41<05:35,  4.14s/it]
 93%|█████████▎| 1020/1100 [1:22:45<05:25,  4.07s/it]
                                                     
{'loss': '0.9438', 'grad_norm': '1.494', 'learning_rate': '3.366e-06', 'entropy': '0.9604', 'num_tokens': '2.121e+06', 'mean_token_accuracy': '0.7288', 'epoch': '1.855'}

 93%|█████████▎| 1020/1100 [1:22:45<05:25,  4.07s/it]
 93%|█████████▎| 1021/1100 [1:22:48<05:15,  4.00s/it]
 93%|█████████▎| 1022/1100 [1:22:53<05:17,  4.06s/it]
 93%|█████████▎| 1023/1100 [1:22:57<05:17,  4.13s/it]
 93%|█████████▎| 1024/1100 [1:23:01<05:04,  4.00s/it]
 93%|█████████▎| 1025/1100 [1:23:05<05:01,  4.01s/it]
 93%|█████████▎| 1026/1100 [1:23:09<05:09,  4.18s/it]
 93%|█████████▎| 1027/1100 [1:23:13<04:58,  4.09s/it]
 93%|█████████▎| 1028/1100 [1:23:17<04:47,  4.00s/it]
 94%|█████████▎| 1029/1100 [1:23:21<04:41,  3.97s/it]
 94%|█████████▎| 1030/1100 [1:23:25<04:49,  4.14s/it]
                                                     
{'loss': '1.005', 'grad_norm': '1.444', 'learning_rate': '2.599e-06', 'entropy': '0.9843', 'num_tokens': '2.142e+06', 'mean_token_accuracy': '0.7185', 'epoch': '1.873'}

 94%|█████████▎| 1030/1100 [1:23:25<04:49,  4.14s/it]
 94%|█████████▎| 1031/1100 [1:23:29<04:40,  4.06s/it]
 94%|█████████▍| 1032/1100 [1:23:33<04:36,  4.06s/it]
 94%|█████████▍| 1033/1100 [1:23:37<04:26,  3.98s/it]
 94%|█████████▍| 1034/1100 [1:23:42<04:31,  4.12s/it]
 94%|█████████▍| 1035/1100 [1:23:45<04:23,  4.05s/it]
 94%|█████████▍| 1036/1100 [1:23:49<04:16,  4.00s/it]
 94%|█████████▍| 1037/1100 [1:23:54<04:18,  4.10s/it]
 94%|█████████▍| 1038/1100 [1:23:58<04:21,  4.22s/it]
 94%|█████████▍| 1039/1100 [1:24:02<04:15,  4.19s/it]
 95%|█████████▍| 1040/1100 [1:24:06<04:09,  4.16s/it]
                                                     
{'loss': '0.8643', 'grad_norm': '1.493', 'learning_rate': '1.929e-06', 'entropy': '0.8987', 'num_tokens': '2.162e+06', 'mean_token_accuracy': '0.7531', 'epoch': '1.891'}

 95%|█████████▍| 1040/1100 [1:24:06<04:09,  4.16s/it]
 95%|█████████▍| 1041/1100 [1:24:11<04:15,  4.33s/it]
 95%|█████████▍| 1042/1100 [1:24:15<04:07,  4.26s/it]
 95%|█████████▍| 1043/1100 [1:24:19<03:58,  4.18s/it]
 95%|█████████▍| 1044/1100 [1:24:23<03:51,  4.14s/it]
 95%|█████████▌| 1045/1100 [1:24:28<03:54,  4.26s/it]
 95%|█████████▌| 1046/1100 [1:24:32<03:44,  4.15s/it]
 95%|█████████▌| 1047/1100 [1:24:36<03:36,  4.09s/it]
 95%|█████████▌| 1048/1100 [1:24:40<03:30,  4.04s/it]
 95%|█████████▌| 1049/1100 [1:24:44<03:36,  4.25s/it]
 95%|█████████▌| 1050/1100 [1:24:49<03:34,  4.28s/it]
                                                     
{'loss': '0.9114', 'grad_norm': '1.51', 'learning_rate': '1.358e-06', 'entropy': '0.9407', 'num_tokens': '2.183e+06', 'mean_token_accuracy': '0.7419', 'epoch': '1.91'}

 95%|█████████▌| 1050/1100 [1:24:49<03:34,  4.28s/it]
 96%|█████████▌| 1051/1100 [1:24:53<03:32,  4.34s/it]
 96%|█████████▌| 1052/1100 [1:24:58<03:36,  4.50s/it]
 96%|█████████▌| 1053/1100 [1:25:03<03:36,  4.60s/it]
 96%|█████████▌| 1054/1100 [1:25:07<03:31,  4.59s/it]
 96%|█████████▌| 1055/1100 [1:25:12<03:27,  4.61s/it]
 96%|█████████▌| 1056/1100 [1:25:17<03:29,  4.77s/it]
 96%|█████████▌| 1057/1100 [1:25:22<03:24,  4.75s/it]
 96%|█████████▌| 1058/1100 [1:25:26<03:15,  4.66s/it]
 96%|█████████▋| 1059/1100 [1:25:31<03:09,  4.62s/it]
 96%|█████████▋| 1060/1100 [1:25:36<03:09,  4.75s/it]
                                                     
{'loss': '0.9243', 'grad_norm': '1.369', 'learning_rate': '8.869e-07', 'entropy': '0.9675', 'num_tokens': '2.204e+06', 'mean_token_accuracy': '0.7333', 'epoch': '1.928'}

 96%|█████████▋| 1060/1100 [1:25:36<03:09,  4.75s/it]
 96%|█████████▋| 1061/1100 [1:25:40<02:54,  4.46s/it]
 97%|█████████▋| 1062/1100 [1:25:44<02:43,  4.29s/it]
 97%|█████████▋| 1063/1100 [1:25:47<02:34,  4.18s/it]
 97%|█████████▋| 1064/1100 [1:25:52<02:35,  4.32s/it]
 97%|█████████▋| 1065/1100 [1:25:56<02:25,  4.16s/it]
 97%|█████████▋| 1066/1100 [1:26:00<02:18,  4.06s/it]
 97%|█████████▋| 1067/1100 [1:26:04<02:12,  4.02s/it]
 97%|█████████▋| 1068/1100 [1:26:08<02:09,  4.05s/it]
 97%|█████████▋| 1069/1100 [1:26:12<02:02,  3.96s/it]
 97%|█████████▋| 1070/1100 [1:26:15<01:57,  3.91s/it]
                                                     
{'loss': '0.9078', 'grad_norm': '1.652', 'learning_rate': '5.151e-07', 'entropy': '0.902', 'num_tokens': '2.225e+06', 'mean_token_accuracy': '0.747', 'epoch': '1.946'}

 97%|█████████▋| 1070/1100 [1:26:15<01:57,  3.91s/it]
 97%|█████████▋| 1071/1100 [1:26:19<01:54,  3.96s/it]
 97%|█████████▋| 1072/1100 [1:26:24<01:52,  4.00s/it]
 98%|█████████▊| 1073/1100 [1:26:27<01:46,  3.93s/it]
 98%|█████████▊| 1074/1100 [1:26:31<01:41,  3.91s/it]
 98%|█████████▊| 1075/1100 [1:26:35<01:40,  4.02s/it]
 98%|█████████▊| 1076/1100 [1:26:39<01:35,  3.99s/it]
 98%|█████████▊| 1077/1100 [1:26:43<01:30,  3.93s/it]
 98%|█████████▊| 1078/1100 [1:26:47<01:26,  3.92s/it]
 98%|█████████▊| 1079/1100 [1:26:51<01:25,  4.08s/it]
 98%|█████████▊| 1080/1100 [1:26:55<01:19,  3.97s/it]
                                                     
{'loss': '0.922', 'grad_norm': '1.537', 'learning_rate': '2.436e-07', 'entropy': '0.9173', 'num_tokens': '2.246e+06', 'mean_token_accuracy': '0.7397', 'epoch': '1.964'}

 98%|█████████▊| 1080/1100 [1:26:55<01:19,  3.97s/it]
 98%|█████████▊| 1081/1100 [1:26:59<01:14,  3.92s/it]
 98%|█████████▊| 1082/1100 [1:27:03<01:08,  3.83s/it]
 98%|█████████▊| 1083/1100 [1:27:07<01:07,  4.00s/it]
 99%|█████████▊| 1084/1100 [1:27:11<01:02,  3.89s/it]
 99%|█████████▊| 1085/1100 [1:27:14<00:57,  3.83s/it]
 99%|█████████▊| 1086/1100 [1:27:18<00:54,  3.89s/it]
 99%|█████████▉| 1087/1100 [1:27:22<00:50,  3.85s/it]
 99%|█████████▉| 1088/1100 [1:27:26<00:45,  3.77s/it]
 99%|█████████▉| 1089/1100 [1:27:29<00:41,  3.75s/it]
 99%|█████████▉| 1090/1100 [1:27:33<00:38,  3.84s/it]
                                                     
{'loss': '0.9808', 'grad_norm': '1.697', 'learning_rate': '7.25e-08', 'entropy': '0.9415', 'num_tokens': '2.267e+06', 'mean_token_accuracy': '0.7298', 'epoch': '1.982'}

 99%|█████████▉| 1090/1100 [1:27:33<00:38,  3.84s/it]
 99%|█████████▉| 1091/1100 [1:27:37<00:34,  3.85s/it]
 99%|█████████▉| 1092/1100 [1:27:42<00:32,  4.02s/it]
 99%|█████████▉| 1093/1100 [1:27:46<00:28,  4.11s/it]
 99%|█████████▉| 1094/1100 [1:27:51<00:25,  4.25s/it]
100%|█████████▉| 1095/1100 [1:27:54<00:20,  4.09s/it]
100%|█████████▉| 1096/1100 [1:27:59<00:16,  4.12s/it]
100%|█████████▉| 1097/1100 [1:28:03<00:12,  4.20s/it]
100%|█████████▉| 1098/1100 [1:28:07<00:08,  4.28s/it]
100%|█████████▉| 1099/1100 [1:28:12<00:04,  4.35s/it]
100%|██████████| 1100/1100 [1:28:15<00:00,  3.95s/it]
                                                     
{'loss': '0.945', 'grad_norm': '1.664', 'learning_rate': '2.014e-09', 'entropy': '0.9339', 'num_tokens': '2.286e+06', 'mean_token_accuracy': '0.7321', 'epoch': '2'}

100%|██████████| 1100/1100 [1:28:15<00:00,  3.95s/it]

  0%|          | 0/253 [00:00<?, ?it/s][A

  1%|          | 2/253 [00:00<00:26,  9.50it/s][A

  1%|          | 3/253 [00:00<00:38,  6.46it/s][A

  2%|▏         | 4/253 [00:00<00:43,  5.74it/s][A

  2%|▏         | 5/253 [00:00<00:49,  5.02it/s][A

  2%|▏         | 6/253 [00:01<00:49,  5.04it/s][A

  3%|▎         | 7/253 [00:01<00:53,  4.63it/s][A

  3%|▎         | 8/253 [00:01<00:52,  4.69it/s][A

  4%|▎         | 9/253 [00:01<00:53,  4.52it/s][A

  4%|▍         | 10/253 [00:01<00:52,  4.67it/s][A

  4%|▍         | 11/253 [00:02<00:50,  4.80it/s][A

  5%|▍         | 12/253 [00:02<00:49,  4.90it/s][A

  5%|▌         | 13/253 [00:02<00:48,  4.97it/s][A

  6%|▌         | 14/253 [00:02<00:47,  5.01it/s][A

  6%|▌         | 15/253 [00:02<00:47,  5.02it/s][A

  6%|▋         | 16/253 [00:03<00:47,  5.04it/s][A

  7%|▋         | 17/253 [00:03<00:46,  5.07it/s][A

  7%|▋         | 18/253 [00:03<00:46,  5.05it/s][A

  8%|▊         | 19/253 [00:03<00:49,  4.70it/s][A

  8%|▊         | 20/253 [00:03<00:48,  4.83it/s][A

  8%|▊         | 21/253 [00:04<00:50,  4.61it/s][A

  9%|▊         | 22/253 [00:04<00:48,  4.79it/s][A

  9%|▉         | 23/253 [00:04<00:51,  4.50it/s][A

  9%|▉         | 24/253 [00:04<00:48,  4.69it/s][A

 10%|▉         | 25/253 [00:05<00:51,  4.46it/s][A

 10%|█         | 26/253 [00:05<00:51,  4.44it/s][A

 11%|█         | 27/253 [00:05<00:50,  4.47it/s][A

 11%|█         | 28/253 [00:05<00:51,  4.38it/s][A

 11%|█▏        | 29/253 [00:06<00:50,  4.48it/s][A

 12%|█▏        | 30/253 [00:06<00:47,  4.69it/s][A

 12%|█▏        | 31/253 [00:06<00:46,  4.82it/s][A

 13%|█▎        | 32/253 [00:06<00:44,  4.94it/s][A

 13%|█▎        | 33/253 [00:06<00:44,  4.99it/s][A

 13%|█▎        | 34/253 [00:06<00:43,  5.07it/s][A

 14%|█▍        | 35/253 [00:07<00:42,  5.07it/s][A

 14%|█▍        | 36/253 [00:07<00:42,  5.09it/s][A

 15%|█▍        | 37/253 [00:07<00:42,  5.13it/s][A

 15%|█▌        | 38/253 [00:07<00:41,  5.17it/s][A

 15%|█▌        | 39/253 [00:07<00:41,  5.11it/s][A

 16%|█▌        | 40/253 [00:08<00:44,  4.80it/s][A

 16%|█▌        | 41/253 [00:08<00:45,  4.62it/s][A

 17%|█▋        | 42/253 [00:08<00:45,  4.68it/s][A

 17%|█▋        | 43/253 [00:08<00:46,  4.55it/s][A

 17%|█▋        | 44/253 [00:09<00:45,  4.63it/s][A

 18%|█▊        | 45/253 [00:09<00:46,  4.45it/s][A

 18%|█▊        | 46/253 [00:09<00:44,  4.63it/s][A

 19%|█▊        | 47/253 [00:09<00:47,  4.37it/s][A

 19%|█▉        | 48/253 [00:09<00:45,  4.52it/s][A

 19%|█▉        | 49/253 [00:10<00:46,  4.40it/s][A

 20%|█▉        | 50/253 [00:10<00:44,  4.58it/s][A

 20%|██        | 51/253 [00:10<00:42,  4.76it/s][A

 21%|██        | 52/253 [00:10<00:41,  4.89it/s][A

 21%|██        | 53/253 [00:11<00:41,  4.83it/s][A

 21%|██▏       | 54/253 [00:11<00:40,  4.95it/s][A

 22%|██▏       | 55/253 [00:11<00:39,  5.02it/s][A

 22%|██▏       | 56/253 [00:11<00:38,  5.05it/s][A

 23%|██▎       | 57/253 [00:11<00:38,  5.09it/s][A

 23%|██▎       | 58/253 [00:11<00:38,  5.08it/s][A

 23%|██▎       | 59/253 [00:12<00:39,  4.91it/s][A

 24%|██▎       | 60/253 [00:12<00:40,  4.80it/s][A

 24%|██▍       | 61/253 [00:12<00:39,  4.89it/s][A

 25%|██▍       | 62/253 [00:12<00:41,  4.58it/s][A

 25%|██▍       | 63/253 [00:13<00:40,  4.71it/s][A

 25%|██▌       | 64/253 [00:13<00:42,  4.50it/s][A

 26%|██▌       | 65/253 [00:13<00:40,  4.66it/s][A

 26%|██▌       | 66/253 [00:13<00:42,  4.42it/s][A

 26%|██▋       | 67/253 [00:13<00:42,  4.35it/s][A

 27%|██▋       | 68/253 [00:14<00:42,  4.37it/s][A

 27%|██▋       | 69/253 [00:14<00:43,  4.22it/s][A

 28%|██▊       | 70/253 [00:14<00:41,  4.43it/s][A

 28%|██▊       | 71/253 [00:14<00:39,  4.60it/s][A

 28%|██▊       | 72/253 [00:15<00:38,  4.75it/s][A

 29%|██▉       | 73/253 [00:15<00:37,  4.85it/s][A

 29%|██▉       | 74/253 [00:15<00:36,  4.92it/s][A

 30%|██▉       | 75/253 [00:15<00:35,  4.98it/s][A

 30%|███       | 76/253 [00:15<00:35,  4.99it/s][A

 30%|███       | 77/253 [00:16<00:35,  4.92it/s][A

 31%|███       | 78/253 [00:16<00:35,  4.96it/s][A

 31%|███       | 79/253 [00:16<00:34,  4.99it/s][A

 32%|███▏      | 80/253 [00:16<00:36,  4.70it/s][A

 32%|███▏      | 81/253 [00:16<00:35,  4.81it/s][A

 32%|███▏      | 82/253 [00:17<00:35,  4.81it/s][A

 33%|███▎      | 83/253 [00:17<00:37,  4.53it/s][A

 33%|███▎      | 84/253 [00:17<00:37,  4.56it/s][A

 34%|███▎      | 85/253 [00:17<00:36,  4.54it/s][A

 34%|███▍      | 86/253 [00:18<00:37,  4.43it/s][A

 34%|███▍      | 87/253 [00:18<00:36,  4.58it/s][A

 35%|███▍      | 88/253 [00:18<00:38,  4.33it/s][A

 35%|███▌      | 89/253 [00:18<00:36,  4.51it/s][A

 36%|███▌      | 90/253 [00:19<00:40,  4.02it/s][A

 36%|███▌      | 91/253 [00:19<00:37,  4.32it/s][A

 36%|███▋      | 92/253 [00:19<00:35,  4.54it/s][A

 37%|███▋      | 93/253 [00:19<00:33,  4.71it/s][A

 37%|███▋      | 94/253 [00:19<00:32,  4.85it/s][A

 38%|███▊      | 95/253 [00:19<00:31,  4.95it/s][A

 38%|███▊      | 96/253 [00:20<00:31,  5.04it/s][A

 38%|███▊      | 97/253 [00:20<00:30,  5.10it/s][A

 39%|███▊      | 98/253 [00:20<00:30,  5.10it/s][A

 39%|███▉      | 99/253 [00:20<00:31,  4.95it/s][A

 40%|███▉      | 100/253 [00:21<00:32,  4.72it/s][A

 40%|███▉      | 101/253 [00:21<00:31,  4.84it/s][A

 40%|████      | 102/253 [00:21<00:30,  4.94it/s][A

 41%|████      | 103/253 [00:21<00:32,  4.55it/s][A

 41%|████      | 104/253 [00:21<00:31,  4.72it/s][A

 42%|████▏     | 105/253 [00:22<00:32,  4.57it/s][A

 42%|████▏     | 106/253 [00:22<00:30,  4.76it/s][A

 42%|████▏     | 107/253 [00:22<00:32,  4.54it/s][A

 43%|████▎     | 108/253 [00:22<00:30,  4.69it/s][A

 43%|████▎     | 109/253 [00:22<00:32,  4.48it/s][A

 43%|████▎     | 110/253 [00:23<00:31,  4.52it/s][A

 44%|████▍     | 111/253 [00:23<00:31,  4.51it/s][A

 44%|████▍     | 112/253 [00:23<00:30,  4.69it/s][A

 45%|████▍     | 113/253 [00:23<00:29,  4.83it/s][A

 45%|████▌     | 114/253 [00:23<00:28,  4.90it/s][A

 45%|████▌     | 115/253 [00:24<00:28,  4.84it/s][A

 46%|████▌     | 116/253 [00:24<00:27,  4.93it/s][A

 46%|████▌     | 117/253 [00:24<00:27,  4.96it/s][A

 47%|████▋     | 118/253 [00:24<00:29,  4.59it/s][A

 47%|████▋     | 119/253 [00:25<00:28,  4.75it/s][A

 47%|████▋     | 120/253 [00:25<00:27,  4.88it/s][A

 48%|████▊     | 121/253 [00:25<00:26,  4.97it/s][A

 48%|████▊     | 122/253 [00:25<00:25,  5.05it/s][A

 49%|████▊     | 123/253 [00:25<00:27,  4.78it/s][A

 49%|████▉     | 124/253 [00:26<00:26,  4.84it/s][A

 49%|████▉     | 125/253 [00:26<00:27,  4.72it/s][A

 50%|████▉     | 126/253 [00:26<00:26,  4.85it/s][A

 50%|█████     | 127/253 [00:26<00:27,  4.59it/s][A

 51%|█████     | 128/253 [00:26<00:26,  4.75it/s][A

 51%|█████     | 129/253 [00:27<00:27,  4.47it/s][A

 51%|█████▏    | 130/253 [00:27<00:26,  4.66it/s][A

 52%|█████▏    | 131/253 [00:27<00:27,  4.41it/s][A

 52%|█████▏    | 132/253 [00:27<00:26,  4.63it/s][A

 53%|█████▎    | 133/253 [00:27<00:25,  4.78it/s][A

 53%|█████▎    | 134/253 [00:28<00:24,  4.89it/s][A

 53%|█████▎    | 135/253 [00:28<00:23,  4.96it/s][A

 54%|█████▍    | 136/253 [00:28<00:23,  4.92it/s][A

 54%|█████▍    | 137/253 [00:28<00:24,  4.66it/s][A

 55%|█████▍    | 138/253 [00:29<00:24,  4.76it/s][A

 55%|█████▍    | 139/253 [00:29<00:23,  4.87it/s][A

 55%|█████▌    | 140/253 [00:29<00:22,  4.92it/s][A

 56%|█████▌    | 141/253 [00:29<00:24,  4.66it/s][A

 56%|█████▌    | 142/253 [00:29<00:24,  4.59it/s][A

 57%|█████▋    | 143/253 [00:30<00:25,  4.36it/s][A

 57%|█████▋    | 144/253 [00:30<00:24,  4.50it/s][A

 57%|█████▋    | 145/253 [00:30<00:25,  4.30it/s][A

 58%|█████▊    | 146/253 [00:30<00:27,  3.96it/s][A

 58%|█████▊    | 147/253 [00:31<00:26,  4.05it/s][A

 58%|█████▊    | 148/253 [00:31<00:26,  4.02it/s][A

 59%|█████▉    | 149/253 [00:31<00:24,  4.30it/s][A

 59%|█████▉    | 150/253 [00:31<00:22,  4.54it/s][A

 60%|█████▉    | 151/253 [00:31<00:21,  4.67it/s][A

 60%|██████    | 152/253 [00:32<00:21,  4.78it/s][A

 60%|██████    | 153/253 [00:32<00:20,  4.90it/s][A

 61%|██████    | 154/253 [00:32<00:19,  4.98it/s][A

 61%|██████▏   | 155/253 [00:32<00:19,  5.01it/s][A

 62%|██████▏   | 156/253 [00:33<00:20,  4.63it/s][A

 62%|██████▏   | 157/253 [00:33<00:20,  4.77it/s][A

 62%|██████▏   | 158/253 [00:33<00:19,  4.86it/s][A

 63%|██████▎   | 159/253 [00:33<00:19,  4.92it/s][A

 63%|██████▎   | 160/253 [00:33<00:18,  4.97it/s][A

 64%|██████▎   | 161/253 [00:33<00:18,  4.99it/s][A

 64%|██████▍   | 162/253 [00:34<00:19,  4.61it/s][A

 64%|██████▍   | 163/253 [00:34<00:18,  4.77it/s][A

 65%|██████▍   | 164/253 [00:34<00:20,  4.43it/s][A

 65%|██████▌   | 165/253 [00:34<00:19,  4.54it/s][A

 66%|██████▌   | 166/253 [00:35<00:19,  4.51it/s][A

 66%|██████▌   | 167/253 [00:35<00:19,  4.31it/s][A

 66%|██████▋   | 168/253 [00:35<00:18,  4.52it/s][A

 67%|██████▋   | 169/253 [00:35<00:19,  4.27it/s][A

 67%|██████▋   | 170/253 [00:36<00:18,  4.50it/s][A

 68%|██████▊   | 171/253 [00:36<00:17,  4.69it/s][A

 68%|██████▊   | 172/253 [00:36<00:16,  4.81it/s][A

 68%|██████▊   | 173/253 [00:36<00:16,  4.91it/s][A

 69%|██████▉   | 174/253 [00:36<00:15,  4.96it/s][A

 69%|██████▉   | 175/253 [00:37<00:16,  4.86it/s][A

 70%|██████▉   | 176/253 [00:37<00:16,  4.66it/s][A

 70%|██████▉   | 177/253 [00:37<00:15,  4.78it/s][A

 70%|███████   | 178/253 [00:37<00:15,  4.86it/s][A

 71%|███████   | 179/253 [00:37<00:15,  4.90it/s][A

 71%|███████   | 180/253 [00:38<00:16,  4.53it/s][A

 72%|███████▏  | 181/253 [00:38<00:15,  4.65it/s][A

 72%|███████▏  | 182/253 [00:38<00:16,  4.42it/s][A

 72%|███████▏  | 183/253 [00:38<00:16,  4.32it/s][A

 73%|███████▎  | 184/253 [00:39<00:15,  4.51it/s][A

 73%|███████▎  | 185/253 [00:39<00:15,  4.30it/s][A

 74%|███████▎  | 186/253 [00:39<00:14,  4.51it/s][A

 74%|███████▍  | 187/253 [00:39<00:15,  4.30it/s][A

 74%|███████▍  | 188/253 [00:39<00:14,  4.52it/s][A

 75%|███████▍  | 189/253 [00:40<00:13,  4.70it/s][A

 75%|███████▌  | 190/253 [00:40<00:13,  4.83it/s][A

 75%|███████▌  | 191/253 [00:40<00:12,  4.92it/s][A

 76%|███████▌  | 192/253 [00:40<00:12,  4.99it/s][A

 76%|███████▋  | 193/253 [00:40<00:11,  5.05it/s][A

 77%|███████▋  | 194/253 [00:41<00:11,  5.07it/s][A

 77%|███████▋  | 195/253 [00:41<00:11,  4.93it/s][A

 77%|███████▋  | 196/253 [00:41<00:12,  4.71it/s][A

 78%|███████▊  | 197/253 [00:41<00:11,  4.82it/s][A

 78%|███████▊  | 198/253 [00:41<00:11,  4.89it/s][A

 79%|███████▊  | 199/253 [00:42<00:10,  4.93it/s][A

 79%|███████▉  | 200/253 [00:42<00:10,  4.95it/s][A

 79%|███████▉  | 201/253 [00:42<00:11,  4.59it/s][A

 80%|███████▉  | 202/253 [00:42<00:10,  4.70it/s][A

 80%|████████  | 203/253 [00:43<00:11,  4.43it/s][A

 81%|████████  | 204/253 [00:43<00:10,  4.59it/s][A

 81%|████████  | 205/253 [00:43<00:11,  4.35it/s][A

 81%|████████▏ | 206/253 [00:43<00:10,  4.36it/s][A

 82%|████████▏ | 207/253 [00:43<00:10,  4.35it/s][A

 82%|████████▏ | 208/253 [00:44<00:10,  4.36it/s][A

 83%|████████▎ | 209/253 [00:44<00:10,  4.37it/s][A

 83%|████████▎ | 210/253 [00:44<00:09,  4.59it/s][A

 83%|████████▎ | 211/253 [00:44<00:08,  4.76it/s][A

 84%|████████▍ | 212/253 [00:44<00:08,  4.86it/s][A

 84%|████████▍ | 213/253 [00:45<00:08,  4.94it/s][A

 85%|████████▍ | 214/253 [00:45<00:07,  5.03it/s][A

 85%|████████▍ | 215/253 [00:45<00:07,  5.09it/s][A

 85%|████████▌ | 216/253 [00:45<00:07,  4.65it/s][A

 86%|████████▌ | 217/253 [00:46<00:07,  4.66it/s][A

 86%|████████▌ | 218/253 [00:46<00:07,  4.79it/s][A

 87%|████████▋ | 219/253 [00:46<00:06,  4.88it/s][A

 87%|████████▋ | 220/253 [00:46<00:06,  4.96it/s][A

 87%|████████▋ | 221/253 [00:46<00:06,  5.05it/s][A

 88%|████████▊ | 222/253 [00:47<00:06,  4.94it/s][A

 88%|████████▊ | 223/253 [00:47<00:06,  4.82it/s][A

 89%|████████▊ | 224/253 [00:47<00:06,  4.74it/s][A

 89%|████████▉ | 225/253 [00:47<00:05,  4.78it/s][A

 89%|████████▉ | 226/253 [00:47<00:05,  4.53it/s][A

 90%|████████▉ | 227/253 [00:48<00:05,  4.70it/s][A

 90%|█████████ | 228/253 [00:48<00:05,  4.45it/s][A

 91%|█████████ | 229/253 [00:48<00:05,  4.56it/s][A

 91%|█████████ | 230/253 [00:48<00:05,  4.44it/s][A

 91%|█████████▏| 231/253 [00:49<00:04,  4.64it/s][A

 92%|█████████▏| 232/253 [00:49<00:04,  4.79it/s][A

 92%|█████████▏| 233/253 [00:49<00:04,  4.91it/s][A

 92%|█████████▏| 234/253 [00:49<00:03,  4.93it/s][A

 93%|█████████▎| 235/253 [00:49<00:03,  4.51it/s][A

 93%|█████████▎| 236/253 [00:50<00:03,  4.65it/s][A

 94%|█████████▎| 237/253 [00:50<00:03,  4.58it/s][A

 94%|█████████▍| 238/253 [00:50<00:03,  4.65it/s][A

 94%|█████████▍| 239/253 [00:50<00:02,  4.77it/s][A

 95%|█████████▍| 240/253 [00:50<00:02,  4.67it/s][A

 95%|█████████▌| 241/253 [00:51<00:02,  4.34it/s][A

 96%|█████████▌| 242/253 [00:51<00:02,  4.50it/s][A

 96%|█████████▌| 243/253 [00:51<00:02,  4.26it/s][A

 96%|█████████▋| 244/253 [00:51<00:02,  4.35it/s][A

 97%|█████████▋| 245/253 [00:52<00:01,  4.21it/s][A

 97%|█████████▋| 246/253 [00:52<00:01,  4.35it/s][A

 98%|█████████▊| 247/253 [00:52<00:01,  4.30it/s][A

 98%|█████████▊| 248/253 [00:52<00:01,  4.28it/s][A

 98%|█████████▊| 249/253 [00:53<00:00,  4.29it/s][A

 99%|█████████▉| 250/253 [00:53<00:00,  4.49it/s][A

 99%|█████████▉| 251/253 [00:53<00:00,  4.64it/s][A

100%|█████████▉| 252/253 [00:53<00:00,  4.75it/s][A

100%|██████████| 253/253 [00:53<00:00,  4.59it/s][A
                                                     

                                                 
[A{'eval_loss': '1.258', 'eval_runtime': '54.13', 'eval_samples_per_second': '9.349', 'eval_steps_per_second': '4.674', 'eval_entropy': '1.008', 'eval_num_tokens': '2.286e+06', 'eval_mean_token_accuracy': '0.6681', 'epoch': '2'}

100%|██████████| 1100/1100 [1:29:09<00:00,  3.95s/it]

100%|██████████| 253/253 [00:53<00:00,  4.59it/s][A

                                                 [A
                                                     
{'train_runtime': '5351', 'train_samples_per_second': '1.643', 'train_steps_per_second': '0.206', 'train_loss': '1.251', 'epoch': '2'}

100%|██████████| 1100/1100 [1:29:10<00:00,  3.95s/it]
100%|██████████| 1100/1100 [1:29:10<00:00,  4.86s/it]
***** train metrics *****
  total_flos               = 97295425GF
  train_loss               =     1.2507
  train_runtime            = 1:29:11.09
  train_samples_per_second =      1.643
  train_steps_per_second   =      0.206

  0%|          | 0/253 [00:00<?, ?it/s]
  1%|          | 2/253 [00:00<00:24, 10.34it/s]
  2%|▏         | 4/253 [00:00<00:45,  5.43it/s]
  2%|▏         | 5/253 [00:00<00:49,  5.02it/s]
  2%|▏         | 6/253 [00:01<00:52,  4.66it/s]
  3%|▎         | 7/253 [00:01<00:51,  4.76it/s]
  3%|▎         | 8/253 [00:01<00:55,  4.42it/s]
  4%|▎         | 9/253 [00:01<00:52,  4.61it/s]
  4%|▍         | 10/253 [00:02<00:51,  4.76it/s]
  4%|▍         | 11/253 [00:02<00:49,  4.90it/s]
  5%|▍         | 12/253 [00:02<00:48,  4.94it/s]
  5%|▌         | 13/253 [00:02<00:52,  4.55it/s]
  6%|▌         | 14/253 [00:02<00:51,  4.67it/s]
  6%|▌         | 15/253 [00:03<00:49,  4.78it/s]
  6%|▋         | 16/253 [00:03<00:48,  4.87it/s]
  7%|▋         | 17/253 [00:03<00:47,  4.94it/s]
  7%|▋         | 18/253 [00:03<00:47,  4.96it/s]
  8%|▊         | 19/253 [00:03<00:51,  4.52it/s]
  8%|▊         | 20/253 [00:04<00:50,  4.60it/s]
  8%|▊         | 21/253 [00:04<00:53,  4.33it/s]
  9%|▊         | 22/253 [00:04<00:51,  4.52it/s]
  9%|▉         | 23/253 [00:04<00:53,  4.31it/s]
  9%|▉         | 24/253 [00:05<00:51,  4.49it/s]
 10%|▉         | 25/253 [00:05<00:54,  4.17it/s]
 10%|█         | 26/253 [00:05<00:55,  4.10it/s]
 11%|█         | 27/253 [00:05<00:53,  4.22it/s]
 11%|█         | 28/253 [00:06<00:50,  4.42it/s]
 11%|█▏        | 29/253 [00:06<00:48,  4.59it/s]
 12%|█▏        | 30/253 [00:06<00:47,  4.71it/s]
 12%|█▏        | 31/253 [00:06<00:46,  4.76it/s]
 13%|█▎        | 32/253 [00:06<00:46,  4.78it/s]
 13%|█▎        | 33/253 [00:07<00:49,  4.47it/s]
 13%|█▎        | 34/253 [00:07<00:47,  4.60it/s]
 14%|█▍        | 35/253 [00:07<00:46,  4.66it/s]
 14%|█▍        | 36/253 [00:07<00:46,  4.71it/s]
 15%|█▍        | 37/253 [00:07<00:45,  4.74it/s]
 15%|█▌        | 38/253 [00:08<00:45,  4.76it/s]
 15%|█▌        | 39/253 [00:08<00:44,  4.76it/s]
 16%|█▌        | 40/253 [00:08<00:47,  4.47it/s]
 16%|█▌        | 41/253 [00:08<00:46,  4.54it/s]
 17%|█▋        | 42/253 [00:09<00:47,  4.42it/s]
 17%|█▋        | 43/253 [00:09<00:46,  4.50it/s]
 17%|█▋        | 44/253 [00:09<00:47,  4.42it/s]
 18%|█▊        | 45/253 [00:09<00:45,  4.54it/s]
 18%|█▊        | 46/253 [00:09<00:46,  4.44it/s]
 19%|█▊        | 47/253 [00:10<00:45,  4.49it/s]
 19%|█▉        | 48/253 [00:10<00:49,  4.15it/s]
 19%|█▉        | 49/253 [00:10<00:46,  4.37it/s]
 20%|█▉        | 50/253 [00:10<00:45,  4.48it/s]
 20%|██        | 51/253 [00:11<00:44,  4.59it/s]
 21%|██        | 52/253 [00:11<00:43,  4.66it/s]
 21%|██        | 53/253 [00:11<00:42,  4.66it/s]
 21%|██▏       | 54/253 [00:11<00:46,  4.30it/s]
 22%|██▏       | 55/253 [00:11<00:44,  4.41it/s]
 22%|██▏       | 56/253 [00:12<00:44,  4.46it/s]
 23%|██▎       | 57/253 [00:12<00:43,  4.55it/s]
 23%|██▎       | 58/253 [00:12<00:42,  4.59it/s]
 23%|██▎       | 59/253 [00:12<00:42,  4.62it/s]
 24%|██▎       | 60/253 [00:13<00:44,  4.34it/s]
 24%|██▍       | 61/253 [00:13<00:43,  4.36it/s]
 25%|██▍       | 62/253 [00:13<00:45,  4.20it/s]
 25%|██▍       | 63/253 [00:13<00:43,  4.33it/s]
 25%|██▌       | 64/253 [00:14<00:44,  4.28it/s]
 26%|██▌       | 65/253 [00:14<00:43,  4.34it/s]
 26%|██▌       | 66/253 [00:14<00:44,  4.17it/s]
 26%|██▋       | 67/253 [00:14<00:43,  4.32it/s]
 27%|██▋       | 68/253 [00:14<00:45,  4.09it/s]
 27%|██▋       | 69/253 [00:15<00:42,  4.30it/s]
 28%|██▊       | 70/253 [00:15<00:41,  4.40it/s]
 28%|██▊       | 71/253 [00:15<00:41,  4.43it/s]
 28%|██▊       | 72/253 [00:15<00:40,  4.48it/s]
 29%|██▉       | 73/253 [00:16<00:43,  4.15it/s]
 29%|██▉       | 74/253 [00:16<00:41,  4.31it/s]
 30%|██▉       | 75/253 [00:16<00:41,  4.33it/s]
 30%|███       | 76/253 [00:16<00:40,  4.40it/s]
 30%|███       | 77/253 [00:16<00:39,  4.49it/s]
 31%|███       | 78/253 [00:17<00:38,  4.51it/s]
 31%|███       | 79/253 [00:17<00:37,  4.59it/s]
 32%|███▏      | 80/253 [00:17<00:37,  4.66it/s]
 32%|███▏      | 81/253 [00:17<00:39,  4.34it/s]
 32%|███▏      | 82/253 [00:18<00:38,  4.46it/s]
 33%|███▎      | 83/253 [00:18<00:40,  4.20it/s]
 33%|███▎      | 84/253 [00:18<00:38,  4.35it/s]
 34%|███▎      | 85/253 [00:18<00:41,  4.05it/s]
 34%|███▍      | 86/253 [00:19<00:41,  4.04it/s]
 34%|███▍      | 87/253 [00:19<00:39,  4.17it/s]
 35%|███▍      | 88/253 [00:19<00:42,  3.92it/s]
 35%|███▌      | 89/253 [00:19<00:41,  3.99it/s]
 36%|███▌      | 90/253 [00:20<00:44,  3.67it/s]
 36%|███▌      | 91/253 [00:20<00:43,  3.72it/s]
 36%|███▋      | 92/253 [00:20<00:40,  3.97it/s]
 37%|███▋      | 93/253 [00:20<00:38,  4.16it/s]
 37%|███▋      | 94/253 [00:21<00:37,  4.24it/s]
 38%|███▊      | 95/253 [00:21<00:38,  4.16it/s]
 38%|███▊      | 96/253 [00:21<00:36,  4.28it/s]
 38%|███▊      | 97/253 [00:21<00:35,  4.41it/s]
 39%|███▊      | 98/253 [00:22<00:34,  4.46it/s]
 39%|███▉      | 99/253 [00:22<00:35,  4.39it/s]
 40%|███▉      | 100/253 [00:22<00:35,  4.37it/s]
 40%|███▉      | 101/253 [00:22<00:39,  3.87it/s]
 40%|████      | 102/253 [00:23<00:44,  3.36it/s]
 41%|████      | 103/253 [00:23<00:46,  3.23it/s]
 41%|████      | 104/253 [00:23<00:41,  3.55it/s]
 42%|████▏     | 105/253 [00:24<00:41,  3.53it/s]
 42%|████▏     | 106/253 [00:24<00:38,  3.86it/s]
 42%|████▏     | 107/253 [00:24<00:35,  4.08it/s]
 43%|████▎     | 108/253 [00:24<00:34,  4.24it/s]
 43%|████▎     | 109/253 [00:24<00:34,  4.12it/s]
 43%|████▎     | 110/253 [00:25<00:33,  4.28it/s]
 44%|████▍     | 111/253 [00:25<00:32,  4.43it/s]
 44%|████▍     | 112/253 [00:25<00:31,  4.54it/s]
 45%|████▍     | 113/253 [00:25<00:30,  4.62it/s]
 45%|████▌     | 114/253 [00:25<00:29,  4.67it/s]
 45%|████▌     | 115/253 [00:26<00:29,  4.68it/s]
 46%|████▌     | 116/253 [00:26<00:29,  4.71it/s]
 46%|████▌     | 117/253 [00:26<00:30,  4.51it/s]
 47%|████▋     | 118/253 [00:26<00:30,  4.41it/s]
 47%|████▋     | 119/253 [00:27<00:31,  4.21it/s]
 47%|████▋     | 120/253 [00:27<00:30,  4.35it/s]
 48%|████▊     | 121/253 [00:27<00:31,  4.16it/s]
 48%|████▊     | 122/253 [00:27<00:31,  4.17it/s]
 49%|████▊     | 123/253 [00:28<00:30,  4.22it/s]
 49%|████▉     | 124/253 [00:28<00:31,  4.07it/s]
 49%|████▉     | 125/253 [00:28<00:30,  4.23it/s]
 50%|████▉     | 126/253 [00:28<00:28,  4.43it/s]
 50%|█████     | 127/253 [00:28<00:27,  4.58it/s]
 51%|█████     | 128/253 [00:29<00:26,  4.66it/s]
 51%|█████     | 129/253 [00:29<00:26,  4.68it/s]
 51%|█████▏    | 130/253 [00:29<00:28,  4.36it/s]
 52%|█████▏    | 131/253 [00:29<00:27,  4.51it/s]
 52%|█████▏    | 132/253 [00:30<00:26,  4.60it/s]
 53%|█████▎    | 133/253 [00:30<00:25,  4.68it/s]
 53%|█████▎    | 134/253 [00:30<00:25,  4.73it/s]
 53%|█████▎    | 135/253 [00:30<00:24,  4.73it/s]
 54%|█████▍    | 136/253 [00:30<00:24,  4.75it/s]
 54%|█████▍    | 137/253 [00:31<00:26,  4.43it/s]
 55%|█████▍    | 138/253 [00:31<00:25,  4.51it/s]
 55%|█████▍    | 139/253 [00:31<00:26,  4.30it/s]
 55%|█████▌    | 140/253 [00:31<00:25,  4.42it/s]
 56%|█████▌    | 141/253 [00:32<00:26,  4.21it/s]
 56%|█████▌    | 142/253 [00:32<00:27,  4.09it/s]
 57%|█████▋    | 143/253 [00:32<00:25,  4.24it/s]
 57%|█████▋    | 144/253 [00:32<00:25,  4.25it/s]
 57%|█████▋    | 145/253 [00:32<00:24,  4.46it/s]
 58%|█████▊    | 146/253 [00:33<00:23,  4.58it/s]
 58%|█████▊    | 147/253 [00:33<00:23,  4.60it/s]
 58%|█████▊    | 148/253 [00:33<00:23,  4.42it/s]
 59%|█████▉    | 149/253 [00:33<00:22,  4.55it/s]
 59%|█████▉    | 150/253 [00:34<00:22,  4.60it/s]
 60%|█████▉    | 151/253 [00:34<00:21,  4.64it/s]
 60%|██████    | 152/253 [00:34<00:21,  4.70it/s]
 60%|██████    | 153/253 [00:34<00:21,  4.72it/s]
 61%|██████    | 154/253 [00:34<00:20,  4.77it/s]
 61%|██████▏   | 155/253 [00:35<00:20,  4.79it/s]
 62%|██████▏   | 156/253 [00:35<00:20,  4.81it/s]
 62%|██████▏   | 157/253 [00:35<00:19,  4.85it/s]
 62%|██████▏   | 158/253 [00:35<00:20,  4.58it/s]
 63%|██████▎   | 159/253 [00:36<00:21,  4.43it/s]
 63%|██████▎   | 160/253 [00:36<00:21,  4.39it/s]
 64%|██████▎   | 161/253 [00:36<00:21,  4.24it/s]
 64%|██████▍   | 162/253 [00:36<00:22,  4.02it/s]
 64%|██████▍   | 163/253 [00:37<00:22,  4.08it/s]
 65%|██████▍   | 164/253 [00:37<00:21,  4.10it/s]
 65%|██████▌   | 165/253 [00:37<00:22,  3.87it/s]
 66%|██████▌   | 166/253 [00:37<00:22,  3.83it/s]
 66%|██████▌   | 167/253 [00:38<00:20,  4.10it/s]
 66%|██████▋   | 168/253 [00:38<00:19,  4.31it/s]
 67%|██████▋   | 169/253 [00:38<00:19,  4.42it/s]
 67%|██████▋   | 170/253 [00:38<00:18,  4.51it/s]
 68%|██████▊   | 171/253 [00:38<00:17,  4.60it/s]
 68%|██████▊   | 172/253 [00:39<00:17,  4.66it/s]
 68%|██████▊   | 173/253 [00:39<00:17,  4.68it/s]
 69%|██████▉   | 174/253 [00:39<00:16,  4.70it/s]
 69%|██████▉   | 175/253 [00:39<00:16,  4.72it/s]
 70%|██████▉   | 176/253 [00:39<00:16,  4.72it/s]
 70%|██████▉   | 177/253 [00:40<00:16,  4.51it/s]
 70%|███████   | 178/253 [00:40<00:16,  4.59it/s]
 71%|███████   | 179/253 [00:40<00:16,  4.40it/s]
 71%|███████   | 180/253 [00:40<00:16,  4.41it/s]
 72%|███████▏  | 181/253 [00:41<00:16,  4.31it/s]
 72%|███████▏  | 182/253 [00:41<00:17,  4.09it/s]
 72%|███████▏  | 183/253 [00:41<00:16,  4.29it/s]
 73%|███████▎  | 184/253 [00:41<00:16,  4.06it/s]
 73%|███████▎  | 185/253 [00:42<00:15,  4.27it/s]
 74%|███████▎  | 186/253 [00:42<00:16,  4.17it/s]
 74%|███████▍  | 187/253 [00:42<00:16,  4.02it/s]
 74%|███████▍  | 188/253 [00:42<00:15,  4.08it/s]
 75%|███████▍  | 189/253 [00:43<00:14,  4.27it/s]
 75%|███████▌  | 190/253 [00:43<00:14,  4.40it/s]
 75%|███████▌  | 191/253 [00:43<00:14,  4.43it/s]
 76%|███████▌  | 192/253 [00:43<00:13,  4.53it/s]
 76%|███████▋  | 193/253 [00:43<00:13,  4.33it/s]
 77%|███████▋  | 194/253 [00:44<00:13,  4.29it/s]
 77%|███████▋  | 195/253 [00:44<00:14,  3.99it/s]
 77%|███████▋  | 196/253 [00:44<00:14,  4.06it/s]
 78%|███████▊  | 197/253 [00:45<00:16,  3.49it/s]
 78%|███████▊  | 198/253 [00:45<00:17,  3.19it/s]
 79%|███████▊  | 199/253 [00:45<00:17,  3.01it/s]
 79%|███████▉  | 200/253 [00:46<00:15,  3.37it/s]
 79%|███████▉  | 201/253 [00:46<00:14,  3.55it/s]
 80%|███████▉  | 202/253 [00:46<00:13,  3.70it/s]
 80%|████████  | 203/253 [00:46<00:12,  3.94it/s]
 81%|████████  | 204/253 [00:46<00:12,  3.99it/s]
 81%|████████  | 205/253 [00:47<00:11,  4.23it/s]
 81%|████████▏ | 206/253 [00:47<00:10,  4.42it/s]
 82%|████████▏ | 207/253 [00:47<00:10,  4.53it/s]
 82%|████████▏ | 208/253 [00:47<00:09,  4.64it/s]
 83%|████████▎ | 209/253 [00:47<00:09,  4.69it/s]
 83%|████████▎ | 210/253 [00:48<00:09,  4.77it/s]
 83%|████████▎ | 211/253 [00:48<00:09,  4.58it/s]
 84%|████████▍ | 212/253 [00:48<00:09,  4.24it/s]
 84%|████████▍ | 213/253 [00:48<00:09,  4.38it/s]
 85%|████████▍ | 214/253 [00:49<00:09,  4.15it/s]
 85%|████████▍ | 215/253 [00:49<00:09,  4.06it/s]
 85%|████████▌ | 216/253 [00:49<00:08,  4.22it/s]
 86%|████████▌ | 217/253 [00:49<00:08,  4.04it/s]
 86%|████████▌ | 218/253 [00:50<00:08,  4.26it/s]
 87%|████████▋ | 219/253 [00:50<00:08,  4.02it/s]
 87%|████████▋ | 220/253 [00:50<00:07,  4.27it/s]
 87%|████████▋ | 221/253 [00:50<00:07,  4.48it/s]
 88%|████████▊ | 222/253 [00:51<00:06,  4.62it/s]
 88%|████████▊ | 223/253 [00:51<00:06,  4.68it/s]
 89%|████████▊ | 224/253 [00:51<00:06,  4.38it/s]
 89%|████████▉ | 225/253 [00:51<00:06,  4.55it/s]
 89%|████████▉ | 226/253 [00:51<00:05,  4.62it/s]
 90%|████████▉ | 227/253 [00:52<00:05,  4.68it/s]
 90%|█████████ | 228/253 [00:52<00:05,  4.74it/s]
 91%|█████████ | 229/253 [00:52<00:05,  4.78it/s]
 91%|█████████ | 230/253 [00:52<00:04,  4.78it/s]
 91%|█████████▏| 231/253 [00:52<00:04,  4.84it/s]
 92%|█████████▏| 232/253 [00:53<00:04,  4.85it/s]
 92%|█████████▏| 233/253 [00:53<00:04,  4.41it/s]
 92%|█████████▏| 234/253 [00:53<00:04,  4.53it/s]
 93%|█████████▎| 235/253 [00:53<00:04,  4.27it/s]
 93%|█████████▎| 236/253 [00:54<00:03,  4.38it/s]
 94%|█████████▎| 237/253 [00:54<00:03,  4.24it/s]
 94%|█████████▍| 238/253 [00:54<00:03,  4.40it/s]
 94%|█████████▍| 239/253 [00:54<00:03,  4.20it/s]
 95%|█████████▍| 240/253 [00:55<00:03,  4.18it/s]
 95%|█████████▌| 241/253 [00:55<00:02,  4.24it/s]
 96%|█████████▌| 242/253 [00:55<00:02,  4.44it/s]
 96%|█████████▌| 243/253 [00:55<00:02,  4.44it/s]
 96%|█████████▋| 244/253 [00:55<00:02,  4.25it/s]
 97%|█████████▋| 245/253 [00:56<00:01,  4.43it/s]
 97%|█████████▋| 246/253 [00:56<00:01,  4.51it/s]
 98%|█████████▊| 247/253 [00:56<00:01,  4.60it/s]
 98%|█████████▊| 248/253 [00:56<00:01,  4.54it/s]
 98%|█████████▊| 249/253 [00:57<00:00,  4.61it/s]
 99%|█████████▉| 250/253 [00:57<00:00,  4.67it/s]
 99%|█████████▉| 251/253 [00:57<00:00,  4.63it/s]
100%|█████████▉| 252/253 [00:57<00:00,  4.67it/s]
100%|██████████| 253/253 [00:57<00:00,  4.22it/s]
100%|██████████| 253/253 [00:57<00:00,  4.36it/s]
***** eval metrics *****
  eval_loss               =     1.2581
  eval_runtime            = 0:00:58.25
  eval_samples_per_second =      8.686
  eval_steps_per_second   =      4.343
post-train generation: 10/150
post-train generation: 20/150
post-train generation: 30/150
post-train generation: 40/150
post-train generation: 50/150
post-train generation: 60/150
post-train generation: 70/150
post-train generation: 80/150
post-train generation: 90/150
post-train generation: 100/150
post-train generation: 110/150
post-train generation: 120/150
post-train generation: 130/150
post-train generation: 140/150
post-train generation: 150/150
Saved post-train test generations to /data2/songxinshuai/linsihan/ecommerce_assistant/outputs/lora_ablation_jddc_rebuild_v2/rank16_all_linear_qlora/post_train_test_generations.jsonl
[rank0]:[W530 07:56:33.248567864 ProcessGroupNCCL.cpp:1496] Warning: WARNING: destroy_process_group() was not called before program exit, which can leak resources. For more info, please see https://pytorch.org/docs/stable/distributed.html#shutdown (function operator())
