W0530 07:56:38.409000 3535281 site-packages/torch/distributed/run.py:792] 
W0530 07:56:38.409000 3535281 site-packages/torch/distributed/run.py:792] *****************************************
W0530 07:56:38.409000 3535281 site-packages/torch/distributed/run.py:792] Setting OMP_NUM_THREADS environment variable for each process to be 1 in default, to avoid your system being overloaded, please further tune the variable for optimal performance in your application as needed. 
W0530 07:56:38.409000 3535281 site-packages/torch/distributed/run.py:792] *****************************************
eval: total=506, usable=506, skipped=0, truncated=0, max_length=409
train: total=4397, usable=4397, skipped=0, truncated=0, max_length=532
[transformers] `torch_dtype` is deprecated! Use `dtype` instead!
eval: total=506, usable=506, skipped=0, truncated=0, max_length=409
train: total=4397, usable=4397, skipped=0, truncated=0, max_length=532
[transformers] `torch_dtype` is deprecated! Use `dtype` instead!

Loading weights:   0%|          | 0/399 [00:00<?, ?it/s]
Loading weights:   0%|          | 0/399 [00:00<?, ?it/s]
Loading weights:   0%|          | 1/399 [00:02<15:05,  2.28s/it]
Loading weights:   1%|          | 2/399 [00:02<07:16,  1.10s/it]
Loading weights:  15%|█▍        | 59/399 [00:02<00:08, 38.59it/s]
Loading weights:  18%|█▊        | 73/399 [00:03<00:07, 41.81it/s]
Loading weights:  21%|██        | 84/399 [00:03<00:06, 46.20it/s]
Loading weights:   0%|          | 1/399 [00:02<19:50,  2.99s/it]
Loading weights:  15%|█▍        | 59/399 [00:03<00:13, 25.81it/s]
Loading weights:  24%|██▎       | 94/399 [00:03<00:06, 44.52it/s]
Loading weights:  26%|██▌       | 103/399 [00:03<00:06, 48.70it/s]
Loading weights:  20%|█▉        | 78/399 [00:03<00:09, 32.10it/s]
Loading weights:  29%|██▊       | 114/399 [00:03<00:05, 52.07it/s]
Loading weights:  31%|███▏      | 125/399 [00:03<00:05, 53.19it/s]
Loading weights:  23%|██▎       | 92/399 [00:03<00:09, 33.89it/s]
Loading weights:  26%|██▌       | 102/399 [00:03<00:07, 37.81it/s]
Loading weights:  34%|███▍      | 136/399 [00:04<00:05, 48.23it/s]
Loading weights:  28%|██▊       | 111/399 [00:04<00:07, 39.23it/s]
Loading weights:  37%|███▋      | 147/399 [00:04<00:04, 51.38it/s]
Loading weights:  40%|███▉      | 158/399 [00:04<00:05, 47.90it/s]
Loading weights:  30%|██▉       | 119/399 [00:04<00:07, 35.23it/s]
Loading weights:  31%|███▏      | 125/399 [00:04<00:07, 36.42it/s]
Loading weights:  42%|████▏     | 169/399 [00:04<00:04, 46.32it/s]
Loading weights:  45%|████▌     | 180/399 [00:05<00:04, 44.78it/s]
Loading weights:  34%|███▍      | 136/399 [00:04<00:07, 33.62it/s]
Loading weights:  48%|████▊     | 191/399 [00:05<00:04, 49.60it/s]
Loading weights:  37%|███▋      | 147/399 [00:05<00:07, 35.64it/s]
Loading weights:  51%|█████     | 202/399 [00:05<00:03, 50.59it/s]
Loading weights:  53%|█████▎    | 210/399 [00:05<00:03, 53.40it/s]
Loading weights:  40%|███▉      | 158/399 [00:05<00:06, 38.90it/s]
Loading weights:  54%|█████▍    | 216/399 [00:05<00:03, 48.98it/s]
Loading weights:  42%|████▏     | 169/399 [00:05<00:05, 41.25it/s]
Loading weights:  44%|████▎     | 174/399 [00:05<00:05, 39.94it/s]
Loading weights:  56%|█████▌    | 224/399 [00:06<00:04, 43.47it/s]
Loading weights:  45%|████▌     | 180/399 [00:05<00:05, 42.19it/s]
Loading weights:  59%|█████▉    | 235/399 [00:06<00:03, 47.19it/s]
Loading weights:  46%|████▋     | 185/399 [00:06<00:04, 42.95it/s]
Loading weights:  48%|████▊     | 191/399 [00:06<00:05, 35.58it/s]
Loading weights:  62%|██████▏   | 246/399 [00:06<00:03, 44.63it/s]
Loading weights:  63%|██████▎   | 251/399 [00:06<00:03, 44.66it/s]
Loading weights:  51%|█████     | 202/399 [00:06<00:04, 43.19it/s]
Loading weights:  64%|██████▍   | 257/399 [00:06<00:03, 41.17it/s]
Loading weights:  53%|█████▎    | 213/399 [00:06<00:04, 44.80it/s]
Loading weights:  67%|██████▋   | 268/399 [00:06<00:02, 47.84it/s]
Loading weights:  68%|██████▊   | 273/399 [00:07<00:02, 46.83it/s]
Loading weights:  56%|█████▌    | 224/399 [00:06<00:03, 48.11it/s]
Loading weights:  70%|██████▉   | 279/399 [00:07<00:02, 42.60it/s]
Loading weights:  59%|█████▉    | 235/399 [00:07<00:03, 48.31it/s]
Loading weights:  73%|███████▎  | 290/399 [00:07<00:02, 46.00it/s]
Loading weights:  62%|██████▏   | 246/399 [00:07<00:03, 50.24it/s]
Loading weights:  63%|██████▎   | 252/399 [00:07<00:02, 50.27it/s]
Loading weights:  75%|███████▌  | 301/399 [00:07<00:01, 49.69it/s]
Loading weights:  65%|██████▍   | 258/399 [00:07<00:03, 43.24it/s]
Loading weights:  78%|███████▊  | 312/399 [00:07<00:01, 50.75it/s]
Loading weights:  67%|██████▋   | 268/399 [00:07<00:02, 53.28it/s]
Loading weights:  81%|████████  | 323/399 [00:08<00:01, 51.19it/s]
Loading weights:  70%|██████▉   | 279/399 [00:08<00:02, 49.22it/s]
Loading weights:  84%|████████▎ | 334/399 [00:08<00:01, 50.58it/s]
Loading weights:  73%|███████▎  | 290/399 [00:08<00:02, 53.09it/s]
Loading weights:  86%|████████▋ | 345/399 [00:08<00:00, 55.30it/s]
Loading weights:  75%|███████▌  | 301/399 [00:08<00:01, 52.70it/s]
Loading weights:  89%|████████▉ | 356/399 [00:08<00:00, 50.43it/s]
Loading weights:  78%|███████▊  | 312/399 [00:08<00:01, 52.39it/s]
Loading weights:  92%|█████████▏| 367/399 [00:08<00:00, 54.59it/s]
Loading weights:  81%|████████  | 323/399 [00:08<00:01, 52.28it/s]
Loading weights:  95%|█████████▍| 378/399 [00:09<00:00, 57.32it/s]
Loading weights:  96%|█████████▌| 384/399 [00:09<00:00, 55.77it/s]
Loading weights:  84%|████████▎ | 334/399 [00:09<00:01, 45.53it/s]
Loading weights:  98%|█████████▊| 390/399 [00:09<00:00, 48.05it/s]
Loading weights: 100%|██████████| 399/399 [00:09<00:00, 42.52it/s]

Loading weights:  86%|████████▋ | 345/399 [00:09<00:01, 43.20it/s]
Loading weights:  89%|████████▉ | 356/399 [00:09<00:00, 46.13it/s]
Loading weights:  92%|█████████▏| 367/399 [00:09<00:00, 49.07it/s]
Loading weights:  93%|█████████▎| 373/399 [00:09<00:00, 48.64it/s]
Loading weights:  95%|█████████▍| 378/399 [00:10<00:00, 42.17it/s][transformers] warmup_ratio is deprecated and will be removed in v5.2. Use `warmup_steps` instead.

Loading weights:  97%|█████████▋| 389/399 [00:10<00:00, 43.29it/s]
Loading weights: 100%|██████████| 399/399 [00:10<00:00, 38.12it/s]
[transformers] warmup_ratio is deprecated and will be removed in v5.2. Use `warmup_steps` instead.
[RANK 0] Detected kernel version 5.4.0, which is below the recommended minimum of 5.5.0; this can cause the process to hang. It is recommended to upgrade the kernel to the minimum version or higher.
[transformers] The tokenizer has new PAD/BOS/EOS tokens that differ from the model config and generation config. The model config and generation config were aligned accordingly, being updated with the tokenizer's values. Updated tokens: {'bos_token_id': None, 'pad_token_id': 151643}.
[transformers] The tokenizer has new PAD/BOS/EOS tokens that differ from the model config and generation config. The model config and generation config were aligned accordingly, being updated with the tokenizer's values. Updated tokens: {'bos_token_id': None, 'pad_token_id': 151643}.

  0%|          | 0/1100 [00:00<?, ?it/s]
  0%|          | 1/1100 [00:03<1:00:54,  3.33s/it]
  0%|          | 2/1100 [00:04<42:47,  2.34s/it]  
  0%|          | 3/1100 [00:07<40:27,  2.21s/it]
  0%|          | 4/1100 [00:08<38:29,  2.11s/it]
  0%|          | 5/1100 [00:11<39:27,  2.16s/it]
  1%|          | 6/1100 [00:13<40:18,  2.21s/it]
  1%|          | 7/1100 [00:15<40:40,  2.23s/it]
  1%|          | 8/1100 [00:17<38:36,  2.12s/it]
  1%|          | 9/1100 [00:19<38:34,  2.12s/it]
  1%|          | 10/1100 [00:21<36:44,  2.02s/it]
                                                 
{'loss': '3.83', 'grad_norm': '2.244', 'learning_rate': '1.455e-05', 'entropy': '0.8607', 'num_tokens': '2.099e+04', 'mean_token_accuracy': '0.4743', 'epoch': '0.01819'}

  1%|          | 10/1100 [00:21<36:44,  2.02s/it]
  1%|          | 11/1100 [00:23<35:54,  1.98s/it]
  1%|          | 12/1100 [00:25<37:05,  2.05s/it]
  1%|          | 13/1100 [00:27<36:10,  2.00s/it]
  1%|▏         | 14/1100 [00:29<35:26,  1.96s/it]
  1%|▏         | 15/1100 [00:31<34:44,  1.92s/it]
  1%|▏         | 16/1100 [00:33<35:20,  1.96s/it]
  2%|▏         | 17/1100 [00:35<37:49,  2.10s/it]
  2%|▏         | 18/1100 [00:37<36:48,  2.04s/it]
  2%|▏         | 19/1100 [00:39<34:51,  1.93s/it]
  2%|▏         | 20/1100 [00:41<34:04,  1.89s/it]
                                                 
{'loss': '3.619', 'grad_norm': '2.808', 'learning_rate': '3.273e-05', 'entropy': '0.9522', 'num_tokens': '4.211e+04', 'mean_token_accuracy': '0.4831', 'epoch': '0.03638'}

  2%|▏         | 20/1100 [00:41<34:04,  1.89s/it]
  2%|▏         | 21/1100 [00:42<32:35,  1.81s/it]
  2%|▏         | 22/1100 [00:45<35:12,  1.96s/it]
  2%|▏         | 23/1100 [00:46<33:44,  1.88s/it]
  2%|▏         | 24/1100 [00:48<32:59,  1.84s/it]
  2%|▏         | 25/1100 [00:50<32:29,  1.81s/it]
  2%|▏         | 26/1100 [00:51<31:11,  1.74s/it]
  2%|▏         | 27/1100 [00:54<33:54,  1.90s/it]
  3%|▎         | 28/1100 [00:55<32:02,  1.79s/it]
  3%|▎         | 29/1100 [00:57<32:18,  1.81s/it]
  3%|▎         | 30/1100 [00:59<31:21,  1.76s/it]
                                                 
{'loss': '2.792', 'grad_norm': '2.095', 'learning_rate': '5.091e-05', 'entropy': '1.321', 'num_tokens': '6.266e+04', 'mean_token_accuracy': '0.5076', 'epoch': '0.05457'}

  3%|▎         | 30/1100 [00:59<31:21,  1.76s/it]
  3%|▎         | 31/1100 [01:00<30:50,  1.73s/it]
  3%|▎         | 32/1100 [01:02<31:04,  1.75s/it]
  3%|▎         | 33/1100 [01:04<29:47,  1.67s/it]
  3%|▎         | 34/1100 [01:06<33:06,  1.86s/it]
  3%|▎         | 35/1100 [01:07<31:08,  1.75s/it]
  3%|▎         | 36/1100 [01:09<31:08,  1.76s/it]
  3%|▎         | 37/1100 [01:11<30:43,  1.73s/it]
  3%|▎         | 38/1100 [01:12<29:29,  1.67s/it]
  4%|▎         | 39/1100 [01:14<31:12,  1.77s/it]
  4%|▎         | 40/1100 [01:16<30:25,  1.72s/it]
                                                 
{'loss': '2.389', 'grad_norm': '1.658', 'learning_rate': '6.909e-05', 'entropy': '1.779', 'num_tokens': '8.275e+04', 'mean_token_accuracy': '0.5135', 'epoch': '0.07276'}

  4%|▎         | 40/1100 [01:16<30:25,  1.72s/it]
  4%|▎         | 41/1100 [01:18<33:09,  1.88s/it]
  4%|▍         | 42/1100 [01:20<31:52,  1.81s/it]
  4%|▍         | 43/1100 [01:22<33:43,  1.91s/it]
  4%|▍         | 44/1100 [01:24<34:33,  1.96s/it]
  4%|▍         | 45/1100 [01:26<35:45,  2.03s/it]
  4%|▍         | 46/1100 [01:29<36:52,  2.10s/it]
  4%|▍         | 47/1100 [01:31<37:47,  2.15s/it]
  4%|▍         | 48/1100 [01:33<36:24,  2.08s/it]
  4%|▍         | 49/1100 [01:35<37:23,  2.13s/it]
  5%|▍         | 50/1100 [01:37<37:31,  2.14s/it]
                                                 
{'loss': '2.048', 'grad_norm': '1.446', 'learning_rate': '8.727e-05', 'entropy': '1.933', 'num_tokens': '1.035e+05', 'mean_token_accuracy': '0.5416', 'epoch': '0.09095'}

  5%|▍         | 50/1100 [01:37<37:31,  2.14s/it]
  5%|▍         | 51/1100 [01:39<37:41,  2.16s/it]
  5%|▍         | 52/1100 [01:41<36:24,  2.08s/it]
  5%|▍         | 53/1100 [01:43<35:43,  2.05s/it]
  5%|▍         | 54/1100 [01:45<33:10,  1.90s/it]
  5%|▌         | 55/1100 [01:47<34:12,  1.96s/it]
  5%|▌         | 56/1100 [01:49<34:01,  1.96s/it]
  5%|▌         | 57/1100 [01:51<34:36,  1.99s/it]
  5%|▌         | 58/1100 [01:53<33:01,  1.90s/it]
  5%|▌         | 59/1100 [01:54<31:43,  1.83s/it]
  5%|▌         | 60/1100 [01:56<31:44,  1.83s/it]
                                                 
{'loss': '1.946', 'grad_norm': '0.9731', 'learning_rate': '0.0001055', 'entropy': '1.963', 'num_tokens': '1.237e+05', 'mean_token_accuracy': '0.5408', 'epoch': '0.1091'}

  5%|▌         | 60/1100 [01:56<31:44,  1.83s/it]
  6%|▌         | 61/1100 [01:58<32:00,  1.85s/it]
  6%|▌         | 62/1100 [02:00<31:59,  1.85s/it]
  6%|▌         | 63/1100 [02:01<30:00,  1.74s/it]
  6%|▌         | 64/1100 [02:03<30:44,  1.78s/it]
  6%|▌         | 65/1100 [02:05<29:50,  1.73s/it]
  6%|▌         | 66/1100 [02:07<30:00,  1.74s/it]
  6%|▌         | 67/1100 [02:08<29:56,  1.74s/it]
  6%|▌         | 68/1100 [02:10<30:34,  1.78s/it]
  6%|▋         | 69/1100 [02:12<31:09,  1.81s/it]
  6%|▋         | 70/1100 [02:14<29:29,  1.72s/it]
                                                 
{'loss': '1.892', 'grad_norm': '0.9987', 'learning_rate': '0.0001236', 'entropy': '1.913', 'num_tokens': '1.44e+05', 'mean_token_accuracy': '0.5592', 'epoch': '0.1273'}

  6%|▋         | 70/1100 [02:14<29:29,  1.72s/it]
  6%|▋         | 71/1100 [02:15<30:11,  1.76s/it]
  7%|▋         | 72/1100 [02:17<29:48,  1.74s/it]
  7%|▋         | 73/1100 [02:19<28:43,  1.68s/it]
  7%|▋         | 74/1100 [02:21<32:12,  1.88s/it]
  7%|▋         | 75/1100 [02:23<30:36,  1.79s/it]
  7%|▋         | 76/1100 [02:25<31:30,  1.85s/it]
  7%|▋         | 77/1100 [02:26<30:27,  1.79s/it]
  7%|▋         | 78/1100 [02:28<30:19,  1.78s/it]
  7%|▋         | 79/1100 [02:30<30:05,  1.77s/it]
  7%|▋         | 80/1100 [02:32<31:13,  1.84s/it]
                                                 
{'loss': '1.755', 'grad_norm': '0.9568', 'learning_rate': '0.0001418', 'entropy': '1.731', 'num_tokens': '1.639e+05', 'mean_token_accuracy': '0.5749', 'epoch': '0.1455'}

  7%|▋         | 80/1100 [02:32<31:13,  1.84s/it]
  7%|▋         | 81/1100 [02:34<31:13,  1.84s/it]
  7%|▋         | 82/1100 [02:35<29:24,  1.73s/it]
  8%|▊         | 83/1100 [02:37<31:08,  1.84s/it]
  8%|▊         | 84/1100 [02:39<30:41,  1.81s/it]
  8%|▊         | 85/1100 [02:41<34:38,  2.05s/it]
  8%|▊         | 86/1100 [02:43<32:37,  1.93s/it]
  8%|▊         | 87/1100 [02:45<33:01,  1.96s/it]
  8%|▊         | 88/1100 [02:47<31:12,  1.85s/it]
  8%|▊         | 89/1100 [02:49<31:47,  1.89s/it]
  8%|▊         | 90/1100 [02:51<33:32,  1.99s/it]
                                                 
{'loss': '1.768', 'grad_norm': '1.039', 'learning_rate': '0.00016', 'entropy': '1.794', 'num_tokens': '1.848e+05', 'mean_token_accuracy': '0.5698', 'epoch': '0.1637'}

  8%|▊         | 90/1100 [02:51<33:32,  1.99s/it]
  8%|▊         | 91/1100 [02:53<34:06,  2.03s/it]
  8%|▊         | 92/1100 [02:55<33:52,  2.02s/it]
  8%|▊         | 93/1100 [02:57<33:21,  1.99s/it]
  9%|▊         | 94/1100 [02:59<34:04,  2.03s/it]
  9%|▊         | 95/1100 [03:02<35:52,  2.14s/it]
  9%|▊         | 96/1100 [03:04<35:21,  2.11s/it]
  9%|▉         | 97/1100 [03:06<34:52,  2.09s/it]
  9%|▉         | 98/1100 [03:08<34:35,  2.07s/it]
  9%|▉         | 99/1100 [03:09<33:31,  2.01s/it]
  9%|▉         | 100/1100 [03:11<33:23,  2.00s/it]
                                                  
{'loss': '1.785', 'grad_norm': '1.24', 'learning_rate': '0.0001782', 'entropy': '1.734', 'num_tokens': '2.059e+05', 'mean_token_accuracy': '0.5639', 'epoch': '0.1819'}

  9%|▉         | 100/1100 [03:11<33:23,  2.00s/it]

  0%|          | 0/253 [00:00<?, ?it/s][A

  1%|          | 3/253 [00:00<00:18, 13.43it/s][A

  2%|▏         | 5/253 [00:00<00:24, 10.03it/s][A

  3%|▎         | 7/253 [00:00<00:25,  9.78it/s][A

  3%|▎         | 8/253 [00:00<00:25,  9.54it/s][A

  4%|▍         | 10/253 [00:01<00:26,  9.33it/s][A

  4%|▍         | 11/253 [00:01<00:25,  9.42it/s][A

  5%|▍         | 12/253 [00:01<00:26,  8.93it/s][A

  5%|▌         | 13/253 [00:01<00:26,  8.92it/s][A

  6%|▌         | 14/253 [00:01<00:26,  8.86it/s][A

  6%|▌         | 15/253 [00:01<00:27,  8.59it/s][A

  7%|▋         | 17/253 [00:01<00:26,  8.85it/s][A

  8%|▊         | 19/253 [00:02<00:26,  8.80it/s][A

  8%|▊         | 20/253 [00:02<00:26,  8.65it/s][A

  8%|▊         | 21/253 [00:02<00:27,  8.40it/s][A

  9%|▉         | 23/253 [00:02<00:26,  8.66it/s][A

  9%|▉         | 24/253 [00:02<00:27,  8.28it/s][A

 10%|█         | 26/253 [00:02<00:25,  8.98it/s][A

 11%|█         | 27/253 [00:02<00:25,  8.89it/s][A

 11%|█         | 28/253 [00:03<00:25,  8.84it/s][A

 12%|█▏        | 30/253 [00:03<00:24,  9.18it/s][A

 12%|█▏        | 31/253 [00:03<00:25,  8.65it/s][A

 13%|█▎        | 32/253 [00:03<00:25,  8.67it/s][A

 13%|█▎        | 33/253 [00:03<00:25,  8.77it/s][A

 13%|█▎        | 34/253 [00:03<00:25,  8.55it/s][A

 14%|█▍        | 35/253 [00:03<00:26,  8.19it/s][A

 14%|█▍        | 36/253 [00:04<00:25,  8.38it/s][A

 15%|█▌        | 38/253 [00:04<00:23,  9.18it/s][A

 15%|█▌        | 39/253 [00:04<00:24,  8.85it/s][A

 16%|█▌        | 40/253 [00:04<00:24,  8.59it/s][A

 16%|█▌        | 41/253 [00:04<00:24,  8.55it/s][A

 17%|█▋        | 42/253 [00:04<00:25,  8.38it/s][A

 17%|█▋        | 43/253 [00:04<00:24,  8.47it/s][A

 17%|█▋        | 44/253 [00:04<00:25,  8.36it/s][A

 18%|█▊        | 46/253 [00:05<00:23,  8.70it/s][A

 19%|█▊        | 47/253 [00:05<00:24,  8.40it/s][A

 19%|█▉        | 48/253 [00:05<00:24,  8.44it/s][A

 19%|█▉        | 49/253 [00:05<00:23,  8.70it/s][A

 20%|█▉        | 50/253 [00:05<00:22,  8.91it/s][A

 21%|██        | 52/253 [00:05<00:21,  9.52it/s][A

 21%|██        | 53/253 [00:05<00:22,  8.89it/s][A

 21%|██▏       | 54/253 [00:06<00:23,  8.54it/s][A

 22%|██▏       | 56/253 [00:06<00:21,  9.15it/s][A

 23%|██▎       | 57/253 [00:06<00:22,  8.72it/s][A

 23%|██▎       | 58/253 [00:06<00:23,  8.35it/s][A

 23%|██▎       | 59/253 [00:06<00:23,  8.12it/s][A

 24%|██▎       | 60/253 [00:06<00:24,  7.99it/s][A

 24%|██▍       | 61/253 [00:06<00:23,  8.27it/s][A

 25%|██▍       | 62/253 [00:07<00:24,  7.70it/s][A

 25%|██▍       | 63/253 [00:07<00:24,  7.68it/s][A

 26%|██▌       | 65/253 [00:07<00:22,  8.21it/s][A

 26%|██▌       | 66/253 [00:07<00:23,  8.09it/s][A

 26%|██▋       | 67/253 [00:07<00:21,  8.47it/s][A

 27%|██▋       | 69/253 [00:07<00:21,  8.69it/s][A

 28%|██▊       | 70/253 [00:08<00:21,  8.69it/s][A

 28%|██▊       | 71/253 [00:08<00:21,  8.57it/s][A

 29%|██▉       | 73/253 [00:08<00:19,  9.22it/s][A

 29%|██▉       | 74/253 [00:08<00:19,  9.09it/s][A

 30%|██▉       | 75/253 [00:08<00:20,  8.68it/s][A

 30%|███       | 76/253 [00:08<00:20,  8.48it/s][A

 31%|███       | 78/253 [00:08<00:19,  8.87it/s][A

 31%|███       | 79/253 [00:09<00:20,  8.64it/s][A

 32%|███▏      | 80/253 [00:09<00:20,  8.41it/s][A

 32%|███▏      | 81/253 [00:09<00:20,  8.30it/s][A

 32%|███▏      | 82/253 [00:09<00:20,  8.42it/s][A

 33%|███▎      | 83/253 [00:09<00:20,  8.20it/s][A

 33%|███▎      | 84/253 [00:09<00:20,  8.11it/s][A

 34%|███▎      | 85/253 [00:09<00:20,  8.05it/s][A

 34%|███▍      | 86/253 [00:09<00:19,  8.44it/s][A

 34%|███▍      | 87/253 [00:10<00:20,  8.15it/s][A

 35%|███▍      | 88/253 [00:10<00:20,  7.97it/s][A

 35%|███▌      | 89/253 [00:10<00:20,  7.83it/s][A

 36%|███▌      | 91/253 [00:10<00:18,  8.82it/s][A

 36%|███▋      | 92/253 [00:10<00:18,  8.54it/s][A

 37%|███▋      | 93/253 [00:10<00:19,  8.21it/s][A

 37%|███▋      | 94/253 [00:10<00:18,  8.60it/s][A

 38%|███▊      | 95/253 [00:10<00:17,  8.95it/s][A

 38%|███▊      | 96/253 [00:11<00:17,  9.14it/s][A

 39%|███▊      | 98/253 [00:11<00:17,  8.91it/s][A

 39%|███▉      | 99/253 [00:11<00:17,  8.56it/s][A

 40%|███▉      | 100/253 [00:11<00:18,  8.40it/s][A

 40%|███▉      | 101/253 [00:11<00:18,  8.19it/s][A

 40%|████      | 102/253 [00:11<00:18,  8.06it/s][A

 41%|████      | 103/253 [00:11<00:18,  7.99it/s][A

 41%|████      | 104/253 [00:12<00:18,  8.01it/s][A

 42%|████▏     | 105/253 [00:12<00:18,  7.94it/s][A

 42%|████▏     | 107/253 [00:12<00:17,  8.36it/s][A

 43%|████▎     | 108/253 [00:12<00:17,  8.27it/s][A

 43%|████▎     | 110/253 [00:12<00:15,  9.03it/s][A

 44%|████▍     | 111/253 [00:12<00:15,  8.96it/s][A

 44%|████▍     | 112/253 [00:12<00:16,  8.69it/s][A

 45%|████▍     | 113/253 [00:13<00:16,  8.44it/s][A

 45%|████▌     | 114/253 [00:13<00:16,  8.25it/s][A

 45%|████▌     | 115/253 [00:13<00:17,  7.73it/s][A

 46%|████▌     | 116/253 [00:13<00:17,  7.79it/s][A

 46%|████▌     | 117/253 [00:13<00:17,  7.88it/s][A

 47%|████▋     | 118/253 [00:13<00:17,  7.85it/s][A

 47%|████▋     | 119/253 [00:13<00:17,  7.83it/s][A

 47%|████▋     | 120/253 [00:14<00:16,  7.86it/s][A

 48%|████▊     | 121/253 [00:14<00:15,  8.28it/s][A

 49%|████▊     | 123/253 [00:14<00:15,  8.52it/s][A

 49%|████▉     | 124/253 [00:14<00:15,  8.30it/s][A

 50%|████▉     | 126/253 [00:14<00:14,  8.57it/s][A

 50%|█████     | 127/253 [00:14<00:15,  8.37it/s][A

 51%|█████     | 128/253 [00:14<00:14,  8.67it/s][A

 51%|█████     | 129/253 [00:15<00:14,  8.38it/s][A

 52%|█████▏    | 131/253 [00:15<00:13,  8.89it/s][A

 52%|█████▏    | 132/253 [00:15<00:13,  8.68it/s][A

 53%|█████▎    | 134/253 [00:15<00:13,  9.11it/s][A

 53%|█████▎    | 135/253 [00:15<00:13,  8.67it/s][A

 54%|█████▍    | 137/253 [00:15<00:13,  8.91it/s][A

 55%|█████▍    | 138/253 [00:16<00:13,  8.55it/s][A

 55%|█████▍    | 139/253 [00:16<00:13,  8.41it/s][A

 56%|█████▌    | 141/253 [00:16<00:13,  8.60it/s][A

 56%|█████▌    | 142/253 [00:16<00:13,  8.48it/s][A

 57%|█████▋    | 143/253 [00:16<00:13,  8.25it/s][A

 57%|█████▋    | 144/253 [00:16<00:13,  8.20it/s][A

 58%|█████▊    | 146/253 [00:16<00:11,  8.96it/s][A

 58%|█████▊    | 148/253 [00:17<00:11,  8.95it/s][A

 59%|█████▉    | 149/253 [00:17<00:11,  8.68it/s][A

 60%|█████▉    | 151/253 [00:17<00:11,  8.94it/s][A

 60%|██████    | 153/253 [00:17<00:10,  9.41it/s][A

 61%|██████▏   | 155/253 [00:17<00:10,  9.27it/s][A

 62%|██████▏   | 157/253 [00:18<00:10,  9.37it/s][A

 62%|██████▏   | 158/253 [00:18<00:10,  9.25it/s][A

 63%|██████▎   | 159/253 [00:18<00:10,  8.81it/s][A

 63%|██████▎   | 160/253 [00:18<00:10,  8.48it/s][A

 64%|██████▎   | 161/253 [00:18<00:11,  8.25it/s][A

 64%|██████▍   | 162/253 [00:18<00:11,  7.77it/s][A

 64%|██████▍   | 163/253 [00:18<00:10,  8.19it/s][A

 65%|██████▌   | 165/253 [00:19<00:10,  8.43it/s][A

 66%|██████▌   | 167/253 [00:19<00:09,  8.84it/s][A

 67%|██████▋   | 169/253 [00:19<00:09,  9.04it/s][A

 67%|██████▋   | 170/253 [00:19<00:09,  8.64it/s][A

 68%|██████▊   | 171/253 [00:19<00:09,  8.41it/s][A

 68%|██████▊   | 172/253 [00:19<00:09,  8.46it/s][A

 68%|██████▊   | 173/253 [00:20<00:09,  8.23it/s][A

 69%|██████▉   | 174/253 [00:20<00:09,  8.16it/s][A

 70%|██████▉   | 176/253 [00:20<00:08,  8.59it/s][A

 70%|██████▉   | 177/253 [00:20<00:08,  8.51it/s][A

 71%|███████   | 179/253 [00:20<00:08,  8.62it/s][A

 71%|███████   | 180/253 [00:20<00:08,  8.47it/s][A

 72%|███████▏  | 181/253 [00:21<00:08,  8.35it/s][A

 72%|███████▏  | 183/253 [00:21<00:08,  8.64it/s][A

 73%|███████▎  | 185/253 [00:21<00:07,  8.79it/s][A

 74%|███████▍  | 187/253 [00:21<00:07,  8.86it/s][A

 74%|███████▍  | 188/253 [00:21<00:07,  8.56it/s][A

 75%|███████▍  | 189/253 [00:21<00:07,  8.42it/s][A

 75%|███████▌  | 191/253 [00:22<00:07,  8.67it/s][A

 76%|███████▋  | 193/253 [00:22<00:06,  9.19it/s][A

 77%|███████▋  | 194/253 [00:22<00:06,  9.09it/s][A

 77%|███████▋  | 196/253 [00:22<00:06,  9.08it/s][A

 78%|███████▊  | 197/253 [00:22<00:06,  9.04it/s][A

 78%|███████▊  | 198/253 [00:22<00:06,  8.89it/s][A

 79%|███████▊  | 199/253 [00:23<00:06,  8.64it/s][A

 79%|███████▉  | 200/253 [00:23<00:06,  8.63it/s][A

 79%|███████▉  | 201/253 [00:23<00:06,  8.34it/s][A

 80%|███████▉  | 202/253 [00:23<00:06,  8.17it/s][A

 80%|████████  | 203/253 [00:23<00:06,  7.62it/s][A

 81%|████████  | 204/253 [00:23<00:06,  7.63it/s][A

 81%|████████  | 205/253 [00:23<00:06,  7.64it/s][A

 82%|████████▏ | 207/253 [00:24<00:05,  8.12it/s][A

 83%|████████▎ | 209/253 [00:24<00:04,  8.87it/s][A

 83%|████████▎ | 211/253 [00:24<00:04,  9.20it/s][A

 84%|████████▍ | 213/253 [00:24<00:04,  9.23it/s][A

 85%|████████▍ | 214/253 [00:24<00:04,  9.09it/s][A

 85%|████████▍ | 215/253 [00:24<00:04,  9.21it/s][A

 86%|████████▌ | 217/253 [00:25<00:04,  8.71it/s][A

 86%|████████▌ | 218/253 [00:25<00:04,  8.54it/s][A

 87%|████████▋ | 220/253 [00:25<00:03,  8.68it/s][A

 87%|████████▋ | 221/253 [00:25<00:03,  8.70it/s][A

 88%|████████▊ | 222/253 [00:25<00:03,  8.70it/s][A

 88%|████████▊ | 223/253 [00:25<00:03,  8.37it/s][A

 89%|████████▉ | 225/253 [00:26<00:03,  9.08it/s][A

 89%|████████▉ | 226/253 [00:26<00:03,  8.63it/s][A

 90%|█████████ | 228/253 [00:26<00:02,  9.22it/s][A

 91%|█████████ | 229/253 [00:26<00:02,  9.09it/s][A

 91%|█████████ | 230/253 [00:26<00:02,  8.70it/s][A

 91%|█████████▏| 231/253 [00:26<00:02,  8.98it/s][A

 92%|█████████▏| 232/253 [00:26<00:02,  8.21it/s][A

 92%|█████████▏| 234/253 [00:27<00:02,  8.54it/s][A

 93%|█████████▎| 236/253 [00:27<00:01,  8.77it/s][A

 94%|█████████▍| 238/253 [00:27<00:01,  9.00it/s][A

 95%|█████████▍| 240/253 [00:27<00:01,  9.15it/s][A

 96%|█████████▌| 242/253 [00:27<00:01,  9.49it/s][A

 96%|█████████▌| 243/253 [00:28<00:01,  9.09it/s][A

 96%|█████████▋| 244/253 [00:28<00:01,  8.72it/s][A

 97%|█████████▋| 246/253 [00:28<00:00,  8.50it/s][A

 98%|█████████▊| 248/253 [00:28<00:00,  8.77it/s][A

 98%|█████████▊| 249/253 [00:28<00:00,  8.76it/s][A

 99%|█████████▉| 250/253 [00:28<00:00,  8.58it/s][A

100%|█████████▉| 252/253 [00:29<00:00,  8.74it/s][A
                                                  

                                                 
[A{'eval_loss': '1.685', 'eval_runtime': '29.38', 'eval_samples_per_second': '17.23', 'eval_steps_per_second': '8.613', 'eval_entropy': '1.742', 'eval_num_tokens': '2.059e+05', 'eval_mean_token_accuracy': '0.5833', 'epoch': '0.1819'}

  9%|▉         | 100/1100 [03:41<33:23,  2.00s/it]

100%|██████████| 253/253 [00:29<00:00,  8.74it/s][A

                                                 [A
  9%|▉         | 101/1100 [03:43<2:58:27, 10.72s/it]
  9%|▉         | 102/1100 [03:45<2:18:19,  8.32s/it]
  9%|▉         | 103/1100 [03:47<1:45:28,  6.35s/it]
  9%|▉         | 104/1100 [03:49<1:23:32,  5.03s/it]
 10%|▉         | 105/1100 [03:51<1:07:05,  4.05s/it]
 10%|▉         | 106/1100 [03:53<56:10,  3.39s/it]  
 10%|▉         | 107/1100 [03:54<47:50,  2.89s/it]
 10%|▉         | 108/1100 [03:56<44:10,  2.67s/it]
 10%|▉         | 109/1100 [03:58<39:05,  2.37s/it]
 10%|█         | 110/1100 [04:00<35:49,  2.17s/it]
                                                  
{'loss': '1.763', 'grad_norm': '1.052', 'learning_rate': '0.0001964', 'entropy': '1.736', 'num_tokens': '2.264e+05', 'mean_token_accuracy': '0.5849', 'epoch': '0.2001'}

 10%|█         | 110/1100 [04:00<35:49,  2.17s/it]
 10%|█         | 111/1100 [04:02<34:46,  2.11s/it]
 10%|█         | 112/1100 [04:04<34:12,  2.08s/it]
 10%|█         | 113/1100 [04:06<32:54,  2.00s/it]
 10%|█         | 114/1100 [04:07<31:15,  1.90s/it]
 10%|█         | 115/1100 [04:09<32:33,  1.98s/it]
 11%|█         | 116/1100 [04:11<31:18,  1.91s/it]
 11%|█         | 117/1100 [04:13<30:38,  1.87s/it]
 11%|█         | 118/1100 [04:15<30:00,  1.83s/it]
 11%|█         | 119/1100 [04:17<30:25,  1.86s/it]
 11%|█         | 120/1100 [04:19<33:06,  2.03s/it]
                                                  
{'loss': '1.739', 'grad_norm': '1.366', 'learning_rate': '0.0002', 'entropy': '1.715', 'num_tokens': '2.469e+05', 'mean_token_accuracy': '0.5739', 'epoch': '0.2183'}

 11%|█         | 120/1100 [04:19<33:06,  2.03s/it]
 11%|█         | 121/1100 [04:21<31:26,  1.93s/it]
 11%|█         | 122/1100 [04:23<32:14,  1.98s/it]
 11%|█         | 123/1100 [04:25<31:28,  1.93s/it]
 11%|█▏        | 124/1100 [04:27<31:11,  1.92s/it]
 11%|█▏        | 125/1100 [04:28<30:37,  1.88s/it]
 11%|█▏        | 126/1100 [04:30<31:23,  1.93s/it]
 12%|█▏        | 127/1100 [04:32<30:46,  1.90s/it]
 12%|█▏        | 128/1100 [04:34<30:49,  1.90s/it]
 12%|█▏        | 129/1100 [04:36<30:47,  1.90s/it]
 12%|█▏        | 130/1100 [04:38<30:35,  1.89s/it]
                                                  
{'loss': '1.715', 'grad_norm': '1.223', 'learning_rate': '0.0001998', 'entropy': '1.683', 'num_tokens': '2.675e+05', 'mean_token_accuracy': '0.5813', 'epoch': '0.2365'}

 12%|█▏        | 130/1100 [04:38<30:35,  1.89s/it]
 12%|█▏        | 131/1100 [04:40<31:21,  1.94s/it]
 12%|█▏        | 132/1100 [04:42<32:04,  1.99s/it]
 12%|█▏        | 133/1100 [04:44<32:42,  2.03s/it]
 12%|█▏        | 134/1100 [04:46<32:30,  2.02s/it]
 12%|█▏        | 135/1100 [04:48<32:36,  2.03s/it]
 12%|█▏        | 136/1100 [04:51<34:14,  2.13s/it]
 12%|█▏        | 137/1100 [04:52<32:11,  2.01s/it]
 13%|█▎        | 138/1100 [04:54<30:43,  1.92s/it]
 13%|█▎        | 139/1100 [04:56<30:01,  1.87s/it]
 13%|█▎        | 140/1100 [04:58<29:14,  1.83s/it]
                                                  
{'loss': '1.663', 'grad_norm': '1.206', 'learning_rate': '0.0001996', 'entropy': '1.641', 'num_tokens': '2.883e+05', 'mean_token_accuracy': '0.5977', 'epoch': '0.2547'}

 13%|█▎        | 140/1100 [04:58<29:14,  1.83s/it]
 13%|█▎        | 141/1100 [04:59<29:11,  1.83s/it]
 13%|█▎        | 142/1100 [05:01<29:05,  1.82s/it]
 13%|█▎        | 143/1100 [05:03<29:38,  1.86s/it]
 13%|█▎        | 144/1100 [05:05<30:06,  1.89s/it]
 13%|█▎        | 145/1100 [05:07<29:04,  1.83s/it]
 13%|█▎        | 146/1100 [05:09<29:41,  1.87s/it]
 13%|█▎        | 147/1100 [05:10<28:45,  1.81s/it]
 13%|█▎        | 148/1100 [05:12<28:06,  1.77s/it]
 14%|█▎        | 149/1100 [05:14<29:41,  1.87s/it]
 14%|█▎        | 150/1100 [05:16<30:21,  1.92s/it]
                                                  
{'loss': '1.615', 'grad_norm': '1.166', 'learning_rate': '0.0001993', 'entropy': '1.6', 'num_tokens': '3.09e+05', 'mean_token_accuracy': '0.5988', 'epoch': '0.2729'}

 14%|█▎        | 150/1100 [05:16<30:21,  1.92s/it]
 14%|█▎        | 151/1100 [05:18<31:02,  1.96s/it]
 14%|█▍        | 152/1100 [05:20<30:02,  1.90s/it]
 14%|█▍        | 153/1100 [05:22<31:38,  2.00s/it]
 14%|█▍        | 154/1100 [05:24<29:49,  1.89s/it]
 14%|█▍        | 155/1100 [05:26<30:59,  1.97s/it]
 14%|█▍        | 156/1100 [05:28<29:16,  1.86s/it]
 14%|█▍        | 157/1100 [05:29<29:01,  1.85s/it]
 14%|█▍        | 158/1100 [05:31<28:04,  1.79s/it]
 14%|█▍        | 159/1100 [05:33<27:35,  1.76s/it]
 15%|█▍        | 160/1100 [05:35<28:55,  1.85s/it]
                                                  
{'loss': '1.586', 'grad_norm': '1.077', 'learning_rate': '0.0001988', 'entropy': '1.522', 'num_tokens': '3.302e+05', 'mean_token_accuracy': '0.6044', 'epoch': '0.291'}

 15%|█▍        | 160/1100 [05:35<28:55,  1.85s/it]
 15%|█▍        | 161/1100 [05:36<27:38,  1.77s/it]
 15%|█▍        | 162/1100 [05:38<28:14,  1.81s/it]
 15%|█▍        | 163/1100 [05:40<27:02,  1.73s/it]
 15%|█▍        | 164/1100 [05:42<27:10,  1.74s/it]
 15%|█▌        | 165/1100 [05:44<28:26,  1.82s/it]
 15%|█▌        | 166/1100 [05:45<27:38,  1.78s/it]
 15%|█▌        | 167/1100 [05:47<28:07,  1.81s/it]
 15%|█▌        | 168/1100 [05:49<28:55,  1.86s/it]
 15%|█▌        | 169/1100 [05:51<28:59,  1.87s/it]
 15%|█▌        | 170/1100 [05:53<29:29,  1.90s/it]
                                                  
{'loss': '1.635', 'grad_norm': '1.129', 'learning_rate': '0.0001983', 'entropy': '1.72', 'num_tokens': '3.512e+05', 'mean_token_accuracy': '0.5941', 'epoch': '0.3092'}

 15%|█▌        | 170/1100 [05:53<29:29,  1.90s/it]
 16%|█▌        | 171/1100 [05:55<29:15,  1.89s/it]
 16%|█▌        | 172/1100 [05:57<28:41,  1.86s/it]
 16%|█▌        | 173/1100 [05:59<29:22,  1.90s/it]
 16%|█▌        | 174/1100 [06:01<29:15,  1.90s/it]
 16%|█▌        | 175/1100 [06:03<29:37,  1.92s/it]
 16%|█▌        | 176/1100 [06:05<30:12,  1.96s/it]
 16%|█▌        | 177/1100 [06:07<30:13,  1.97s/it]
 16%|█▌        | 178/1100 [06:09<30:22,  1.98s/it]
 16%|█▋        | 179/1100 [06:11<30:18,  1.97s/it]
 16%|█▋        | 180/1100 [06:13<30:38,  2.00s/it]
                                                  
{'loss': '1.569', 'grad_norm': '1.077', 'learning_rate': '0.0001977', 'entropy': '1.495', 'num_tokens': '3.72e+05', 'mean_token_accuracy': '0.6074', 'epoch': '0.3274'}

 16%|█▋        | 180/1100 [06:13<30:38,  2.00s/it]
 16%|█▋        | 181/1100 [06:15<30:33,  1.99s/it]
 17%|█▋        | 182/1100 [06:17<30:24,  1.99s/it]
 17%|█▋        | 183/1100 [06:19<30:45,  2.01s/it]
 17%|█▋        | 184/1100 [06:21<30:13,  1.98s/it]
 17%|█▋        | 185/1100 [06:22<28:46,  1.89s/it]
 17%|█▋        | 186/1100 [06:24<28:58,  1.90s/it]
 17%|█▋        | 187/1100 [06:26<27:28,  1.81s/it]
 17%|█▋        | 188/1100 [06:28<30:10,  1.99s/it]
 17%|█▋        | 189/1100 [06:30<28:51,  1.90s/it]
 17%|█▋        | 190/1100 [06:32<29:00,  1.91s/it]
                                                  
{'loss': '1.539', 'grad_norm': '1.204', 'learning_rate': '0.000197', 'entropy': '1.569', 'num_tokens': '3.926e+05', 'mean_token_accuracy': '0.6082', 'epoch': '0.3456'}

 17%|█▋        | 190/1100 [06:32<29:00,  1.91s/it]
 17%|█▋        | 191/1100 [06:34<29:23,  1.94s/it]
 17%|█▋        | 192/1100 [06:36<29:39,  1.96s/it]
 18%|█▊        | 193/1100 [06:38<30:00,  1.99s/it]
 18%|█▊        | 194/1100 [06:40<29:49,  1.98s/it]
 18%|█▊        | 195/1100 [06:42<29:28,  1.95s/it]
 18%|█▊        | 196/1100 [06:43<28:14,  1.87s/it]
 18%|█▊        | 197/1100 [06:45<28:07,  1.87s/it]
 18%|█▊        | 198/1100 [06:47<27:35,  1.84s/it]
 18%|█▊        | 199/1100 [06:49<29:09,  1.94s/it]
 18%|█▊        | 200/1100 [06:51<28:04,  1.87s/it]
                                                  
{'loss': '1.645', 'grad_norm': '1.155', 'learning_rate': '0.0001961', 'entropy': '1.613', 'num_tokens': '4.136e+05', 'mean_token_accuracy': '0.5957', 'epoch': '0.3638'}

 18%|█▊        | 200/1100 [06:51<28:04,  1.87s/it]

  0%|          | 0/253 [00:00<?, ?it/s][A

  1%|          | 3/253 [00:00<00:18, 13.41it/s][A

  2%|▏         | 5/253 [00:00<00:24, 10.01it/s][A

  3%|▎         | 7/253 [00:00<00:25,  9.47it/s][A

  3%|▎         | 8/253 [00:00<00:26,  9.24it/s][A

  4%|▎         | 9/253 [00:00<00:27,  8.95it/s][A

  4%|▍         | 10/253 [00:01<00:27,  8.71it/s][A

  4%|▍         | 11/253 [00:01<00:26,  8.98it/s][A

  5%|▍         | 12/253 [00:01<00:28,  8.57it/s][A

  5%|▌         | 13/253 [00:01<00:27,  8.76it/s][A

  6%|▌         | 14/253 [00:01<00:27,  8.74it/s][A

  6%|▌         | 15/253 [00:01<00:28,  8.45it/s][A

  6%|▋         | 16/253 [00:01<00:27,  8.57it/s][A

  7%|▋         | 17/253 [00:01<00:27,  8.56it/s][A

  8%|▊         | 19/253 [00:02<00:27,  8.61it/s][A

  8%|▊         | 20/253 [00:02<00:27,  8.51it/s][A

  8%|▊         | 21/253 [00:02<00:27,  8.31it/s][A

  9%|▉         | 23/253 [00:02<00:25,  9.04it/s][A

  9%|▉         | 24/253 [00:02<00:26,  8.67it/s][A

 10%|█         | 26/253 [00:02<00:25,  8.99it/s][A

 11%|█         | 28/253 [00:03<00:24,  9.15it/s][A

 12%|█▏        | 30/253 [00:03<00:23,  9.53it/s][A

 12%|█▏        | 31/253 [00:03<00:24,  9.11it/s][A

 13%|█▎        | 32/253 [00:03<00:24,  8.99it/s][A

 13%|█▎        | 33/253 [00:03<00:24,  8.82it/s][A

 13%|█▎        | 34/253 [00:03<00:25,  8.60it/s][A

 14%|█▍        | 35/253 [00:03<00:26,  8.25it/s][A

 14%|█▍        | 36/253 [00:04<00:25,  8.41it/s][A

 15%|█▌        | 38/253 [00:04<00:23,  9.19it/s][A

 15%|█▌        | 39/253 [00:04<00:24,  8.88it/s][A

 16%|█▌        | 40/253 [00:04<00:24,  8.61it/s][A

 16%|█▌        | 41/253 [00:04<00:24,  8.56it/s][A

 17%|█▋        | 42/253 [00:04<00:25,  8.37it/s][A

 17%|█▋        | 43/253 [00:04<00:24,  8.47it/s][A

 17%|█▋        | 44/253 [00:04<00:24,  8.36it/s][A

 18%|█▊        | 46/253 [00:05<00:23,  8.66it/s][A

 19%|█▊        | 47/253 [00:05<00:24,  8.28it/s][A

 19%|█▉        | 48/253 [00:05<00:24,  8.36it/s][A

 20%|█▉        | 50/253 [00:05<00:22,  8.84it/s][A

 21%|██        | 52/253 [00:05<00:21,  9.36it/s][A

 21%|██        | 53/253 [00:05<00:22,  8.88it/s][A

 21%|██▏       | 54/253 [00:06<00:23,  8.56it/s][A

 22%|██▏       | 56/253 [00:06<00:21,  9.09it/s][A

 23%|██▎       | 57/253 [00:06<00:22,  8.67it/s][A

 23%|██▎       | 58/253 [00:06<00:23,  8.39it/s][A

 23%|██▎       | 59/253 [00:06<00:23,  8.19it/s][A

 24%|██▎       | 60/253 [00:06<00:23,  8.14it/s][A

 24%|██▍       | 61/253 [00:06<00:22,  8.39it/s][A

 25%|██▍       | 62/253 [00:07<00:24,  7.75it/s][A

 25%|██▍       | 63/253 [00:07<00:24,  7.70it/s][A

 26%|██▌       | 65/253 [00:07<00:22,  8.24it/s][A

 26%|██▌       | 66/253 [00:07<00:22,  8.18it/s][A

 27%|██▋       | 68/253 [00:07<00:20,  8.97it/s][A

 27%|██▋       | 69/253 [00:07<00:21,  8.66it/s][A

 28%|██▊       | 70/253 [00:08<00:21,  8.56it/s][A

 28%|██▊       | 71/253 [00:08<00:21,  8.50it/s][A

 29%|██▉       | 73/253 [00:08<00:19,  9.19it/s][A

 29%|██▉       | 74/253 [00:08<00:19,  9.06it/s][A

 30%|██▉       | 75/253 [00:08<00:20,  8.66it/s][A

 30%|███       | 76/253 [00:08<00:20,  8.48it/s][A

 31%|███       | 78/253 [00:08<00:19,  8.87it/s][A

 31%|███       | 79/253 [00:09<00:20,  8.63it/s][A

 32%|███▏      | 80/253 [00:09<00:20,  8.41it/s][A

 32%|███▏      | 81/253 [00:09<00:20,  8.31it/s][A

 32%|███▏      | 82/253 [00:09<00:20,  8.41it/s][A

 33%|███▎      | 83/253 [00:09<00:21,  8.06it/s][A

 33%|███▎      | 84/253 [00:09<00:21,  8.02it/s][A

 34%|███▎      | 85/253 [00:09<00:20,  8.00it/s][A

 34%|███▍      | 86/253 [00:09<00:20,  8.22it/s][A

 34%|███▍      | 87/253 [00:10<00:20,  7.99it/s][A

 35%|███▍      | 88/253 [00:10<00:20,  7.94it/s][A

 35%|███▌      | 89/253 [00:10<00:20,  7.82it/s][A

 36%|███▌      | 91/253 [00:10<00:18,  8.79it/s][A

 36%|███▋      | 92/253 [00:10<00:18,  8.53it/s][A

 37%|███▋      | 93/253 [00:10<00:19,  8.20it/s][A

 37%|███▋      | 94/253 [00:10<00:18,  8.59it/s][A

 38%|███▊      | 96/253 [00:11<00:16,  9.29it/s][A

 39%|███▊      | 98/253 [00:11<00:17,  9.03it/s][A

 39%|███▉      | 99/253 [00:11<00:17,  8.67it/s][A

 40%|███▉      | 100/253 [00:11<00:18,  8.50it/s][A

 40%|███▉      | 101/253 [00:11<00:18,  8.26it/s][A

 40%|████      | 102/253 [00:11<00:18,  8.07it/s][A

 41%|████      | 103/253 [00:11<00:18,  7.99it/s][A

 41%|████      | 104/253 [00:12<00:18,  8.02it/s][A

 42%|████▏     | 105/253 [00:12<00:18,  7.95it/s][A

 42%|████▏     | 107/253 [00:12<00:17,  8.37it/s][A

 43%|████▎     | 108/253 [00:12<00:17,  8.27it/s][A

 43%|████▎     | 110/253 [00:12<00:15,  9.03it/s][A

 44%|████▍     | 111/253 [00:12<00:15,  8.96it/s][A

 44%|████▍     | 112/253 [00:12<00:16,  8.70it/s][A

 45%|████▍     | 113/253 [00:13<00:16,  8.45it/s][A

 45%|████▌     | 114/253 [00:13<00:16,  8.27it/s][A

 45%|████▌     | 115/253 [00:13<00:17,  7.77it/s][A

 46%|████▌     | 116/253 [00:13<00:17,  7.83it/s][A

 46%|████▌     | 117/253 [00:13<00:17,  7.88it/s][A

 47%|████▋     | 118/253 [00:13<00:17,  7.75it/s][A

 47%|████▋     | 119/253 [00:13<00:17,  7.81it/s][A

 47%|████▋     | 120/253 [00:13<00:16,  8.07it/s][A

 48%|████▊     | 121/253 [00:14<00:15,  8.49it/s][A

 48%|████▊     | 122/253 [00:14<00:15,  8.65it/s][A

 49%|████▊     | 123/253 [00:14<00:15,  8.41it/s][A

 49%|████▉     | 124/253 [00:14<00:15,  8.23it/s][A

 49%|████▉     | 125/253 [00:14<00:14,  8.59it/s][A

 50%|████▉     | 126/253 [00:14<00:15,  8.41it/s][A

 50%|█████     | 127/253 [00:14<00:15,  8.26it/s][A

 51%|█████     | 128/253 [00:14<00:14,  8.57it/s][A

 51%|█████     | 129/253 [00:15<00:15,  8.17it/s][A

 52%|█████▏    | 131/253 [00:15<00:13,  9.09it/s][A

 52%|█████▏    | 132/253 [00:15<00:13,  8.80it/s][A

 53%|█████▎    | 134/253 [00:15<00:12,  9.20it/s][A

 53%|█████▎    | 135/253 [00:15<00:13,  8.85it/s][A

 54%|█████▍    | 137/253 [00:15<00:12,  9.10it/s][A

 55%|█████▍    | 138/253 [00:16<00:13,  8.75it/s][A

 55%|█████▍    | 139/253 [00:16<00:13,  8.38it/s][A

 56%|█████▌    | 141/253 [00:16<00:13,  8.59it/s][A

 56%|█████▌    | 142/253 [00:16<00:13,  8.47it/s][A

 57%|█████▋    | 143/253 [00:16<00:13,  8.25it/s][A

 57%|█████▋    | 144/253 [00:16<00:13,  8.21it/s][A

 58%|█████▊    | 146/253 [00:16<00:11,  8.99it/s][A

 58%|█████▊    | 148/253 [00:17<00:11,  8.97it/s][A

 59%|█████▉    | 149/253 [00:17<00:11,  8.72it/s][A

 60%|█████▉    | 151/253 [00:17<00:11,  8.97it/s][A

 60%|██████    | 153/253 [00:17<00:10,  9.40it/s][A

 61%|██████    | 154/253 [00:17<00:10,  9.38it/s][A

 61%|██████▏   | 155/253 [00:17<00:10,  9.03it/s][A

 62%|██████▏   | 157/253 [00:18<00:10,  9.10it/s][A

 62%|██████▏   | 158/253 [00:18<00:10,  9.01it/s][A

 63%|██████▎   | 159/253 [00:18<00:10,  8.66it/s][A

 63%|██████▎   | 160/253 [00:18<00:11,  8.43it/s][A

 64%|██████▎   | 161/253 [00:18<00:11,  8.17it/s][A

 64%|██████▍   | 162/253 [00:18<00:11,  7.73it/s][A

 65%|██████▍   | 164/253 [00:19<00:10,  8.50it/s][A

 65%|██████▌   | 165/253 [00:19<00:10,  8.30it/s][A

 66%|██████▌   | 167/253 [00:19<00:09,  9.00it/s][A

 67%|██████▋   | 169/253 [00:19<00:09,  9.01it/s][A

 67%|██████▋   | 170/253 [00:19<00:09,  8.70it/s][A

 68%|██████▊   | 171/253 [00:19<00:09,  8.45it/s][A

 68%|██████▊   | 172/253 [00:19<00:09,  8.55it/s][A

 68%|██████▊   | 173/253 [00:20<00:09,  8.40it/s][A

 69%|██████▉   | 174/253 [00:20<00:09,  8.28it/s][A

 70%|██████▉   | 176/253 [00:20<00:08,  9.04it/s][A

 70%|██████▉   | 177/253 [00:20<00:08,  8.88it/s][A

 70%|███████   | 178/253 [00:20<00:08,  9.11it/s][A

 71%|███████   | 179/253 [00:20<00:08,  8.68it/s][A

 71%|███████   | 180/253 [00:20<00:08,  8.48it/s][A

 72%|███████▏  | 181/253 [00:21<00:08,  8.33it/s][A

 72%|███████▏  | 183/253 [00:21<00:08,  8.67it/s][A

 73%|███████▎  | 185/253 [00:21<00:07,  8.82it/s][A

 74%|███████▍  | 187/253 [00:21<00:07,  8.83it/s][A

 74%|███████▍  | 188/253 [00:21<00:07,  8.44it/s][A

 75%|███████▍  | 189/253 [00:21<00:07,  8.33it/s][A

 75%|███████▌  | 191/253 [00:22<00:07,  8.54it/s][A

 76%|███████▋  | 193/253 [00:22<00:06,  9.10it/s][A

 77%|███████▋  | 194/253 [00:22<00:06,  8.96it/s][A

 77%|███████▋  | 195/253 [00:22<00:06,  9.08it/s][A

 77%|███████▋  | 196/253 [00:22<00:06,  8.78it/s][A

 78%|███████▊  | 197/253 [00:22<00:06,  9.06it/s][A

 78%|███████▊  | 198/253 [00:22<00:06,  8.86it/s][A

 79%|███████▊  | 199/253 [00:23<00:06,  8.59it/s][A

 79%|███████▉  | 200/253 [00:23<00:06,  8.66it/s][A

 79%|███████▉  | 201/253 [00:23<00:06,  8.45it/s][A

 80%|███████▉  | 202/253 [00:23<00:06,  8.25it/s][A

 80%|████████  | 203/253 [00:23<00:06,  7.69it/s][A

 81%|████████  | 204/253 [00:23<00:06,  7.67it/s][A

 81%|████████  | 205/253 [00:23<00:06,  7.67it/s][A

 82%|████████▏ | 207/253 [00:24<00:05,  8.28it/s][A

 83%|████████▎ | 209/253 [00:24<00:04,  9.00it/s][A

 83%|████████▎ | 210/253 [00:24<00:04,  8.78it/s][A

 83%|████████▎ | 211/253 [00:24<00:04,  9.01it/s][A

 84%|████████▍ | 213/253 [00:24<00:04,  9.19it/s][A

 85%|████████▍ | 215/253 [00:24<00:03,  9.55it/s][A

 86%|████████▌ | 217/253 [00:25<00:04,  8.98it/s][A

 86%|████████▌ | 218/253 [00:25<00:03,  8.76it/s][A

 87%|████████▋ | 220/253 [00:25<00:03,  8.79it/s][A

 87%|████████▋ | 221/253 [00:25<00:03,  8.79it/s][A

 88%|████████▊ | 222/253 [00:25<00:03,  8.74it/s][A

 88%|████████▊ | 223/253 [00:25<00:03,  8.30it/s][A

 89%|████████▉ | 225/253 [00:26<00:03,  9.02it/s][A

 89%|████████▉ | 226/253 [00:26<00:03,  8.60it/s][A

 90%|████████▉ | 227/253 [00:26<00:02,  8.74it/s][A

 91%|█████████ | 229/253 [00:26<00:02,  9.04it/s][A

 91%|█████████ | 230/253 [00:26<00:02,  8.65it/s][A

 91%|█████████▏| 231/253 [00:26<00:02,  8.83it/s][A

 92%|█████████▏| 232/253 [00:26<00:02,  8.59it/s][A

 92%|█████████▏| 234/253 [00:27<00:02,  8.66it/s][A

 93%|█████████▎| 236/253 [00:27<00:01,  9.00it/s][A

 94%|█████████▍| 238/253 [00:27<00:01,  9.16it/s][A

 95%|█████████▍| 240/253 [00:27<00:01,  9.56it/s][A

 96%|█████████▌| 242/253 [00:27<00:01,  9.55it/s][A

 96%|█████████▌| 243/253 [00:28<00:01,  9.13it/s][A

 96%|█████████▋| 244/253 [00:28<00:01,  8.88it/s][A

 97%|█████████▋| 246/253 [00:28<00:00,  8.63it/s][A

 98%|█████████▊| 248/253 [00:28<00:00,  9.18it/s][A

 98%|█████████▊| 249/253 [00:28<00:00,  9.05it/s][A

 99%|█████████▉| 250/253 [00:28<00:00,  8.72it/s][A

100%|█████████▉| 252/253 [00:29<00:00,  9.02it/s][A
                                                  

                                                 
[A{'eval_loss': '1.568', 'eval_runtime': '29.28', 'eval_samples_per_second': '17.28', 'eval_steps_per_second': '8.64', 'eval_entropy': '1.606', 'eval_num_tokens': '4.136e+05', 'eval_mean_token_accuracy': '0.6055', 'epoch': '0.3638'}

 18%|█▊        | 200/1100 [07:20<28:04,  1.87s/it]

100%|██████████| 253/253 [00:29<00:00,  9.02it/s][A

                                                 [A
 18%|█▊        | 201/1100 [07:22<2:40:35, 10.72s/it]
 18%|█▊        | 202/1100 [07:24<1:59:32,  7.99s/it]
 18%|█▊        | 203/1100 [07:26<1:30:52,  6.08s/it]
 19%|█▊        | 204/1100 [07:28<1:14:17,  4.98s/it]
 19%|█▊        | 205/1100 [07:29<58:56,  3.95s/it]  
 19%|█▊        | 206/1100 [07:31<49:31,  3.32s/it]
 19%|█▉        | 207/1100 [07:33<42:35,  2.86s/it]
 19%|█▉        | 208/1100 [07:35<39:05,  2.63s/it]
 19%|█▉        | 209/1100 [07:37<36:08,  2.43s/it]
 19%|█▉        | 210/1100 [07:39<34:58,  2.36s/it]
                                                  
{'loss': '1.577', 'grad_norm': '1.396', 'learning_rate': '0.0001952', 'entropy': '1.56', 'num_tokens': '4.349e+05', 'mean_token_accuracy': '0.6036', 'epoch': '0.382'}

 19%|█▉        | 210/1100 [07:39<34:58,  2.36s/it]
 19%|█▉        | 211/1100 [07:41<32:28,  2.19s/it]
 19%|█▉        | 212/1100 [07:43<31:45,  2.15s/it]
 19%|█▉        | 213/1100 [07:45<29:42,  2.01s/it]
 19%|█▉        | 214/1100 [07:47<28:31,  1.93s/it]
 20%|█▉        | 215/1100 [07:49<30:05,  2.04s/it]
 20%|█▉        | 216/1100 [07:51<29:03,  1.97s/it]
 20%|█▉        | 217/1100 [07:52<27:52,  1.89s/it]
 20%|█▉        | 218/1100 [07:54<27:13,  1.85s/it]
 20%|█▉        | 219/1100 [07:56<27:08,  1.85s/it]
 20%|██        | 220/1100 [07:58<28:12,  1.92s/it]
                                                  
{'loss': '1.509', 'grad_norm': '1.322', 'learning_rate': '0.0001942', 'entropy': '1.501', 'num_tokens': '4.55e+05', 'mean_token_accuracy': '0.6142', 'epoch': '0.4002'}

 20%|██        | 220/1100 [07:58<28:12,  1.92s/it]
 20%|██        | 221/1100 [08:00<27:38,  1.89s/it]
 20%|██        | 222/1100 [08:02<27:53,  1.91s/it]
 20%|██        | 223/1100 [08:04<27:29,  1.88s/it]
 20%|██        | 224/1100 [08:05<26:49,  1.84s/it]
 20%|██        | 225/1100 [08:07<25:34,  1.75s/it]
 21%|██        | 226/1100 [08:09<26:26,  1.82s/it]
 21%|██        | 227/1100 [08:11<27:43,  1.91s/it]
 21%|██        | 228/1100 [08:13<27:20,  1.88s/it]
 21%|██        | 229/1100 [08:15<26:31,  1.83s/it]
 21%|██        | 230/1100 [08:16<25:34,  1.76s/it]
                                                  
{'loss': '1.594', 'grad_norm': '1.313', 'learning_rate': '0.0001931', 'entropy': '1.515', 'num_tokens': '4.756e+05', 'mean_token_accuracy': '0.6067', 'epoch': '0.4184'}

 21%|██        | 230/1100 [08:16<25:34,  1.76s/it]
 21%|██        | 231/1100 [08:18<26:21,  1.82s/it]
 21%|██        | 232/1100 [08:20<25:16,  1.75s/it]
 21%|██        | 233/1100 [08:22<28:31,  1.97s/it]
 21%|██▏       | 234/1100 [08:24<26:54,  1.86s/it]
 21%|██▏       | 235/1100 [08:26<27:24,  1.90s/it]
 21%|██▏       | 236/1100 [08:28<26:43,  1.86s/it]
 22%|██▏       | 237/1100 [08:29<26:07,  1.82s/it]
 22%|██▏       | 238/1100 [08:31<27:20,  1.90s/it]
 22%|██▏       | 239/1100 [08:34<27:55,  1.95s/it]
 22%|██▏       | 240/1100 [08:35<27:33,  1.92s/it]
                                                  
{'loss': '1.548', 'grad_norm': '1.172', 'learning_rate': '0.0001919', 'entropy': '1.526', 'num_tokens': '4.962e+05', 'mean_token_accuracy': '0.599', 'epoch': '0.4366'}

 22%|██▏       | 240/1100 [08:35<27:33,  1.92s/it]
 22%|██▏       | 241/1100 [08:37<26:00,  1.82s/it]
 22%|██▏       | 242/1100 [08:39<27:05,  1.89s/it]
 22%|██▏       | 243/1100 [08:41<27:10,  1.90s/it]
 22%|██▏       | 244/1100 [08:43<27:50,  1.95s/it]
 22%|██▏       | 245/1100 [08:45<26:38,  1.87s/it]
 22%|██▏       | 246/1100 [08:47<26:59,  1.90s/it]
 22%|██▏       | 247/1100 [08:48<26:17,  1.85s/it]
 23%|██▎       | 248/1100 [08:50<27:14,  1.92s/it]
 23%|██▎       | 249/1100 [08:53<28:06,  1.98s/it]
 23%|██▎       | 250/1100 [08:55<28:27,  2.01s/it]
                                                  
{'loss': '1.608', 'grad_norm': '1.19', 'learning_rate': '0.0001906', 'entropy': '1.621', 'num_tokens': '5.17e+05', 'mean_token_accuracy': '0.5963', 'epoch': '0.4548'}

 23%|██▎       | 250/1100 [08:55<28:27,  2.01s/it]
 23%|██▎       | 251/1100 [08:57<27:51,  1.97s/it]
 23%|██▎       | 252/1100 [08:58<27:01,  1.91s/it]
 23%|██▎       | 253/1100 [09:00<27:52,  1.97s/it]
 23%|██▎       | 254/1100 [09:03<29:15,  2.08s/it]
 23%|██▎       | 255/1100 [09:05<28:34,  2.03s/it]
 23%|██▎       | 256/1100 [09:07<29:57,  2.13s/it]
 23%|██▎       | 257/1100 [09:09<28:42,  2.04s/it]
 23%|██▎       | 258/1100 [09:11<27:27,  1.96s/it]
 24%|██▎       | 259/1100 [09:13<27:14,  1.94s/it]
 24%|██▎       | 260/1100 [09:14<26:26,  1.89s/it]
                                                  
{'loss': '1.608', 'grad_norm': '1.125', 'learning_rate': '0.0001892', 'entropy': '1.54', 'num_tokens': '5.38e+05', 'mean_token_accuracy': '0.603', 'epoch': '0.4729'}

 24%|██▎       | 260/1100 [09:14<26:26,  1.89s/it]
 24%|██▎       | 261/1100 [09:16<27:21,  1.96s/it]
 24%|██▍       | 262/1100 [09:19<28:44,  2.06s/it]
 24%|██▍       | 263/1100 [09:21<27:47,  1.99s/it]
 24%|██▍       | 264/1100 [09:23<27:57,  2.01s/it]
 24%|██▍       | 265/1100 [09:24<26:50,  1.93s/it]
 24%|██▍       | 266/1100 [09:26<26:18,  1.89s/it]
 24%|██▍       | 267/1100 [09:28<28:05,  2.02s/it]
 24%|██▍       | 268/1100 [09:30<27:12,  1.96s/it]
 24%|██▍       | 269/1100 [09:32<25:25,  1.84s/it]
 25%|██▍       | 270/1100 [09:34<25:43,  1.86s/it]
                                                  
{'loss': '1.534', 'grad_norm': '1.36', 'learning_rate': '0.0001877', 'entropy': '1.574', 'num_tokens': '5.59e+05', 'mean_token_accuracy': '0.6147', 'epoch': '0.4911'}

 25%|██▍       | 270/1100 [09:34<25:43,  1.86s/it]
 25%|██▍       | 271/1100 [09:35<25:05,  1.82s/it]
 25%|██▍       | 272/1100 [09:38<26:23,  1.91s/it]
 25%|██▍       | 273/1100 [09:40<27:01,  1.96s/it]
 25%|██▍       | 274/1100 [09:41<26:20,  1.91s/it]
 25%|██▌       | 275/1100 [09:43<25:52,  1.88s/it]
 25%|██▌       | 276/1100 [09:45<25:24,  1.85s/it]
 25%|██▌       | 277/1100 [09:47<26:43,  1.95s/it]
 25%|██▌       | 278/1100 [09:49<26:51,  1.96s/it]
 25%|██▌       | 279/1100 [09:51<26:45,  1.96s/it]
 25%|██▌       | 280/1100 [09:53<25:30,  1.87s/it]
                                                  
{'loss': '1.677', 'grad_norm': '1.194', 'learning_rate': '0.0001861', 'entropy': '1.605', 'num_tokens': '5.807e+05', 'mean_token_accuracy': '0.5866', 'epoch': '0.5093'}

 25%|██▌       | 280/1100 [09:53<25:30,  1.87s/it]
 26%|██▌       | 281/1100 [09:55<25:32,  1.87s/it]
 26%|██▌       | 282/1100 [09:56<24:38,  1.81s/it]
 26%|██▌       | 283/1100 [09:59<26:30,  1.95s/it]
 26%|██▌       | 284/1100 [10:00<25:13,  1.85s/it]
 26%|██▌       | 285/1100 [10:02<25:56,  1.91s/it]
 26%|██▌       | 286/1100 [10:04<25:06,  1.85s/it]
 26%|██▌       | 287/1100 [10:06<25:16,  1.87s/it]
 26%|██▌       | 288/1100 [10:08<25:35,  1.89s/it]
 26%|██▋       | 289/1100 [10:10<24:53,  1.84s/it]
 26%|██▋       | 290/1100 [10:12<26:13,  1.94s/it]
                                                  
{'loss': '1.521', 'grad_norm': '1.219', 'learning_rate': '0.0001845', 'entropy': '1.572', 'num_tokens': '6.014e+05', 'mean_token_accuracy': '0.6118', 'epoch': '0.5275'}

 26%|██▋       | 290/1100 [10:12<26:13,  1.94s/it]
 26%|██▋       | 291/1100 [10:14<25:20,  1.88s/it]
 27%|██▋       | 292/1100 [10:15<25:17,  1.88s/it]
 27%|██▋       | 293/1100 [10:17<24:25,  1.82s/it]
 27%|██▋       | 294/1100 [10:19<24:23,  1.82s/it]
 27%|██▋       | 295/1100 [10:21<26:12,  1.95s/it]
 27%|██▋       | 296/1100 [10:23<25:28,  1.90s/it]
 27%|██▋       | 297/1100 [10:25<25:03,  1.87s/it]
 27%|██▋       | 298/1100 [10:26<23:55,  1.79s/it]
 27%|██▋       | 299/1100 [10:28<23:49,  1.78s/it]
 27%|██▋       | 300/1100 [10:30<23:41,  1.78s/it]
                                                  
{'loss': '1.546', 'grad_norm': '1.324', 'learning_rate': '0.0001827', 'entropy': '1.451', 'num_tokens': '6.222e+05', 'mean_token_accuracy': '0.6076', 'epoch': '0.5457'}

 27%|██▋       | 300/1100 [10:30<23:41,  1.78s/it]

  0%|          | 0/253 [00:00<?, ?it/s][A

  1%|          | 3/253 [00:00<00:18, 13.30it/s][A

  2%|▏         | 5/253 [00:00<00:25,  9.90it/s][A

  3%|▎         | 7/253 [00:00<00:25,  9.59it/s][A

  3%|▎         | 8/253 [00:00<00:26,  9.38it/s][A

  4%|▎         | 9/253 [00:00<00:26,  9.34it/s][A

  4%|▍         | 10/253 [00:01<00:27,  8.83it/s][A

  4%|▍         | 11/253 [00:01<00:26,  9.06it/s][A

  5%|▍         | 12/253 [00:01<00:27,  8.63it/s][A

  5%|▌         | 13/253 [00:01<00:27,  8.70it/s][A

  6%|▌         | 14/253 [00:01<00:27,  8.69it/s][A

  6%|▌         | 15/253 [00:01<00:28,  8.44it/s][A

  6%|▋         | 16/253 [00:01<00:27,  8.54it/s][A

  7%|▋         | 17/253 [00:01<00:27,  8.45it/s][A

  8%|▊         | 19/253 [00:02<00:27,  8.56it/s][A

  8%|▊         | 20/253 [00:02<00:27,  8.40it/s][A

  8%|▊         | 21/253 [00:02<00:28,  8.22it/s][A

  9%|▉         | 23/253 [00:02<00:25,  8.93it/s][A

  9%|▉         | 24/253 [00:02<00:27,  8.43it/s][A

 10%|█         | 26/253 [00:02<00:24,  9.14it/s][A

 11%|█         | 28/253 [00:03<00:24,  9.24it/s][A

 12%|█▏        | 30/253 [00:03<00:23,  9.59it/s][A

 12%|█▏        | 31/253 [00:03<00:24,  9.15it/s][A

 13%|█▎        | 32/253 [00:03<00:24,  9.06it/s][A

 13%|█▎        | 33/253 [00:03<00:24,  9.04it/s][A

 13%|█▎        | 34/253 [00:03<00:25,  8.76it/s][A

 14%|█▍        | 35/253 [00:03<00:26,  8.35it/s][A

 14%|█▍        | 36/253 [00:04<00:25,  8.49it/s][A

 15%|█▌        | 38/253 [00:04<00:23,  9.22it/s][A

 15%|█▌        | 39/253 [00:04<00:24,  8.92it/s][A

 16%|█▌        | 40/253 [00:04<00:24,  8.64it/s][A

 16%|█▌        | 41/253 [00:04<00:24,  8.58it/s][A

 17%|█▋        | 42/253 [00:04<00:25,  8.33it/s][A

 17%|█▋        | 43/253 [00:04<00:25,  8.27it/s][A

 17%|█▋        | 44/253 [00:04<00:25,  8.23it/s][A

 18%|█▊        | 46/253 [00:05<00:24,  8.42it/s][A

 19%|█▊        | 47/253 [00:05<00:25,  8.12it/s][A

 19%|█▉        | 48/253 [00:05<00:24,  8.21it/s][A

 19%|█▉        | 49/253 [00:05<00:25,  7.94it/s][A

 20%|██        | 51/253 [00:05<00:22,  8.84it/s][A

 21%|██        | 53/253 [00:06<00:23,  8.69it/s][A

 21%|██▏       | 54/253 [00:06<00:23,  8.51it/s][A

 22%|██▏       | 56/253 [00:06<00:22,  8.95it/s][A

 23%|██▎       | 57/253 [00:06<00:22,  8.59it/s][A

 23%|██▎       | 58/253 [00:06<00:23,  8.34it/s][A

 23%|██▎       | 59/253 [00:06<00:23,  8.16it/s][A

 24%|██▎       | 60/253 [00:06<00:23,  8.12it/s][A

 24%|██▍       | 61/253 [00:06<00:23,  8.32it/s][A

 25%|██▍       | 62/253 [00:07<00:24,  7.67it/s][A

 25%|██▍       | 63/253 [00:07<00:24,  7.76it/s][A

 26%|██▌       | 65/253 [00:07<00:22,  8.27it/s][A

 26%|██▌       | 66/253 [00:07<00:22,  8.22it/s][A

 27%|██▋       | 68/253 [00:07<00:20,  9.02it/s][A

 27%|██▋       | 69/253 [00:07<00:21,  8.73it/s][A

 28%|██▊       | 70/253 [00:08<00:21,  8.71it/s][A

 28%|██▊       | 71/253 [00:08<00:21,  8.60it/s][A

 29%|██▉       | 73/253 [00:08<00:19,  9.27it/s][A

 29%|██▉       | 74/253 [00:08<00:19,  9.12it/s][A

 30%|██▉       | 75/253 [00:08<00:20,  8.71it/s][A

 30%|███       | 76/253 [00:08<00:20,  8.50it/s][A

 31%|███       | 78/253 [00:08<00:19,  8.85it/s][A

 31%|███       | 79/253 [00:09<00:20,  8.46it/s][A

 32%|███▏      | 80/253 [00:09<00:20,  8.30it/s][A

 32%|███▏      | 81/253 [00:09<00:21,  8.19it/s][A

 32%|███▏      | 82/253 [00:09<00:20,  8.15it/s][A

 33%|███▎      | 83/253 [00:09<00:21,  8.02it/s][A

 33%|███▎      | 84/253 [00:09<00:21,  7.91it/s][A

 34%|███▎      | 85/253 [00:09<00:21,  7.86it/s][A

 34%|███▍      | 87/253 [00:10<00:20,  8.21it/s][A

 35%|███▍      | 88/253 [00:10<00:20,  8.04it/s][A

 35%|███▌      | 89/253 [00:10<00:20,  7.88it/s][A

 36%|███▌      | 91/253 [00:10<00:18,  8.74it/s][A

 36%|███▋      | 92/253 [00:10<00:19,  8.45it/s][A

 37%|███▋      | 93/253 [00:10<00:19,  8.26it/s][A

 37%|███▋      | 94/253 [00:10<00:18,  8.62it/s][A

 38%|███▊      | 96/253 [00:11<00:17,  9.23it/s][A

 38%|███▊      | 97/253 [00:11<00:16,  9.25it/s][A

 39%|███▊      | 98/253 [00:11<00:17,  8.76it/s][A

 39%|███▉      | 99/253 [00:11<00:18,  8.54it/s][A

 40%|███▉      | 100/253 [00:11<00:18,  8.39it/s][A

 40%|███▉      | 101/253 [00:11<00:18,  8.17it/s][A

 40%|████      | 102/253 [00:11<00:18,  8.13it/s][A

 41%|████      | 103/253 [00:11<00:18,  8.04it/s][A

 41%|████      | 104/253 [00:12<00:18,  8.06it/s][A

 42%|████▏     | 105/253 [00:12<00:18,  7.98it/s][A

 42%|████▏     | 107/253 [00:12<00:17,  8.40it/s][A

 43%|████▎     | 108/253 [00:12<00:17,  8.30it/s][A

 43%|████▎     | 110/253 [00:12<00:15,  9.06it/s][A

 44%|████▍     | 111/253 [00:12<00:15,  8.97it/s][A

 44%|████▍     | 112/253 [00:12<00:16,  8.70it/s][A

 45%|████▍     | 113/253 [00:13<00:16,  8.44it/s][A

 45%|████▌     | 114/253 [00:13<00:16,  8.18it/s][A

 45%|████▌     | 115/253 [00:13<00:18,  7.63it/s][A

 46%|████▌     | 116/253 [00:13<00:17,  7.74it/s][A

 46%|████▌     | 117/253 [00:13<00:17,  7.82it/s][A

 47%|████▋     | 118/253 [00:13<00:17,  7.70it/s][A

 47%|████▋     | 119/253 [00:13<00:17,  7.80it/s][A

 47%|████▋     | 120/253 [00:14<00:16,  8.02it/s][A

 48%|████▊     | 121/253 [00:14<00:15,  8.35it/s][A

 49%|████▊     | 123/253 [00:14<00:15,  8.60it/s][A

 49%|████▉     | 124/253 [00:14<00:15,  8.40it/s][A

 49%|████▉     | 125/253 [00:14<00:14,  8.72it/s][A

 50%|████▉     | 126/253 [00:14<00:14,  8.52it/s][A

 50%|█████     | 127/253 [00:14<00:15,  8.28it/s][A

 51%|█████     | 128/253 [00:14<00:14,  8.57it/s][A

 51%|█████     | 129/253 [00:15<00:14,  8.29it/s][A

 52%|█████▏    | 131/253 [00:15<00:13,  8.78it/s][A

 52%|█████▏    | 132/253 [00:15<00:14,  8.58it/s][A

 53%|█████▎    | 134/253 [00:15<00:12,  9.23it/s][A

 53%|█████▎    | 135/253 [00:15<00:13,  8.87it/s][A

 54%|█████▍    | 137/253 [00:15<00:12,  9.12it/s][A

 55%|█████▍    | 138/253 [00:16<00:13,  8.80it/s][A

 55%|█████▍    | 139/253 [00:16<00:13,  8.57it/s][A

 56%|█████▌    | 141/253 [00:16<00:12,  8.69it/s][A

 56%|█████▌    | 142/253 [00:16<00:12,  8.56it/s][A

 57%|█████▋    | 143/253 [00:16<00:13,  8.31it/s][A

 57%|█████▋    | 144/253 [00:16<00:13,  8.26it/s][A

 57%|█████▋    | 145/253 [00:16<00:12,  8.65it/s][A

 58%|█████▊    | 147/253 [00:17<00:11,  9.26it/s][A

 58%|█████▊    | 148/253 [00:17<00:11,  8.80it/s][A

 59%|█████▉    | 149/253 [00:17<00:12,  8.56it/s][A

 60%|█████▉    | 151/253 [00:17<00:11,  8.87it/s][A

 60%|██████    | 152/253 [00:17<00:11,  8.85it/s][A

 61%|██████    | 154/253 [00:17<00:10,  9.42it/s][A

 61%|██████▏   | 155/253 [00:18<00:10,  9.02it/s][A

 62%|██████▏   | 156/253 [00:18<00:10,  9.20it/s][A

 62%|██████▏   | 157/253 [00:18<00:10,  9.12it/s][A

 62%|██████▏   | 158/253 [00:18<00:10,  8.97it/s][A

 63%|██████▎   | 159/253 [00:18<00:11,  8.45it/s][A

 63%|██████▎   | 160/253 [00:18<00:11,  8.32it/s][A

 64%|██████▎   | 161/253 [00:18<00:11,  8.14it/s][A

 64%|██████▍   | 162/253 [00:18<00:11,  7.62it/s][A

 65%|██████▍   | 164/253 [00:19<00:10,  8.65it/s][A

 65%|██████▌   | 165/253 [00:19<00:10,  8.35it/s][A

 66%|██████▌   | 166/253 [00:19<00:10,  8.54it/s][A

 66%|██████▋   | 168/253 [00:19<00:09,  9.24it/s][A

 67%|██████▋   | 169/253 [00:19<00:09,  9.14it/s][A

 67%|██████▋   | 170/253 [00:19<00:09,  8.71it/s][A

 68%|██████▊   | 171/253 [00:19<00:09,  8.43it/s][A

 68%|██████▊   | 172/253 [00:20<00:09,  8.52it/s][A

 68%|██████▊   | 173/253 [00:20<00:09,  8.37it/s][A

 69%|██████▉   | 174/253 [00:20<00:09,  8.26it/s][A

 70%|██████▉   | 176/253 [00:20<00:08,  9.10it/s][A

 70%|██████▉   | 177/253 [00:20<00:08,  8.99it/s][A

 71%|███████   | 179/253 [00:20<00:08,  8.92it/s][A

 71%|███████   | 180/253 [00:20<00:08,  8.68it/s][A

 72%|███████▏  | 181/253 [00:21<00:08,  8.44it/s][A

 72%|███████▏  | 182/253 [00:21<00:08,  8.62it/s][A

 72%|███████▏  | 183/253 [00:21<00:08,  8.43it/s][A

 73%|███████▎  | 185/253 [00:21<00:07,  8.56it/s][A

 74%|███████▍  | 187/253 [00:21<00:07,  8.72it/s][A

 74%|███████▍  | 188/253 [00:21<00:07,  8.39it/s][A

 75%|███████▍  | 189/253 [00:21<00:07,  8.21it/s][A

 75%|███████▌  | 191/253 [00:22<00:07,  8.49it/s][A

 76%|███████▌  | 192/253 [00:22<00:07,  8.52it/s][A

 77%|███████▋  | 194/253 [00:22<00:06,  8.86it/s][A

 77%|███████▋  | 196/253 [00:22<00:06,  8.84it/s][A

 78%|███████▊  | 198/253 [00:22<00:06,  9.02it/s][A

 79%|███████▊  | 199/253 [00:23<00:06,  8.81it/s][A

 79%|███████▉  | 200/253 [00:23<00:06,  8.81it/s][A

 79%|███████▉  | 201/253 [00:23<00:06,  8.56it/s][A

 80%|███████▉  | 202/253 [00:23<00:06,  8.25it/s][A

 80%|████████  | 203/253 [00:23<00:06,  7.74it/s][A

 81%|████████  | 204/253 [00:23<00:06,  7.83it/s][A

 81%|████████  | 205/253 [00:23<00:06,  7.79it/s][A

 82%|████████▏ | 207/253 [00:24<00:05,  8.33it/s][A

 83%|████████▎ | 209/253 [00:24<00:04,  9.06it/s][A

 83%|████████▎ | 211/253 [00:24<00:04,  9.50it/s][A

 84%|████████▍ | 213/253 [00:24<00:04,  9.48it/s][A

 85%|████████▍ | 215/253 [00:24<00:03,  9.71it/s][A

 86%|████████▌ | 217/253 [00:25<00:03,  9.07it/s][A

 86%|████████▌ | 218/253 [00:25<00:03,  8.79it/s][A

 87%|████████▋ | 220/253 [00:25<00:03,  8.83it/s][A

 87%|████████▋ | 221/253 [00:25<00:03,  8.76it/s][A

 88%|████████▊ | 222/253 [00:25<00:03,  8.62it/s][A

 88%|████████▊ | 223/253 [00:25<00:03,  8.35it/s][A

 89%|████████▉ | 225/253 [00:26<00:03,  8.79it/s][A

 89%|████████▉ | 226/253 [00:26<00:03,  8.46it/s][A

 90%|█████████ | 228/253 [00:26<00:02,  8.84it/s][A

 91%|█████████ | 229/253 [00:26<00:02,  8.71it/s][A

 91%|█████████ | 230/253 [00:26<00:02,  8.45it/s][A

 91%|█████████▏| 231/253 [00:26<00:02,  8.79it/s][A

 92%|█████████▏| 232/253 [00:26<00:02,  8.41it/s][A

 92%|█████████▏| 234/253 [00:27<00:02,  8.67it/s][A

 93%|█████████▎| 236/253 [00:27<00:01,  9.00it/s][A

 94%|█████████▎| 237/253 [00:27<00:01,  8.96it/s][A

 94%|█████████▍| 238/253 [00:27<00:01,  8.75it/s][A

 95%|█████████▍| 240/253 [00:27<00:01,  9.35it/s][A

 96%|█████████▌| 242/253 [00:27<00:01,  9.69it/s][A

 96%|█████████▌| 243/253 [00:28<00:01,  9.26it/s][A

 96%|█████████▋| 244/253 [00:28<00:01,  8.95it/s][A

 97%|█████████▋| 246/253 [00:28<00:00,  8.63it/s][A

 98%|█████████▊| 248/253 [00:28<00:00,  9.20it/s][A

 98%|█████████▊| 249/253 [00:28<00:00,  9.10it/s][A

 99%|█████████▉| 250/253 [00:28<00:00,  8.83it/s][A

100%|█████████▉| 252/253 [00:29<00:00,  9.09it/s][A
                                                  

                                                 
[A{'eval_loss': '1.51', 'eval_runtime': '29.33', 'eval_samples_per_second': '17.25', 'eval_steps_per_second': '8.625', 'eval_entropy': '1.525', 'eval_num_tokens': '6.222e+05', 'eval_mean_token_accuracy': '0.6158', 'epoch': '0.5457'}

 27%|██▋       | 300/1100 [10:59<23:41,  1.78s/it]

100%|██████████| 253/253 [00:29<00:00,  9.09it/s][A

                                                 [A
 27%|██▋       | 301/1100 [11:02<2:23:30, 10.78s/it]
 27%|██▋       | 302/1100 [11:04<1:48:55,  8.19s/it]
 28%|██▊       | 303/1100 [11:06<1:23:29,  6.29s/it]
 28%|██▊       | 304/1100 [11:07<1:04:47,  4.88s/it]
 28%|██▊       | 305/1100 [11:09<53:11,  4.01s/it]  
 28%|██▊       | 306/1100 [11:11<45:00,  3.40s/it]
 28%|██▊       | 307/1100 [11:13<40:13,  3.04s/it]
 28%|██▊       | 308/1100 [11:15<34:46,  2.63s/it]
 28%|██▊       | 309/1100 [11:17<31:52,  2.42s/it]
 28%|██▊       | 310/1100 [11:19<28:57,  2.20s/it]
                                                  
{'loss': '1.514', 'grad_norm': '1.131', 'learning_rate': '0.0001809', 'entropy': '1.596', 'num_tokens': '6.43e+05', 'mean_token_accuracy': '0.6085', 'epoch': '0.5639'}

 28%|██▊       | 310/1100 [11:19<28:57,  2.20s/it]
 28%|██▊       | 311/1100 [11:21<29:07,  2.22s/it]
 28%|██▊       | 312/1100 [11:23<27:07,  2.06s/it]
 28%|██▊       | 313/1100 [11:25<27:34,  2.10s/it]
 29%|██▊       | 314/1100 [11:27<26:27,  2.02s/it]
 29%|██▊       | 315/1100 [11:29<25:51,  1.98s/it]
 29%|██▊       | 316/1100 [11:31<26:25,  2.02s/it]
 29%|██▉       | 317/1100 [11:32<25:11,  1.93s/it]
 29%|██▉       | 318/1100 [11:35<26:31,  2.04s/it]
 29%|██▉       | 319/1100 [11:36<24:59,  1.92s/it]
 29%|██▉       | 320/1100 [11:38<25:07,  1.93s/it]
                                                  
{'loss': '1.524', 'grad_norm': '1.293', 'learning_rate': '0.000179', 'entropy': '1.463', 'num_tokens': '6.647e+05', 'mean_token_accuracy': '0.6127', 'epoch': '0.5821'}

 29%|██▉       | 320/1100 [11:38<25:07,  1.93s/it]
 29%|██▉       | 321/1100 [11:40<24:03,  1.85s/it]
 29%|██▉       | 322/1100 [11:42<24:11,  1.87s/it]
 29%|██▉       | 323/1100 [11:44<25:52,  2.00s/it]
 29%|██▉       | 324/1100 [11:46<25:37,  1.98s/it]
 30%|██▉       | 325/1100 [11:48<24:23,  1.89s/it]
 30%|██▉       | 326/1100 [11:49<23:38,  1.83s/it]
 30%|██▉       | 327/1100 [11:51<23:37,  1.83s/it]
 30%|██▉       | 328/1100 [11:53<22:53,  1.78s/it]
 30%|██▉       | 329/1100 [11:55<24:47,  1.93s/it]
 30%|███       | 330/1100 [11:57<24:33,  1.91s/it]
                                                  
{'loss': '1.57', 'grad_norm': '1.282', 'learning_rate': '0.000177', 'entropy': '1.536', 'num_tokens': '6.858e+05', 'mean_token_accuracy': '0.6141', 'epoch': '0.6003'}

 30%|███       | 330/1100 [11:57<24:33,  1.91s/it]
 30%|███       | 331/1100 [11:59<24:20,  1.90s/it]
 30%|███       | 332/1100 [12:01<23:37,  1.85s/it]
 30%|███       | 333/1100 [12:03<23:31,  1.84s/it]
 30%|███       | 334/1100 [12:04<22:51,  1.79s/it]
 30%|███       | 335/1100 [12:07<25:02,  1.96s/it]
 31%|███       | 336/1100 [12:09<25:35,  2.01s/it]
 31%|███       | 337/1100 [12:11<24:59,  1.97s/it]
 31%|███       | 338/1100 [12:12<24:10,  1.90s/it]
 31%|███       | 339/1100 [12:14<23:11,  1.83s/it]
 31%|███       | 340/1100 [12:16<24:10,  1.91s/it]
                                                  
{'loss': '1.584', 'grad_norm': '1.301', 'learning_rate': '0.0001749', 'entropy': '1.548', 'num_tokens': '7.066e+05', 'mean_token_accuracy': '0.6147', 'epoch': '0.6185'}

 31%|███       | 340/1100 [12:16<24:10,  1.91s/it]
 31%|███       | 341/1100 [12:18<23:15,  1.84s/it]
 31%|███       | 342/1100 [12:20<24:10,  1.91s/it]
 31%|███       | 343/1100 [12:22<23:24,  1.86s/it]
 31%|███▏      | 344/1100 [12:23<23:11,  1.84s/it]
 31%|███▏      | 345/1100 [12:26<24:27,  1.94s/it]
 31%|███▏      | 346/1100 [12:27<23:56,  1.91s/it]
 32%|███▏      | 347/1100 [12:30<25:22,  2.02s/it]
 32%|███▏      | 348/1100 [12:31<24:15,  1.94s/it]
 32%|███▏      | 349/1100 [12:33<24:12,  1.93s/it]
 32%|███▏      | 350/1100 [12:35<24:18,  1.94s/it]
                                                  
{'loss': '1.416', 'grad_norm': '1.253', 'learning_rate': '0.0001728', 'entropy': '1.451', 'num_tokens': '7.272e+05', 'mean_token_accuracy': '0.6244', 'epoch': '0.6367'}

 32%|███▏      | 350/1100 [12:35<24:18,  1.94s/it]
 32%|███▏      | 351/1100 [12:37<24:34,  1.97s/it]
 32%|███▏      | 352/1100 [12:39<24:05,  1.93s/it]
 32%|███▏      | 353/1100 [12:41<23:55,  1.92s/it]
 32%|███▏      | 354/1100 [12:43<23:11,  1.86s/it]
 32%|███▏      | 355/1100 [12:45<23:26,  1.89s/it]
 32%|███▏      | 356/1100 [12:47<24:16,  1.96s/it]
 32%|███▏      | 357/1100 [12:50<26:58,  2.18s/it]
 33%|███▎      | 358/1100 [12:51<25:32,  2.07s/it]
 33%|███▎      | 359/1100 [12:53<24:41,  2.00s/it]
 33%|███▎      | 360/1100 [12:55<24:22,  1.98s/it]
                                                  
{'loss': '1.523', 'grad_norm': '1.177', 'learning_rate': '0.0001706', 'entropy': '1.461', 'num_tokens': '7.482e+05', 'mean_token_accuracy': '0.628', 'epoch': '0.6548'}

 33%|███▎      | 360/1100 [12:55<24:22,  1.98s/it]
 33%|███▎      | 361/1100 [12:57<23:13,  1.89s/it]
 33%|███▎      | 362/1100 [12:59<23:40,  1.92s/it]
 33%|███▎      | 363/1100 [13:00<22:40,  1.85s/it]
 33%|███▎      | 364/1100 [13:03<24:58,  2.04s/it]
 33%|███▎      | 365/1100 [13:05<23:23,  1.91s/it]
 33%|███▎      | 366/1100 [13:06<23:01,  1.88s/it]
 33%|███▎      | 367/1100 [13:08<22:27,  1.84s/it]
 33%|███▎      | 368/1100 [13:10<21:57,  1.80s/it]
 34%|███▎      | 369/1100 [13:12<22:57,  1.88s/it]
 34%|███▎      | 370/1100 [13:14<23:04,  1.90s/it]
                                                  
{'loss': '1.499', 'grad_norm': '1.329', 'learning_rate': '0.0001683', 'entropy': '1.516', 'num_tokens': '7.682e+05', 'mean_token_accuracy': '0.6195', 'epoch': '0.673'}

 34%|███▎      | 370/1100 [13:14<23:04,  1.90s/it]
 34%|███▎      | 371/1100 [13:16<23:18,  1.92s/it]
 34%|███▍      | 372/1100 [13:17<22:08,  1.83s/it]
 34%|███▍      | 373/1100 [13:20<23:30,  1.94s/it]
 34%|███▍      | 374/1100 [13:21<22:07,  1.83s/it]
 34%|███▍      | 375/1100 [13:24<23:58,  1.98s/it]
 34%|███▍      | 376/1100 [13:26<24:44,  2.05s/it]
 34%|███▍      | 377/1100 [13:28<24:42,  2.05s/it]
 34%|███▍      | 378/1100 [13:29<23:23,  1.94s/it]
 34%|███▍      | 379/1100 [13:32<24:17,  2.02s/it]
 35%|███▍      | 380/1100 [13:33<23:06,  1.93s/it]
                                                  
{'loss': '1.532', 'grad_norm': '1.228', 'learning_rate': '0.000166', 'entropy': '1.498', 'num_tokens': '7.896e+05', 'mean_token_accuracy': '0.6166', 'epoch': '0.6912'}

 35%|███▍      | 380/1100 [13:33<23:06,  1.93s/it]
 35%|███▍      | 381/1100 [13:36<23:59,  2.00s/it]
 35%|███▍      | 382/1100 [13:37<22:55,  1.92s/it]
 35%|███▍      | 383/1100 [13:39<22:24,  1.87s/it]
 35%|███▍      | 384/1100 [13:41<23:03,  1.93s/it]
 35%|███▌      | 385/1100 [13:43<22:15,  1.87s/it]
 35%|███▌      | 386/1100 [13:45<23:30,  1.98s/it]
 35%|███▌      | 387/1100 [13:47<22:42,  1.91s/it]
 35%|███▌      | 388/1100 [13:49<23:38,  1.99s/it]
 35%|███▌      | 389/1100 [13:51<22:46,  1.92s/it]
 35%|███▌      | 390/1100 [13:53<22:50,  1.93s/it]
                                                  
{'loss': '1.411', 'grad_norm': '1.143', 'learning_rate': '0.0001635', 'entropy': '1.446', 'num_tokens': '8.097e+05', 'mean_token_accuracy': '0.637', 'epoch': '0.7094'}

 35%|███▌      | 390/1100 [13:53<22:50,  1.93s/it]
 36%|███▌      | 391/1100 [13:55<24:27,  2.07s/it]
 36%|███▌      | 392/1100 [13:57<23:55,  2.03s/it]
 36%|███▌      | 393/1100 [13:59<22:50,  1.94s/it]
 36%|███▌      | 394/1100 [14:01<23:03,  1.96s/it]
 36%|███▌      | 395/1100 [14:02<21:47,  1.85s/it]
 36%|███▌      | 396/1100 [14:04<21:59,  1.87s/it]
 36%|███▌      | 397/1100 [14:06<22:30,  1.92s/it]
 36%|███▌      | 398/1100 [14:08<22:48,  1.95s/it]
 36%|███▋      | 399/1100 [14:10<22:45,  1.95s/it]
 36%|███▋      | 400/1100 [14:12<21:35,  1.85s/it]
                                                  
{'loss': '1.501', 'grad_norm': '1.051', 'learning_rate': '0.0001611', 'entropy': '1.464', 'num_tokens': '8.31e+05', 'mean_token_accuracy': '0.6186', 'epoch': '0.7276'}

 36%|███▋      | 400/1100 [14:12<21:35,  1.85s/it]

  0%|          | 0/253 [00:00<?, ?it/s][A

  1%|          | 2/253 [00:00<00:13, 18.85it/s][A

  2%|▏         | 4/253 [00:00<00:24, 10.33it/s][A

  2%|▏         | 6/253 [00:00<00:26,  9.21it/s][A

  3%|▎         | 8/253 [00:00<00:26,  9.20it/s][A

  4%|▍         | 10/253 [00:01<00:26,  9.11it/s][A

  4%|▍         | 11/253 [00:01<00:26,  9.13it/s][A

  5%|▍         | 12/253 [00:01<00:27,  8.70it/s][A

  6%|▌         | 14/253 [00:01<00:26,  8.99it/s][A

  6%|▌         | 15/253 [00:01<00:27,  8.64it/s][A

  7%|▋         | 17/253 [00:01<00:26,  8.92it/s][A

  8%|▊         | 19/253 [00:02<00:26,  8.75it/s][A

  8%|▊         | 20/253 [00:02<00:26,  8.75it/s][A

  8%|▊         | 21/253 [00:02<00:27,  8.51it/s][A

  9%|▉         | 23/253 [00:02<00:25,  9.13it/s][A

  9%|▉         | 24/253 [00:02<00:26,  8.76it/s][A

 10%|█         | 26/253 [00:02<00:24,  9.35it/s][A

 11%|█         | 28/253 [00:03<00:23,  9.38it/s][A

 12%|█▏        | 30/253 [00:03<00:23,  9.68it/s][A

 12%|█▏        | 31/253 [00:03<00:24,  9.20it/s][A

 13%|█▎        | 32/253 [00:03<00:24,  9.10it/s][A

 13%|█▎        | 33/253 [00:03<00:24,  9.08it/s][A

 13%|█▎        | 34/253 [00:03<00:24,  8.78it/s][A

 14%|█▍        | 35/253 [00:03<00:26,  8.37it/s][A

 14%|█▍        | 36/253 [00:03<00:25,  8.51it/s][A

 15%|█▌        | 38/253 [00:04<00:23,  9.24it/s][A

 15%|█▌        | 39/253 [00:04<00:24,  8.92it/s][A

 16%|█▌        | 40/253 [00:04<00:24,  8.57it/s][A

 16%|█▌        | 41/253 [00:04<00:25,  8.30it/s][A

 17%|█▋        | 42/253 [00:04<00:25,  8.18it/s][A

 17%|█▋        | 43/253 [00:04<00:25,  8.24it/s][A

 17%|█▋        | 44/253 [00:04<00:26,  7.79it/s][A

 18%|█▊        | 46/253 [00:05<00:24,  8.30it/s][A

 19%|█▊        | 47/253 [00:05<00:25,  8.03it/s][A

 19%|█▉        | 48/253 [00:05<00:25,  8.17it/s][A

 20%|█▉        | 50/253 [00:05<00:22,  8.94it/s][A

 20%|██        | 51/253 [00:05<00:22,  8.95it/s][A

 21%|██        | 53/253 [00:05<00:22,  8.86it/s][A

 21%|██▏       | 54/253 [00:06<00:23,  8.60it/s][A

 22%|██▏       | 55/253 [00:06<00:22,  8.87it/s][A

 22%|██▏       | 56/253 [00:06<00:21,  9.10it/s][A

 23%|██▎       | 57/253 [00:06<00:22,  8.63it/s][A

 23%|██▎       | 58/253 [00:06<00:23,  8.22it/s][A

 23%|██▎       | 59/253 [00:06<00:24,  8.05it/s][A

 24%|██▎       | 60/253 [00:06<00:24,  8.02it/s][A

 24%|██▍       | 61/253 [00:06<00:23,  8.27it/s][A

 25%|██▍       | 62/253 [00:07<00:24,  7.73it/s][A

 25%|██▍       | 63/253 [00:07<00:24,  7.80it/s][A

 26%|██▌       | 65/253 [00:07<00:22,  8.29it/s][A

 26%|██▌       | 66/253 [00:07<00:22,  8.23it/s][A

 27%|██▋       | 68/253 [00:07<00:20,  9.02it/s][A

 27%|██▋       | 69/253 [00:07<00:21,  8.74it/s][A

 28%|██▊       | 70/253 [00:07<00:20,  8.73it/s][A

 28%|██▊       | 71/253 [00:08<00:21,  8.61it/s][A

 29%|██▉       | 73/253 [00:08<00:19,  9.26it/s][A

 29%|██▉       | 74/253 [00:08<00:19,  9.09it/s][A

 30%|██▉       | 75/253 [00:08<00:20,  8.58it/s][A

 30%|███       | 76/253 [00:08<00:21,  8.42it/s][A

 30%|███       | 77/253 [00:08<00:20,  8.75it/s][A

 31%|███       | 78/253 [00:08<00:20,  8.48it/s][A

 31%|███       | 79/253 [00:09<00:20,  8.31it/s][A

 32%|███▏      | 80/253 [00:09<00:21,  8.11it/s][A

 32%|███▏      | 81/253 [00:09<00:21,  7.83it/s][A

 32%|███▏      | 82/253 [00:09<00:21,  8.07it/s][A

 33%|███▎      | 83/253 [00:09<00:21,  7.96it/s][A

 33%|███▎      | 84/253 [00:09<00:21,  7.81it/s][A

 34%|███▎      | 85/253 [00:09<00:21,  7.78it/s][A

 34%|███▍      | 87/253 [00:10<00:20,  8.09it/s][A

 35%|███▍      | 88/253 [00:10<00:20,  7.91it/s][A

 35%|███▌      | 89/253 [00:10<00:20,  7.88it/s][A

 36%|███▌      | 90/253 [00:10<00:19,  8.23it/s][A

 36%|███▌      | 91/253 [00:10<00:19,  8.29it/s][A

 36%|███▋      | 92/253 [00:10<00:19,  8.20it/s][A

 37%|███▋      | 93/253 [00:10<00:19,  8.06it/s][A

 37%|███▋      | 94/253 [00:10<00:18,  8.51it/s][A

 38%|███▊      | 96/253 [00:11<00:16,  9.26it/s][A

 39%|███▊      | 98/253 [00:11<00:17,  9.06it/s][A

 39%|███▉      | 99/253 [00:11<00:17,  8.80it/s][A

 40%|███▉      | 100/253 [00:11<00:17,  8.58it/s][A

 40%|███▉      | 101/253 [00:11<00:18,  8.34it/s][A

 40%|████      | 102/253 [00:11<00:18,  8.26it/s][A

 41%|████      | 103/253 [00:11<00:18,  8.13it/s][A

 41%|████      | 104/253 [00:12<00:18,  8.10it/s][A

 42%|████▏     | 105/253 [00:12<00:18,  8.00it/s][A

 42%|████▏     | 107/253 [00:12<00:17,  8.40it/s][A

 43%|████▎     | 108/253 [00:12<00:17,  8.30it/s][A

 43%|████▎     | 110/253 [00:12<00:15,  8.99it/s][A

 44%|████▍     | 111/253 [00:12<00:16,  8.62it/s][A

 44%|████▍     | 112/253 [00:12<00:16,  8.42it/s][A

 45%|████▍     | 113/253 [00:13<00:17,  8.19it/s][A

 45%|████▌     | 114/253 [00:13<00:17,  7.88it/s][A

 45%|████▌     | 115/253 [00:13<00:18,  7.51it/s][A

 46%|████▌     | 116/253 [00:13<00:18,  7.60it/s][A

 46%|████▌     | 117/253 [00:13<00:17,  7.64it/s][A

 47%|████▋     | 118/253 [00:13<00:17,  7.67it/s][A

 47%|████▋     | 119/253 [00:13<00:17,  7.76it/s][A

 47%|████▋     | 120/253 [00:14<00:16,  7.93it/s][A

 48%|████▊     | 121/253 [00:14<00:15,  8.25it/s][A

 49%|████▊     | 123/253 [00:14<00:15,  8.51it/s][A

 49%|████▉     | 124/253 [00:14<00:15,  8.24it/s][A

 50%|████▉     | 126/253 [00:14<00:14,  8.49it/s][A

 50%|█████     | 127/253 [00:14<00:15,  8.25it/s][A

 51%|█████     | 129/253 [00:15<00:14,  8.47it/s][A

 52%|█████▏    | 131/253 [00:15<00:13,  9.08it/s][A

 52%|█████▏    | 132/253 [00:15<00:13,  8.84it/s][A

 53%|█████▎    | 134/253 [00:15<00:12,  9.33it/s][A

 53%|█████▎    | 135/253 [00:15<00:13,  8.96it/s][A

 54%|█████▍    | 137/253 [00:15<00:12,  9.14it/s][A

 55%|█████▍    | 138/253 [00:16<00:13,  8.83it/s][A

 55%|█████▍    | 139/253 [00:16<00:13,  8.62it/s][A

 56%|█████▌    | 141/253 [00:16<00:12,  8.73it/s][A

 56%|█████▌    | 142/253 [00:16<00:12,  8.57it/s][A

 57%|█████▋    | 143/253 [00:16<00:13,  8.32it/s][A

 57%|█████▋    | 144/253 [00:16<00:13,  8.26it/s][A

 58%|█████▊    | 146/253 [00:17<00:11,  9.01it/s][A

 58%|█████▊    | 147/253 [00:17<00:11,  9.22it/s][A

 58%|█████▊    | 148/253 [00:17<00:12,  8.73it/s][A

 59%|█████▉    | 149/253 [00:17<00:12,  8.49it/s][A

 60%|█████▉    | 151/253 [00:17<00:11,  8.81it/s][A

 60%|██████    | 152/253 [00:17<00:11,  8.94it/s][A

 61%|██████    | 154/253 [00:17<00:10,  9.43it/s][A

 61%|██████▏   | 155/253 [00:18<00:10,  8.96it/s][A

 62%|██████▏   | 157/253 [00:18<00:10,  9.18it/s][A

 62%|██████▏   | 158/253 [00:18<00:10,  9.04it/s][A

 63%|██████▎   | 159/253 [00:18<00:11,  8.49it/s][A

 63%|██████▎   | 160/253 [00:18<00:11,  8.35it/s][A

 64%|██████▎   | 161/253 [00:18<00:11,  8.17it/s][A

 64%|██████▍   | 162/253 [00:18<00:12,  7.58it/s][A

 65%|██████▍   | 164/253 [00:19<00:10,  8.55it/s][A

 65%|██████▌   | 165/253 [00:19<00:10,  8.25it/s][A

 66%|██████▌   | 167/253 [00:19<00:09,  8.96it/s][A

 67%|██████▋   | 169/253 [00:19<00:09,  9.17it/s][A

 67%|██████▋   | 170/253 [00:19<00:09,  8.79it/s][A

 68%|██████▊   | 171/253 [00:19<00:09,  8.52it/s][A

 68%|██████▊   | 172/253 [00:20<00:09,  8.57it/s][A

 68%|██████▊   | 173/253 [00:20<00:09,  8.41it/s][A

 69%|██████▉   | 174/253 [00:20<00:09,  8.29it/s][A

 70%|██████▉   | 176/253 [00:20<00:08,  9.09it/s][A

 70%|██████▉   | 177/253 [00:20<00:08,  8.98it/s][A

 71%|███████   | 179/253 [00:20<00:08,  8.91it/s][A

 71%|███████   | 180/253 [00:20<00:08,  8.68it/s][A

 72%|███████▏  | 181/253 [00:21<00:08,  8.50it/s][A

 72%|███████▏  | 183/253 [00:21<00:08,  8.69it/s][A

 73%|███████▎  | 184/253 [00:21<00:07,  8.83it/s][A

 73%|███████▎  | 185/253 [00:21<00:07,  8.60it/s][A

 74%|███████▍  | 187/253 [00:21<00:07,  8.62it/s][A

 74%|███████▍  | 188/253 [00:21<00:07,  8.33it/s][A

 75%|███████▍  | 189/253 [00:21<00:07,  8.20it/s][A

 75%|███████▌  | 190/253 [00:22<00:07,  8.15it/s][A

 75%|███████▌  | 191/253 [00:22<00:07,  8.09it/s][A

 76%|███████▋  | 193/253 [00:22<00:06,  8.88it/s][A

 77%|███████▋  | 194/253 [00:22<00:06,  8.60it/s][A

 77%|███████▋  | 196/253 [00:22<00:06,  8.74it/s][A

 78%|███████▊  | 197/253 [00:22<00:06,  8.68it/s][A

 78%|███████▊  | 198/253 [00:23<00:06,  8.67it/s][A

 79%|███████▊  | 199/253 [00:23<00:06,  8.48it/s][A

 79%|███████▉  | 200/253 [00:23<00:06,  8.55it/s][A

 79%|███████▉  | 201/253 [00:23<00:06,  8.29it/s][A

 80%|███████▉  | 202/253 [00:23<00:06,  8.14it/s][A

 80%|████████  | 203/253 [00:23<00:06,  7.69it/s][A

 81%|████████  | 204/253 [00:23<00:06,  7.79it/s][A

 81%|████████  | 205/253 [00:23<00:06,  7.75it/s][A

 82%|████████▏ | 207/253 [00:24<00:05,  8.31it/s][A

 83%|████████▎ | 209/253 [00:24<00:04,  9.05it/s][A

 83%|████████▎ | 211/253 [00:24<00:04,  9.51it/s][A

 84%|████████▍ | 213/253 [00:24<00:04,  9.47it/s][A

 85%|████████▍ | 215/253 [00:24<00:03,  9.70it/s][A

 86%|████████▌ | 217/253 [00:25<00:03,  9.11it/s][A

 86%|████████▌ | 218/253 [00:25<00:03,  8.87it/s][A

 87%|████████▋ | 219/253 [00:25<00:03,  8.90it/s][A

 87%|████████▋ | 220/253 [00:25<00:03,  8.51it/s][A

 87%|████████▋ | 221/253 [00:25<00:03,  8.56it/s][A

 88%|████████▊ | 222/253 [00:25<00:03,  8.58it/s][A

 88%|████████▊ | 223/253 [00:25<00:03,  8.14it/s][A

 89%|████████▉ | 225/253 [00:26<00:03,  8.92it/s][A

 89%|████████▉ | 226/253 [00:26<00:03,  8.45it/s][A

 90%|█████████ | 228/253 [00:26<00:02,  9.11it/s][A

 91%|█████████ | 229/253 [00:26<00:02,  8.97it/s][A

 91%|█████████ | 230/253 [00:26<00:02,  8.56it/s][A

 92%|█████████▏| 232/253 [00:26<00:02,  8.68it/s][A

 92%|█████████▏| 233/253 [00:27<00:02,  8.75it/s][A

 92%|█████████▏| 234/253 [00:27<00:02,  8.51it/s][A

 93%|█████████▎| 236/253 [00:27<00:01,  8.85it/s][A

 94%|█████████▎| 237/253 [00:27<00:01,  9.01it/s][A

 94%|█████████▍| 238/253 [00:27<00:01,  8.94it/s][A

 95%|█████████▍| 240/253 [00:27<00:01,  9.51it/s][A

 96%|█████████▌| 242/253 [00:27<00:01,  9.81it/s][A

 96%|█████████▌| 243/253 [00:28<00:01,  9.34it/s][A

 96%|█████████▋| 244/253 [00:28<00:01,  8.99it/s][A

 97%|█████████▋| 246/253 [00:28<00:00,  8.66it/s][A

 98%|█████████▊| 248/253 [00:28<00:00,  9.22it/s][A

 98%|█████████▊| 249/253 [00:28<00:00,  9.12it/s][A

 99%|█████████▉| 250/253 [00:28<00:00,  8.84it/s][A

100%|█████████▉| 252/253 [00:29<00:00,  9.10it/s][A
                                                  

                                                 
[A{'eval_loss': '1.474', 'eval_runtime': '29.36', 'eval_samples_per_second': '17.24', 'eval_steps_per_second': '8.618', 'eval_entropy': '1.451', 'eval_num_tokens': '8.31e+05', 'eval_mean_token_accuracy': '0.6216', 'epoch': '0.7276'}

 36%|███▋      | 400/1100 [14:41<21:35,  1.85s/it]

100%|██████████| 253/253 [00:29<00:00,  9.10it/s][A

                                                 [A
 36%|███▋      | 401/1100 [14:44<2:06:25, 10.85s/it]
 37%|███▋      | 402/1100 [14:46<1:34:30,  8.12s/it]
 37%|███▋      | 403/1100 [14:48<1:14:17,  6.40s/it]
 37%|███▋      | 404/1100 [14:50<58:09,  5.01s/it]  
 37%|███▋      | 405/1100 [14:52<49:13,  4.25s/it]
 37%|███▋      | 406/1100 [14:54<39:55,  3.45s/it]
 37%|███▋      | 407/1100 [14:56<34:31,  2.99s/it]
 37%|███▋      | 408/1100 [14:57<30:10,  2.62s/it]
 37%|███▋      | 409/1100 [14:59<27:55,  2.42s/it]
 37%|███▋      | 410/1100 [15:01<26:00,  2.26s/it]
                                                  
{'loss': '1.458', 'grad_norm': '1.053', 'learning_rate': '0.0001585', 'entropy': '1.473', 'num_tokens': '8.528e+05', 'mean_token_accuracy': '0.6258', 'epoch': '0.7458'}

 37%|███▋      | 410/1100 [15:01<26:00,  2.26s/it]
 37%|███▋      | 411/1100 [15:03<25:12,  2.20s/it]
 37%|███▋      | 412/1100 [15:05<24:48,  2.16s/it]
 38%|███▊      | 413/1100 [15:07<22:51,  2.00s/it]
 38%|███▊      | 414/1100 [15:10<24:42,  2.16s/it]
 38%|███▊      | 415/1100 [15:11<23:02,  2.02s/it]
 38%|███▊      | 416/1100 [15:13<23:03,  2.02s/it]
 38%|███▊      | 417/1100 [15:15<22:33,  1.98s/it]
 38%|███▊      | 418/1100 [15:17<22:56,  2.02s/it]
 38%|███▊      | 419/1100 [15:19<22:36,  1.99s/it]
 38%|███▊      | 420/1100 [15:21<22:49,  2.01s/it]
                                                  
{'loss': '1.406', 'grad_norm': '1.282', 'learning_rate': '0.0001559', 'entropy': '1.413', 'num_tokens': '8.731e+05', 'mean_token_accuracy': '0.6481', 'epoch': '0.764'}

 38%|███▊      | 420/1100 [15:21<22:49,  2.01s/it]
 38%|███▊      | 421/1100 [15:23<21:31,  1.90s/it]
 38%|███▊      | 422/1100 [15:25<22:42,  2.01s/it]
 38%|███▊      | 423/1100 [15:27<21:25,  1.90s/it]
 39%|███▊      | 424/1100 [15:29<21:52,  1.94s/it]
 39%|███▊      | 425/1100 [15:31<21:27,  1.91s/it]
 39%|███▊      | 426/1100 [15:32<20:33,  1.83s/it]
 39%|███▉      | 427/1100 [15:35<21:59,  1.96s/it]
 39%|███▉      | 428/1100 [15:36<21:24,  1.91s/it]
 39%|███▉      | 429/1100 [15:38<21:55,  1.96s/it]
 39%|███▉      | 430/1100 [15:40<20:46,  1.86s/it]
                                                  
{'loss': '1.488', 'grad_norm': '1.196', 'learning_rate': '0.0001533', 'entropy': '1.463', 'num_tokens': '8.935e+05', 'mean_token_accuracy': '0.6203', 'epoch': '0.7822'}

 39%|███▉      | 430/1100 [15:40<20:46,  1.86s/it]
 39%|███▉      | 431/1100 [15:43<22:38,  2.03s/it]
 39%|███▉      | 432/1100 [15:44<22:05,  1.98s/it]
 39%|███▉      | 433/1100 [15:46<22:03,  1.98s/it]
 39%|███▉      | 434/1100 [15:48<21:02,  1.90s/it]
 40%|███▉      | 435/1100 [15:50<21:02,  1.90s/it]
 40%|███▉      | 436/1100 [15:52<21:09,  1.91s/it]
 40%|███▉      | 437/1100 [15:54<21:54,  1.98s/it]
 40%|███▉      | 438/1100 [15:56<22:02,  2.00s/it]
 40%|███▉      | 439/1100 [15:58<22:42,  2.06s/it]
 40%|████      | 440/1100 [16:00<22:01,  2.00s/it]
                                                  
{'loss': '1.466', 'grad_norm': '1.396', 'learning_rate': '0.0001505', 'entropy': '1.487', 'num_tokens': '9.146e+05', 'mean_token_accuracy': '0.6289', 'epoch': '0.8004'}

 40%|████      | 440/1100 [16:00<22:01,  2.00s/it]
 40%|████      | 441/1100 [16:02<21:33,  1.96s/it]
 40%|████      | 442/1100 [16:04<22:05,  2.01s/it]
 40%|████      | 443/1100 [16:06<23:05,  2.11s/it]
 40%|████      | 444/1100 [16:09<22:43,  2.08s/it]
 40%|████      | 445/1100 [16:11<23:02,  2.11s/it]
 41%|████      | 446/1100 [16:13<22:25,  2.06s/it]
 41%|████      | 447/1100 [16:14<21:02,  1.93s/it]
 41%|████      | 448/1100 [16:16<21:52,  2.01s/it]
 41%|████      | 449/1100 [16:18<20:24,  1.88s/it]
 41%|████      | 450/1100 [16:20<20:09,  1.86s/it]
                                                  
{'loss': '1.469', 'grad_norm': '1.206', 'learning_rate': '0.0001478', 'entropy': '1.458', 'num_tokens': '9.358e+05', 'mean_token_accuracy': '0.6202', 'epoch': '0.8186'}

 41%|████      | 450/1100 [16:20<20:09,  1.86s/it]
 41%|████      | 451/1100 [16:22<20:41,  1.91s/it]
 41%|████      | 452/1100 [16:24<20:41,  1.92s/it]
 41%|████      | 453/1100 [16:26<21:42,  2.01s/it]
 41%|████▏     | 454/1100 [16:28<20:57,  1.95s/it]
 41%|████▏     | 455/1100 [16:30<20:40,  1.92s/it]
 41%|████▏     | 456/1100 [16:32<21:56,  2.04s/it]
 42%|████▏     | 457/1100 [16:34<22:31,  2.10s/it]
 42%|████▏     | 458/1100 [16:37<23:17,  2.18s/it]
 42%|████▏     | 459/1100 [16:38<21:41,  2.03s/it]
 42%|████▏     | 460/1100 [16:40<20:50,  1.95s/it]
                                                  
{'loss': '1.477', 'grad_norm': '1.536', 'learning_rate': '0.000145', 'entropy': '1.429', 'num_tokens': '9.561e+05', 'mean_token_accuracy': '0.6156', 'epoch': '0.8367'}

 42%|████▏     | 460/1100 [16:40<20:50,  1.95s/it]
 42%|████▏     | 461/1100 [16:42<21:37,  2.03s/it]
 42%|████▏     | 462/1100 [16:44<21:19,  2.01s/it]
 42%|████▏     | 463/1100 [16:46<21:03,  1.98s/it]
 42%|████▏     | 464/1100 [16:48<21:00,  1.98s/it]
 42%|████▏     | 465/1100 [16:50<22:00,  2.08s/it]
 42%|████▏     | 466/1100 [16:53<21:56,  2.08s/it]
 42%|████▏     | 467/1100 [16:54<21:26,  2.03s/it]
 43%|████▎     | 468/1100 [16:56<20:10,  1.91s/it]
 43%|████▎     | 469/1100 [16:58<19:42,  1.87s/it]
 43%|████▎     | 470/1100 [17:00<19:37,  1.87s/it]
                                                  
{'loss': '1.445', 'grad_norm': '1.388', 'learning_rate': '0.0001421', 'entropy': '1.436', 'num_tokens': '9.763e+05', 'mean_token_accuracy': '0.6277', 'epoch': '0.8549'}

 43%|████▎     | 470/1100 [17:00<19:37,  1.87s/it]
 43%|████▎     | 471/1100 [17:02<19:31,  1.86s/it]
 43%|████▎     | 472/1100 [17:04<20:08,  1.92s/it]
 43%|████▎     | 473/1100 [17:06<20:34,  1.97s/it]
 43%|████▎     | 474/1100 [17:07<19:54,  1.91s/it]
 43%|████▎     | 475/1100 [17:09<19:30,  1.87s/it]
 43%|████▎     | 476/1100 [17:11<19:45,  1.90s/it]
 43%|████▎     | 477/1100 [17:13<20:46,  2.00s/it]
 43%|████▎     | 478/1100 [17:15<20:07,  1.94s/it]
 44%|████▎     | 479/1100 [17:17<19:14,  1.86s/it]
 44%|████▎     | 480/1100 [17:19<20:22,  1.97s/it]
                                                  
{'loss': '1.57', 'grad_norm': '1.219', 'learning_rate': '0.0001392', 'entropy': '1.516', 'num_tokens': '9.974e+05', 'mean_token_accuracy': '0.6143', 'epoch': '0.8731'}

 44%|████▎     | 480/1100 [17:19<20:22,  1.97s/it]
 44%|████▎     | 481/1100 [17:21<19:29,  1.89s/it]
 44%|████▍     | 482/1100 [17:23<18:54,  1.84s/it]
 44%|████▍     | 483/1100 [17:25<19:50,  1.93s/it]
 44%|████▍     | 484/1100 [17:27<19:37,  1.91s/it]
 44%|████▍     | 485/1100 [17:29<20:55,  2.04s/it]
 44%|████▍     | 486/1100 [17:31<20:12,  1.98s/it]
 44%|████▍     | 487/1100 [17:33<20:30,  2.01s/it]
 44%|████▍     | 488/1100 [17:35<19:34,  1.92s/it]
 44%|████▍     | 489/1100 [17:37<19:57,  1.96s/it]
 45%|████▍     | 490/1100 [17:38<19:09,  1.88s/it]
                                                  
{'loss': '1.494', 'grad_norm': '1.117', 'learning_rate': '0.0001363', 'entropy': '1.524', 'num_tokens': '1.018e+06', 'mean_token_accuracy': '0.615', 'epoch': '0.8913'}

 45%|████▍     | 490/1100 [17:38<19:09,  1.88s/it]
 45%|████▍     | 491/1100 [17:41<20:09,  1.99s/it]
 45%|████▍     | 492/1100 [17:42<19:55,  1.97s/it]
 45%|████▍     | 493/1100 [17:44<19:58,  1.98s/it]
 45%|████▍     | 494/1100 [17:46<19:23,  1.92s/it]
 45%|████▌     | 495/1100 [17:48<18:56,  1.88s/it]
 45%|████▌     | 496/1100 [17:50<19:33,  1.94s/it]
 45%|████▌     | 497/1100 [17:52<19:17,  1.92s/it]
 45%|████▌     | 498/1100 [17:54<19:40,  1.96s/it]
 45%|████▌     | 499/1100 [17:56<19:24,  1.94s/it]
 45%|████▌     | 500/1100 [17:58<20:57,  2.10s/it]
                                                  
{'loss': '1.431', 'grad_norm': '1.453', 'learning_rate': '0.0001333', 'entropy': '1.457', 'num_tokens': '1.039e+06', 'mean_token_accuracy': '0.632', 'epoch': '0.9095'}

 45%|████▌     | 500/1100 [17:58<20:57,  2.10s/it]

  0%|          | 0/253 [00:00<?, ?it/s][A

  1%|          | 3/253 [00:00<00:18, 13.40it/s][A

  2%|▏         | 5/253 [00:00<00:24, 10.00it/s][A

  3%|▎         | 7/253 [00:00<00:25,  9.80it/s][A

  3%|▎         | 8/253 [00:00<00:25,  9.54it/s][A

  4%|▍         | 10/253 [00:01<00:26,  9.32it/s][A

  4%|▍         | 11/253 [00:01<00:25,  9.42it/s][A

  5%|▍         | 12/253 [00:01<00:26,  9.00it/s][A

  6%|▌         | 14/253 [00:01<00:25,  9.22it/s][A

  6%|▌         | 15/253 [00:01<00:26,  8.89it/s][A

  7%|▋         | 17/253 [00:01<00:25,  9.11it/s][A

  7%|▋         | 18/253 [00:01<00:25,  9.19it/s][A

  8%|▊         | 19/253 [00:02<00:26,  8.73it/s][A

  8%|▊         | 20/253 [00:02<00:27,  8.47it/s][A

  8%|▊         | 21/253 [00:02<00:28,  8.27it/s][A

  9%|▊         | 22/253 [00:02<00:26,  8.67it/s][A

  9%|▉         | 23/253 [00:02<00:26,  8.76it/s][A

  9%|▉         | 24/253 [00:02<00:27,  8.37it/s][A

 10%|█         | 26/253 [00:02<00:24,  9.17it/s][A

 11%|█         | 27/253 [00:02<00:24,  9.24it/s][A

 11%|█         | 28/253 [00:03<00:24,  9.10it/s][A

 12%|█▏        | 30/253 [00:03<00:23,  9.34it/s][A

 12%|█▏        | 31/253 [00:03<00:25,  8.82it/s][A

 13%|█▎        | 32/253 [00:03<00:25,  8.78it/s][A

 13%|█▎        | 33/253 [00:03<00:26,  8.37it/s][A

 13%|█▎        | 34/253 [00:03<00:26,  8.23it/s][A

 14%|█▍        | 35/253 [00:03<00:27,  7.96it/s][A

 14%|█▍        | 36/253 [00:04<00:26,  8.14it/s][A

 15%|█▍        | 37/253 [00:04<00:26,  8.30it/s][A

 15%|█▌        | 39/253 [00:04<00:24,  8.61it/s][A

 16%|█▌        | 40/253 [00:04<00:25,  8.42it/s][A

 16%|█▌        | 41/253 [00:04<00:25,  8.43it/s][A

 17%|█▋        | 42/253 [00:04<00:25,  8.27it/s][A

 17%|█▋        | 43/253 [00:04<00:25,  8.40it/s][A

 17%|█▋        | 44/253 [00:04<00:25,  8.30it/s][A

 18%|█▊        | 46/253 [00:05<00:23,  8.64it/s][A

 19%|█▊        | 47/253 [00:05<00:24,  8.35it/s][A

 19%|█▉        | 48/253 [00:05<00:24,  8.42it/s][A

 20%|█▉        | 50/253 [00:05<00:22,  9.16it/s][A

 21%|██        | 52/253 [00:05<00:20,  9.59it/s][A

 21%|██        | 53/253 [00:05<00:22,  9.01it/s][A

 21%|██▏       | 54/253 [00:06<00:23,  8.62it/s][A

 22%|██▏       | 56/253 [00:06<00:21,  9.18it/s][A

 23%|██▎       | 57/253 [00:06<00:22,  8.78it/s][A

 23%|██▎       | 58/253 [00:06<00:23,  8.34it/s][A

 23%|██▎       | 59/253 [00:06<00:23,  8.16it/s][A

 24%|██▎       | 60/253 [00:06<00:23,  8.06it/s][A

 24%|██▍       | 61/253 [00:06<00:23,  8.18it/s][A

 25%|██▍       | 62/253 [00:07<00:24,  7.64it/s][A

 25%|██▍       | 63/253 [00:07<00:25,  7.60it/s][A

 26%|██▌       | 65/253 [00:07<00:23,  8.17it/s][A

 26%|██▌       | 66/253 [00:07<00:23,  8.06it/s][A

 26%|██▋       | 67/253 [00:07<00:21,  8.45it/s][A

 27%|██▋       | 69/253 [00:07<00:21,  8.66it/s][A

 28%|██▊       | 70/253 [00:08<00:21,  8.67it/s][A

 28%|██▊       | 71/253 [00:08<00:21,  8.57it/s][A

 29%|██▉       | 73/253 [00:08<00:19,  9.14it/s][A

 29%|██▉       | 74/253 [00:08<00:20,  8.94it/s][A

 30%|██▉       | 75/253 [00:08<00:20,  8.59it/s][A

 30%|███       | 76/253 [00:08<00:21,  8.42it/s][A

 31%|███       | 78/253 [00:08<00:19,  8.83it/s][A

 31%|███       | 79/253 [00:09<00:20,  8.60it/s][A

 32%|███▏      | 80/253 [00:09<00:20,  8.39it/s][A

 32%|███▏      | 81/253 [00:09<00:20,  8.29it/s][A

 32%|███▏      | 82/253 [00:09<00:20,  8.43it/s][A

 33%|███▎      | 83/253 [00:09<00:20,  8.22it/s][A

 33%|███▎      | 84/253 [00:09<00:20,  8.13it/s][A

 34%|███▎      | 85/253 [00:09<00:20,  8.11it/s][A

 34%|███▍      | 87/253 [00:10<00:19,  8.37it/s][A

 35%|███▍      | 88/253 [00:10<00:20,  8.15it/s][A

 35%|███▌      | 89/253 [00:10<00:20,  7.97it/s][A

 36%|███▌      | 91/253 [00:10<00:18,  8.81it/s][A

 36%|███▋      | 92/253 [00:10<00:18,  8.51it/s][A

 37%|███▋      | 93/253 [00:10<00:19,  8.28it/s][A

 37%|███▋      | 94/253 [00:10<00:18,  8.64it/s][A

 38%|███▊      | 96/253 [00:11<00:17,  8.92it/s][A

 39%|███▊      | 98/253 [00:11<00:17,  8.79it/s][A

 39%|███▉      | 99/253 [00:11<00:18,  8.35it/s][A

 40%|███▉      | 100/253 [00:11<00:18,  8.27it/s][A

 40%|███▉      | 101/253 [00:11<00:18,  8.10it/s][A

 40%|████      | 102/253 [00:11<00:19,  7.94it/s][A

 41%|████      | 103/253 [00:11<00:19,  7.88it/s][A

 41%|████      | 104/253 [00:12<00:18,  7.93it/s][A

 42%|████▏     | 105/253 [00:12<00:18,  7.88it/s][A

 42%|████▏     | 107/253 [00:12<00:17,  8.32it/s][A

 43%|████▎     | 108/253 [00:12<00:17,  8.23it/s][A

 43%|████▎     | 110/253 [00:12<00:16,  8.61it/s][A

 44%|████▍     | 111/253 [00:12<00:16,  8.63it/s][A

 44%|████▍     | 112/253 [00:13<00:16,  8.47it/s][A

 45%|████▍     | 113/253 [00:13<00:16,  8.29it/s][A

 45%|████▌     | 114/253 [00:13<00:17,  8.15it/s][A

 45%|████▌     | 115/253 [00:13<00:17,  7.69it/s][A

 46%|████▌     | 116/253 [00:13<00:17,  7.78it/s][A

 46%|████▌     | 117/253 [00:13<00:17,  7.89it/s][A

 47%|████▋     | 118/253 [00:13<00:17,  7.86it/s][A

 47%|████▋     | 119/253 [00:13<00:16,  7.90it/s][A

 47%|████▋     | 120/253 [00:14<00:16,  8.14it/s][A

 48%|████▊     | 121/253 [00:14<00:15,  8.58it/s][A

 49%|████▊     | 123/253 [00:14<00:14,  8.69it/s][A

 49%|████▉     | 124/253 [00:14<00:15,  8.52it/s][A

 50%|████▉     | 126/253 [00:14<00:14,  8.68it/s][A

 50%|█████     | 127/253 [00:14<00:14,  8.42it/s][A

 51%|█████     | 129/253 [00:15<00:14,  8.56it/s][A

 51%|█████▏    | 130/253 [00:15<00:14,  8.71it/s][A

 52%|█████▏    | 132/253 [00:15<00:13,  8.82it/s][A

 53%|█████▎    | 133/253 [00:15<00:13,  9.03it/s][A

 53%|█████▎    | 134/253 [00:15<00:13,  8.95it/s][A

 53%|█████▎    | 135/253 [00:15<00:13,  8.63it/s][A

 54%|█████▍    | 137/253 [00:15<00:12,  8.96it/s][A

 55%|█████▍    | 138/253 [00:16<00:13,  8.54it/s][A

 55%|█████▍    | 139/253 [00:16<00:13,  8.39it/s][A

 56%|█████▌    | 141/253 [00:16<00:13,  8.53it/s][A

 56%|█████▌    | 142/253 [00:16<00:13,  8.43it/s][A

 57%|█████▋    | 143/253 [00:16<00:13,  8.22it/s][A

 57%|█████▋    | 144/253 [00:16<00:13,  8.18it/s][A

 58%|█████▊    | 146/253 [00:17<00:12,  8.60it/s][A

 58%|█████▊    | 147/253 [00:17<00:12,  8.78it/s][A

 58%|█████▊    | 148/253 [00:17<00:12,  8.54it/s][A

 59%|█████▉    | 149/253 [00:17<00:12,  8.38it/s][A

 60%|█████▉    | 151/253 [00:17<00:11,  8.81it/s][A

 60%|██████    | 153/253 [00:17<00:10,  9.37it/s][A

 61%|██████▏   | 155/253 [00:18<00:10,  9.24it/s][A

 62%|██████▏   | 157/253 [00:18<00:10,  9.30it/s][A

 62%|██████▏   | 158/253 [00:18<00:10,  9.20it/s][A

 63%|██████▎   | 159/253 [00:18<00:10,  8.83it/s][A

 63%|██████▎   | 160/253 [00:18<00:10,  8.61it/s][A

 64%|██████▎   | 161/253 [00:18<00:10,  8.40it/s][A

 64%|██████▍   | 162/253 [00:18<00:11,  7.86it/s][A

 64%|██████▍   | 163/253 [00:18<00:10,  8.28it/s][A

 65%|██████▌   | 165/253 [00:19<00:10,  8.46it/s][A

 66%|██████▌   | 166/253 [00:19<00:10,  8.61it/s][A

 66%|██████▋   | 168/253 [00:19<00:09,  9.23it/s][A

 67%|██████▋   | 169/253 [00:19<00:09,  9.10it/s][A

 67%|██████▋   | 170/253 [00:19<00:09,  8.62it/s][A

 68%|██████▊   | 171/253 [00:19<00:09,  8.36it/s][A

 68%|██████▊   | 172/253 [00:20<00:09,  8.43it/s][A

 68%|██████▊   | 173/253 [00:20<00:09,  8.16it/s][A

 69%|██████▉   | 174/253 [00:20<00:09,  8.10it/s][A

 70%|██████▉   | 176/253 [00:20<00:08,  8.76it/s][A

 70%|██████▉   | 177/253 [00:20<00:08,  8.65it/s][A

 71%|███████   | 179/253 [00:20<00:08,  8.71it/s][A

 71%|███████   | 180/253 [00:20<00:08,  8.46it/s][A

 72%|███████▏  | 181/253 [00:21<00:08,  8.23it/s][A

 72%|███████▏  | 183/253 [00:21<00:08,  8.58it/s][A

 73%|███████▎  | 185/253 [00:21<00:07,  8.75it/s][A

 74%|███████▍  | 187/253 [00:21<00:07,  8.84it/s][A

 74%|███████▍  | 188/253 [00:21<00:07,  8.56it/s][A

 75%|███████▍  | 189/253 [00:22<00:07,  8.42it/s][A

 75%|███████▌  | 191/253 [00:22<00:07,  8.67it/s][A

 76%|███████▋  | 193/253 [00:22<00:06,  9.20it/s][A

 77%|███████▋  | 194/253 [00:22<00:06,  9.10it/s][A

 77%|███████▋  | 196/253 [00:22<00:06,  9.10it/s][A

 78%|███████▊  | 197/253 [00:22<00:06,  9.24it/s][A

 78%|███████▊  | 198/253 [00:22<00:06,  9.01it/s][A

 79%|███████▊  | 199/253 [00:23<00:06,  8.73it/s][A

 79%|███████▉  | 200/253 [00:23<00:06,  8.75it/s][A

 79%|███████▉  | 201/253 [00:23<00:06,  8.44it/s][A

 80%|███████▉  | 202/253 [00:23<00:06,  8.22it/s][A

 80%|████████  | 203/253 [00:23<00:06,  7.74it/s][A

 81%|████████  | 204/253 [00:23<00:06,  7.78it/s][A

 81%|████████  | 205/253 [00:23<00:06,  7.62it/s][A

 82%|████████▏ | 207/253 [00:24<00:05,  8.18it/s][A

 82%|████████▏ | 208/253 [00:24<00:05,  8.47it/s][A

 83%|████████▎ | 210/253 [00:24<00:04,  9.18it/s][A

 84%|████████▍ | 212/253 [00:24<00:04,  9.36it/s][A

 84%|████████▍ | 213/253 [00:24<00:04,  9.20it/s][A

 85%|████████▍ | 215/253 [00:24<00:03,  9.56it/s][A

 86%|████████▌ | 217/253 [00:25<00:04,  8.97it/s][A

 86%|████████▌ | 218/253 [00:25<00:04,  8.70it/s][A

 87%|████████▋ | 219/253 [00:25<00:03,  8.82it/s][A

 87%|████████▋ | 220/253 [00:25<00:03,  8.55it/s][A

 87%|████████▋ | 221/253 [00:25<00:03,  8.60it/s][A

 88%|████████▊ | 222/253 [00:25<00:03,  8.64it/s][A

 88%|████████▊ | 223/253 [00:25<00:03,  8.32it/s][A

 89%|████████▉ | 225/253 [00:26<00:03,  9.09it/s][A

 89%|████████▉ | 226/253 [00:26<00:03,  8.64it/s][A

 90%|█████████ | 228/253 [00:26<00:02,  9.26it/s][A

 91%|█████████ | 229/253 [00:26<00:02,  9.13it/s][A

 91%|█████████ | 230/253 [00:26<00:02,  8.74it/s][A

 92%|█████████▏| 232/253 [00:26<00:02,  8.83it/s][A

 92%|█████████▏| 234/253 [00:27<00:02,  8.75it/s][A

 93%|█████████▎| 236/253 [00:27<00:01,  9.00it/s][A

 94%|█████████▎| 237/253 [00:27<00:01,  8.94it/s][A

 94%|█████████▍| 238/253 [00:27<00:01,  8.82it/s][A

 95%|█████████▍| 240/253 [00:27<00:01,  9.34it/s][A

 95%|█████████▌| 241/253 [00:27<00:01,  9.32it/s][A

 96%|█████████▌| 242/253 [00:27<00:01,  9.42it/s][A

 96%|█████████▌| 243/253 [00:28<00:01,  8.98it/s][A

 96%|█████████▋| 244/253 [00:28<00:01,  8.64it/s][A

 97%|█████████▋| 245/253 [00:28<00:00,  8.86it/s][A

 97%|█████████▋| 246/253 [00:28<00:00,  8.17it/s][A

 98%|█████████▊| 248/253 [00:28<00:00,  8.79it/s][A

 98%|█████████▊| 249/253 [00:28<00:00,  8.78it/s][A

 99%|█████████▉| 250/253 [00:28<00:00,  8.57it/s][A

100%|█████████▉| 252/253 [00:29<00:00,  8.89it/s][A

100%|██████████| 253/253 [00:29<00:00,  8.80it/s][A
                                                  

                                                 
[A{'eval_loss': '1.449', 'eval_runtime': '29.38', 'eval_samples_per_second': '17.22', 'eval_steps_per_second': '8.611', 'eval_entropy': '1.346', 'eval_num_tokens': '1.039e+06', 'eval_mean_token_accuracy': '0.6266', 'epoch': '0.9095'}

 45%|████▌     | 500/1100 [18:28<20:57,  2.10s/it]

100%|██████████| 253/253 [00:29<00:00,  8.80it/s][A

                                                 [A
 46%|████▌     | 501/1100 [18:29<1:47:30, 10.77s/it]
 46%|████▌     | 502/1100 [18:31<1:20:55,  8.12s/it]
 46%|████▌     | 503/1100 [18:33<1:01:43,  6.20s/it]
 46%|████▌     | 504/1100 [18:35<48:34,  4.89s/it]  
 46%|████▌     | 505/1100 [18:37<39:51,  4.02s/it]
 46%|████▌     | 506/1100 [18:39<34:04,  3.44s/it]
 46%|████▌     | 507/1100 [18:41<28:52,  2.92s/it]
 46%|████▌     | 508/1100 [18:42<25:14,  2.56s/it]
 46%|████▋     | 509/1100 [18:44<22:47,  2.31s/it]
 46%|████▋     | 510/1100 [18:46<20:48,  2.12s/it]
                                                  
{'loss': '1.495', 'grad_norm': '1.193', 'learning_rate': '0.0001303', 'entropy': '1.459', 'num_tokens': '1.06e+06', 'mean_token_accuracy': '0.619', 'epoch': '0.9277'}

 46%|████▋     | 510/1100 [18:46<20:48,  2.12s/it]
 46%|████▋     | 511/1100 [18:48<20:19,  2.07s/it]
 47%|████▋     | 512/1100 [18:50<20:26,  2.09s/it]
 47%|████▋     | 513/1100 [18:52<20:47,  2.13s/it]
 47%|████▋     | 514/1100 [18:54<20:08,  2.06s/it]
 47%|████▋     | 515/1100 [18:56<20:11,  2.07s/it]
 47%|████▋     | 516/1100 [18:58<19:25,  2.00s/it]
 47%|████▋     | 517/1100 [19:00<18:47,  1.93s/it]
 47%|████▋     | 518/1100 [19:02<19:06,  1.97s/it]
 47%|████▋     | 519/1100 [19:04<19:54,  2.06s/it]
 47%|████▋     | 520/1100 [19:06<19:34,  2.02s/it]
                                                  
{'loss': '1.549', 'grad_norm': '1.294', 'learning_rate': '0.0001273', 'entropy': '1.567', 'num_tokens': '1.081e+06', 'mean_token_accuracy': '0.6101', 'epoch': '0.9459'}

 47%|████▋     | 520/1100 [19:06<19:34,  2.02s/it]
 47%|████▋     | 521/1100 [19:08<18:54,  1.96s/it]
 47%|████▋     | 522/1100 [19:10<18:54,  1.96s/it]
 48%|████▊     | 523/1100 [19:12<18:24,  1.91s/it]
 48%|████▊     | 524/1100 [19:14<19:13,  2.00s/it]
 48%|████▊     | 525/1100 [19:16<18:27,  1.93s/it]
 48%|████▊     | 526/1100 [19:17<18:25,  1.93s/it]
 48%|████▊     | 527/1100 [19:19<17:52,  1.87s/it]
 48%|████▊     | 528/1100 [19:21<18:16,  1.92s/it]
 48%|████▊     | 529/1100 [19:23<17:40,  1.86s/it]
 48%|████▊     | 530/1100 [19:25<17:42,  1.86s/it]
                                                  
{'loss': '1.534', 'grad_norm': '1.378', 'learning_rate': '0.0001242', 'entropy': '1.437', 'num_tokens': '1.102e+06', 'mean_token_accuracy': '0.6223', 'epoch': '0.9641'}

 48%|████▊     | 530/1100 [19:25<17:42,  1.86s/it]
 48%|████▊     | 531/1100 [19:26<17:01,  1.79s/it]
 48%|████▊     | 532/1100 [19:28<16:35,  1.75s/it]
 48%|████▊     | 533/1100 [19:30<17:33,  1.86s/it]
 49%|████▊     | 534/1100 [19:32<16:57,  1.80s/it]
 49%|████▊     | 535/1100 [19:34<17:41,  1.88s/it]
 49%|████▊     | 536/1100 [19:36<16:59,  1.81s/it]
 49%|████▉     | 537/1100 [19:37<16:33,  1.76s/it]
 49%|████▉     | 538/1100 [19:39<16:20,  1.74s/it]
 49%|████▉     | 539/1100 [19:41<16:57,  1.81s/it]
 49%|████▉     | 540/1100 [19:43<16:56,  1.81s/it]
                                                  
{'loss': '1.395', 'grad_norm': '1.215', 'learning_rate': '0.0001211', 'entropy': '1.493', 'num_tokens': '1.123e+06', 'mean_token_accuracy': '0.6356', 'epoch': '0.9823'}

 49%|████▉     | 540/1100 [19:43<16:56,  1.81s/it]
 49%|████▉     | 541/1100 [19:44<16:33,  1.78s/it]
 49%|████▉     | 542/1100 [19:46<16:27,  1.77s/it]
 49%|████▉     | 543/1100 [19:48<15:53,  1.71s/it]
 49%|████▉     | 544/1100 [19:49<15:54,  1.72s/it]
 50%|████▉     | 545/1100 [19:51<15:49,  1.71s/it]
 50%|████▉     | 546/1100 [19:53<17:15,  1.87s/it]
 50%|████▉     | 547/1100 [19:55<16:50,  1.83s/it]
 50%|████▉     | 548/1100 [19:57<16:03,  1.75s/it]
 50%|████▉     | 549/1100 [19:59<16:17,  1.77s/it]
 50%|█████     | 550/1100 [20:00<14:48,  1.62s/it]
                                                  
{'loss': '1.485', 'grad_norm': '1.361', 'learning_rate': '0.000118', 'entropy': '1.422', 'num_tokens': '1.143e+06', 'mean_token_accuracy': '0.6311', 'epoch': '1'}

 50%|█████     | 550/1100 [20:00<14:48,  1.62s/it]
 50%|█████     | 551/1100 [20:01<14:54,  1.63s/it]
 50%|█████     | 552/1100 [20:04<16:10,  1.77s/it]
 50%|█████     | 553/1100 [20:05<16:19,  1.79s/it]
 50%|█████     | 554/1100 [20:07<16:34,  1.82s/it]
 50%|█████     | 555/1100 [20:09<15:45,  1.73s/it]
 51%|█████     | 556/1100 [20:10<15:35,  1.72s/it]
 51%|█████     | 557/1100 [20:13<16:42,  1.85s/it]
 51%|█████     | 558/1100 [20:14<16:13,  1.80s/it]
 51%|█████     | 559/1100 [20:16<16:50,  1.87s/it]
 51%|█████     | 560/1100 [20:18<15:56,  1.77s/it]
                                                  
{'loss': '1.309', 'grad_norm': '1.494', 'learning_rate': '0.0001149', 'entropy': '1.395', 'num_tokens': '1.163e+06', 'mean_token_accuracy': '0.654', 'epoch': '1.018'}

 51%|█████     | 560/1100 [20:18<15:56,  1.77s/it]
 51%|█████     | 561/1100 [20:20<15:38,  1.74s/it]
 51%|█████     | 562/1100 [20:22<16:19,  1.82s/it]
 51%|█████     | 563/1100 [20:23<15:48,  1.77s/it]
 51%|█████▏    | 564/1100 [20:25<16:36,  1.86s/it]
 51%|█████▏    | 565/1100 [20:27<16:08,  1.81s/it]
 51%|█████▏    | 566/1100 [20:29<16:11,  1.82s/it]
 52%|█████▏    | 567/1100 [20:31<16:32,  1.86s/it]
 52%|█████▏    | 568/1100 [20:32<15:44,  1.78s/it]
 52%|█████▏    | 569/1100 [20:34<16:33,  1.87s/it]
 52%|█████▏    | 570/1100 [20:36<15:46,  1.79s/it]
                                                  
{'loss': '1.414', 'grad_norm': '1.213', 'learning_rate': '0.0001117', 'entropy': '1.361', 'num_tokens': '1.184e+06', 'mean_token_accuracy': '0.6354', 'epoch': '1.036'}

 52%|█████▏    | 570/1100 [20:36<15:46,  1.79s/it]
 52%|█████▏    | 571/1100 [20:38<15:40,  1.78s/it]
 52%|█████▏    | 572/1100 [20:40<15:30,  1.76s/it]
 52%|█████▏    | 573/1100 [20:42<16:25,  1.87s/it]
 52%|█████▏    | 574/1100 [20:44<16:27,  1.88s/it]
 52%|█████▏    | 575/1100 [20:45<15:48,  1.81s/it]
 52%|█████▏    | 576/1100 [20:47<15:19,  1.75s/it]
 52%|█████▏    | 577/1100 [20:49<15:09,  1.74s/it]
 53%|█████▎    | 578/1100 [20:50<15:11,  1.75s/it]
 53%|█████▎    | 579/1100 [20:52<14:54,  1.72s/it]
 53%|█████▎    | 580/1100 [20:54<15:16,  1.76s/it]
                                                  
{'loss': '1.411', 'grad_norm': '1.24', 'learning_rate': '0.0001086', 'entropy': '1.406', 'num_tokens': '1.205e+06', 'mean_token_accuracy': '0.6457', 'epoch': '1.055'}

 53%|█████▎    | 580/1100 [20:54<15:16,  1.76s/it]
 53%|█████▎    | 581/1100 [20:56<15:54,  1.84s/it]
 53%|█████▎    | 582/1100 [20:57<15:24,  1.79s/it]
 53%|█████▎    | 583/1100 [20:59<15:15,  1.77s/it]
 53%|█████▎    | 584/1100 [21:01<15:03,  1.75s/it]
 53%|█████▎    | 585/1100 [21:03<15:52,  1.85s/it]
 53%|█████▎    | 586/1100 [21:05<15:21,  1.79s/it]
 53%|█████▎    | 587/1100 [21:07<15:45,  1.84s/it]
 53%|█████▎    | 588/1100 [21:08<15:18,  1.79s/it]
 54%|█████▎    | 589/1100 [21:10<14:45,  1.73s/it]
 54%|█████▎    | 590/1100 [21:12<14:56,  1.76s/it]
                                                  
{'loss': '1.458', 'grad_norm': '1.379', 'learning_rate': '0.0001054', 'entropy': '1.373', 'num_tokens': '1.225e+06', 'mean_token_accuracy': '0.6354', 'epoch': '1.073'}

 54%|█████▎    | 590/1100 [21:12<14:56,  1.76s/it]
 54%|█████▎    | 591/1100 [21:14<15:26,  1.82s/it]
 54%|█████▍    | 592/1100 [21:15<15:23,  1.82s/it]
 54%|█████▍    | 593/1100 [21:17<15:37,  1.85s/it]
 54%|█████▍    | 594/1100 [21:20<16:14,  1.93s/it]
 54%|█████▍    | 595/1100 [21:21<16:05,  1.91s/it]
 54%|█████▍    | 596/1100 [21:24<17:21,  2.07s/it]
 54%|█████▍    | 597/1100 [21:26<17:12,  2.05s/it]
 54%|█████▍    | 598/1100 [21:28<18:16,  2.19s/it]
 54%|█████▍    | 599/1100 [21:30<17:00,  2.04s/it]
 55%|█████▍    | 600/1100 [21:32<17:09,  2.06s/it]
                                                  
{'loss': '1.377', 'grad_norm': '1.399', 'learning_rate': '0.0001022', 'entropy': '1.363', 'num_tokens': '1.247e+06', 'mean_token_accuracy': '0.6443', 'epoch': '1.091'}

 55%|█████▍    | 600/1100 [21:32<17:09,  2.06s/it]

  0%|          | 0/253 [00:00<?, ?it/s][A

  1%|          | 3/253 [00:00<00:18, 13.39it/s][A

  2%|▏         | 5/253 [00:00<00:24,  9.98it/s][A

  3%|▎         | 7/253 [00:00<00:25,  9.78it/s][A

  3%|▎         | 8/253 [00:00<00:25,  9.52it/s][A

  4%|▍         | 10/253 [00:01<00:26,  9.31it/s][A

  4%|▍         | 11/253 [00:01<00:25,  9.40it/s][A

  5%|▍         | 12/253 [00:01<00:26,  8.98it/s][A

  6%|▌         | 14/253 [00:01<00:26,  9.12it/s][A

  6%|▌         | 15/253 [00:01<00:27,  8.70it/s][A

  7%|▋         | 17/253 [00:01<00:26,  8.95it/s][A

  8%|▊         | 19/253 [00:02<00:26,  8.76it/s][A

  8%|▊         | 20/253 [00:02<00:26,  8.77it/s][A

  8%|▊         | 21/253 [00:02<00:27,  8.51it/s][A

  9%|▉         | 23/253 [00:02<00:25,  9.10it/s][A

  9%|▉         | 24/253 [00:02<00:26,  8.66it/s][A

 10%|▉         | 25/253 [00:02<00:26,  8.51it/s][A

 11%|█         | 27/253 [00:02<00:24,  9.16it/s][A

 11%|█         | 28/253 [00:03<00:25,  8.92it/s][A

 11%|█▏        | 29/253 [00:03<00:24,  8.96it/s][A

 12%|█▏        | 31/253 [00:03<00:25,  8.86it/s][A

 13%|█▎        | 32/253 [00:03<00:26,  8.40it/s][A

 13%|█▎        | 33/253 [00:03<00:25,  8.55it/s][A

 13%|█▎        | 34/253 [00:03<00:26,  8.35it/s][A

 14%|█▍        | 35/253 [00:03<00:27,  7.88it/s][A

 14%|█▍        | 36/253 [00:04<00:26,  8.13it/s][A

 15%|█▌        | 38/253 [00:04<00:23,  9.00it/s][A

 15%|█▌        | 39/253 [00:04<00:24,  8.73it/s][A

 16%|█▌        | 40/253 [00:04<00:25,  8.50it/s][A

 16%|█▌        | 41/253 [00:04<00:24,  8.49it/s][A

 17%|█▋        | 42/253 [00:04<00:25,  8.32it/s][A

 17%|█▋        | 43/253 [00:04<00:24,  8.42it/s][A

 17%|█▋        | 44/253 [00:04<00:25,  8.31it/s][A

 18%|█▊        | 46/253 [00:05<00:24,  8.62it/s][A

 19%|█▊        | 47/253 [00:05<00:24,  8.33it/s][A

 19%|█▉        | 48/253 [00:05<00:24,  8.40it/s][A

 20%|█▉        | 50/253 [00:05<00:22,  9.14it/s][A

 20%|██        | 51/253 [00:05<00:22,  9.13it/s][A

 21%|██        | 52/253 [00:05<00:22,  8.92it/s][A

 21%|██        | 53/253 [00:05<00:23,  8.51it/s][A

 21%|██▏       | 54/253 [00:06<00:23,  8.35it/s][A

 22%|██▏       | 56/253 [00:06<00:21,  9.05it/s][A

 23%|██▎       | 57/253 [00:06<00:22,  8.66it/s][A

 23%|██▎       | 58/253 [00:06<00:23,  8.26it/s][A

 23%|██▎       | 59/253 [00:06<00:23,  8.09it/s][A

 24%|██▎       | 60/253 [00:06<00:23,  8.06it/s][A

 24%|██▍       | 61/253 [00:06<00:23,  8.06it/s][A

 25%|██▍       | 62/253 [00:07<00:25,  7.50it/s][A

 25%|██▍       | 63/253 [00:07<00:25,  7.58it/s][A

 25%|██▌       | 64/253 [00:07<00:24,  7.70it/s][A

 26%|██▌       | 65/253 [00:07<00:24,  7.70it/s][A

 26%|██▌       | 66/253 [00:07<00:24,  7.76it/s][A

 26%|██▋       | 67/253 [00:07<00:24,  7.64it/s][A

 27%|██▋       | 69/253 [00:07<00:22,  8.18it/s][A

 28%|██▊       | 70/253 [00:08<00:22,  7.96it/s][A

 28%|██▊       | 71/253 [00:08<00:22,  7.96it/s][A

 29%|██▉       | 73/253 [00:08<00:20,  8.82it/s][A

 29%|██▉       | 74/253 [00:08<00:20,  8.78it/s][A

 30%|██▉       | 75/253 [00:08<00:21,  8.45it/s][A

 30%|███       | 76/253 [00:08<00:21,  8.32it/s][A

 31%|███       | 78/253 [00:09<00:19,  8.79it/s][A

 31%|███       | 79/253 [00:09<00:20,  8.57it/s][A

 32%|███▏      | 80/253 [00:09<00:20,  8.37it/s][A

 32%|███▏      | 81/253 [00:09<00:20,  8.28it/s][A

 32%|███▏      | 82/253 [00:09<00:20,  8.42it/s][A

 33%|███▎      | 83/253 [00:09<00:20,  8.21it/s][A

 33%|███▎      | 84/253 [00:09<00:20,  8.12it/s][A

 34%|███▎      | 85/253 [00:09<00:20,  8.10it/s][A

 34%|███▍      | 86/253 [00:10<00:20,  8.34it/s][A

 34%|███▍      | 87/253 [00:10<00:20,  7.93it/s][A

 35%|███▍      | 88/253 [00:10<00:20,  7.88it/s][A

 35%|███▌      | 89/253 [00:10<00:21,  7.80it/s][A

 36%|███▌      | 90/253 [00:10<00:21,  7.66it/s][A

 36%|███▋      | 92/253 [00:10<00:19,  8.22it/s][A

 37%|███▋      | 93/253 [00:10<00:19,  8.10it/s][A

 37%|███▋      | 94/253 [00:11<00:18,  8.49it/s][A

 38%|███▊      | 96/253 [00:11<00:17,  9.07it/s][A

 38%|███▊      | 97/253 [00:11<00:17,  8.76it/s][A

 39%|███▊      | 98/253 [00:11<00:18,  8.40it/s][A

 39%|███▉      | 99/253 [00:11<00:18,  8.23it/s][A

 40%|███▉      | 100/253 [00:11<00:19,  7.95it/s][A

 40%|███▉      | 101/253 [00:11<00:19,  7.89it/s][A

 40%|████      | 102/253 [00:11<00:19,  7.93it/s][A

 41%|████      | 103/253 [00:12<00:19,  7.84it/s][A

 41%|████      | 104/253 [00:12<00:19,  7.77it/s][A

 42%|████▏     | 105/253 [00:12<00:19,  7.76it/s][A

 42%|████▏     | 106/253 [00:12<00:18,  7.87it/s][A

 42%|████▏     | 107/253 [00:12<00:18,  7.70it/s][A

 43%|████▎     | 108/253 [00:12<00:18,  7.78it/s][A

 43%|████▎     | 110/253 [00:12<00:16,  8.80it/s][A

 44%|████▍     | 111/253 [00:13<00:16,  8.77it/s][A

 44%|████▍     | 112/253 [00:13<00:16,  8.56it/s][A

 45%|████▍     | 113/253 [00:13<00:16,  8.35it/s][A

 45%|████▌     | 114/253 [00:13<00:16,  8.18it/s][A

 45%|████▌     | 115/253 [00:13<00:17,  7.67it/s][A

 46%|████▌     | 116/253 [00:13<00:17,  7.76it/s][A

 46%|████▌     | 117/253 [00:13<00:17,  7.89it/s][A

 47%|████▋     | 118/253 [00:13<00:17,  7.84it/s][A

 47%|████▋     | 119/253 [00:14<00:17,  7.86it/s][A

 47%|████▋     | 120/253 [00:14<00:16,  8.12it/s][A

 48%|████▊     | 121/253 [00:14<00:16,  8.02it/s][A

 48%|████▊     | 122/253 [00:14<00:15,  8.39it/s][A

 49%|████▊     | 123/253 [00:14<00:15,  8.26it/s][A

 49%|████▉     | 124/253 [00:14<00:15,  8.10it/s][A

 49%|████▉     | 125/253 [00:14<00:16,  7.88it/s][A

 50%|████▉     | 126/253 [00:14<00:16,  7.92it/s][A

 50%|█████     | 127/253 [00:15<00:15,  7.93it/s][A

 51%|█████     | 129/253 [00:15<00:14,  8.28it/s][A

 51%|█████▏    | 130/253 [00:15<00:14,  8.45it/s][A

 52%|█████▏    | 132/253 [00:15<00:13,  8.68it/s][A

 53%|█████▎    | 133/253 [00:15<00:14,  8.41it/s][A

 53%|█████▎    | 135/253 [00:16<00:13,  8.58it/s][A

 54%|█████▍    | 136/253 [00:16<00:13,  8.46it/s][A

 54%|█████▍    | 137/253 [00:16<00:13,  8.36it/s][A

 55%|█████▍    | 138/253 [00:16<00:13,  8.22it/s][A

 55%|█████▍    | 139/253 [00:16<00:14,  8.13it/s][A

 55%|█████▌    | 140/253 [00:16<00:13,  8.42it/s][A

 56%|█████▌    | 141/253 [00:16<00:13,  8.22it/s][A

 56%|█████▌    | 142/253 [00:16<00:13,  8.18it/s][A

 57%|█████▋    | 143/253 [00:17<00:13,  8.00it/s][A

 57%|█████▋    | 144/253 [00:17<00:13,  8.03it/s][A

 58%|█████▊    | 146/253 [00:17<00:12,  8.89it/s][A

 58%|█████▊    | 148/253 [00:17<00:11,  8.88it/s][A

 59%|█████▉    | 149/253 [00:17<00:12,  8.63it/s][A

 60%|█████▉    | 151/253 [00:17<00:11,  8.89it/s][A

 60%|██████    | 153/253 [00:18<00:10,  9.36it/s][A

 61%|██████▏   | 155/253 [00:18<00:10,  9.23it/s][A

 62%|██████▏   | 157/253 [00:18<00:10,  9.31it/s][A

 62%|██████▏   | 158/253 [00:18<00:10,  8.92it/s][A

 63%|██████▎   | 159/253 [00:18<00:10,  8.63it/s][A

 63%|██████▎   | 160/253 [00:18<00:11,  8.44it/s][A

 64%|██████▎   | 161/253 [00:19<00:11,  7.97it/s][A

 64%|██████▍   | 162/253 [00:19<00:11,  7.62it/s][A

 65%|██████▍   | 164/253 [00:19<00:10,  8.61it/s][A

 65%|██████▌   | 165/253 [00:19<00:10,  8.33it/s][A

 66%|██████▌   | 166/253 [00:19<00:10,  8.42it/s][A

 66%|██████▋   | 168/253 [00:19<00:09,  9.14it/s][A

 67%|██████▋   | 169/253 [00:19<00:09,  8.67it/s][A

 67%|██████▋   | 170/253 [00:20<00:09,  8.38it/s][A

 68%|██████▊   | 171/253 [00:20<00:10,  8.18it/s][A

 68%|██████▊   | 172/253 [00:20<00:09,  8.25it/s][A

 68%|██████▊   | 173/253 [00:20<00:10,  7.91it/s][A

 69%|██████▉   | 174/253 [00:20<00:09,  7.92it/s][A

 69%|██████▉   | 175/253 [00:20<00:09,  8.05it/s][A

 70%|██████▉   | 176/253 [00:20<00:09,  8.16it/s][A

 70%|██████▉   | 177/253 [00:20<00:09,  8.29it/s][A

 71%|███████   | 179/253 [00:21<00:08,  8.49it/s][A

 71%|███████   | 180/253 [00:21<00:08,  8.36it/s][A

 72%|███████▏  | 181/253 [00:21<00:08,  8.26it/s][A

 72%|███████▏  | 183/253 [00:21<00:08,  8.59it/s][A

 73%|███████▎  | 185/253 [00:21<00:07,  8.76it/s][A

 74%|███████▍  | 187/253 [00:22<00:07,  8.85it/s][A

 74%|███████▍  | 188/253 [00:22<00:07,  8.54it/s][A

 75%|███████▍  | 189/253 [00:22<00:07,  8.39it/s][A

 75%|███████▌  | 191/253 [00:22<00:07,  8.63it/s][A

 76%|███████▌  | 192/253 [00:22<00:07,  8.35it/s][A

 76%|███████▋  | 193/253 [00:22<00:06,  8.60it/s][A

 77%|███████▋  | 194/253 [00:22<00:06,  8.62it/s][A

 77%|███████▋  | 196/253 [00:23<00:06,  8.75it/s][A

 78%|███████▊  | 197/253 [00:23<00:06,  8.65it/s][A

 78%|███████▊  | 198/253 [00:23<00:06,  8.66it/s][A

 79%|███████▊  | 199/253 [00:23<00:06,  8.46it/s][A

 79%|███████▉  | 200/253 [00:23<00:06,  8.54it/s][A

 79%|███████▉  | 201/253 [00:23<00:06,  8.15it/s][A

 80%|███████▉  | 202/253 [00:23<00:06,  7.97it/s][A

 80%|████████  | 203/253 [00:24<00:06,  7.50it/s][A

 81%|████████  | 204/253 [00:24<00:06,  7.42it/s][A

 81%|████████  | 205/253 [00:24<00:06,  7.47it/s][A

 82%|████████▏ | 207/253 [00:24<00:05,  8.06it/s][A

 82%|████████▏ | 208/253 [00:24<00:05,  8.19it/s][A

 83%|████████▎ | 210/253 [00:24<00:04,  8.75it/s][A

 83%|████████▎ | 211/253 [00:25<00:04,  8.54it/s][A

 84%|████████▍ | 213/253 [00:25<00:04,  8.92it/s][A

 85%|████████▍ | 215/253 [00:25<00:04,  9.33it/s][A

 86%|████████▌ | 217/253 [00:25<00:04,  8.84it/s][A

 86%|████████▌ | 218/253 [00:25<00:04,  8.64it/s][A

 87%|████████▋ | 220/253 [00:26<00:03,  8.74it/s][A

 87%|████████▋ | 221/253 [00:26<00:03,  8.74it/s][A

 88%|████████▊ | 222/253 [00:26<00:03,  8.74it/s][A

 88%|████████▊ | 223/253 [00:26<00:03,  8.42it/s][A

 89%|████████▊ | 224/253 [00:26<00:03,  8.30it/s][A

 89%|████████▉ | 225/253 [00:26<00:03,  8.40it/s][A

 89%|████████▉ | 226/253 [00:26<00:03,  8.15it/s][A

 90%|█████████ | 228/253 [00:26<00:02,  8.99it/s][A

 91%|█████████ | 229/253 [00:27<00:02,  8.91it/s][A

 91%|█████████ | 230/253 [00:27<00:02,  8.50it/s][A

 91%|█████████▏| 231/253 [00:27<00:02,  8.15it/s][A

 92%|█████████▏| 232/253 [00:27<00:02,  8.08it/s][A

 92%|█████████▏| 234/253 [00:27<00:02,  8.47it/s][A

 93%|█████████▎| 236/253 [00:27<00:01,  8.87it/s][A

 94%|█████████▍| 238/253 [00:28<00:01,  9.03it/s][A

 94%|█████████▍| 239/253 [00:28<00:01,  8.84it/s][A

 95%|█████████▌| 241/253 [00:28<00:01,  9.34it/s][A

 96%|█████████▌| 242/253 [00:28<00:01,  8.83it/s][A

 96%|█████████▌| 243/253 [00:28<00:01,  8.56it/s][A

 96%|█████████▋| 244/253 [00:28<00:01,  8.42it/s][A

 97%|█████████▋| 245/253 [00:28<00:00,  8.24it/s][A

 97%|█████████▋| 246/253 [00:29<00:00,  7.71it/s][A

 98%|█████████▊| 248/253 [00:29<00:00,  8.33it/s][A

 98%|█████████▊| 249/253 [00:29<00:00,  8.35it/s][A

 99%|█████████▉| 250/253 [00:29<00:00,  8.25it/s][A

100%|█████████▉| 252/253 [00:29<00:00,  8.74it/s][A
                                                  

                                                 
[A{'eval_loss': '1.434', 'eval_runtime': '29.99', 'eval_samples_per_second': '16.87', 'eval_steps_per_second': '8.435', 'eval_entropy': '1.362', 'eval_num_tokens': '1.247e+06', 'eval_mean_token_accuracy': '0.6284', 'epoch': '1.091'}

 55%|█████▍    | 600/1100 [22:02<17:09,  2.06s/it]

100%|██████████| 253/253 [00:29<00:00,  8.74it/s][A

                                                 [A
 55%|█████▍    | 601/1100 [22:05<1:33:24, 11.23s/it]
 55%|█████▍    | 602/1100 [22:07<1:09:53,  8.42s/it]
 55%|█████▍    | 603/1100 [22:09<53:38,  6.48s/it]  
 55%|█████▍    | 604/1100 [22:11<43:13,  5.23s/it]
 55%|█████▌    | 605/1100 [22:13<35:12,  4.27s/it]
 55%|█████▌    | 606/1100 [22:15<29:11,  3.55s/it]
 55%|█████▌    | 607/1100 [22:17<24:46,  3.02s/it]
 55%|█████▌    | 608/1100 [22:18<21:58,  2.68s/it]
 55%|█████▌    | 609/1100 [22:21<20:40,  2.53s/it]
 55%|█████▌    | 610/1100 [22:22<18:45,  2.30s/it]
                                                  
{'loss': '1.387', 'grad_norm': '1.557', 'learning_rate': '9.905e-05', 'entropy': '1.376', 'num_tokens': '1.268e+06', 'mean_token_accuracy': '0.6387', 'epoch': '1.109'}

 55%|█████▌    | 610/1100 [22:22<18:45,  2.30s/it]
 56%|█████▌    | 611/1100 [22:24<17:30,  2.15s/it]
 56%|█████▌    | 612/1100 [22:26<17:21,  2.13s/it]
 56%|█████▌    | 613/1100 [22:28<17:16,  2.13s/it]
 56%|█████▌    | 614/1100 [22:30<16:41,  2.06s/it]
 56%|█████▌    | 615/1100 [22:32<15:33,  1.92s/it]
 56%|█████▌    | 616/1100 [22:34<15:20,  1.90s/it]
 56%|█████▌    | 617/1100 [22:36<15:29,  1.92s/it]
 56%|█████▌    | 618/1100 [22:38<16:23,  2.04s/it]
 56%|█████▋    | 619/1100 [22:40<16:24,  2.05s/it]
 56%|█████▋    | 620/1100 [22:42<17:09,  2.15s/it]
                                                  
{'loss': '1.367', 'grad_norm': '1.423', 'learning_rate': '9.588e-05', 'entropy': '1.34', 'num_tokens': '1.289e+06', 'mean_token_accuracy': '0.6457', 'epoch': '1.127'}

 56%|█████▋    | 620/1100 [22:42<17:09,  2.15s/it]
 56%|█████▋    | 621/1100 [22:44<16:36,  2.08s/it]
 57%|█████▋    | 622/1100 [22:46<16:31,  2.07s/it]
 57%|█████▋    | 623/1100 [22:48<16:23,  2.06s/it]
 57%|█████▋    | 624/1100 [22:51<17:27,  2.20s/it]
 57%|█████▋    | 625/1100 [22:53<16:18,  2.06s/it]
 57%|█████▋    | 626/1100 [22:55<16:24,  2.08s/it]
 57%|█████▋    | 627/1100 [22:57<16:49,  2.13s/it]
 57%|█████▋    | 628/1100 [22:59<16:31,  2.10s/it]
 57%|█████▋    | 629/1100 [23:01<16:41,  2.13s/it]
 57%|█████▋    | 630/1100 [23:03<15:36,  1.99s/it]
                                                  
{'loss': '1.284', 'grad_norm': '1.341', 'learning_rate': '9.271e-05', 'entropy': '1.279', 'num_tokens': '1.309e+06', 'mean_token_accuracy': '0.6635', 'epoch': '1.146'}

 57%|█████▋    | 630/1100 [23:03<15:36,  1.99s/it]
 57%|█████▋    | 631/1100 [23:05<15:09,  1.94s/it]
 57%|█████▋    | 632/1100 [23:07<15:20,  1.97s/it]
 58%|█████▊    | 633/1100 [23:09<15:06,  1.94s/it]
 58%|█████▊    | 634/1100 [23:11<15:14,  1.96s/it]
 58%|█████▊    | 635/1100 [23:13<15:23,  1.99s/it]
 58%|█████▊    | 636/1100 [23:15<15:28,  2.00s/it]
 58%|█████▊    | 637/1100 [23:16<14:31,  1.88s/it]
 58%|█████▊    | 638/1100 [23:19<14:56,  1.94s/it]
 58%|█████▊    | 639/1100 [23:20<14:52,  1.94s/it]
 58%|█████▊    | 640/1100 [23:22<14:39,  1.91s/it]
                                                  
{'loss': '1.45', 'grad_norm': '1.225', 'learning_rate': '8.955e-05', 'entropy': '1.383', 'num_tokens': '1.33e+06', 'mean_token_accuracy': '0.6425', 'epoch': '1.164'}

 58%|█████▊    | 640/1100 [23:22<14:39,  1.91s/it]
 58%|█████▊    | 641/1100 [23:24<14:04,  1.84s/it]
 58%|█████▊    | 642/1100 [23:26<13:49,  1.81s/it]
 58%|█████▊    | 643/1100 [23:28<14:27,  1.90s/it]
 59%|█████▊    | 644/1100 [23:30<14:09,  1.86s/it]
 59%|█████▊    | 645/1100 [23:31<13:44,  1.81s/it]
 59%|█████▊    | 646/1100 [23:33<14:31,  1.92s/it]
 59%|█████▉    | 647/1100 [23:36<14:46,  1.96s/it]
 59%|█████▉    | 648/1100 [23:37<13:59,  1.86s/it]
 59%|█████▉    | 649/1100 [23:39<13:49,  1.84s/it]
 59%|█████▉    | 650/1100 [23:41<13:30,  1.80s/it]
                                                  
{'loss': '1.303', 'grad_norm': '1.768', 'learning_rate': '8.64e-05', 'entropy': '1.355', 'num_tokens': '1.351e+06', 'mean_token_accuracy': '0.66', 'epoch': '1.182'}

 59%|█████▉    | 650/1100 [23:41<13:30,  1.80s/it]
 59%|█████▉    | 651/1100 [23:42<13:08,  1.76s/it]
 59%|█████▉    | 652/1100 [23:44<13:02,  1.75s/it]
 59%|█████▉    | 653/1100 [23:46<13:43,  1.84s/it]
 59%|█████▉    | 654/1100 [23:48<14:25,  1.94s/it]
 60%|█████▉    | 655/1100 [23:50<13:35,  1.83s/it]
 60%|█████▉    | 656/1100 [23:52<13:25,  1.81s/it]
 60%|█████▉    | 657/1100 [23:53<13:07,  1.78s/it]
 60%|█████▉    | 658/1100 [23:55<13:47,  1.87s/it]
 60%|█████▉    | 659/1100 [23:57<13:26,  1.83s/it]
 60%|██████    | 660/1100 [23:59<12:52,  1.76s/it]
                                                  
{'loss': '1.366', 'grad_norm': '1.423', 'learning_rate': '8.326e-05', 'entropy': '1.336', 'num_tokens': '1.371e+06', 'mean_token_accuracy': '0.6346', 'epoch': '1.2'}

 60%|██████    | 660/1100 [23:59<12:52,  1.76s/it]
 60%|██████    | 661/1100 [24:01<13:37,  1.86s/it]
 60%|██████    | 662/1100 [24:02<13:04,  1.79s/it]
 60%|██████    | 663/1100 [24:04<13:19,  1.83s/it]
 60%|██████    | 664/1100 [24:06<13:38,  1.88s/it]
 60%|██████    | 665/1100 [24:08<13:22,  1.84s/it]
 61%|██████    | 666/1100 [24:10<13:29,  1.86s/it]
 61%|██████    | 667/1100 [24:12<12:59,  1.80s/it]
 61%|██████    | 668/1100 [24:14<13:29,  1.87s/it]
 61%|██████    | 669/1100 [24:15<12:42,  1.77s/it]
 61%|██████    | 670/1100 [24:17<12:52,  1.80s/it]
                                                  
{'loss': '1.332', 'grad_norm': '1.568', 'learning_rate': '8.014e-05', 'entropy': '1.324', 'num_tokens': '1.392e+06', 'mean_token_accuracy': '0.6497', 'epoch': '1.218'}

 61%|██████    | 670/1100 [24:17<12:52,  1.80s/it]
 61%|██████    | 671/1100 [24:19<12:27,  1.74s/it]
 61%|██████    | 672/1100 [24:21<13:10,  1.85s/it]
 61%|██████    | 673/1100 [24:23<14:03,  1.97s/it]
 61%|██████▏   | 674/1100 [24:25<14:02,  1.98s/it]
 61%|██████▏   | 675/1100 [24:27<13:46,  1.95s/it]
 61%|██████▏   | 676/1100 [24:29<13:47,  1.95s/it]
 62%|██████▏   | 677/1100 [24:31<14:37,  2.07s/it]
 62%|██████▏   | 678/1100 [24:33<14:07,  2.01s/it]
 62%|██████▏   | 679/1100 [24:35<13:47,  1.97s/it]
 62%|██████▏   | 680/1100 [24:37<14:01,  2.00s/it]
                                                  
{'loss': '1.312', 'grad_norm': '1.459', 'learning_rate': '7.704e-05', 'entropy': '1.328', 'num_tokens': '1.413e+06', 'mean_token_accuracy': '0.6496', 'epoch': '1.236'}

 62%|██████▏   | 680/1100 [24:37<14:01,  2.00s/it]
 62%|██████▏   | 681/1100 [24:39<13:59,  2.00s/it]
 62%|██████▏   | 682/1100 [24:41<14:35,  2.09s/it]
 62%|██████▏   | 683/1100 [24:43<14:34,  2.10s/it]
 62%|██████▏   | 684/1100 [24:45<13:29,  1.95s/it]
 62%|██████▏   | 685/1100 [24:47<13:32,  1.96s/it]
 62%|██████▏   | 686/1100 [24:49<13:59,  2.03s/it]
 62%|██████▏   | 687/1100 [24:51<13:54,  2.02s/it]
 63%|██████▎   | 688/1100 [24:53<13:12,  1.92s/it]
 63%|██████▎   | 689/1100 [24:55<13:40,  2.00s/it]
 63%|██████▎   | 690/1100 [24:57<13:00,  1.90s/it]
                                                  
{'loss': '1.367', 'grad_norm': '1.387', 'learning_rate': '7.396e-05', 'entropy': '1.322', 'num_tokens': '1.434e+06', 'mean_token_accuracy': '0.6397', 'epoch': '1.255'}

 63%|██████▎   | 690/1100 [24:57<13:00,  1.90s/it]
 63%|██████▎   | 691/1100 [24:59<12:47,  1.88s/it]
 63%|██████▎   | 692/1100 [25:01<14:15,  2.10s/it]
 63%|██████▎   | 693/1100 [25:03<14:15,  2.10s/it]
 63%|██████▎   | 694/1100 [25:05<14:13,  2.10s/it]
 63%|██████▎   | 695/1100 [25:08<14:39,  2.17s/it]
 63%|██████▎   | 696/1100 [25:10<14:02,  2.09s/it]
 63%|██████▎   | 697/1100 [25:12<13:49,  2.06s/it]
 63%|██████▎   | 698/1100 [25:14<13:46,  2.05s/it]
 64%|██████▎   | 699/1100 [25:15<12:49,  1.92s/it]
 64%|██████▎   | 700/1100 [25:17<12:56,  1.94s/it]
                                                  
{'loss': '1.42', 'grad_norm': '1.601', 'learning_rate': '7.091e-05', 'entropy': '1.435', 'num_tokens': '1.454e+06', 'mean_token_accuracy': '0.6368', 'epoch': '1.273'}

 64%|██████▎   | 700/1100 [25:17<12:56,  1.94s/it]

  0%|          | 0/253 [00:00<?, ?it/s][A

  1%|          | 2/253 [00:00<00:14, 17.04it/s][A

  2%|▏         | 4/253 [00:00<00:24, 10.16it/s][A

  2%|▏         | 6/253 [00:00<00:26,  9.27it/s][A

  3%|▎         | 8/253 [00:00<00:26,  9.36it/s][A

  4%|▍         | 10/253 [00:01<00:26,  9.23it/s][A

  4%|▍         | 11/253 [00:01<00:25,  9.33it/s][A

  5%|▍         | 12/253 [00:01<00:26,  8.96it/s][A

  6%|▌         | 14/253 [00:01<00:26,  9.18it/s][A

  6%|▌         | 15/253 [00:01<00:26,  8.88it/s][A

  7%|▋         | 17/253 [00:01<00:26,  9.08it/s][A

  8%|▊         | 19/253 [00:02<00:26,  8.97it/s][A

  8%|▊         | 20/253 [00:02<00:26,  8.93it/s][A

  8%|▊         | 21/253 [00:02<00:26,  8.65it/s][A

  9%|▉         | 23/253 [00:02<00:25,  8.98it/s][A

  9%|▉         | 24/253 [00:02<00:26,  8.56it/s][A

 10%|█         | 26/253 [00:02<00:24,  9.17it/s][A

 11%|█         | 27/253 [00:02<00:24,  9.24it/s][A

 11%|█         | 28/253 [00:03<00:24,  9.09it/s][A

 12%|█▏        | 30/253 [00:03<00:23,  9.54it/s][A

 12%|█▏        | 31/253 [00:03<00:24,  8.96it/s][A

 13%|█▎        | 32/253 [00:03<00:24,  8.91it/s][A

 13%|█▎        | 33/253 [00:03<00:24,  8.90it/s][A

 13%|█▎        | 34/253 [00:03<00:26,  8.33it/s][A

 14%|█▍        | 35/253 [00:03<00:27,  8.05it/s][A

 14%|█▍        | 36/253 [00:03<00:26,  8.22it/s][A

 15%|█▍        | 37/253 [00:04<00:25,  8.36it/s][A

 15%|█▌        | 39/253 [00:04<00:24,  8.66it/s][A

 16%|█▌        | 40/253 [00:04<00:25,  8.40it/s][A

 16%|█▌        | 41/253 [00:04<00:25,  8.24it/s][A

 17%|█▋        | 42/253 [00:04<00:25,  8.15it/s][A

 17%|█▋        | 43/253 [00:04<00:25,  8.30it/s][A

 17%|█▋        | 44/253 [00:04<00:25,  8.26it/s][A

 18%|█▊        | 46/253 [00:05<00:23,  8.64it/s][A

 19%|█▊        | 47/253 [00:05<00:24,  8.36it/s][A

 19%|█▉        | 48/253 [00:05<00:24,  8.41it/s][A

 20%|█▉        | 50/253 [00:05<00:22,  9.14it/s][A

 21%|██        | 52/253 [00:05<00:21,  9.57it/s][A

 21%|██        | 53/253 [00:05<00:22,  9.06it/s][A

 21%|██▏       | 54/253 [00:06<00:22,  8.78it/s][A

 22%|██▏       | 56/253 [00:06<00:21,  9.28it/s][A

 23%|██▎       | 57/253 [00:06<00:22,  8.91it/s][A

 23%|██▎       | 58/253 [00:06<00:22,  8.56it/s][A

 23%|██▎       | 59/253 [00:06<00:23,  8.30it/s][A

 24%|██▎       | 60/253 [00:06<00:23,  8.18it/s][A

 24%|██▍       | 61/253 [00:06<00:23,  8.27it/s][A

 25%|██▍       | 62/253 [00:07<00:24,  7.74it/s][A

 25%|██▍       | 63/253 [00:07<00:24,  7.76it/s][A

 26%|██▌       | 65/253 [00:07<00:22,  8.24it/s][A

 26%|██▌       | 66/253 [00:07<00:22,  8.16it/s][A

 26%|██▋       | 67/253 [00:07<00:21,  8.48it/s][A

 27%|██▋       | 69/253 [00:07<00:21,  8.65it/s][A

 28%|██▊       | 70/253 [00:07<00:21,  8.53it/s][A

 28%|██▊       | 71/253 [00:08<00:21,  8.45it/s][A

 29%|██▉       | 73/253 [00:08<00:19,  9.10it/s][A

 29%|██▉       | 74/253 [00:08<00:20,  8.85it/s][A

 30%|██▉       | 75/253 [00:08<00:20,  8.50it/s][A

 30%|███       | 76/253 [00:08<00:21,  8.31it/s][A

 30%|███       | 77/253 [00:08<00:20,  8.45it/s][A

 31%|███       | 78/253 [00:08<00:20,  8.50it/s][A

 31%|███       | 79/253 [00:09<00:20,  8.35it/s][A

 32%|███▏      | 80/253 [00:09<00:21,  8.19it/s][A

 32%|███▏      | 81/253 [00:09<00:21,  8.14it/s][A

 32%|███▏      | 82/253 [00:09<00:20,  8.34it/s][A

 33%|███▎      | 83/253 [00:09<00:20,  8.13it/s][A

 33%|███▎      | 84/253 [00:09<00:21,  8.04it/s][A

 34%|███▎      | 85/253 [00:09<00:20,  8.06it/s][A

 34%|███▍      | 87/253 [00:10<00:19,  8.34it/s][A

 35%|███▍      | 88/253 [00:10<00:20,  8.20it/s][A

 35%|███▌      | 89/253 [00:10<00:20,  8.10it/s][A

 36%|███▌      | 91/253 [00:10<00:18,  8.94it/s][A

 36%|███▋      | 92/253 [00:10<00:18,  8.68it/s][A

 37%|███▋      | 93/253 [00:10<00:19,  8.42it/s][A

 37%|███▋      | 94/253 [00:10<00:18,  8.69it/s][A

 38%|███▊      | 95/253 [00:10<00:18,  8.73it/s][A

 38%|███▊      | 97/253 [00:11<00:16,  9.34it/s][A

 39%|███▊      | 98/253 [00:11<00:17,  8.81it/s][A

 39%|███▉      | 99/253 [00:11<00:18,  8.51it/s][A

 40%|███▉      | 100/253 [00:11<00:18,  8.37it/s][A

 40%|███▉      | 101/253 [00:11<00:18,  8.16it/s][A

 40%|████      | 102/253 [00:11<00:18,  8.05it/s][A

 41%|████      | 103/253 [00:11<00:18,  7.98it/s][A

 41%|████      | 104/253 [00:12<00:18,  7.94it/s][A

 42%|████▏     | 105/253 [00:12<00:18,  7.79it/s][A

 42%|████▏     | 107/253 [00:12<00:17,  8.27it/s][A

 43%|████▎     | 108/253 [00:12<00:17,  8.16it/s][A

 43%|████▎     | 109/253 [00:12<00:17,  8.47it/s][A

 44%|████▍     | 111/253 [00:12<00:16,  8.84it/s][A

 44%|████▍     | 112/253 [00:12<00:16,  8.53it/s][A

 45%|████▍     | 113/253 [00:13<00:16,  8.34it/s][A

 45%|████▌     | 114/253 [00:13<00:16,  8.19it/s][A

 45%|████▌     | 115/253 [00:13<00:17,  7.73it/s][A

 46%|████▌     | 116/253 [00:13<00:17,  7.81it/s][A

 46%|████▌     | 117/253 [00:13<00:17,  7.90it/s][A

 47%|████▋     | 118/253 [00:13<00:17,  7.88it/s][A

 47%|████▋     | 119/253 [00:13<00:16,  7.91it/s][A

 47%|████▋     | 120/253 [00:13<00:16,  8.15it/s][A

 48%|████▊     | 121/253 [00:14<00:15,  8.60it/s][A

 49%|████▊     | 123/253 [00:14<00:14,  8.73it/s][A

 49%|████▉     | 124/253 [00:14<00:15,  8.54it/s][A

 50%|████▉     | 126/253 [00:14<00:14,  8.73it/s][A

 50%|█████     | 127/253 [00:14<00:14,  8.55it/s][A

 51%|█████     | 129/253 [00:15<00:14,  8.69it/s][A

 52%|█████▏    | 131/253 [00:15<00:13,  9.26it/s][A

 52%|█████▏    | 132/253 [00:15<00:13,  8.93it/s][A

 53%|█████▎    | 133/253 [00:15<00:13,  9.03it/s][A

 53%|█████▎    | 135/253 [00:15<00:13,  8.95it/s][A

 54%|█████▍    | 136/253 [00:15<00:12,  9.11it/s][A

 54%|█████▍    | 137/253 [00:15<00:13,  8.91it/s][A

 55%|█████▍    | 138/253 [00:16<00:13,  8.62it/s][A

 55%|█████▍    | 139/253 [00:16<00:13,  8.38it/s][A

 55%|█████▌    | 140/253 [00:16<00:13,  8.61it/s][A

 56%|█████▌    | 141/253 [00:16<00:13,  8.37it/s][A

 56%|█████▌    | 142/253 [00:16<00:13,  8.23it/s][A

 57%|█████▋    | 143/253 [00:16<00:13,  7.93it/s][A

 57%|█████▋    | 144/253 [00:16<00:13,  7.99it/s][A

 57%|█████▋    | 145/253 [00:16<00:12,  8.48it/s][A

 58%|█████▊    | 146/253 [00:16<00:12,  8.58it/s][A

 58%|█████▊    | 148/253 [00:17<00:12,  8.73it/s][A

 59%|█████▉    | 149/253 [00:17<00:12,  8.41it/s][A

 59%|█████▉    | 150/253 [00:17<00:11,  8.67it/s][A

 60%|█████▉    | 151/253 [00:17<00:11,  8.68it/s][A

 60%|██████    | 153/253 [00:17<00:10,  9.36it/s][A

 61%|██████▏   | 155/253 [00:17<00:10,  9.23it/s][A

 62%|██████▏   | 157/253 [00:18<00:10,  9.36it/s][A

 62%|██████▏   | 158/253 [00:18<00:10,  9.24it/s][A

 63%|██████▎   | 159/253 [00:18<00:10,  8.83it/s][A

 63%|██████▎   | 160/253 [00:18<00:10,  8.60it/s][A

 64%|██████▎   | 161/253 [00:18<00:10,  8.38it/s][A

 64%|██████▍   | 162/253 [00:18<00:11,  7.88it/s][A

 65%|██████▍   | 164/253 [00:19<00:10,  8.79it/s][A

 65%|██████▌   | 165/253 [00:19<00:10,  8.50it/s][A

 66%|██████▌   | 166/253 [00:19<00:09,  8.83it/s][A

 66%|██████▌   | 167/253 [00:19<00:09,  8.89it/s][A

 67%|██████▋   | 169/253 [00:19<00:09,  9.16it/s][A

 67%|██████▋   | 170/253 [00:19<00:09,  8.75it/s][A

 68%|██████▊   | 171/253 [00:19<00:09,  8.44it/s][A

 68%|██████▊   | 172/253 [00:19<00:09,  8.54it/s][A

 68%|██████▊   | 173/253 [00:20<00:09,  8.33it/s][A

 69%|██████▉   | 174/253 [00:20<00:09,  8.14it/s][A

 70%|██████▉   | 176/253 [00:20<00:08,  8.93it/s][A

 70%|██████▉   | 177/253 [00:20<00:08,  8.61it/s][A

 71%|███████   | 179/253 [00:20<00:08,  8.68it/s][A

 71%|███████   | 180/253 [00:20<00:09,  8.02it/s][A

 72%|███████▏  | 181/253 [00:21<00:08,  8.00it/s][A

 72%|███████▏  | 183/253 [00:21<00:08,  8.41it/s][A

 73%|███████▎  | 185/253 [00:21<00:07,  8.60it/s][A

 74%|███████▍  | 187/253 [00:21<00:07,  8.74it/s][A

 74%|███████▍  | 188/253 [00:21<00:07,  8.48it/s][A

 75%|███████▍  | 189/253 [00:21<00:07,  8.36it/s][A

 75%|███████▌  | 191/253 [00:22<00:07,  8.63it/s][A

 76%|███████▋  | 193/253 [00:22<00:06,  9.17it/s][A

 77%|███████▋  | 194/253 [00:22<00:06,  9.08it/s][A

 77%|███████▋  | 196/253 [00:22<00:06,  9.07it/s][A

 78%|███████▊  | 198/253 [00:22<00:05,  9.18it/s][A

 79%|███████▊  | 199/253 [00:23<00:06,  8.92it/s][A

 79%|███████▉  | 200/253 [00:23<00:05,  8.89it/s][A

 79%|███████▉  | 201/253 [00:23<00:06,  8.66it/s][A

 80%|███████▉  | 202/253 [00:23<00:06,  8.30it/s][A

 80%|████████  | 203/253 [00:23<00:06,  7.80it/s][A

 81%|████████  | 204/253 [00:23<00:06,  7.83it/s][A

 81%|████████  | 205/253 [00:23<00:06,  7.70it/s][A

 82%|████████▏ | 207/253 [00:24<00:05,  8.22it/s][A

 83%|████████▎ | 209/253 [00:24<00:05,  8.70it/s][A

 83%|████████▎ | 211/253 [00:24<00:04,  9.25it/s][A

 84%|████████▍ | 213/253 [00:24<00:04,  9.21it/s][A

 85%|████████▍ | 215/253 [00:24<00:03,  9.51it/s][A

 86%|████████▌ | 217/253 [00:25<00:04,  8.89it/s][A

 86%|████████▌ | 218/253 [00:25<00:04,  8.71it/s][A

 87%|████████▋ | 220/253 [00:25<00:03,  8.66it/s][A

 87%|████████▋ | 221/253 [00:25<00:03,  8.68it/s][A

 88%|████████▊ | 222/253 [00:25<00:03,  8.70it/s][A

 88%|████████▊ | 223/253 [00:25<00:03,  8.41it/s][A

 89%|████████▉ | 225/253 [00:26<00:03,  9.09it/s][A

 89%|████████▉ | 226/253 [00:26<00:03,  8.70it/s][A

 90%|█████████ | 228/253 [00:26<00:02,  9.23it/s][A

 91%|█████████ | 229/253 [00:26<00:02,  9.11it/s][A

 91%|█████████ | 230/253 [00:26<00:02,  8.73it/s][A

 92%|█████████▏| 232/253 [00:26<00:02,  8.83it/s][A

 92%|█████████▏| 234/253 [00:27<00:02,  8.91it/s][A

 93%|█████████▎| 236/253 [00:27<00:01,  9.13it/s][A

 94%|█████████▍| 238/253 [00:27<00:01,  9.25it/s][A

 95%|█████████▍| 240/253 [00:27<00:01,  9.61it/s][A

 96%|█████████▌| 242/253 [00:27<00:01,  9.51it/s][A

 96%|█████████▌| 243/253 [00:27<00:01,  9.16it/s][A

 96%|█████████▋| 244/253 [00:28<00:01,  8.87it/s][A

 97%|█████████▋| 245/253 [00:28<00:00,  8.77it/s][A

 97%|█████████▋| 246/253 [00:28<00:00,  8.14it/s][A

 98%|█████████▊| 248/253 [00:28<00:00,  8.91it/s][A

 98%|█████████▊| 249/253 [00:28<00:00,  8.75it/s][A

 99%|█████████▉| 250/253 [00:28<00:00,  8.56it/s][A

100%|█████████▉| 252/253 [00:29<00:00,  8.78it/s][A
                                                  

                                                 
[A{'eval_loss': '1.413', 'eval_runtime': '29.29', 'eval_samples_per_second': '17.28', 'eval_steps_per_second': '8.638', 'eval_entropy': '1.366', 'eval_num_tokens': '1.454e+06', 'eval_mean_token_accuracy': '0.6337', 'epoch': '1.273'}

 64%|██████▎   | 700/1100 [25:47<12:56,  1.94s/it]

100%|██████████| 253/253 [00:29<00:00,  8.78it/s][A

                                                 [A
 64%|██████▎   | 701/1100 [25:49<1:11:40, 10.78s/it]
 64%|██████▍   | 702/1100 [25:51<54:10,  8.17s/it]  
 64%|██████▍   | 703/1100 [25:53<42:10,  6.37s/it]
 64%|██████▍   | 704/1100 [25:55<33:32,  5.08s/it]
 64%|██████▍   | 705/1100 [25:57<26:45,  4.06s/it]
 64%|██████▍   | 706/1100 [25:59<23:00,  3.50s/it]
 64%|██████▍   | 707/1100 [26:01<20:05,  3.07s/it]
 64%|██████▍   | 708/1100 [26:03<17:52,  2.74s/it]
 64%|██████▍   | 709/1100 [26:05<16:02,  2.46s/it]
 65%|██████▍   | 710/1100 [26:07<14:54,  2.29s/it]
                                                  
{'loss': '1.342', 'grad_norm': '1.814', 'learning_rate': '6.789e-05', 'entropy': '1.356', 'num_tokens': '1.475e+06', 'mean_token_accuracy': '0.6543', 'epoch': '1.291'}

 65%|██████▍   | 710/1100 [26:07<14:54,  2.29s/it]
 65%|██████▍   | 711/1100 [26:09<14:36,  2.25s/it]
 65%|██████▍   | 712/1100 [26:11<14:17,  2.21s/it]
 65%|██████▍   | 713/1100 [26:13<13:30,  2.10s/it]
 65%|██████▍   | 714/1100 [26:14<12:24,  1.93s/it]
 65%|██████▌   | 715/1100 [26:16<12:05,  1.89s/it]
 65%|██████▌   | 716/1100 [26:18<12:16,  1.92s/it]
 65%|██████▌   | 717/1100 [26:20<12:18,  1.93s/it]
 65%|██████▌   | 718/1100 [26:22<11:47,  1.85s/it]
 65%|██████▌   | 719/1100 [26:24<12:25,  1.96s/it]
 65%|██████▌   | 720/1100 [26:26<11:49,  1.87s/it]
                                                  
{'loss': '1.4', 'grad_norm': '1.406', 'learning_rate': '6.49e-05', 'entropy': '1.376', 'num_tokens': '1.497e+06', 'mean_token_accuracy': '0.6328', 'epoch': '1.309'}

 65%|██████▌   | 720/1100 [26:26<11:49,  1.87s/it]
 66%|██████▌   | 721/1100 [26:27<11:25,  1.81s/it]
 66%|██████▌   | 722/1100 [26:29<11:12,  1.78s/it]
 66%|██████▌   | 723/1100 [26:31<11:34,  1.84s/it]
 66%|██████▌   | 724/1100 [26:33<11:28,  1.83s/it]
 66%|██████▌   | 725/1100 [26:35<11:35,  1.85s/it]
 66%|██████▌   | 726/1100 [26:36<11:28,  1.84s/it]
 66%|██████▌   | 727/1100 [26:38<11:19,  1.82s/it]
 66%|██████▌   | 728/1100 [26:40<10:55,  1.76s/it]
 66%|██████▋   | 729/1100 [26:42<11:40,  1.89s/it]
 66%|██████▋   | 730/1100 [26:44<11:01,  1.79s/it]
                                                  
{'loss': '1.416', 'grad_norm': '1.562', 'learning_rate': '6.195e-05', 'entropy': '1.361', 'num_tokens': '1.518e+06', 'mean_token_accuracy': '0.6415', 'epoch': '1.327'}

 66%|██████▋   | 730/1100 [26:44<11:01,  1.79s/it]
 66%|██████▋   | 731/1100 [26:46<11:45,  1.91s/it]
 67%|██████▋   | 732/1100 [26:47<11:14,  1.83s/it]
 67%|██████▋   | 733/1100 [26:49<11:03,  1.81s/it]
 67%|██████▋   | 734/1100 [26:51<11:06,  1.82s/it]
 67%|██████▋   | 735/1100 [26:53<10:57,  1.80s/it]
 67%|██████▋   | 736/1100 [26:55<11:35,  1.91s/it]
 67%|██████▋   | 737/1100 [26:57<11:03,  1.83s/it]
 67%|██████▋   | 738/1100 [26:58<11:01,  1.83s/it]
 67%|██████▋   | 739/1100 [27:00<10:53,  1.81s/it]
 67%|██████▋   | 740/1100 [27:02<11:00,  1.84s/it]
                                                  
{'loss': '1.363', 'grad_norm': '1.327', 'learning_rate': '5.904e-05', 'entropy': '1.399', 'num_tokens': '1.539e+06', 'mean_token_accuracy': '0.6464', 'epoch': '1.346'}

 67%|██████▋   | 740/1100 [27:02<11:00,  1.84s/it]
 67%|██████▋   | 741/1100 [27:04<11:59,  2.00s/it]
 67%|██████▋   | 742/1100 [27:06<11:13,  1.88s/it]
 68%|██████▊   | 743/1100 [27:08<10:43,  1.80s/it]
 68%|██████▊   | 744/1100 [27:09<10:38,  1.79s/it]
 68%|██████▊   | 745/1100 [27:11<10:49,  1.83s/it]
 68%|██████▊   | 746/1100 [27:14<11:34,  1.96s/it]
 68%|██████▊   | 747/1100 [27:16<11:24,  1.94s/it]
 68%|██████▊   | 748/1100 [27:18<11:25,  1.95s/it]
 68%|██████▊   | 749/1100 [27:19<11:06,  1.90s/it]
 68%|██████▊   | 750/1100 [27:22<12:06,  2.08s/it]
                                                  
{'loss': '1.312', 'grad_norm': '1.379', 'learning_rate': '5.616e-05', 'entropy': '1.322', 'num_tokens': '1.56e+06', 'mean_token_accuracy': '0.6506', 'epoch': '1.364'}

 68%|██████▊   | 750/1100 [27:22<12:06,  2.08s/it]
 68%|██████▊   | 751/1100 [27:24<11:49,  2.03s/it]
 68%|██████▊   | 752/1100 [27:26<12:10,  2.10s/it]
 68%|██████▊   | 753/1100 [27:28<12:30,  2.16s/it]
 69%|██████▊   | 754/1100 [27:30<12:25,  2.16s/it]
 69%|██████▊   | 755/1100 [27:32<12:11,  2.12s/it]
 69%|██████▊   | 756/1100 [27:35<12:14,  2.13s/it]
 69%|██████▉   | 757/1100 [27:37<12:12,  2.14s/it]
 69%|██████▉   | 758/1100 [27:39<11:48,  2.07s/it]
 69%|██████▉   | 759/1100 [27:40<10:55,  1.92s/it]
 69%|██████▉   | 760/1100 [27:43<11:41,  2.06s/it]
                                                  
{'loss': '1.338', 'grad_norm': '1.431', 'learning_rate': '5.333e-05', 'entropy': '1.332', 'num_tokens': '1.581e+06', 'mean_token_accuracy': '0.6457', 'epoch': '1.382'}

 69%|██████▉   | 760/1100 [27:43<11:41,  2.06s/it]
 69%|██████▉   | 761/1100 [27:44<10:51,  1.92s/it]
 69%|██████▉   | 762/1100 [27:46<11:08,  1.98s/it]
 69%|██████▉   | 763/1100 [27:49<11:27,  2.04s/it]
 69%|██████▉   | 764/1100 [27:51<11:23,  2.03s/it]
 70%|██████▉   | 765/1100 [27:52<11:04,  1.98s/it]
 70%|██████▉   | 766/1100 [27:55<11:24,  2.05s/it]
 70%|██████▉   | 767/1100 [27:56<10:43,  1.93s/it]
 70%|██████▉   | 768/1100 [27:58<10:59,  1.99s/it]
 70%|██████▉   | 769/1100 [28:01<11:16,  2.04s/it]
 70%|███████   | 770/1100 [28:03<11:56,  2.17s/it]
                                                  
{'loss': '1.375', 'grad_norm': '1.818', 'learning_rate': '5.055e-05', 'entropy': '1.355', 'num_tokens': '1.601e+06', 'mean_token_accuracy': '0.6487', 'epoch': '1.4'}

 70%|███████   | 770/1100 [28:03<11:56,  2.17s/it]
 70%|███████   | 771/1100 [28:05<12:02,  2.20s/it]
 70%|███████   | 772/1100 [28:08<12:08,  2.22s/it]
 70%|███████   | 773/1100 [28:09<11:26,  2.10s/it]
 70%|███████   | 774/1100 [28:12<11:48,  2.17s/it]
 70%|███████   | 775/1100 [28:14<11:15,  2.08s/it]
 71%|███████   | 776/1100 [28:16<10:57,  2.03s/it]
 71%|███████   | 777/1100 [28:17<10:20,  1.92s/it]
 71%|███████   | 778/1100 [28:19<10:15,  1.91s/it]
 71%|███████   | 779/1100 [28:21<10:24,  1.94s/it]
 71%|███████   | 780/1100 [28:23<10:19,  1.94s/it]
                                                  
{'loss': '1.391', 'grad_norm': '1.658', 'learning_rate': '4.782e-05', 'entropy': '1.388', 'num_tokens': '1.622e+06', 'mean_token_accuracy': '0.6467', 'epoch': '1.418'}

 71%|███████   | 780/1100 [28:23<10:19,  1.94s/it]
 71%|███████   | 781/1100 [28:25<10:08,  1.91s/it]
 71%|███████   | 782/1100 [28:26<09:30,  1.79s/it]
 71%|███████   | 783/1100 [28:28<09:35,  1.82s/it]
 71%|███████▏  | 784/1100 [28:30<09:51,  1.87s/it]
 71%|███████▏  | 785/1100 [28:32<10:09,  1.94s/it]
 71%|███████▏  | 786/1100 [28:34<09:44,  1.86s/it]
 72%|███████▏  | 787/1100 [28:36<10:17,  1.97s/it]
 72%|███████▏  | 788/1100 [28:38<09:55,  1.91s/it]
 72%|███████▏  | 789/1100 [28:40<09:38,  1.86s/it]
 72%|███████▏  | 790/1100 [28:42<09:47,  1.90s/it]
                                                  
{'loss': '1.32', 'grad_norm': '1.738', 'learning_rate': '4.514e-05', 'entropy': '1.336', 'num_tokens': '1.643e+06', 'mean_token_accuracy': '0.6572', 'epoch': '1.437'}

 72%|███████▏  | 790/1100 [28:42<09:47,  1.90s/it]
 72%|███████▏  | 791/1100 [28:44<10:21,  2.01s/it]
 72%|███████▏  | 792/1100 [28:46<10:44,  2.09s/it]
 72%|███████▏  | 793/1100 [28:49<10:57,  2.14s/it]
 72%|███████▏  | 794/1100 [28:51<10:58,  2.15s/it]
 72%|███████▏  | 795/1100 [28:52<10:14,  2.01s/it]
 72%|███████▏  | 796/1100 [28:54<10:09,  2.00s/it]
 72%|███████▏  | 797/1100 [28:56<09:28,  1.88s/it]
 73%|███████▎  | 798/1100 [28:58<09:44,  1.94s/it]
 73%|███████▎  | 799/1100 [29:00<09:46,  1.95s/it]
 73%|███████▎  | 800/1100 [29:02<09:25,  1.89s/it]
                                                  
{'loss': '1.337', 'grad_norm': '1.507', 'learning_rate': '4.251e-05', 'entropy': '1.34', 'num_tokens': '1.664e+06', 'mean_token_accuracy': '0.6546', 'epoch': '1.455'}

 73%|███████▎  | 800/1100 [29:02<09:25,  1.89s/it]

  0%|          | 0/253 [00:00<?, ?it/s][A

  1%|          | 2/253 [00:00<00:13, 18.69it/s][A

  2%|▏         | 4/253 [00:00<00:24, 10.29it/s][A

  2%|▏         | 6/253 [00:00<00:26,  9.21it/s][A

  3%|▎         | 8/253 [00:00<00:26,  9.16it/s][A

  4%|▎         | 9/253 [00:00<00:26,  9.28it/s][A

  4%|▍         | 10/253 [00:01<00:27,  8.96it/s][A

  4%|▍         | 11/253 [00:01<00:26,  9.16it/s][A

  5%|▍         | 12/253 [00:01<00:27,  8.78it/s][A

  6%|▌         | 14/253 [00:01<00:26,  9.10it/s][A

  6%|▌         | 15/253 [00:01<00:27,  8.80it/s][A

  7%|▋         | 17/253 [00:01<00:26,  9.05it/s][A

  8%|▊         | 19/253 [00:02<00:26,  8.96it/s][A

  8%|▊         | 20/253 [00:02<00:26,  8.92it/s][A

  8%|▊         | 21/253 [00:02<00:26,  8.63it/s][A

  9%|▉         | 23/253 [00:02<00:25,  9.19it/s][A

  9%|▉         | 24/253 [00:02<00:26,  8.80it/s][A

 10%|█         | 26/253 [00:02<00:24,  9.37it/s][A

 11%|█         | 28/253 [00:03<00:24,  9.37it/s][A

 11%|█▏        | 29/253 [00:03<00:24,  9.17it/s][A

 12%|█▏        | 30/253 [00:03<00:24,  9.25it/s][A

 12%|█▏        | 31/253 [00:03<00:25,  8.82it/s][A

 13%|█▎        | 32/253 [00:03<00:25,  8.71it/s][A

 13%|█▎        | 33/253 [00:03<00:25,  8.60it/s][A

 13%|█▎        | 34/253 [00:03<00:26,  8.41it/s][A

 14%|█▍        | 35/253 [00:03<00:26,  8.11it/s][A

 14%|█▍        | 36/253 [00:04<00:26,  8.17it/s][A

 15%|█▍        | 37/253 [00:04<00:25,  8.55it/s][A

 15%|█▌        | 39/253 [00:04<00:24,  8.71it/s][A

 16%|█▌        | 40/253 [00:04<00:25,  8.42it/s][A

 16%|█▌        | 41/253 [00:04<00:25,  8.43it/s][A

 17%|█▋        | 42/253 [00:04<00:25,  8.23it/s][A

 17%|█▋        | 43/253 [00:04<00:25,  8.20it/s][A

 17%|█▋        | 44/253 [00:04<00:25,  8.16it/s][A

 18%|█▊        | 46/253 [00:05<00:24,  8.50it/s][A

 19%|█▊        | 47/253 [00:05<00:25,  8.17it/s][A

 19%|█▉        | 48/253 [00:05<00:24,  8.30it/s][A

 20%|█▉        | 50/253 [00:05<00:22,  9.09it/s][A

 21%|██        | 52/253 [00:05<00:21,  9.53it/s][A

 21%|██        | 53/253 [00:05<00:22,  9.03it/s][A

 21%|██▏       | 54/253 [00:06<00:22,  8.76it/s][A

 22%|██▏       | 56/253 [00:06<00:21,  9.26it/s][A

 23%|██▎       | 57/253 [00:06<00:22,  8.89it/s][A

 23%|██▎       | 58/253 [00:06<00:22,  8.52it/s][A

 23%|██▎       | 59/253 [00:06<00:23,  8.28it/s][A

 24%|██▎       | 60/253 [00:06<00:23,  8.20it/s][A

 24%|██▍       | 61/253 [00:06<00:22,  8.43it/s][A

 25%|██▍       | 62/253 [00:07<00:24,  7.85it/s][A

 25%|██▍       | 63/253 [00:07<00:24,  7.84it/s][A

 25%|██▌       | 64/253 [00:07<00:22,  8.27it/s][A

 26%|██▌       | 65/253 [00:07<00:23,  8.13it/s][A

 26%|██▌       | 66/253 [00:07<00:23,  8.03it/s][A

 26%|██▋       | 67/253 [00:07<00:22,  8.25it/s][A

 27%|██▋       | 69/253 [00:07<00:21,  8.56it/s][A

 28%|██▊       | 70/253 [00:07<00:21,  8.53it/s][A

 28%|██▊       | 71/253 [00:08<00:22,  8.26it/s][A

 29%|██▉       | 73/253 [00:08<00:20,  8.99it/s][A

 29%|██▉       | 74/253 [00:08<00:20,  8.82it/s][A

 30%|██▉       | 75/253 [00:08<00:20,  8.49it/s][A

 30%|███       | 76/253 [00:08<00:21,  8.32it/s][A

 30%|███       | 77/253 [00:08<00:20,  8.44it/s][A

 31%|███       | 78/253 [00:08<00:20,  8.41it/s][A

 31%|███       | 79/253 [00:09<00:21,  8.27it/s][A

 32%|███▏      | 80/253 [00:09<00:21,  8.10it/s][A

 32%|███▏      | 81/253 [00:09<00:21,  7.97it/s][A

 32%|███▏      | 82/253 [00:09<00:20,  8.21it/s][A

 33%|███▎      | 83/253 [00:09<00:21,  8.05it/s][A

 33%|███▎      | 84/253 [00:09<00:21,  8.01it/s][A

 34%|███▎      | 85/253 [00:09<00:20,  8.04it/s][A

 34%|███▍      | 87/253 [00:10<00:19,  8.34it/s][A

 35%|███▍      | 88/253 [00:10<00:20,  8.11it/s][A

 35%|███▌      | 89/253 [00:10<00:20,  8.03it/s][A

 36%|███▌      | 91/253 [00:10<00:18,  8.87it/s][A

 36%|███▋      | 92/253 [00:10<00:18,  8.63it/s][A

 37%|███▋      | 93/253 [00:10<00:19,  8.39it/s][A

 37%|███▋      | 94/253 [00:10<00:18,  8.74it/s][A

 38%|███▊      | 96/253 [00:11<00:16,  9.36it/s][A

 39%|███▊      | 98/253 [00:11<00:16,  9.12it/s][A

 39%|███▉      | 99/253 [00:11<00:17,  8.84it/s][A

 40%|███▉      | 100/253 [00:11<00:17,  8.58it/s][A

 40%|███▉      | 101/253 [00:11<00:18,  8.23it/s][A

 40%|████      | 102/253 [00:11<00:18,  8.18it/s][A

 41%|████      | 103/253 [00:11<00:18,  8.00it/s][A

 41%|████      | 104/253 [00:12<00:18,  7.93it/s][A

 42%|████▏     | 105/253 [00:12<00:18,  7.89it/s][A

 42%|████▏     | 106/253 [00:12<00:17,  8.39it/s][A

 42%|████▏     | 107/253 [00:12<00:17,  8.16it/s][A

 43%|████▎     | 108/253 [00:12<00:17,  8.09it/s][A

 43%|████▎     | 110/253 [00:12<00:16,  8.81it/s][A

 44%|████▍     | 111/253 [00:12<00:16,  8.67it/s][A

 44%|████▍     | 112/253 [00:12<00:16,  8.49it/s][A

 45%|████▍     | 113/253 [00:13<00:16,  8.24it/s][A

 45%|████▌     | 114/253 [00:13<00:17,  7.99it/s][A

 45%|████▌     | 115/253 [00:13<00:18,  7.58it/s][A

 46%|████▌     | 116/253 [00:13<00:17,  7.64it/s][A

 46%|████▌     | 117/253 [00:13<00:17,  7.68it/s][A

 47%|████▋     | 118/253 [00:13<00:17,  7.72it/s][A

 47%|████▋     | 119/253 [00:13<00:17,  7.79it/s][A

 47%|████▋     | 120/253 [00:14<00:16,  8.06it/s][A

 48%|████▊     | 121/253 [00:14<00:15,  8.52it/s][A

 49%|████▊     | 123/253 [00:14<00:14,  8.69it/s][A

 49%|████▉     | 124/253 [00:14<00:15,  8.52it/s][A

 50%|████▉     | 126/253 [00:14<00:14,  8.70it/s][A

 50%|█████     | 127/253 [00:14<00:14,  8.52it/s][A

 51%|█████     | 129/253 [00:15<00:14,  8.62it/s][A

 52%|█████▏    | 131/253 [00:15<00:13,  9.20it/s][A

 52%|█████▏    | 132/253 [00:15<00:13,  8.94it/s][A

 53%|█████▎    | 134/253 [00:15<00:12,  9.40it/s][A

 53%|█████▎    | 135/253 [00:15<00:13,  9.02it/s][A

 54%|█████▍    | 137/253 [00:15<00:12,  9.19it/s][A

 55%|█████▍    | 138/253 [00:16<00:13,  8.84it/s][A

 55%|█████▍    | 139/253 [00:16<00:13,  8.54it/s][A

 56%|█████▌    | 141/253 [00:16<00:12,  8.64it/s][A

 56%|█████▌    | 142/253 [00:16<00:13,  8.40it/s][A

 57%|█████▋    | 143/253 [00:16<00:13,  8.21it/s][A

 57%|█████▋    | 144/253 [00:16<00:13,  8.13it/s][A

 57%|█████▋    | 145/253 [00:16<00:12,  8.33it/s][A

 58%|█████▊    | 147/253 [00:17<00:11,  9.07it/s][A

 58%|█████▊    | 148/253 [00:17<00:12,  8.71it/s][A

 59%|█████▉    | 149/253 [00:17<00:12,  8.41it/s][A

 60%|█████▉    | 151/253 [00:17<00:11,  8.76it/s][A

 60%|██████    | 152/253 [00:17<00:11,  8.91it/s][A

 61%|██████    | 154/253 [00:17<00:10,  9.40it/s][A

 61%|██████▏   | 155/253 [00:17<00:10,  8.94it/s][A

 62%|██████▏   | 157/253 [00:18<00:10,  9.17it/s][A

 62%|██████▏   | 158/253 [00:18<00:10,  9.08it/s][A

 63%|██████▎   | 159/253 [00:18<00:10,  8.70it/s][A

 63%|██████▎   | 160/253 [00:18<00:10,  8.51it/s][A

 64%|██████▎   | 161/253 [00:18<00:11,  8.32it/s][A

 64%|██████▍   | 162/253 [00:18<00:11,  7.83it/s][A

 65%|██████▍   | 164/253 [00:19<00:10,  8.77it/s][A

 65%|██████▌   | 165/253 [00:19<00:10,  8.49it/s][A

 66%|██████▌   | 167/253 [00:19<00:09,  9.14it/s][A

 67%|██████▋   | 169/253 [00:19<00:09,  9.28it/s][A

 67%|██████▋   | 170/253 [00:19<00:09,  8.89it/s][A

 68%|██████▊   | 171/253 [00:19<00:09,  8.59it/s][A

 68%|██████▊   | 172/253 [00:19<00:09,  8.65it/s][A

 68%|██████▊   | 173/253 [00:20<00:09,  8.37it/s][A

 69%|██████▉   | 174/253 [00:20<00:09,  8.13it/s][A

 70%|██████▉   | 176/253 [00:20<00:08,  8.98it/s][A

 70%|██████▉   | 177/253 [00:20<00:08,  8.81it/s][A

 70%|███████   | 178/253 [00:20<00:08,  8.88it/s][A

 71%|███████   | 179/253 [00:20<00:08,  8.51it/s][A

 71%|███████   | 180/253 [00:20<00:08,  8.35it/s][A

 72%|███████▏  | 181/253 [00:21<00:08,  8.19it/s][A

 72%|███████▏  | 182/253 [00:21<00:08,  8.50it/s][A

 72%|███████▏  | 183/253 [00:21<00:08,  8.35it/s][A

 73%|███████▎  | 185/253 [00:21<00:07,  8.55it/s][A

 74%|███████▎  | 186/253 [00:21<00:07,  8.74it/s][A

 74%|███████▍  | 187/253 [00:21<00:07,  8.52it/s][A

 74%|███████▍  | 188/253 [00:21<00:07,  8.16it/s][A

 75%|███████▍  | 189/253 [00:21<00:08,  7.96it/s][A

 75%|███████▌  | 191/253 [00:22<00:07,  8.43it/s][A

 76%|███████▋  | 193/253 [00:22<00:06,  8.81it/s][A

 77%|███████▋  | 194/253 [00:22<00:06,  8.79it/s][A

 77%|███████▋  | 196/253 [00:22<00:06,  8.90it/s][A

 78%|███████▊  | 198/253 [00:22<00:06,  9.07it/s][A

 79%|███████▊  | 199/253 [00:23<00:06,  8.82it/s][A

 79%|███████▉  | 200/253 [00:23<00:06,  8.82it/s][A

 79%|███████▉  | 201/253 [00:23<00:06,  8.60it/s][A

 80%|███████▉  | 202/253 [00:23<00:06,  8.38it/s][A

 80%|████████  | 203/253 [00:23<00:06,  7.86it/s][A

 81%|████████  | 204/253 [00:23<00:06,  7.90it/s][A

 81%|████████  | 205/253 [00:23<00:06,  7.84it/s][A

 82%|████████▏ | 207/253 [00:24<00:05,  8.36it/s][A

 83%|████████▎ | 209/253 [00:24<00:04,  9.09it/s][A

 83%|████████▎ | 211/253 [00:24<00:04,  9.10it/s][A

 84%|████████▍ | 213/253 [00:24<00:04,  9.20it/s][A

 85%|████████▍ | 215/253 [00:24<00:04,  9.28it/s][A

 85%|████████▌ | 216/253 [00:25<00:03,  9.37it/s][A

 86%|████████▌ | 217/253 [00:25<00:04,  8.63it/s][A

 86%|████████▌ | 218/253 [00:25<00:04,  8.40it/s][A

 87%|████████▋ | 219/253 [00:25<00:03,  8.61it/s][A

 87%|████████▋ | 220/253 [00:25<00:03,  8.38it/s][A

 87%|████████▋ | 221/253 [00:25<00:03,  8.41it/s][A

 88%|████████▊ | 222/253 [00:25<00:03,  8.37it/s][A

 88%|████████▊ | 223/253 [00:25<00:03,  8.13it/s][A

 89%|████████▉ | 225/253 [00:26<00:03,  8.61it/s][A

 89%|████████▉ | 226/253 [00:26<00:03,  8.29it/s][A

 90%|█████████ | 228/253 [00:26<00:02,  8.99it/s][A

 91%|█████████ | 229/253 [00:26<00:02,  8.80it/s][A

 91%|█████████ | 230/253 [00:26<00:02,  8.51it/s][A

 92%|█████████▏| 232/253 [00:26<00:02,  8.69it/s][A

 92%|█████████▏| 234/253 [00:27<00:02,  8.82it/s][A

 93%|█████████▎| 236/253 [00:27<00:01,  9.08it/s][A

 94%|█████████▍| 238/253 [00:27<00:01,  9.20it/s][A

 95%|█████████▍| 240/253 [00:27<00:01,  9.57it/s][A

 96%|█████████▌| 242/253 [00:27<00:01,  9.80it/s][A

 96%|█████████▌| 243/253 [00:28<00:01,  9.39it/s][A

 96%|█████████▋| 244/253 [00:28<00:00,  9.07it/s][A

 97%|█████████▋| 246/253 [00:28<00:00,  8.74it/s][A

 98%|█████████▊| 248/253 [00:28<00:00,  9.25it/s][A

 98%|█████████▊| 249/253 [00:28<00:00,  9.15it/s][A

 99%|█████████▉| 250/253 [00:28<00:00,  8.86it/s][A

100%|█████████▉| 252/253 [00:29<00:00,  9.12it/s][A
                                                  

                                                 
[A{'eval_loss': '1.401', 'eval_runtime': '29.31', 'eval_samples_per_second': '17.27', 'eval_steps_per_second': '8.633', 'eval_entropy': '1.331', 'eval_num_tokens': '1.664e+06', 'eval_mean_token_accuracy': '0.635', 'epoch': '1.455'}

 73%|███████▎  | 800/1100 [29:31<09:25,  1.89s/it]

100%|██████████| 253/253 [00:29<00:00,  9.12it/s][A

                                                 [A
 73%|███████▎  | 801/1100 [29:33<53:50, 10.81s/it]
 73%|███████▎  | 802/1100 [29:35<39:51,  8.03s/it]
 73%|███████▎  | 803/1100 [29:37<31:02,  6.27s/it]
 73%|███████▎  | 804/1100 [29:39<24:01,  4.87s/it]
 73%|███████▎  | 805/1100 [29:41<19:41,  4.01s/it]
 73%|███████▎  | 806/1100 [29:42<16:17,  3.32s/it]
 73%|███████▎  | 807/1100 [29:44<13:47,  2.82s/it]
 73%|███████▎  | 808/1100 [29:46<12:18,  2.53s/it]
 74%|███████▎  | 809/1100 [29:48<11:11,  2.31s/it]
 74%|███████▎  | 810/1100 [29:50<11:03,  2.29s/it]
                                                  
{'loss': '1.301', 'grad_norm': '1.679', 'learning_rate': '3.995e-05', 'entropy': '1.332', 'num_tokens': '1.685e+06', 'mean_token_accuracy': '0.6553', 'epoch': '1.473'}

 74%|███████▎  | 810/1100 [29:50<11:03,  2.29s/it]
 74%|███████▎  | 811/1100 [29:52<09:56,  2.06s/it]
 74%|███████▍  | 812/1100 [29:53<09:39,  2.01s/it]
 74%|███████▍  | 813/1100 [29:55<09:10,  1.92s/it]
 74%|███████▍  | 814/1100 [29:57<09:27,  1.99s/it]
 74%|███████▍  | 815/1100 [29:59<09:25,  1.99s/it]
 74%|███████▍  | 816/1100 [30:01<09:07,  1.93s/it]
 74%|███████▍  | 817/1100 [30:03<08:55,  1.89s/it]
 74%|███████▍  | 818/1100 [30:05<09:00,  1.92s/it]
 74%|███████▍  | 819/1100 [30:07<08:50,  1.89s/it]
 75%|███████▍  | 820/1100 [30:08<08:45,  1.88s/it]
                                                  
{'loss': '1.266', 'grad_norm': '1.669', 'learning_rate': '3.744e-05', 'entropy': '1.228', 'num_tokens': '1.706e+06', 'mean_token_accuracy': '0.6593', 'epoch': '1.491'}

 75%|███████▍  | 820/1100 [30:08<08:45,  1.88s/it]
 75%|███████▍  | 821/1100 [30:10<08:45,  1.88s/it]
 75%|███████▍  | 822/1100 [30:12<08:17,  1.79s/it]
 75%|███████▍  | 823/1100 [30:14<08:21,  1.81s/it]
 75%|███████▍  | 824/1100 [30:16<08:10,  1.78s/it]
 75%|███████▌  | 825/1100 [30:18<08:34,  1.87s/it]
 75%|███████▌  | 826/1100 [30:20<08:43,  1.91s/it]
 75%|███████▌  | 827/1100 [30:21<08:20,  1.83s/it]
 75%|███████▌  | 828/1100 [30:23<08:22,  1.85s/it]
 75%|███████▌  | 829/1100 [30:25<07:53,  1.75s/it]
 75%|███████▌  | 830/1100 [30:26<08:00,  1.78s/it]
                                                  
{'loss': '1.369', 'grad_norm': '1.486', 'learning_rate': '3.499e-05', 'entropy': '1.325', 'num_tokens': '1.726e+06', 'mean_token_accuracy': '0.6467', 'epoch': '1.509'}

 75%|███████▌  | 830/1100 [30:27<08:00,  1.78s/it]
 76%|███████▌  | 831/1100 [30:28<07:48,  1.74s/it]
 76%|███████▌  | 832/1100 [30:30<08:07,  1.82s/it]
 76%|███████▌  | 833/1100 [30:32<08:23,  1.89s/it]
 76%|███████▌  | 834/1100 [30:34<08:03,  1.82s/it]
 76%|███████▌  | 835/1100 [30:36<08:05,  1.83s/it]
 76%|███████▌  | 836/1100 [30:37<07:48,  1.78s/it]
 76%|███████▌  | 837/1100 [30:40<08:17,  1.89s/it]
 76%|███████▌  | 838/1100 [30:41<08:19,  1.91s/it]
 76%|███████▋  | 839/1100 [30:43<08:10,  1.88s/it]
 76%|███████▋  | 840/1100 [30:45<07:48,  1.80s/it]
                                                  
{'loss': '1.232', 'grad_norm': '1.498', 'learning_rate': '3.262e-05', 'entropy': '1.272', 'num_tokens': '1.746e+06', 'mean_token_accuracy': '0.6684', 'epoch': '1.528'}

 76%|███████▋  | 840/1100 [30:45<07:48,  1.80s/it]
 76%|███████▋  | 841/1100 [30:47<07:54,  1.83s/it]
 77%|███████▋  | 842/1100 [30:48<07:33,  1.76s/it]
 77%|███████▋  | 843/1100 [30:50<07:55,  1.85s/it]
 77%|███████▋  | 844/1100 [30:52<08:06,  1.90s/it]
 77%|███████▋  | 845/1100 [30:54<07:47,  1.83s/it]
 77%|███████▋  | 846/1100 [30:56<07:38,  1.81s/it]
 77%|███████▋  | 847/1100 [30:58<07:29,  1.78s/it]
 77%|███████▋  | 848/1100 [31:00<07:59,  1.90s/it]
 77%|███████▋  | 849/1100 [31:02<07:59,  1.91s/it]
 77%|███████▋  | 850/1100 [31:03<07:46,  1.86s/it]
                                                  
{'loss': '1.3', 'grad_norm': '1.423', 'learning_rate': '3.031e-05', 'entropy': '1.302', 'num_tokens': '1.768e+06', 'mean_token_accuracy': '0.6599', 'epoch': '1.546'}

 77%|███████▋  | 850/1100 [31:03<07:46,  1.86s/it]
 77%|███████▋  | 851/1100 [31:05<07:30,  1.81s/it]
 77%|███████▋  | 852/1100 [31:07<07:14,  1.75s/it]
 78%|███████▊  | 853/1100 [31:09<07:41,  1.87s/it]
 78%|███████▊  | 854/1100 [31:11<07:45,  1.89s/it]
 78%|███████▊  | 855/1100 [31:13<07:44,  1.90s/it]
 78%|███████▊  | 856/1100 [31:14<07:21,  1.81s/it]
 78%|███████▊  | 857/1100 [31:16<07:14,  1.79s/it]
 78%|███████▊  | 858/1100 [31:18<07:13,  1.79s/it]
 78%|███████▊  | 859/1100 [31:20<07:08,  1.78s/it]
 78%|███████▊  | 860/1100 [31:22<07:29,  1.87s/it]
                                                  
{'loss': '1.325', 'grad_norm': '2.142', 'learning_rate': '2.807e-05', 'entropy': '1.306', 'num_tokens': '1.788e+06', 'mean_token_accuracy': '0.6445', 'epoch': '1.564'}

 78%|███████▊  | 860/1100 [31:22<07:29,  1.87s/it]
 78%|███████▊  | 861/1100 [31:24<07:36,  1.91s/it]
 78%|███████▊  | 862/1100 [31:26<07:28,  1.88s/it]
 78%|███████▊  | 863/1100 [31:27<07:14,  1.83s/it]
 79%|███████▊  | 864/1100 [31:29<07:20,  1.87s/it]
 79%|███████▊  | 865/1100 [31:31<07:06,  1.81s/it]
 79%|███████▊  | 866/1100 [31:33<07:28,  1.92s/it]
 79%|███████▉  | 867/1100 [31:35<07:32,  1.94s/it]
 79%|███████▉  | 868/1100 [31:37<07:27,  1.93s/it]
 79%|███████▉  | 869/1100 [31:39<07:08,  1.85s/it]
 79%|███████▉  | 870/1100 [31:40<07:01,  1.83s/it]
                                                  
{'loss': '1.289', 'grad_norm': '1.782', 'learning_rate': '2.59e-05', 'entropy': '1.237', 'num_tokens': '1.809e+06', 'mean_token_accuracy': '0.6555', 'epoch': '1.582'}

 79%|███████▉  | 870/1100 [31:40<07:01,  1.83s/it]
 79%|███████▉  | 871/1100 [31:42<07:02,  1.84s/it]
 79%|███████▉  | 872/1100 [31:44<07:07,  1.87s/it]
 79%|███████▉  | 873/1100 [31:47<07:36,  2.01s/it]
 79%|███████▉  | 874/1100 [31:48<07:13,  1.92s/it]
 80%|███████▉  | 875/1100 [31:50<07:05,  1.89s/it]
 80%|███████▉  | 876/1100 [31:52<07:02,  1.89s/it]
 80%|███████▉  | 877/1100 [31:54<07:09,  1.92s/it]
 80%|███████▉  | 878/1100 [31:56<07:32,  2.04s/it]
 80%|███████▉  | 879/1100 [31:58<07:01,  1.91s/it]
 80%|████████  | 880/1100 [32:00<07:23,  2.01s/it]
                                                  
{'loss': '1.345', 'grad_norm': '1.503', 'learning_rate': '2.381e-05', 'entropy': '1.327', 'num_tokens': '1.83e+06', 'mean_token_accuracy': '0.645', 'epoch': '1.6'}

 80%|████████  | 880/1100 [32:00<07:23,  2.01s/it]
 80%|████████  | 881/1100 [32:02<07:01,  1.92s/it]
 80%|████████  | 882/1100 [32:04<07:36,  2.09s/it]
 80%|████████  | 883/1100 [32:06<07:18,  2.02s/it]
 80%|████████  | 884/1100 [32:08<07:12,  2.00s/it]
 80%|████████  | 885/1100 [32:10<06:54,  1.93s/it]
 81%|████████  | 886/1100 [32:12<06:38,  1.86s/it]
 81%|████████  | 887/1100 [32:14<06:54,  1.95s/it]
 81%|████████  | 888/1100 [32:16<06:50,  1.94s/it]
 81%|████████  | 889/1100 [32:18<06:50,  1.95s/it]
 81%|████████  | 890/1100 [32:19<06:25,  1.84s/it]
                                                  
{'loss': '1.363', 'grad_norm': '1.546', 'learning_rate': '2.179e-05', 'entropy': '1.363', 'num_tokens': '1.851e+06', 'mean_token_accuracy': '0.6413', 'epoch': '1.618'}

 81%|████████  | 890/1100 [32:19<06:25,  1.84s/it]
 81%|████████  | 891/1100 [32:21<06:28,  1.86s/it]
 81%|████████  | 892/1100 [32:23<06:22,  1.84s/it]
 81%|████████  | 893/1100 [32:25<06:10,  1.79s/it]
 81%|████████▏ | 894/1100 [32:27<06:53,  2.01s/it]
 81%|████████▏ | 895/1100 [32:29<06:38,  1.94s/it]
 81%|████████▏ | 896/1100 [32:31<06:32,  1.92s/it]
 82%|████████▏ | 897/1100 [32:33<06:19,  1.87s/it]
 82%|████████▏ | 898/1100 [32:34<06:20,  1.89s/it]
 82%|████████▏ | 899/1100 [32:36<06:03,  1.81s/it]
 82%|████████▏ | 900/1100 [32:38<06:18,  1.89s/it]
                                                  
{'loss': '1.391', 'grad_norm': '1.876', 'learning_rate': '1.985e-05', 'entropy': '1.359', 'num_tokens': '1.872e+06', 'mean_token_accuracy': '0.6456', 'epoch': '1.637'}

 82%|████████▏ | 900/1100 [32:38<06:18,  1.89s/it]

  0%|          | 0/253 [00:00<?, ?it/s][A

  1%|          | 2/253 [00:00<00:13, 18.01it/s][A

  2%|▏         | 4/253 [00:00<00:24, 10.19it/s][A

  2%|▏         | 6/253 [00:00<00:27,  9.14it/s][A

  3%|▎         | 8/253 [00:00<00:26,  9.25it/s][A

  4%|▍         | 10/253 [00:01<00:26,  9.14it/s][A

  4%|▍         | 11/253 [00:01<00:26,  9.26it/s][A

  5%|▍         | 12/253 [00:01<00:27,  8.91it/s][A

  6%|▌         | 14/253 [00:01<00:26,  9.16it/s][A

  6%|▌         | 15/253 [00:01<00:26,  8.85it/s][A

  7%|▋         | 17/253 [00:01<00:26,  9.06it/s][A

  8%|▊         | 19/253 [00:02<00:26,  8.95it/s][A

  8%|▊         | 20/253 [00:02<00:26,  8.91it/s][A

  8%|▊         | 21/253 [00:02<00:26,  8.63it/s][A

  9%|▉         | 23/253 [00:02<00:25,  9.20it/s][A

  9%|▉         | 24/253 [00:02<00:26,  8.78it/s][A

 10%|▉         | 25/253 [00:02<00:25,  8.91it/s][A

 11%|█         | 27/253 [00:02<00:24,  9.39it/s][A

 11%|█         | 28/253 [00:03<00:24,  9.16it/s][A

 11%|█▏        | 29/253 [00:03<00:24,  9.22it/s][A

 12%|█▏        | 31/253 [00:03<00:24,  9.03it/s][A

 13%|█▎        | 32/253 [00:03<00:24,  8.95it/s][A

 13%|█▎        | 33/253 [00:03<00:24,  8.92it/s][A

 13%|█▎        | 34/253 [00:03<00:25,  8.67it/s][A

 14%|█▍        | 35/253 [00:03<00:26,  8.23it/s][A

 14%|█▍        | 36/253 [00:03<00:26,  8.24it/s][A

 15%|█▌        | 38/253 [00:04<00:23,  9.02it/s][A

 15%|█▌        | 39/253 [00:04<00:24,  8.62it/s][A

 16%|█▌        | 40/253 [00:04<00:25,  8.42it/s][A

 16%|█▌        | 41/253 [00:04<00:25,  8.43it/s][A

 17%|█▋        | 42/253 [00:04<00:25,  8.23it/s][A

 17%|█▋        | 43/253 [00:04<00:25,  8.21it/s][A

 17%|█▋        | 44/253 [00:04<00:25,  8.19it/s][A

 18%|█▊        | 46/253 [00:05<00:24,  8.59it/s][A

 19%|█▊        | 47/253 [00:05<00:24,  8.32it/s][A

 19%|█▉        | 48/253 [00:05<00:24,  8.37it/s][A

 19%|█▉        | 49/253 [00:05<00:23,  8.73it/s][A

 20%|██        | 51/253 [00:05<00:21,  9.37it/s][A

 21%|██        | 53/253 [00:05<00:21,  9.12it/s][A

 21%|██▏       | 54/253 [00:06<00:22,  8.84it/s][A

 22%|██▏       | 56/253 [00:06<00:21,  9.30it/s][A

 23%|██▎       | 57/253 [00:06<00:21,  8.94it/s][A

 23%|██▎       | 58/253 [00:06<00:22,  8.59it/s][A

 23%|██▎       | 59/253 [00:06<00:23,  8.33it/s][A

 24%|██▎       | 60/253 [00:06<00:23,  8.24it/s][A

 24%|██▍       | 61/253 [00:06<00:22,  8.46it/s][A

 25%|██▍       | 62/253 [00:07<00:24,  7.80it/s][A

 25%|██▍       | 63/253 [00:07<00:24,  7.73it/s][A

 26%|██▌       | 65/253 [00:07<00:22,  8.19it/s][A

 26%|██▌       | 66/253 [00:07<00:23,  8.00it/s][A

 27%|██▋       | 68/253 [00:07<00:20,  8.84it/s][A

 27%|██▋       | 69/253 [00:07<00:21,  8.55it/s][A

 28%|██▊       | 70/253 [00:07<00:21,  8.49it/s][A

 28%|██▊       | 71/253 [00:08<00:21,  8.44it/s][A

 29%|██▉       | 73/253 [00:08<00:19,  9.11it/s][A

 29%|██▉       | 74/253 [00:08<00:20,  8.89it/s][A

 30%|██▉       | 75/253 [00:08<00:20,  8.54it/s][A

 30%|███       | 76/253 [00:08<00:21,  8.35it/s][A

 30%|███       | 77/253 [00:08<00:20,  8.44it/s][A

 31%|███       | 78/253 [00:08<00:21,  8.31it/s][A

 31%|███       | 79/253 [00:09<00:21,  8.21it/s][A

 32%|███▏      | 80/253 [00:09<00:21,  8.05it/s][A

 32%|███▏      | 81/253 [00:09<00:21,  7.94it/s][A

 32%|███▏      | 82/253 [00:09<00:20,  8.19it/s][A

 33%|███▎      | 83/253 [00:09<00:21,  8.05it/s][A

 33%|███▎      | 84/253 [00:09<00:21,  8.01it/s][A

 34%|███▎      | 85/253 [00:09<00:20,  8.04it/s][A

 34%|███▍      | 87/253 [00:10<00:19,  8.33it/s][A

 35%|███▍      | 88/253 [00:10<00:20,  8.19it/s][A

 35%|███▌      | 89/253 [00:10<00:20,  8.08it/s][A

 36%|███▌      | 91/253 [00:10<00:18,  8.92it/s][A

 36%|███▋      | 92/253 [00:10<00:18,  8.67it/s][A

 37%|███▋      | 93/253 [00:10<00:19,  8.41it/s][A

 37%|███▋      | 94/253 [00:10<00:18,  8.76it/s][A

 38%|███▊      | 96/253 [00:11<00:16,  9.38it/s][A

 39%|███▊      | 98/253 [00:11<00:16,  9.13it/s][A

 39%|███▉      | 99/253 [00:11<00:17,  8.85it/s][A

 40%|███▉      | 100/253 [00:11<00:17,  8.59it/s][A

 40%|███▉      | 101/253 [00:11<00:18,  8.26it/s][A

 40%|████      | 102/253 [00:11<00:18,  8.17it/s][A

 41%|████      | 103/253 [00:11<00:18,  8.08it/s][A

 41%|████      | 104/253 [00:12<00:18,  8.03it/s][A

 42%|████▏     | 105/253 [00:12<00:18,  7.86it/s][A

 42%|████▏     | 107/253 [00:12<00:17,  8.25it/s][A

 43%|████▎     | 108/253 [00:12<00:17,  8.09it/s][A

 43%|████▎     | 110/253 [00:12<00:16,  8.90it/s][A

 44%|████▍     | 111/253 [00:12<00:16,  8.83it/s][A

 44%|████▍     | 112/253 [00:12<00:16,  8.49it/s][A

 45%|████▍     | 113/253 [00:13<00:16,  8.31it/s][A

 45%|████▌     | 114/253 [00:13<00:17,  8.11it/s][A

 45%|████▌     | 115/253 [00:13<00:18,  7.56it/s][A

 46%|████▌     | 116/253 [00:13<00:17,  7.68it/s][A

 46%|████▌     | 117/253 [00:13<00:17,  7.71it/s][A

 47%|████▋     | 118/253 [00:13<00:17,  7.67it/s][A

 47%|████▋     | 119/253 [00:13<00:17,  7.76it/s][A

 47%|████▋     | 120/253 [00:13<00:16,  8.03it/s][A

 48%|████▊     | 121/253 [00:14<00:15,  8.49it/s][A

 49%|████▊     | 123/253 [00:14<00:14,  8.68it/s][A

 49%|████▉     | 124/253 [00:14<00:15,  8.49it/s][A

 50%|████▉     | 126/253 [00:14<00:14,  8.71it/s][A

 50%|█████     | 127/253 [00:14<00:14,  8.53it/s][A

 51%|█████     | 129/253 [00:15<00:14,  8.62it/s][A

 52%|█████▏    | 131/253 [00:15<00:13,  9.17it/s][A

 52%|█████▏    | 132/253 [00:15<00:13,  8.92it/s][A

 53%|█████▎    | 134/253 [00:15<00:12,  9.39it/s][A

 53%|█████▎    | 135/253 [00:15<00:13,  8.97it/s][A

 54%|█████▍    | 136/253 [00:15<00:12,  9.01it/s][A

 54%|█████▍    | 137/253 [00:15<00:12,  8.93it/s][A

 55%|█████▍    | 138/253 [00:16<00:13,  8.61it/s][A

 55%|█████▍    | 139/253 [00:16<00:13,  8.39it/s][A

 55%|█████▌    | 140/253 [00:16<00:12,  8.73it/s][A

 56%|█████▌    | 141/253 [00:16<00:13,  8.44it/s][A

 56%|█████▌    | 142/253 [00:16<00:13,  8.26it/s][A

 57%|█████▋    | 143/253 [00:16<00:13,  7.93it/s][A

 57%|█████▋    | 144/253 [00:16<00:13,  7.97it/s][A

 58%|█████▊    | 146/253 [00:16<00:12,  8.64it/s][A

 58%|█████▊    | 147/253 [00:17<00:12,  8.79it/s][A

 58%|█████▊    | 148/253 [00:17<00:12,  8.55it/s][A

 59%|█████▉    | 149/253 [00:17<00:12,  8.31it/s][A

 59%|█████▉    | 150/253 [00:17<00:12,  8.41it/s][A

 60%|█████▉    | 151/253 [00:17<00:12,  8.35it/s][A

 60%|██████    | 153/253 [00:17<00:10,  9.11it/s][A

 61%|██████    | 154/253 [00:17<00:11,  8.94it/s][A

 61%|██████▏   | 155/253 [00:17<00:11,  8.65it/s][A

 62%|██████▏   | 157/253 [00:18<00:10,  9.02it/s][A

 62%|██████▏   | 158/253 [00:18<00:10,  8.96it/s][A

 63%|██████▎   | 159/253 [00:18<00:10,  8.60it/s][A

 63%|██████▎   | 160/253 [00:18<00:11,  8.43it/s][A

 64%|██████▎   | 161/253 [00:18<00:11,  8.24it/s][A

 64%|██████▍   | 162/253 [00:18<00:11,  7.71it/s][A

 65%|██████▍   | 164/253 [00:19<00:10,  8.72it/s][A

 65%|██████▌   | 165/253 [00:19<00:10,  8.44it/s][A

 66%|██████▌   | 167/253 [00:19<00:09,  9.09it/s][A

 67%|██████▋   | 169/253 [00:19<00:09,  9.22it/s][A

 67%|██████▋   | 170/253 [00:19<00:09,  8.72it/s][A

 68%|██████▊   | 171/253 [00:19<00:09,  8.43it/s][A

 68%|██████▊   | 172/253 [00:19<00:09,  8.51it/s][A

 68%|██████▊   | 173/253 [00:20<00:09,  8.31it/s][A

 69%|██████▉   | 174/253 [00:20<00:09,  8.12it/s][A

 70%|██████▉   | 176/253 [00:20<00:08,  8.88it/s][A

 70%|██████▉   | 177/253 [00:20<00:08,  8.70it/s][A

 71%|███████   | 179/253 [00:20<00:08,  8.73it/s][A

 71%|███████   | 180/253 [00:20<00:08,  8.48it/s][A

 72%|███████▏  | 181/253 [00:21<00:08,  8.27it/s][A

 72%|███████▏  | 183/253 [00:21<00:08,  8.54it/s][A

 73%|███████▎  | 184/253 [00:21<00:08,  8.56it/s][A

 73%|███████▎  | 185/253 [00:21<00:08,  8.39it/s][A

 74%|███████▍  | 187/253 [00:21<00:07,  8.58it/s][A

 74%|███████▍  | 188/253 [00:21<00:07,  8.23it/s][A

 75%|███████▍  | 189/253 [00:21<00:07,  8.16it/s][A

 75%|███████▌  | 191/253 [00:22<00:07,  8.52it/s][A

 76%|███████▋  | 193/253 [00:22<00:06,  9.11it/s][A

 77%|███████▋  | 194/253 [00:22<00:06,  9.02it/s][A

 77%|███████▋  | 196/253 [00:22<00:06,  9.05it/s][A

 78%|███████▊  | 198/253 [00:22<00:06,  9.17it/s][A

 79%|███████▊  | 199/253 [00:23<00:06,  8.90it/s][A

 79%|███████▉  | 200/253 [00:23<00:05,  8.88it/s][A

 79%|███████▉  | 201/253 [00:23<00:06,  8.63it/s][A

 80%|███████▉  | 202/253 [00:23<00:06,  8.41it/s][A

 80%|████████  | 203/253 [00:23<00:06,  7.87it/s][A

 81%|████████  | 204/253 [00:23<00:06,  7.91it/s][A

 81%|████████  | 205/253 [00:23<00:06,  7.84it/s][A

 82%|████████▏ | 207/253 [00:24<00:05,  8.29it/s][A

 82%|████████▏ | 208/253 [00:24<00:05,  8.50it/s][A

 83%|████████▎ | 210/253 [00:24<00:04,  9.16it/s][A

 84%|████████▍ | 212/253 [00:24<00:04,  9.28it/s][A

 84%|████████▍ | 213/253 [00:24<00:04,  9.15it/s][A

 85%|████████▍ | 215/253 [00:24<00:04,  9.45it/s][A

 85%|████████▌ | 216/253 [00:25<00:03,  9.34it/s][A

 86%|████████▌ | 217/253 [00:25<00:04,  8.55it/s][A

 86%|████████▌ | 218/253 [00:25<00:04,  8.34it/s][A

 87%|████████▋ | 219/253 [00:25<00:04,  8.45it/s][A

 87%|████████▋ | 220/253 [00:25<00:03,  8.26it/s][A

 87%|████████▋ | 221/253 [00:25<00:03,  8.34it/s][A

 88%|████████▊ | 222/253 [00:25<00:03,  8.24it/s][A

 88%|████████▊ | 223/253 [00:25<00:03,  7.94it/s][A

 89%|████████▉ | 225/253 [00:26<00:03,  8.85it/s][A

 89%|████████▉ | 226/253 [00:26<00:03,  8.38it/s][A

 90%|█████████ | 228/253 [00:26<00:02,  9.09it/s][A

 91%|█████████ | 229/253 [00:26<00:02,  9.00it/s][A

 91%|█████████ | 230/253 [00:26<00:02,  8.65it/s][A

 92%|█████████▏| 232/253 [00:26<00:02,  8.78it/s][A

 92%|█████████▏| 234/253 [00:27<00:02,  8.88it/s][A

 93%|█████████▎| 236/253 [00:27<00:01,  9.10it/s][A

 94%|█████████▍| 238/253 [00:27<00:01,  9.22it/s][A

 95%|█████████▍| 240/253 [00:27<00:01,  9.59it/s][A

 96%|█████████▌| 242/253 [00:27<00:01,  9.80it/s][A

 96%|█████████▌| 243/253 [00:28<00:01,  9.39it/s][A

 96%|█████████▋| 244/253 [00:28<00:00,  9.02it/s][A

 97%|█████████▋| 245/253 [00:28<00:00,  8.98it/s][A

 97%|█████████▋| 246/253 [00:28<00:00,  8.31it/s][A

 98%|█████████▊| 248/253 [00:28<00:00,  8.75it/s][A

 98%|█████████▊| 249/253 [00:28<00:00,  8.75it/s][A

 99%|█████████▉| 250/253 [00:28<00:00,  8.54it/s][A

 99%|█████████▉| 251/253 [00:29<00:00,  8.74it/s][A

100%|█████████▉| 252/253 [00:29<00:00,  8.57it/s][A
                                                  

                                                 
[A{'eval_loss': '1.394', 'eval_runtime': '29.36', 'eval_samples_per_second': '17.23', 'eval_steps_per_second': '8.616', 'eval_entropy': '1.321', 'eval_num_tokens': '1.872e+06', 'eval_mean_token_accuracy': '0.636', 'epoch': '1.637'}

 82%|████████▏ | 900/1100 [33:08<06:18,  1.89s/it]

100%|██████████| 253/253 [00:29<00:00,  8.57it/s][A

                                                 [A
 82%|████████▏ | 901/1100 [33:10<35:39, 10.75s/it]
 82%|████████▏ | 902/1100 [33:11<26:28,  8.02s/it]
 82%|████████▏ | 903/1100 [33:13<20:16,  6.18s/it]
 82%|████████▏ | 904/1100 [33:15<15:38,  4.79s/it]
 82%|████████▏ | 905/1100 [33:17<12:39,  3.89s/it]
 82%|████████▏ | 906/1100 [33:19<10:44,  3.32s/it]
 82%|████████▏ | 907/1100 [33:21<09:27,  2.94s/it]
 83%|████████▎ | 908/1100 [33:22<08:11,  2.56s/it]
 83%|████████▎ | 909/1100 [33:24<07:19,  2.30s/it]
 83%|████████▎ | 910/1100 [33:26<06:58,  2.20s/it]
                                                  
{'loss': '1.292', 'grad_norm': '1.651', 'learning_rate': '1.799e-05', 'entropy': '1.284', 'num_tokens': '1.892e+06', 'mean_token_accuracy': '0.6557', 'epoch': '1.655'}

 83%|████████▎ | 910/1100 [33:26<06:58,  2.20s/it]
 83%|████████▎ | 911/1100 [33:28<06:21,  2.02s/it]
 83%|████████▎ | 912/1100 [33:30<06:54,  2.21s/it]
 83%|████████▎ | 913/1100 [33:32<06:22,  2.05s/it]
 83%|████████▎ | 914/1100 [33:34<06:14,  2.01s/it]
 83%|████████▎ | 915/1100 [33:35<05:50,  1.90s/it]
 83%|████████▎ | 916/1100 [33:37<05:45,  1.88s/it]
 83%|████████▎ | 917/1100 [33:39<05:53,  1.93s/it]
 83%|████████▎ | 918/1100 [33:41<06:07,  2.02s/it]
 84%|████████▎ | 919/1100 [33:43<05:49,  1.93s/it]
 84%|████████▎ | 920/1100 [33:45<05:39,  1.88s/it]
                                                  
{'loss': '1.384', 'grad_norm': '1.628', 'learning_rate': '1.622e-05', 'entropy': '1.39', 'num_tokens': '1.912e+06', 'mean_token_accuracy': '0.6447', 'epoch': '1.673'}

 84%|████████▎ | 920/1100 [33:45<05:39,  1.88s/it]
 84%|████████▎ | 921/1100 [33:47<05:49,  1.95s/it]
 84%|████████▍ | 922/1100 [33:49<05:42,  1.92s/it]
 84%|████████▍ | 923/1100 [33:51<05:54,  2.00s/it]
 84%|████████▍ | 924/1100 [33:53<05:45,  1.96s/it]
 84%|████████▍ | 925/1100 [33:55<05:45,  1.98s/it]
 84%|████████▍ | 926/1100 [33:57<05:28,  1.89s/it]
 84%|████████▍ | 927/1100 [33:59<05:45,  2.00s/it]
 84%|████████▍ | 928/1100 [34:01<05:33,  1.94s/it]
 84%|████████▍ | 929/1100 [34:03<05:28,  1.92s/it]
 85%|████████▍ | 930/1100 [34:04<05:16,  1.86s/it]
                                                  
{'loss': '1.283', 'grad_norm': '1.502', 'learning_rate': '1.453e-05', 'entropy': '1.304', 'num_tokens': '1.933e+06', 'mean_token_accuracy': '0.6637', 'epoch': '1.691'}

 85%|████████▍ | 930/1100 [34:04<05:16,  1.86s/it]
 85%|████████▍ | 931/1100 [34:06<05:10,  1.84s/it]
 85%|████████▍ | 932/1100 [34:08<05:03,  1.81s/it]
 85%|████████▍ | 933/1100 [34:10<04:57,  1.78s/it]
 85%|████████▍ | 934/1100 [34:12<05:17,  1.91s/it]
 85%|████████▌ | 935/1100 [34:14<05:12,  1.89s/it]
 85%|████████▌ | 936/1100 [34:16<05:11,  1.90s/it]
 85%|████████▌ | 937/1100 [34:17<04:53,  1.80s/it]
 85%|████████▌ | 938/1100 [34:19<04:49,  1.79s/it]
 85%|████████▌ | 939/1100 [34:21<04:45,  1.77s/it]
 85%|████████▌ | 940/1100 [34:23<04:56,  1.85s/it]
                                                  
{'loss': '1.268', 'grad_norm': '1.803', 'learning_rate': '1.293e-05', 'entropy': '1.249', 'num_tokens': '1.954e+06', 'mean_token_accuracy': '0.6646', 'epoch': '1.709'}

 85%|████████▌ | 940/1100 [34:23<04:56,  1.85s/it]
 86%|████████▌ | 941/1100 [34:25<05:07,  1.93s/it]
 86%|████████▌ | 942/1100 [34:27<05:04,  1.92s/it]
 86%|████████▌ | 943/1100 [34:28<04:49,  1.85s/it]
 86%|████████▌ | 944/1100 [34:30<04:46,  1.84s/it]
 86%|████████▌ | 945/1100 [34:32<04:42,  1.83s/it]
 86%|████████▌ | 946/1100 [34:35<05:13,  2.04s/it]
 86%|████████▌ | 947/1100 [34:36<05:00,  1.96s/it]
 86%|████████▌ | 948/1100 [34:38<04:47,  1.89s/it]
 86%|████████▋ | 949/1100 [34:40<04:41,  1.86s/it]
 86%|████████▋ | 950/1100 [34:42<04:47,  1.92s/it]
                                                  
{'loss': '1.33', 'grad_norm': '1.488', 'learning_rate': '1.141e-05', 'entropy': '1.322', 'num_tokens': '1.975e+06', 'mean_token_accuracy': '0.6523', 'epoch': '1.728'}

 86%|████████▋ | 950/1100 [34:42<04:47,  1.92s/it]
 86%|████████▋ | 951/1100 [34:44<04:53,  1.97s/it]
 87%|████████▋ | 952/1100 [34:46<04:54,  1.99s/it]
 87%|████████▋ | 953/1100 [34:48<04:46,  1.95s/it]
 87%|████████▋ | 954/1100 [34:50<04:38,  1.91s/it]
 87%|████████▋ | 955/1100 [34:52<04:36,  1.91s/it]
 87%|████████▋ | 956/1100 [34:54<04:47,  1.99s/it]
 87%|████████▋ | 957/1100 [34:56<04:43,  1.98s/it]
 87%|████████▋ | 958/1100 [34:57<04:28,  1.89s/it]
 87%|████████▋ | 959/1100 [34:59<04:21,  1.86s/it]
 87%|████████▋ | 960/1100 [35:01<04:14,  1.81s/it]
                                                  
{'loss': '1.436', 'grad_norm': '1.662', 'learning_rate': '9.982e-06', 'entropy': '1.379', 'num_tokens': '1.996e+06', 'mean_token_accuracy': '0.6286', 'epoch': '1.746'}

 87%|████████▋ | 960/1100 [35:01<04:14,  1.81s/it]
 87%|████████▋ | 961/1100 [35:03<04:03,  1.75s/it]
 87%|████████▋ | 962/1100 [35:05<04:15,  1.85s/it]
 88%|████████▊ | 963/1100 [35:07<04:17,  1.88s/it]
 88%|████████▊ | 964/1100 [35:08<04:09,  1.84s/it]
 88%|████████▊ | 965/1100 [35:10<04:04,  1.81s/it]
 88%|████████▊ | 966/1100 [35:12<04:00,  1.79s/it]
 88%|████████▊ | 967/1100 [35:13<03:52,  1.75s/it]
 88%|████████▊ | 968/1100 [35:15<03:47,  1.72s/it]
 88%|████████▊ | 969/1100 [35:17<04:11,  1.92s/it]
 88%|████████▊ | 970/1100 [35:19<04:02,  1.86s/it]
                                                  
{'loss': '1.273', 'grad_norm': '1.668', 'learning_rate': '8.645e-06', 'entropy': '1.296', 'num_tokens': '2.017e+06', 'mean_token_accuracy': '0.6633', 'epoch': '1.764'}

 88%|████████▊ | 970/1100 [35:19<04:02,  1.86s/it]
 88%|████████▊ | 971/1100 [35:21<03:51,  1.79s/it]
 88%|████████▊ | 972/1100 [35:23<03:45,  1.76s/it]
 88%|████████▊ | 973/1100 [35:24<03:43,  1.76s/it]
 89%|████████▊ | 974/1100 [35:26<03:40,  1.75s/it]
 89%|████████▊ | 975/1100 [35:28<04:01,  1.94s/it]
 89%|████████▊ | 976/1100 [35:30<03:50,  1.86s/it]
 89%|████████▉ | 977/1100 [35:32<03:43,  1.81s/it]
 89%|████████▉ | 978/1100 [35:33<03:37,  1.78s/it]
 89%|████████▉ | 979/1100 [35:35<03:32,  1.76s/it]
 89%|████████▉ | 980/1100 [35:37<03:40,  1.84s/it]
                                                  
{'loss': '1.349', 'grad_norm': '1.999', 'learning_rate': '7.401e-06', 'entropy': '1.383', 'num_tokens': '2.038e+06', 'mean_token_accuracy': '0.6512', 'epoch': '1.782'}

 89%|████████▉ | 980/1100 [35:37<03:40,  1.84s/it]
 89%|████████▉ | 981/1100 [35:40<03:57,  1.99s/it]
 89%|████████▉ | 982/1100 [35:41<03:45,  1.92s/it]
 89%|████████▉ | 983/1100 [35:43<03:39,  1.88s/it]
 89%|████████▉ | 984/1100 [35:45<03:32,  1.84s/it]
 90%|████████▉ | 985/1100 [35:47<03:42,  1.93s/it]
 90%|████████▉ | 986/1100 [35:49<03:49,  2.01s/it]
 90%|████████▉ | 987/1100 [35:51<03:42,  1.97s/it]
 90%|████████▉ | 988/1100 [35:53<03:32,  1.90s/it]
 90%|████████▉ | 989/1100 [35:55<03:39,  1.98s/it]
 90%|█████████ | 990/1100 [35:57<03:38,  1.99s/it]
                                                  
{'loss': '1.363', 'grad_norm': '1.669', 'learning_rate': '6.25e-06', 'entropy': '1.367', 'num_tokens': '2.059e+06', 'mean_token_accuracy': '0.6497', 'epoch': '1.8'}

 90%|█████████ | 990/1100 [35:57<03:38,  1.99s/it]
 90%|█████████ | 991/1100 [35:59<03:47,  2.09s/it]
 90%|█████████ | 992/1100 [36:01<03:34,  1.99s/it]
 90%|█████████ | 993/1100 [36:03<03:31,  1.98s/it]
 90%|█████████ | 994/1100 [36:05<03:25,  1.94s/it]
 90%|█████████ | 995/1100 [36:07<03:21,  1.92s/it]
 91%|█████████ | 996/1100 [36:09<03:32,  2.05s/it]
 91%|█████████ | 997/1100 [36:11<03:26,  2.01s/it]
 91%|█████████ | 998/1100 [36:13<03:16,  1.92s/it]
 91%|█████████ | 999/1100 [36:14<03:10,  1.89s/it]
 91%|█████████ | 1000/1100 [36:16<03:07,  1.88s/it]
                                                   
{'loss': '1.352', 'grad_norm': '1.457', 'learning_rate': '5.193e-06', 'entropy': '1.343', 'num_tokens': '2.079e+06', 'mean_token_accuracy': '0.643', 'epoch': '1.819'}

 91%|█████████ | 1000/1100 [36:16<03:07,  1.88s/it]

  0%|          | 0/253 [00:00<?, ?it/s][A

  1%|          | 3/253 [00:00<00:18, 13.44it/s][A

  2%|▏         | 5/253 [00:00<00:24, 10.04it/s][A

  3%|▎         | 7/253 [00:00<00:26,  9.43it/s][A

  3%|▎         | 8/253 [00:00<00:26,  9.26it/s][A

  4%|▍         | 10/253 [00:01<00:26,  9.11it/s][A

  4%|▍         | 11/253 [00:01<00:26,  9.09it/s][A

  5%|▍         | 12/253 [00:01<00:27,  8.76it/s][A

  5%|▌         | 13/253 [00:01<00:27,  8.89it/s][A

  6%|▌         | 14/253 [00:01<00:27,  8.72it/s][A

  6%|▌         | 15/253 [00:01<00:28,  8.48it/s][A

  6%|▋         | 16/253 [00:01<00:26,  8.80it/s][A

  7%|▋         | 17/253 [00:01<00:26,  8.79it/s][A

  8%|▊         | 19/253 [00:02<00:26,  8.79it/s][A

  8%|▊         | 20/253 [00:02<00:26,  8.79it/s][A

  8%|▊         | 21/253 [00:02<00:27,  8.46it/s][A

  9%|▊         | 22/253 [00:02<00:27,  8.52it/s][A

  9%|▉         | 24/253 [00:02<00:26,  8.58it/s][A

 10%|▉         | 25/253 [00:02<00:25,  8.86it/s][A

 10%|█         | 26/253 [00:02<00:25,  8.74it/s][A

 11%|█         | 27/253 [00:02<00:25,  8.97it/s][A

 11%|█         | 28/253 [00:03<00:25,  8.90it/s][A

 11%|█▏        | 29/253 [00:03<00:24,  9.04it/s][A

 12%|█▏        | 30/253 [00:03<00:24,  9.03it/s][A

 12%|█▏        | 31/253 [00:03<00:25,  8.60it/s][A

 13%|█▎        | 32/253 [00:03<00:25,  8.65it/s][A

 13%|█▎        | 33/253 [00:03<00:25,  8.77it/s][A

 13%|█▎        | 34/253 [00:03<00:25,  8.53it/s][A

 14%|█▍        | 35/253 [00:03<00:26,  8.16it/s][A

 14%|█▍        | 36/253 [00:04<00:25,  8.35it/s][A

 15%|█▌        | 38/253 [00:04<00:23,  9.17it/s][A

 15%|█▌        | 39/253 [00:04<00:24,  8.86it/s][A

 16%|█▌        | 40/253 [00:04<00:24,  8.60it/s][A

 16%|█▌        | 41/253 [00:04<00:24,  8.55it/s][A

 17%|█▋        | 42/253 [00:04<00:25,  8.30it/s][A

 17%|█▋        | 43/253 [00:04<00:25,  8.30it/s][A

 17%|█▋        | 44/253 [00:04<00:25,  8.24it/s][A

 18%|█▊        | 45/253 [00:05<00:24,  8.55it/s][A

 18%|█▊        | 46/253 [00:05<00:25,  8.24it/s][A

 19%|█▊        | 47/253 [00:05<00:25,  8.00it/s][A

 19%|█▉        | 48/253 [00:05<00:25,  8.02it/s][A

 19%|█▉        | 49/253 [00:05<00:25,  7.88it/s][A

 20%|██        | 51/253 [00:05<00:22,  8.86it/s][A

 21%|██        | 53/253 [00:06<00:22,  8.82it/s][A

 21%|██▏       | 54/253 [00:06<00:23,  8.62it/s][A

 22%|██▏       | 56/253 [00:06<00:21,  9.15it/s][A

 23%|██▎       | 57/253 [00:06<00:22,  8.82it/s][A

 23%|██▎       | 58/253 [00:06<00:22,  8.50it/s][A

 23%|██▎       | 59/253 [00:06<00:23,  8.24it/s][A

 24%|██▎       | 60/253 [00:06<00:23,  8.07it/s][A

 24%|██▍       | 61/253 [00:06<00:23,  8.34it/s][A

 25%|██▍       | 62/253 [00:07<00:24,  7.79it/s][A

 25%|██▍       | 63/253 [00:07<00:24,  7.76it/s][A

 25%|██▌       | 64/253 [00:07<00:23,  8.16it/s][A

 26%|██▌       | 65/253 [00:07<00:23,  8.04it/s][A

 26%|██▌       | 66/253 [00:07<00:23,  7.98it/s][A

 26%|██▋       | 67/253 [00:07<00:22,  8.32it/s][A

 27%|██▋       | 69/253 [00:07<00:21,  8.61it/s][A

 28%|██▊       | 70/253 [00:08<00:21,  8.63it/s][A

 28%|██▊       | 71/253 [00:08<00:21,  8.53it/s][A

 29%|██▉       | 73/253 [00:08<00:19,  9.21it/s][A

 29%|██▉       | 74/253 [00:08<00:19,  9.08it/s][A

 30%|██▉       | 75/253 [00:08<00:20,  8.68it/s][A

 30%|███       | 76/253 [00:08<00:20,  8.50it/s][A

 31%|███       | 78/253 [00:08<00:19,  8.86it/s][A

 31%|███       | 79/253 [00:09<00:20,  8.63it/s][A

 32%|███▏      | 80/253 [00:09<00:20,  8.36it/s][A

 32%|███▏      | 81/253 [00:09<00:21,  8.10it/s][A

 32%|███▏      | 82/253 [00:09<00:20,  8.28it/s][A

 33%|███▎      | 83/253 [00:09<00:21,  8.03it/s][A

 33%|███▎      | 84/253 [00:09<00:21,  7.83it/s][A

 34%|███▎      | 85/253 [00:09<00:21,  7.90it/s][A

 34%|███▍      | 86/253 [00:09<00:20,  8.28it/s][A

 34%|███▍      | 87/253 [00:10<00:20,  7.94it/s][A

 35%|███▍      | 88/253 [00:10<00:20,  7.88it/s][A

 35%|███▌      | 89/253 [00:10<00:20,  7.82it/s][A

 36%|███▌      | 91/253 [00:10<00:18,  8.77it/s][A

 36%|███▋      | 92/253 [00:10<00:19,  8.46it/s][A

 37%|███▋      | 93/253 [00:10<00:19,  8.23it/s][A

 37%|███▋      | 94/253 [00:10<00:18,  8.59it/s][A

 38%|███▊      | 95/253 [00:11<00:17,  8.87it/s][A

 38%|███▊      | 97/253 [00:11<00:16,  9.49it/s][A

 39%|███▊      | 98/253 [00:11<00:17,  8.89it/s][A

 39%|███▉      | 99/253 [00:11<00:18,  8.54it/s][A

 40%|███▉      | 100/253 [00:11<00:18,  8.39it/s][A

 40%|███▉      | 101/253 [00:11<00:18,  8.15it/s][A

 40%|████      | 102/253 [00:11<00:18,  8.01it/s][A

 41%|████      | 103/253 [00:12<00:18,  7.95it/s][A

 41%|████      | 104/253 [00:12<00:18,  8.00it/s][A

 42%|████▏     | 105/253 [00:12<00:18,  7.93it/s][A

 42%|████▏     | 107/253 [00:12<00:17,  8.36it/s][A

 43%|████▎     | 108/253 [00:12<00:17,  8.27it/s][A

 43%|████▎     | 110/253 [00:12<00:15,  9.04it/s][A

 44%|████▍     | 111/253 [00:12<00:15,  8.95it/s][A

 44%|████▍     | 112/253 [00:13<00:16,  8.67it/s][A

 45%|████▍     | 113/253 [00:13<00:16,  8.33it/s][A

 45%|████▌     | 114/253 [00:13<00:17,  8.17it/s][A

 45%|████▌     | 115/253 [00:13<00:18,  7.64it/s][A

 46%|████▌     | 116/253 [00:13<00:17,  7.64it/s][A

 46%|████▌     | 117/253 [00:13<00:17,  7.77it/s][A

 47%|████▋     | 118/253 [00:13<00:17,  7.72it/s][A

 47%|████▋     | 119/253 [00:13<00:17,  7.68it/s][A

 47%|████▋     | 120/253 [00:14<00:16,  7.97it/s][A

 48%|████▊     | 121/253 [00:14<00:15,  8.45it/s][A

 49%|████▊     | 123/253 [00:14<00:14,  8.67it/s][A

 49%|████▉     | 124/253 [00:14<00:15,  8.50it/s][A

 50%|████▉     | 126/253 [00:14<00:14,  8.71it/s][A

 50%|█████     | 127/253 [00:14<00:14,  8.49it/s][A

 51%|█████     | 128/253 [00:15<00:14,  8.58it/s][A

 51%|█████     | 129/253 [00:15<00:14,  8.28it/s][A

 51%|█████▏    | 130/253 [00:15<00:14,  8.42it/s][A

 52%|█████▏    | 131/253 [00:15<00:14,  8.53it/s][A

 52%|█████▏    | 132/253 [00:15<00:14,  8.25it/s][A

 53%|█████▎    | 134/253 [00:15<00:13,  9.03it/s][A

 53%|█████▎    | 135/253 [00:15<00:13,  8.59it/s][A

 54%|█████▍    | 137/253 [00:16<00:12,  8.94it/s][A

 55%|█████▍    | 138/253 [00:16<00:13,  8.66it/s][A

 55%|█████▍    | 139/253 [00:16<00:13,  8.48it/s][A

 56%|█████▌    | 141/253 [00:16<00:12,  8.64it/s][A

 56%|█████▌    | 142/253 [00:16<00:13,  8.51it/s][A

 57%|█████▋    | 143/253 [00:16<00:13,  8.27it/s][A

 57%|█████▋    | 144/253 [00:16<00:13,  8.23it/s][A

 58%|█████▊    | 146/253 [00:17<00:11,  8.98it/s][A

 58%|█████▊    | 148/253 [00:17<00:11,  8.95it/s][A

 59%|█████▉    | 149/253 [00:17<00:11,  8.71it/s][A

 60%|█████▉    | 151/253 [00:17<00:11,  8.81it/s][A

 60%|██████    | 153/253 [00:17<00:10,  9.28it/s][A

 61%|██████    | 154/253 [00:17<00:10,  9.42it/s][A

 61%|██████▏   | 155/253 [00:18<00:10,  8.95it/s][A

 62%|██████▏   | 157/253 [00:18<00:10,  9.19it/s][A

 62%|██████▏   | 158/253 [00:18<00:10,  9.04it/s][A

 63%|██████▎   | 159/253 [00:18<00:10,  8.57it/s][A

 63%|██████▎   | 160/253 [00:18<00:11,  8.41it/s][A

 64%|██████▎   | 161/253 [00:18<00:11,  8.26it/s][A

 64%|██████▍   | 162/253 [00:18<00:11,  7.80it/s][A

 65%|██████▍   | 164/253 [00:19<00:10,  8.77it/s][A

 65%|██████▌   | 165/253 [00:19<00:10,  8.48it/s][A

 66%|██████▌   | 167/253 [00:19<00:09,  9.07it/s][A

 67%|██████▋   | 169/253 [00:19<00:09,  9.00it/s][A

 67%|██████▋   | 170/253 [00:19<00:09,  8.68it/s][A

 68%|██████▊   | 171/253 [00:19<00:09,  8.40it/s][A

 68%|██████▊   | 172/253 [00:20<00:09,  8.37it/s][A

 68%|██████▊   | 173/253 [00:20<00:09,  8.26it/s][A

 69%|██████▉   | 174/253 [00:20<00:09,  8.15it/s][A

 69%|██████▉   | 175/253 [00:20<00:09,  8.31it/s][A

 70%|██████▉   | 176/253 [00:20<00:08,  8.67it/s][A

 70%|██████▉   | 177/253 [00:20<00:08,  8.68it/s][A

 71%|███████   | 179/253 [00:20<00:08,  8.73it/s][A

 71%|███████   | 180/253 [00:21<00:08,  8.53it/s][A

 72%|███████▏  | 181/253 [00:21<00:08,  8.38it/s][A

 72%|███████▏  | 183/253 [00:21<00:08,  8.69it/s][A

 73%|███████▎  | 185/253 [00:21<00:07,  8.82it/s][A

 74%|███████▍  | 187/253 [00:21<00:07,  8.89it/s][A

 74%|███████▍  | 188/253 [00:21<00:07,  8.58it/s][A

 75%|███████▍  | 189/253 [00:22<00:07,  8.43it/s][A

 75%|███████▌  | 190/253 [00:22<00:07,  8.68it/s][A

 75%|███████▌  | 191/253 [00:22<00:07,  8.37it/s][A

 76%|███████▋  | 193/253 [00:22<00:06,  9.05it/s][A

 77%|███████▋  | 194/253 [00:22<00:06,  8.75it/s][A

 77%|███████▋  | 196/253 [00:22<00:06,  8.87it/s][A

 78%|███████▊  | 197/253 [00:22<00:06,  9.09it/s][A

 78%|███████▊  | 198/253 [00:23<00:06,  8.79it/s][A

 79%|███████▊  | 199/253 [00:23<00:06,  8.56it/s][A

 79%|███████▉  | 200/253 [00:23<00:06,  8.62it/s][A

 79%|███████▉  | 201/253 [00:23<00:06,  8.43it/s][A

 80%|███████▉  | 202/253 [00:23<00:06,  8.24it/s][A

 80%|████████  | 203/253 [00:23<00:06,  7.74it/s][A

 81%|████████  | 204/253 [00:23<00:06,  7.83it/s][A

 81%|████████  | 205/253 [00:23<00:06,  7.79it/s][A

 82%|████████▏ | 207/253 [00:24<00:05,  8.23it/s][A

 83%|████████▎ | 209/253 [00:24<00:04,  9.00it/s][A

 83%|████████▎ | 210/253 [00:24<00:04,  9.16it/s][A

 83%|████████▎ | 211/253 [00:24<00:04,  9.15it/s][A

 84%|████████▍ | 213/253 [00:24<00:04,  9.26it/s][A

 85%|████████▍ | 215/253 [00:25<00:04,  9.32it/s][A

 85%|████████▌ | 216/253 [00:25<00:03,  9.46it/s][A

 86%|████████▌ | 217/253 [00:25<00:04,  8.62it/s][A

 86%|████████▌ | 218/253 [00:25<00:04,  8.45it/s][A

 87%|████████▋ | 220/253 [00:25<00:03,  8.64it/s][A

 87%|████████▋ | 221/253 [00:25<00:03,  8.66it/s][A

 88%|████████▊ | 222/253 [00:25<00:03,  8.67it/s][A

 88%|████████▊ | 223/253 [00:25<00:03,  8.36it/s][A

 89%|████████▉ | 225/253 [00:26<00:03,  9.09it/s][A

 89%|████████▉ | 226/253 [00:26<00:03,  8.62it/s][A

 90%|████████▉ | 227/253 [00:26<00:02,  8.83it/s][A

 91%|█████████ | 229/253 [00:26<00:02,  9.02it/s][A

 91%|█████████ | 230/253 [00:26<00:02,  8.60it/s][A

 92%|█████████▏| 232/253 [00:26<00:02,  8.74it/s][A

 92%|█████████▏| 234/253 [00:27<00:02,  8.78it/s][A

 93%|█████████▎| 235/253 [00:27<00:02,  8.91it/s][A

 93%|█████████▎| 236/253 [00:27<00:01,  8.85it/s][A

 94%|█████████▍| 238/253 [00:27<00:01,  9.08it/s][A

 95%|█████████▍| 240/253 [00:27<00:01,  9.53it/s][A

 96%|█████████▌| 242/253 [00:28<00:01,  9.80it/s][A

 96%|█████████▌| 243/253 [00:28<00:01,  9.35it/s][A

 96%|█████████▋| 244/253 [00:28<00:01,  8.98it/s][A

 97%|█████████▋| 245/253 [00:28<00:00,  9.12it/s][A

 97%|█████████▋| 246/253 [00:28<00:00,  8.39it/s][A

 98%|█████████▊| 248/253 [00:28<00:00,  8.73it/s][A

 98%|█████████▊| 249/253 [00:28<00:00,  8.74it/s][A

 99%|█████████▉| 250/253 [00:29<00:00,  8.54it/s][A

 99%|█████████▉| 251/253 [00:29<00:00,  8.52it/s][A

100%|█████████▉| 252/253 [00:29<00:00,  8.46it/s][A
                                                   

                                                 
[A{'eval_loss': '1.389', 'eval_runtime': '29.47', 'eval_samples_per_second': '17.17', 'eval_steps_per_second': '8.586', 'eval_entropy': '1.306', 'eval_num_tokens': '2.079e+06', 'eval_mean_token_accuracy': '0.6372', 'epoch': '1.819'}

 91%|█████████ | 1000/1100 [36:46<03:07,  1.88s/it]

100%|██████████| 253/253 [00:29<00:00,  8.46it/s][A

                                                 [A
 91%|█████████ | 1001/1100 [36:48<17:58, 10.89s/it]
 91%|█████████ | 1002/1100 [36:50<13:27,  8.24s/it]
 91%|█████████ | 1003/1100 [36:53<10:27,  6.47s/it]
 91%|█████████▏| 1004/1100 [36:54<08:06,  5.07s/it]
 91%|█████████▏| 1005/1100 [36:56<06:28,  4.09s/it]
 91%|█████████▏| 1006/1100 [36:58<05:22,  3.43s/it]
 92%|█████████▏| 1007/1100 [37:00<04:31,  2.92s/it]
 92%|█████████▏| 1008/1100 [37:02<04:03,  2.65s/it]
 92%|█████████▏| 1009/1100 [37:04<03:51,  2.54s/it]
 92%|█████████▏| 1010/1100 [37:06<03:36,  2.40s/it]
                                                   
{'loss': '1.271', 'grad_norm': '1.639', 'learning_rate': '4.231e-06', 'entropy': '1.268', 'num_tokens': '2.1e+06', 'mean_token_accuracy': '0.6603', 'epoch': '1.837'}

 92%|█████████▏| 1010/1100 [37:06<03:36,  2.40s/it]
 92%|█████████▏| 1011/1100 [37:08<03:16,  2.21s/it]
 92%|█████████▏| 1012/1100 [37:10<03:15,  2.22s/it]
 92%|█████████▏| 1013/1100 [37:12<03:01,  2.08s/it]
 92%|█████████▏| 1014/1100 [37:14<03:04,  2.14s/it]
 92%|█████████▏| 1015/1100 [37:16<02:57,  2.09s/it]
 92%|█████████▏| 1016/1100 [37:18<02:47,  2.00s/it]
 92%|█████████▏| 1017/1100 [37:20<02:42,  1.96s/it]
 93%|█████████▎| 1018/1100 [37:22<02:41,  1.97s/it]
 93%|█████████▎| 1019/1100 [37:24<02:49,  2.09s/it]
 93%|█████████▎| 1020/1100 [37:26<02:45,  2.07s/it]
                                                   
{'loss': '1.306', 'grad_norm': '1.75', 'learning_rate': '3.366e-06', 'entropy': '1.297', 'num_tokens': '2.121e+06', 'mean_token_accuracy': '0.6464', 'epoch': '1.855'}

 93%|█████████▎| 1020/1100 [37:26<02:45,  2.07s/it]
 93%|█████████▎| 1021/1100 [37:28<02:34,  1.95s/it]
 93%|█████████▎| 1022/1100 [37:30<02:29,  1.91s/it]
 93%|█████████▎| 1023/1100 [37:32<02:36,  2.03s/it]
 93%|█████████▎| 1024/1100 [37:34<02:29,  1.97s/it]
 93%|█████████▎| 1025/1100 [37:36<02:27,  1.97s/it]
 93%|█████████▎| 1026/1100 [37:38<02:21,  1.91s/it]
 93%|█████████▎| 1027/1100 [37:39<02:16,  1.87s/it]
 93%|█████████▎| 1028/1100 [37:41<02:13,  1.86s/it]
 94%|█████████▎| 1029/1100 [37:43<02:10,  1.85s/it]
 94%|█████████▎| 1030/1100 [37:46<02:21,  2.02s/it]
                                                   
{'loss': '1.365', 'grad_norm': '1.399', 'learning_rate': '2.599e-06', 'entropy': '1.335', 'num_tokens': '2.142e+06', 'mean_token_accuracy': '0.6483', 'epoch': '1.873'}

 94%|█████████▎| 1030/1100 [37:46<02:21,  2.02s/it]
 94%|█████████▎| 1031/1100 [37:47<02:17,  2.00s/it]
 94%|█████████▍| 1032/1100 [37:50<02:16,  2.01s/it]
 94%|█████████▍| 1033/1100 [37:51<02:09,  1.94s/it]
 94%|█████████▍| 1034/1100 [37:53<02:00,  1.82s/it]
 94%|█████████▍| 1035/1100 [37:55<02:01,  1.87s/it]
 94%|█████████▍| 1036/1100 [37:56<01:55,  1.81s/it]
 94%|█████████▍| 1037/1100 [37:59<02:07,  2.02s/it]
 94%|█████████▍| 1038/1100 [38:01<01:58,  1.91s/it]
 94%|█████████▍| 1039/1100 [38:02<01:53,  1.86s/it]
 95%|█████████▍| 1040/1100 [38:04<01:50,  1.83s/it]
                                                   
{'loss': '1.214', 'grad_norm': '1.691', 'learning_rate': '1.929e-06', 'entropy': '1.256', 'num_tokens': '2.162e+06', 'mean_token_accuracy': '0.6776', 'epoch': '1.891'}

 95%|█████████▍| 1040/1100 [38:04<01:50,  1.83s/it]
 95%|█████████▍| 1041/1100 [38:06<01:44,  1.78s/it]
 95%|█████████▍| 1042/1100 [38:08<01:48,  1.87s/it]
 95%|█████████▍| 1043/1100 [38:10<01:42,  1.80s/it]
 95%|█████████▍| 1044/1100 [38:12<01:44,  1.86s/it]
 95%|█████████▌| 1045/1100 [38:13<01:43,  1.87s/it]
 95%|█████████▌| 1046/1100 [38:15<01:39,  1.85s/it]
 95%|█████████▌| 1047/1100 [38:17<01:39,  1.88s/it]
 95%|█████████▌| 1048/1100 [38:19<01:42,  1.96s/it]
 95%|█████████▌| 1049/1100 [38:22<01:45,  2.07s/it]
 95%|█████████▌| 1050/1100 [38:24<01:40,  2.00s/it]
                                                   
{'loss': '1.305', 'grad_norm': '1.587', 'learning_rate': '1.358e-06', 'entropy': '1.303', 'num_tokens': '2.183e+06', 'mean_token_accuracy': '0.6522', 'epoch': '1.91'}

 95%|█████████▌| 1050/1100 [38:24<01:40,  2.00s/it]
 96%|█████████▌| 1051/1100 [38:26<01:40,  2.05s/it]
 96%|█████████▌| 1052/1100 [38:28<01:38,  2.05s/it]
 96%|█████████▌| 1053/1100 [38:30<01:40,  2.14s/it]
 96%|█████████▌| 1054/1100 [38:32<01:38,  2.15s/it]
 96%|█████████▌| 1055/1100 [38:35<01:38,  2.19s/it]
 96%|█████████▌| 1056/1100 [38:37<01:36,  2.18s/it]
 96%|█████████▌| 1057/1100 [38:39<01:30,  2.10s/it]
 96%|█████████▌| 1058/1100 [38:41<01:30,  2.16s/it]
 96%|█████████▋| 1059/1100 [38:43<01:21,  2.00s/it]
 96%|█████████▋| 1060/1100 [38:45<01:24,  2.10s/it]
                                                   
{'loss': '1.321', 'grad_norm': '1.533', 'learning_rate': '8.869e-07', 'entropy': '1.317', 'num_tokens': '2.204e+06', 'mean_token_accuracy': '0.6441', 'epoch': '1.928'}

 96%|█████████▋| 1060/1100 [38:45<01:24,  2.10s/it]
 96%|█████████▋| 1061/1100 [38:47<01:21,  2.09s/it]
 97%|█████████▋| 1062/1100 [38:49<01:19,  2.10s/it]
 97%|█████████▋| 1063/1100 [38:51<01:12,  1.97s/it]
 97%|█████████▋| 1064/1100 [38:53<01:11,  1.99s/it]
 97%|█████████▋| 1065/1100 [38:55<01:10,  2.01s/it]
 97%|█████████▋| 1066/1100 [38:57<01:05,  1.92s/it]
 97%|█████████▋| 1067/1100 [38:58<01:02,  1.89s/it]
 97%|█████████▋| 1068/1100 [39:00<00:58,  1.82s/it]
 97%|█████████▋| 1069/1100 [39:02<00:57,  1.84s/it]
 97%|█████████▋| 1070/1100 [39:04<00:56,  1.89s/it]
                                                   
{'loss': '1.258', 'grad_norm': '1.665', 'learning_rate': '5.151e-07', 'entropy': '1.258', 'num_tokens': '2.225e+06', 'mean_token_accuracy': '0.6657', 'epoch': '1.946'}

 97%|█████████▋| 1070/1100 [39:04<00:56,  1.89s/it]
 97%|█████████▋| 1071/1100 [39:07<01:01,  2.14s/it]
 97%|█████████▋| 1072/1100 [39:08<00:56,  2.00s/it]
 98%|█████████▊| 1073/1100 [39:10<00:53,  1.97s/it]
 98%|█████████▊| 1074/1100 [39:12<00:50,  1.94s/it]
 98%|█████████▊| 1075/1100 [39:14<00:47,  1.91s/it]
 98%|█████████▊| 1076/1100 [39:16<00:45,  1.88s/it]
 98%|█████████▊| 1077/1100 [39:18<00:44,  1.95s/it]
 98%|█████████▊| 1078/1100 [39:20<00:44,  2.01s/it]
 98%|█████████▊| 1079/1100 [39:22<00:40,  1.95s/it]
 98%|█████████▊| 1080/1100 [39:24<00:38,  1.91s/it]
                                                   
{'loss': '1.256', 'grad_norm': '1.746', 'learning_rate': '2.436e-07', 'entropy': '1.234', 'num_tokens': '2.246e+06', 'mean_token_accuracy': '0.6635', 'epoch': '1.964'}

 98%|█████████▊| 1080/1100 [39:24<00:38,  1.91s/it]
 98%|█████████▊| 1081/1100 [39:25<00:35,  1.89s/it]
 98%|█████████▊| 1082/1100 [39:27<00:34,  1.94s/it]
 98%|█████████▊| 1083/1100 [39:30<00:34,  2.01s/it]
 99%|█████████▊| 1084/1100 [39:31<00:30,  1.91s/it]
 99%|█████████▊| 1085/1100 [39:33<00:28,  1.90s/it]
 99%|█████████▊| 1086/1100 [39:35<00:26,  1.88s/it]
 99%|█████████▉| 1087/1100 [39:37<00:25,  1.95s/it]
 99%|█████████▉| 1088/1100 [39:39<00:22,  1.91s/it]
 99%|█████████▉| 1089/1100 [39:41<00:20,  1.88s/it]
 99%|█████████▉| 1090/1100 [39:43<00:19,  1.91s/it]
                                                   
{'loss': '1.35', 'grad_norm': '1.761', 'learning_rate': '7.25e-08', 'entropy': '1.302', 'num_tokens': '2.267e+06', 'mean_token_accuracy': '0.6472', 'epoch': '1.982'}

 99%|█████████▉| 1090/1100 [39:43<00:19,  1.91s/it]
 99%|█████████▉| 1091/1100 [39:44<00:16,  1.82s/it]
 99%|█████████▉| 1092/1100 [39:47<00:15,  1.92s/it]
 99%|█████████▉| 1093/1100 [39:48<00:12,  1.85s/it]
 99%|█████████▉| 1094/1100 [39:50<00:11,  1.92s/it]
100%|█████████▉| 1095/1100 [39:52<00:09,  1.89s/it]
100%|█████████▉| 1096/1100 [39:54<00:07,  1.79s/it]
100%|█████████▉| 1097/1100 [39:56<00:05,  1.95s/it]
100%|█████████▉| 1098/1100 [39:58<00:03,  1.91s/it]
100%|█████████▉| 1099/1100 [40:00<00:02,  2.07s/it]
100%|██████████| 1100/1100 [40:01<00:00,  1.81s/it]
                                                   
{'loss': '1.302', 'grad_norm': '1.791', 'learning_rate': '2.014e-09', 'entropy': '1.291', 'num_tokens': '2.286e+06', 'mean_token_accuracy': '0.6604', 'epoch': '2'}

100%|██████████| 1100/1100 [40:02<00:00,  1.81s/it]

  0%|          | 0/253 [00:00<?, ?it/s][A

  1%|          | 3/253 [00:00<00:18, 13.42it/s][A

  2%|▏         | 5/253 [00:00<00:24,  9.96it/s][A

  3%|▎         | 7/253 [00:00<00:25,  9.65it/s][A

  3%|▎         | 8/253 [00:00<00:26,  9.40it/s][A

  4%|▎         | 9/253 [00:00<00:26,  9.20it/s][A

  4%|▍         | 10/253 [00:01<00:27,  8.89it/s][A

  4%|▍         | 11/253 [00:01<00:26,  9.10it/s][A

  5%|▍         | 12/253 [00:01<00:27,  8.66it/s][A

  5%|▌         | 13/253 [00:01<00:26,  8.94it/s][A

  6%|▌         | 14/253 [00:01<00:26,  8.89it/s][A

  6%|▌         | 15/253 [00:01<00:27,  8.54it/s][A

  6%|▋         | 16/253 [00:01<00:26,  8.78it/s][A

  7%|▋         | 17/253 [00:01<00:26,  8.76it/s][A

  8%|▊         | 19/253 [00:02<00:26,  8.75it/s][A

  8%|▊         | 20/253 [00:02<00:26,  8.66it/s][A

  8%|▊         | 21/253 [00:02<00:27,  8.42it/s][A

  9%|▊         | 22/253 [00:02<00:26,  8.65it/s][A

  9%|▉         | 23/253 [00:02<00:25,  8.85it/s][A

  9%|▉         | 24/253 [00:02<00:27,  8.47it/s][A

 10%|█         | 26/253 [00:02<00:24,  9.26it/s][A

 11%|█         | 28/253 [00:03<00:24,  9.34it/s][A

 12%|█▏        | 30/253 [00:03<00:23,  9.67it/s][A

 12%|█▏        | 31/253 [00:03<00:24,  9.19it/s][A

 13%|█▎        | 32/253 [00:03<00:24,  9.09it/s][A

 13%|█▎        | 33/253 [00:03<00:24,  9.07it/s][A

 13%|█▎        | 34/253 [00:03<00:24,  8.77it/s][A

 14%|█▍        | 35/253 [00:03<00:26,  8.36it/s][A

 14%|█▍        | 36/253 [00:03<00:25,  8.50it/s][A

 15%|█▌        | 38/253 [00:04<00:23,  9.25it/s][A

 15%|█▌        | 39/253 [00:04<00:23,  8.92it/s][A

 16%|█▌        | 40/253 [00:04<00:24,  8.57it/s][A

 16%|█▌        | 41/253 [00:04<00:25,  8.36it/s][A

 17%|█▋        | 42/253 [00:04<00:25,  8.24it/s][A

 17%|█▋        | 43/253 [00:04<00:25,  8.30it/s][A

 17%|█▋        | 44/253 [00:04<00:25,  8.13it/s][A

 18%|█▊        | 46/253 [00:05<00:24,  8.50it/s][A

 19%|█▊        | 47/253 [00:05<00:25,  8.15it/s][A

 19%|█▉        | 48/253 [00:05<00:24,  8.24it/s][A

 20%|█▉        | 50/253 [00:05<00:22,  9.02it/s][A

 21%|██        | 52/253 [00:05<00:21,  9.33it/s][A

 21%|██        | 53/253 [00:05<00:22,  8.89it/s][A

 21%|██▏       | 54/253 [00:06<00:23,  8.63it/s][A

 22%|██▏       | 55/253 [00:06<00:22,  8.77it/s][A

 22%|██▏       | 56/253 [00:06<00:21,  9.02it/s][A

 23%|██▎       | 57/253 [00:06<00:22,  8.63it/s][A

 23%|██▎       | 58/253 [00:06<00:23,  8.28it/s][A

 23%|██▎       | 59/253 [00:06<00:24,  8.03it/s][A

 24%|██▎       | 60/253 [00:06<00:24,  8.02it/s][A

 24%|██▍       | 61/253 [00:06<00:23,  8.29it/s][A

 25%|██▍       | 62/253 [00:07<00:24,  7.73it/s][A

 25%|██▍       | 63/253 [00:07<00:24,  7.79it/s][A

 26%|██▌       | 65/253 [00:07<00:22,  8.29it/s][A

 26%|██▌       | 66/253 [00:07<00:22,  8.21it/s][A

 27%|██▋       | 68/253 [00:07<00:20,  9.00it/s][A

 27%|██▋       | 69/253 [00:07<00:21,  8.72it/s][A

 28%|██▊       | 70/253 [00:07<00:20,  8.71it/s][A

 28%|██▊       | 71/253 [00:08<00:21,  8.59it/s][A

 29%|██▉       | 73/253 [00:08<00:19,  9.23it/s][A

 29%|██▉       | 74/253 [00:08<00:19,  9.09it/s][A

 30%|██▉       | 75/253 [00:08<00:20,  8.61it/s][A

 30%|███       | 76/253 [00:08<00:21,  8.30it/s][A

 31%|███       | 78/253 [00:08<00:20,  8.70it/s][A

 31%|███       | 79/253 [00:09<00:20,  8.37it/s][A

 32%|███▏      | 80/253 [00:09<00:21,  8.22it/s][A

 32%|███▏      | 81/253 [00:09<00:21,  8.11it/s][A

 32%|███▏      | 82/253 [00:09<00:21,  8.11it/s][A

 33%|███▎      | 83/253 [00:09<00:21,  7.97it/s][A

 33%|███▎      | 84/253 [00:09<00:21,  7.95it/s][A

 34%|███▎      | 85/253 [00:09<00:21,  7.94it/s][A

 34%|███▍      | 86/253 [00:09<00:20,  8.26it/s][A

 34%|███▍      | 87/253 [00:10<00:20,  8.04it/s][A

 35%|███▍      | 88/253 [00:10<00:20,  7.96it/s][A

 35%|███▌      | 89/253 [00:10<00:20,  7.91it/s][A

 36%|███▌      | 91/253 [00:10<00:18,  8.53it/s][A

 36%|███▋      | 92/253 [00:10<00:19,  8.37it/s][A

 37%|███▋      | 93/253 [00:10<00:19,  8.16it/s][A

 37%|███▋      | 94/253 [00:10<00:19,  8.24it/s][A

 38%|███▊      | 96/253 [00:11<00:17,  9.03it/s][A

 39%|███▊      | 98/253 [00:11<00:17,  8.92it/s][A

 39%|███▉      | 99/253 [00:11<00:17,  8.70it/s][A

 40%|███▉      | 100/253 [00:11<00:18,  8.49it/s][A

 40%|███▉      | 101/253 [00:11<00:18,  8.30it/s][A

 40%|████      | 102/253 [00:11<00:18,  8.24it/s][A

 41%|████      | 103/253 [00:11<00:18,  8.12it/s][A

 41%|████      | 104/253 [00:12<00:18,  8.10it/s][A

 42%|████▏     | 105/253 [00:12<00:18,  8.01it/s][A

 42%|████▏     | 107/253 [00:12<00:17,  8.39it/s][A

 43%|████▎     | 108/253 [00:12<00:17,  8.29it/s][A

 43%|████▎     | 110/253 [00:12<00:15,  9.04it/s][A

 44%|████▍     | 111/253 [00:12<00:15,  8.96it/s][A

 44%|████▍     | 112/253 [00:12<00:16,  8.63it/s][A

 45%|████▍     | 113/253 [00:13<00:16,  8.27it/s][A

 45%|████▌     | 114/253 [00:13<00:17,  8.15it/s][A

 45%|████▌     | 115/253 [00:13<00:18,  7.62it/s][A

 46%|████▌     | 116/253 [00:13<00:18,  7.60it/s][A

 46%|████▌     | 117/253 [00:13<00:17,  7.76it/s][A

 47%|████▋     | 118/253 [00:13<00:17,  7.72it/s][A

 47%|████▋     | 119/253 [00:13<00:17,  7.67it/s][A

 47%|████▋     | 120/253 [00:14<00:16,  7.96it/s][A

 48%|████▊     | 121/253 [00:14<00:15,  8.40it/s][A

 48%|████▊     | 122/253 [00:14<00:15,  8.60it/s][A

 49%|████▊     | 123/253 [00:14<00:15,  8.37it/s][A

 49%|████▉     | 124/253 [00:14<00:15,  8.26it/s][A

 50%|████▉     | 126/253 [00:14<00:15,  8.46it/s][A

 50%|█████     | 127/253 [00:14<00:15,  8.20it/s][A

 51%|█████     | 129/253 [00:15<00:14,  8.44it/s][A

 51%|█████▏    | 130/253 [00:15<00:14,  8.68it/s][A

 52%|█████▏    | 131/253 [00:15<00:13,  8.74it/s][A

 52%|█████▏    | 132/253 [00:15<00:14,  8.54it/s][A

 53%|█████▎    | 134/253 [00:15<00:12,  9.24it/s][A

 53%|█████▎    | 135/253 [00:15<00:13,  8.87it/s][A

 54%|█████▍    | 137/253 [00:15<00:12,  9.11it/s][A

 55%|█████▍    | 138/253 [00:16<00:13,  8.79it/s][A

 55%|█████▍    | 139/253 [00:16<00:13,  8.58it/s][A

 56%|█████▌    | 141/253 [00:16<00:12,  8.71it/s][A

 56%|█████▌    | 142/253 [00:16<00:12,  8.55it/s][A

 57%|█████▋    | 143/253 [00:16<00:13,  8.31it/s][A

 57%|█████▋    | 144/253 [00:16<00:13,  8.25it/s][A

 58%|█████▊    | 146/253 [00:16<00:11,  9.02it/s][A

 58%|█████▊    | 148/253 [00:17<00:11,  8.99it/s][A

 59%|█████▉    | 149/253 [00:17<00:11,  8.69it/s][A

 59%|█████▉    | 150/253 [00:17<00:12,  8.54it/s][A

 60%|█████▉    | 151/253 [00:17<00:11,  8.59it/s][A

 60%|██████    | 153/253 [00:17<00:10,  9.18it/s][A

 61%|██████    | 154/253 [00:17<00:11,  8.98it/s][A

 61%|██████▏   | 155/253 [00:18<00:11,  8.72it/s][A

 62%|██████▏   | 157/253 [00:18<00:10,  8.90it/s][A

 62%|██████▏   | 158/253 [00:18<00:10,  8.85it/s][A

 63%|██████▎   | 159/253 [00:18<00:11,  8.49it/s][A

 63%|██████▎   | 160/253 [00:18<00:11,  8.20it/s][A

 64%|██████▎   | 161/253 [00:18<00:11,  8.06it/s][A

 64%|██████▍   | 162/253 [00:18<00:11,  7.67it/s][A

 65%|██████▍   | 164/253 [00:19<00:10,  8.45it/s][A

 65%|██████▌   | 165/253 [00:19<00:10,  8.25it/s][A

 66%|██████▌   | 166/253 [00:19<00:10,  8.61it/s][A

 66%|██████▌   | 167/253 [00:19<00:09,  8.62it/s][A

 67%|██████▋   | 169/253 [00:19<00:09,  9.00it/s][A

 67%|██████▋   | 170/253 [00:19<00:09,  8.65it/s][A

 68%|██████▊   | 171/253 [00:19<00:09,  8.40it/s][A

 68%|██████▊   | 172/253 [00:20<00:09,  8.49it/s][A

 68%|██████▊   | 173/253 [00:20<00:09,  8.34it/s][A

 69%|██████▉   | 174/253 [00:20<00:09,  8.24it/s][A

 70%|██████▉   | 176/253 [00:20<00:08,  9.08it/s][A

 70%|██████▉   | 177/253 [00:20<00:08,  8.97it/s][A

 71%|███████   | 179/253 [00:20<00:08,  8.90it/s][A

 71%|███████   | 180/253 [00:20<00:08,  8.66it/s][A

 72%|███████▏  | 181/253 [00:21<00:08,  8.49it/s][A

 72%|███████▏  | 183/253 [00:21<00:08,  8.73it/s][A

 73%|███████▎  | 185/253 [00:21<00:07,  8.85it/s][A

 74%|███████▍  | 187/253 [00:21<00:07,  8.88it/s][A

 74%|███████▍  | 188/253 [00:21<00:07,  8.52it/s][A

 75%|███████▍  | 189/253 [00:22<00:07,  8.30it/s][A

 75%|███████▌  | 191/253 [00:22<00:07,  8.56it/s][A

 76%|███████▌  | 192/253 [00:22<00:07,  8.53it/s][A

 77%|███████▋  | 194/253 [00:22<00:06,  8.85it/s][A

 77%|███████▋  | 196/253 [00:22<00:06,  8.82it/s][A

 78%|███████▊  | 198/253 [00:23<00:06,  8.96it/s][A

 79%|███████▊  | 199/253 [00:23<00:06,  8.66it/s][A

 79%|███████▉  | 200/253 [00:23<00:06,  8.68it/s][A

 79%|███████▉  | 201/253 [00:23<00:06,  8.50it/s][A

 80%|███████▉  | 202/253 [00:23<00:06,  8.28it/s][A

 80%|████████  | 203/253 [00:23<00:06,  7.71it/s][A

 81%|████████  | 204/253 [00:23<00:06,  7.79it/s][A

 81%|████████  | 205/253 [00:23<00:06,  7.72it/s][A

 81%|████████▏ | 206/253 [00:24<00:05,  8.25it/s][A

 82%|████████▏ | 207/253 [00:24<00:05,  8.18it/s][A

 83%|████████▎ | 209/253 [00:24<00:04,  9.09it/s][A

 83%|████████▎ | 211/253 [00:24<00:04,  9.58it/s][A

 84%|████████▍ | 213/253 [00:24<00:04,  9.53it/s][A

 85%|████████▍ | 215/253 [00:24<00:03,  9.74it/s][A

 86%|████████▌ | 217/253 [00:25<00:03,  9.11it/s][A

 86%|████████▌ | 218/253 [00:25<00:03,  8.86it/s][A

 87%|████████▋ | 220/253 [00:25<00:03,  8.87it/s][A

 87%|████████▋ | 221/253 [00:25<00:03,  8.79it/s][A

 88%|████████▊ | 222/253 [00:25<00:03,  8.63it/s][A

 88%|████████▊ | 223/253 [00:25<00:03,  8.34it/s][A

 89%|████████▉ | 225/253 [00:26<00:03,  8.70it/s][A

 89%|████████▉ | 226/253 [00:26<00:03,  8.32it/s][A

 90%|█████████ | 228/253 [00:26<00:02,  8.97it/s][A

 91%|█████████ | 229/253 [00:26<00:02,  8.76it/s][A

 91%|█████████ | 230/253 [00:26<00:02,  8.45it/s][A

 92%|█████████▏| 232/253 [00:26<00:02,  8.60it/s][A

 92%|█████████▏| 233/253 [00:27<00:02,  8.78it/s][A

 92%|█████████▏| 234/253 [00:27<00:02,  8.58it/s][A

 93%|█████████▎| 236/253 [00:27<00:01,  8.96it/s][A

 94%|█████████▍| 238/253 [00:27<00:01,  9.12it/s][A

 94%|█████████▍| 239/253 [00:27<00:01,  8.87it/s][A

 95%|█████████▌| 241/253 [00:27<00:01,  9.37it/s][A

 96%|█████████▌| 242/253 [00:28<00:01,  9.50it/s][A

 96%|█████████▌| 243/253 [00:28<00:01,  8.96it/s][A

 96%|█████████▋| 244/253 [00:28<00:01,  8.71it/s][A

 97%|█████████▋| 246/253 [00:28<00:00,  8.50it/s][A

 98%|█████████▊| 248/253 [00:28<00:00,  9.12it/s][A

 98%|█████████▊| 249/253 [00:28<00:00,  9.03it/s][A

 99%|█████████▉| 250/253 [00:28<00:00,  8.77it/s][A

100%|█████████▉| 252/253 [00:29<00:00,  9.05it/s][A
                                                   

                                                 
[A{'eval_loss': '1.389', 'eval_runtime': '29.38', 'eval_samples_per_second': '17.22', 'eval_steps_per_second': '8.611', 'eval_entropy': '1.301', 'eval_num_tokens': '2.286e+06', 'eval_mean_token_accuracy': '0.6369', 'epoch': '2'}

100%|██████████| 1100/1100 [40:31<00:00,  1.81s/it]

100%|██████████| 253/253 [00:29<00:00,  9.05it/s][A

                                                 [A
                                                   
{'train_runtime': '2432', 'train_samples_per_second': '3.616', 'train_steps_per_second': '0.452', 'train_loss': '1.517', 'epoch': '2'}

100%|██████████| 1100/1100 [40:31<00:00,  1.81s/it]
100%|██████████| 1100/1100 [40:31<00:00,  2.21s/it]
***** train metrics *****
  total_flos               = 96835547GF
  train_loss               =     1.5169
  train_runtime            = 0:40:32.11
  train_samples_per_second =      3.616
  train_steps_per_second   =      0.452

  0%|          | 0/253 [00:00<?, ?it/s]
  1%|          | 3/253 [00:00<00:18, 13.17it/s]
  2%|▏         | 5/253 [00:00<00:25,  9.69it/s]
  2%|▏         | 6/253 [00:00<00:26,  9.36it/s]
  3%|▎         | 7/253 [00:00<00:27,  8.89it/s]
  3%|▎         | 8/253 [00:00<00:27,  8.84it/s]
  4%|▍         | 10/253 [00:01<00:27,  8.85it/s]
  4%|▍         | 11/253 [00:01<00:27,  8.78it/s]
  5%|▍         | 12/253 [00:01<00:28,  8.52it/s]
  6%|▌         | 14/253 [00:01<00:26,  8.88it/s]
  6%|▌         | 15/253 [00:01<00:27,  8.55it/s]
  7%|▋         | 17/253 [00:01<00:26,  8.88it/s]
  7%|▋         | 18/253 [00:01<00:25,  9.09it/s]
  8%|▊         | 19/253 [00:02<00:27,  8.58it/s]
  8%|▊         | 20/253 [00:02<00:26,  8.63it/s]
  8%|▊         | 21/253 [00:02<00:27,  8.31it/s]
  9%|▊         | 22/253 [00:02<00:27,  8.55it/s]
  9%|▉         | 24/253 [00:02<00:26,  8.64it/s]
 10%|█         | 26/253 [00:02<00:24,  9.26it/s]
 11%|█         | 28/253 [00:03<00:24,  9.32it/s]
 12%|█▏        | 30/253 [00:03<00:23,  9.62it/s]
 12%|█▏        | 31/253 [00:03<00:24,  9.16it/s]
 13%|█▎        | 32/253 [00:03<00:24,  9.06it/s]
 13%|█▎        | 33/253 [00:03<00:24,  9.05it/s]
 13%|█▎        | 34/253 [00:03<00:24,  8.77it/s]
 14%|█▍        | 35/253 [00:03<00:26,  8.35it/s]
 14%|█▍        | 36/253 [00:04<00:25,  8.48it/s]
 15%|█▌        | 38/253 [00:04<00:23,  9.21it/s]
 15%|█▌        | 39/253 [00:04<00:24,  8.85it/s]
 16%|█▌        | 40/253 [00:04<00:25,  8.44it/s]
 16%|█▌        | 41/253 [00:04<00:25,  8.43it/s]
 17%|█▋        | 42/253 [00:04<00:25,  8.28it/s]
 17%|█▋        | 43/253 [00:04<00:25,  8.35it/s]
 17%|█▋        | 44/253 [00:04<00:25,  8.12it/s]
 18%|█▊        | 46/253 [00:05<00:24,  8.49it/s]
 19%|█▊        | 47/253 [00:05<00:25,  8.06it/s]
 19%|█▉        | 48/253 [00:05<00:25,  8.20it/s]
 20%|█▉        | 50/253 [00:05<00:23,  8.81it/s]
 20%|██        | 51/253 [00:05<00:22,  9.00it/s]
 21%|██        | 53/253 [00:05<00:22,  8.90it/s]
 21%|██▏       | 54/253 [00:06<00:23,  8.63it/s]
 22%|██▏       | 55/253 [00:06<00:22,  8.71it/s]
 22%|██▏       | 56/253 [00:06<00:21,  8.96it/s]
 23%|██▎       | 57/253 [00:06<00:22,  8.61it/s]
 23%|██▎       | 58/253 [00:06<00:23,  8.27it/s]
 23%|██▎       | 59/253 [00:06<00:24,  7.97it/s]
 24%|██▎       | 60/253 [00:06<00:24,  7.92it/s]
 24%|██▍       | 61/253 [00:06<00:23,  8.14it/s]
 25%|██▍       | 62/253 [00:07<00:25,  7.64it/s]
 25%|██▍       | 63/253 [00:07<00:24,  7.72it/s]
 26%|██▌       | 65/253 [00:07<00:22,  8.24it/s]
 26%|██▌       | 66/253 [00:07<00:22,  8.19it/s]
 27%|██▋       | 68/253 [00:07<00:20,  8.97it/s]
 27%|██▋       | 69/253 [00:07<00:21,  8.70it/s]
 28%|██▊       | 70/253 [00:08<00:21,  8.70it/s]
 28%|██▊       | 71/253 [00:08<00:21,  8.59it/s]
 29%|██▉       | 73/253 [00:08<00:19,  9.24it/s]
 29%|██▉       | 74/253 [00:08<00:19,  9.10it/s]
 30%|██▉       | 75/253 [00:08<00:20,  8.68it/s]
 30%|███       | 76/253 [00:08<00:20,  8.44it/s]
 31%|███       | 78/253 [00:08<00:20,  8.63it/s]
 31%|███       | 79/253 [00:09<00:20,  8.46it/s]
 32%|███▏      | 80/253 [00:09<00:21,  8.21it/s]
 32%|███▏      | 81/253 [00:09<00:21,  7.99it/s]
 32%|███▏      | 82/253 [00:09<00:20,  8.19it/s]
 33%|███▎      | 83/253 [00:09<00:21,  7.99it/s]
 33%|███▎      | 84/253 [00:09<00:21,  7.86it/s]
 34%|███▎      | 85/253 [00:09<00:21,  7.92it/s]
 34%|███▍      | 87/253 [00:10<00:20,  8.22it/s]
 35%|███▍      | 88/253 [00:10<00:20,  7.99it/s]
 35%|███▌      | 89/253 [00:10<00:20,  7.94it/s]
 36%|███▌      | 91/253 [00:10<00:18,  8.61it/s]
 36%|███▋      | 92/253 [00:10<00:19,  8.36it/s]
 37%|███▋      | 93/253 [00:10<00:19,  8.20it/s]
 37%|███▋      | 94/253 [00:10<00:18,  8.54it/s]
 38%|███▊      | 95/253 [00:11<00:18,  8.69it/s]
 38%|███▊      | 97/253 [00:11<00:16,  9.37it/s]
 39%|███▊      | 98/253 [00:11<00:17,  8.88it/s]
 39%|███▉      | 99/253 [00:11<00:17,  8.62it/s]
 40%|███▉      | 100/253 [00:11<00:18,  8.44it/s]
 40%|███▉      | 101/253 [00:11<00:18,  8.25it/s]
 40%|████      | 102/253 [00:11<00:18,  8.16it/s]
 41%|████      | 103/253 [00:11<00:18,  8.06it/s]
 41%|████      | 104/253 [00:12<00:18,  8.08it/s]
 42%|████▏     | 105/253 [00:12<00:18,  8.00it/s]
 42%|████▏     | 107/253 [00:12<00:17,  8.39it/s]
 43%|████▎     | 108/253 [00:12<00:17,  8.30it/s]
 43%|████▎     | 110/253 [00:12<00:15,  9.05it/s]
 44%|████▍     | 111/253 [00:12<00:15,  8.91it/s]
 44%|████▍     | 112/253 [00:13<00:16,  8.52it/s]
 45%|████▍     | 113/253 [00:13<00:16,  8.31it/s]
 45%|████▌     | 114/253 [00:13<00:17,  8.11it/s]
 45%|████▌     | 115/253 [00:13<00:18,  7.58it/s]
 46%|████▌     | 116/253 [00:13<00:17,  7.69it/s]
 46%|████▌     | 117/253 [00:13<00:17,  7.79it/s]
 47%|████▋     | 118/253 [00:13<00:17,  7.67it/s]
 47%|████▋     | 119/253 [00:13<00:17,  7.75it/s]
 47%|████▋     | 120/253 [00:14<00:16,  7.96it/s]
 48%|████▊     | 121/253 [00:14<00:16,  8.19it/s]
 48%|████▊     | 122/253 [00:14<00:15,  8.65it/s]
 49%|████▊     | 123/253 [00:14<00:15,  8.41it/s]
 49%|████▉     | 124/253 [00:14<00:15,  8.28it/s]
 50%|████▉     | 126/253 [00:14<00:14,  8.60it/s]
 50%|█████     | 127/253 [00:14<00:15,  8.39it/s]
 51%|█████     | 128/253 [00:14<00:14,  8.44it/s]
 51%|█████     | 129/253 [00:15<00:15,  8.19it/s]
 52%|█████▏    | 131/253 [00:15<00:13,  9.01it/s]
 52%|█████▏    | 132/253 [00:15<00:13,  8.65it/s]
 53%|█████▎    | 134/253 [00:15<00:12,  9.26it/s]
 53%|█████▎    | 135/253 [00:15<00:13,  8.90it/s]
 54%|█████▍    | 137/253 [00:15<00:12,  9.08it/s]
 55%|█████▍    | 138/253 [00:16<00:13,  8.78it/s]
 55%|█████▍    | 139/253 [00:16<00:13,  8.58it/s]
 56%|█████▌    | 141/253 [00:16<00:12,  8.70it/s]
 56%|█████▌    | 142/253 [00:16<00:12,  8.54it/s]
 57%|█████▋    | 143/253 [00:16<00:13,  8.30it/s]
 57%|█████▋    | 144/253 [00:16<00:13,  8.24it/s]
 58%|█████▊    | 146/253 [00:17<00:11,  9.00it/s]
 58%|█████▊    | 148/253 [00:17<00:11,  8.97it/s]
 59%|█████▉    | 149/253 [00:17<00:11,  8.72it/s]
 60%|█████▉    | 151/253 [00:17<00:11,  8.91it/s]
 60%|██████    | 152/253 [00:17<00:11,  9.02it/s]
 61%|██████    | 154/253 [00:17<00:10,  9.50it/s]
 61%|██████▏   | 155/253 [00:18<00:10,  9.09it/s]
 62%|██████▏   | 156/253 [00:18<00:10,  9.11it/s]
 62%|██████▏   | 157/253 [00:18<00:10,  9.06it/s]
 62%|██████▏   | 158/253 [00:18<00:10,  8.93it/s]
 63%|██████▎   | 159/253 [00:18<00:11,  8.44it/s]
 63%|██████▎   | 160/253 [00:18<00:11,  8.31it/s]
 64%|██████▎   | 161/253 [00:18<00:11,  8.12it/s]
 64%|██████▍   | 162/253 [00:18<00:11,  7.61it/s]
 65%|██████▍   | 164/253 [00:19<00:10,  8.63it/s]
 65%|██████▌   | 165/253 [00:19<00:10,  8.32it/s]
 66%|██████▌   | 166/253 [00:19<00:10,  8.51it/s]
 66%|██████▋   | 168/253 [00:19<00:09,  9.21it/s]
 67%|██████▋   | 169/253 [00:19<00:09,  9.07it/s]
 67%|██████▋   | 170/253 [00:19<00:09,  8.56it/s]
 68%|██████▊   | 171/253 [00:19<00:09,  8.33it/s]
 68%|██████▊   | 172/253 [00:20<00:09,  8.46it/s]
 68%|██████▊   | 173/253 [00:20<00:09,  8.32it/s]
 69%|██████▉   | 174/253 [00:20<00:09,  8.22it/s]
 70%|██████▉   | 176/253 [00:20<00:08,  9.07it/s]
 70%|██████▉   | 177/253 [00:20<00:08,  8.97it/s]
 71%|███████   | 179/253 [00:20<00:08,  8.89it/s]
 71%|███████   | 180/253 [00:20<00:08,  8.66it/s]
 72%|███████▏  | 181/253 [00:21<00:08,  8.48it/s]
 72%|███████▏  | 183/253 [00:21<00:08,  8.71it/s]
 73%|███████▎  | 185/253 [00:21<00:07,  8.84it/s]
 74%|███████▍  | 187/253 [00:21<00:07,  8.84it/s]
 74%|███████▍  | 188/253 [00:21<00:07,  8.46it/s]
 75%|███████▍  | 189/253 [00:22<00:07,  8.35it/s]
 75%|███████▌  | 191/253 [00:22<00:07,  8.53it/s]
 76%|███████▋  | 193/253 [00:22<00:06,  9.10it/s]
 77%|███████▋  | 194/253 [00:22<00:06,  8.97it/s]
 77%|███████▋  | 195/253 [00:22<00:06,  9.08it/s]
 77%|███████▋  | 196/253 [00:22<00:06,  8.79it/s]
 78%|███████▊  | 197/253 [00:22<00:06,  9.01it/s]
 78%|███████▊  | 198/253 [00:22<00:06,  8.80it/s]
 79%|███████▊  | 199/253 [00:23<00:06,  8.52it/s]
 79%|███████▉  | 200/253 [00:23<00:06,  8.59it/s]
 79%|███████▉  | 201/253 [00:23<00:06,  8.35it/s]
 80%|███████▉  | 202/253 [00:23<00:06,  8.09it/s]
 80%|████████  | 203/253 [00:23<00:06,  7.60it/s]
 81%|████████  | 204/253 [00:23<00:06,  7.65it/s]
 81%|████████  | 205/253 [00:23<00:06,  7.65it/s]
 82%|████████▏ | 207/253 [00:24<00:05,  8.26it/s]
 83%|████████▎ | 209/253 [00:24<00:04,  9.01it/s]
 83%|████████▎ | 211/253 [00:24<00:04,  9.48it/s]
 84%|████████▍ | 213/253 [00:24<00:04,  9.45it/s]
 85%|████████▍ | 215/253 [00:24<00:03,  9.68it/s]
 86%|████████▌ | 217/253 [00:25<00:03,  9.10it/s]
 86%|████████▌ | 218/253 [00:25<00:03,  8.86it/s]
 87%|████████▋ | 220/253 [00:25<00:03,  8.87it/s]
 87%|████████▋ | 221/253 [00:25<00:03,  8.85it/s]
 88%|████████▊ | 222/253 [00:25<00:03,  8.79it/s]
 88%|████████▊ | 223/253 [00:25<00:03,  8.37it/s]
 89%|████████▉ | 225/253 [00:26<00:03,  9.05it/s]
 89%|████████▉ | 226/253 [00:26<00:03,  8.61it/s]
 90%|████████▉ | 227/253 [00:26<00:02,  8.75it/s]
 91%|█████████ | 229/253 [00:26<00:02,  8.99it/s]
 91%|█████████ | 230/253 [00:26<00:02,  8.53it/s]
 92%|█████████▏| 232/253 [00:26<00:02,  8.68it/s]
 92%|█████████▏| 233/253 [00:27<00:02,  8.91it/s]
 92%|█████████▏| 234/253 [00:27<00:02,  8.52it/s]
 93%|█████████▎| 236/253 [00:27<00:01,  8.91it/s]
 94%|█████████▍| 238/253 [00:27<00:01,  8.97it/s]
 95%|█████████▍| 240/253 [00:27<00:01,  9.41it/s]
 96%|█████████▌| 242/253 [00:27<00:01,  9.49it/s]
 96%|█████████▌| 243/253 [00:28<00:01,  9.12it/s]
 96%|█████████▋| 244/253 [00:28<00:01,  8.86it/s]
 97%|█████████▋| 246/253 [00:28<00:00,  8.61it/s]
 98%|█████████▊| 248/253 [00:28<00:00,  9.16it/s]
 98%|█████████▊| 249/253 [00:28<00:00,  9.07it/s]
 99%|█████████▉| 250/253 [00:28<00:00,  8.80it/s]
100%|█████████▉| 252/253 [00:29<00:00,  9.07it/s]
100%|██████████| 253/253 [00:29<00:00,  8.66it/s]
***** eval metrics *****
  eval_loss               =     1.3888
  eval_runtime            = 0:00:29.33
  eval_samples_per_second =     17.248
  eval_steps_per_second   =      8.624
post-train generation: 10/150
post-train generation: 20/150
post-train generation: 30/150
post-train generation: 40/150
post-train generation: 50/150
post-train generation: 60/150
post-train generation: 70/150
post-train generation: 80/150
post-train generation: 90/150
post-train generation: 100/150
post-train generation: 110/150
post-train generation: 120/150
post-train generation: 130/150
post-train generation: 140/150
post-train generation: 150/150
Saved post-train test generations to /data2/songxinshuai/linsihan/ecommerce_assistant/outputs/lora_ablation_jddc_rebuild_v2/rank16_qv_lora_fp16/post_train_test_generations.jsonl
[rank0]:[W530 08:43:56.898127854 ProcessGroupNCCL.cpp:1496] Warning: WARNING: destroy_process_group() was not called before program exit, which can leak resources. For more info, please see https://pytorch.org/docs/stable/distributed.html#shutdown (function operator())
