W0530 01:18:07.100000 1641197 site-packages/torch/distributed/run.py:792] 
W0530 01:18:07.100000 1641197 site-packages/torch/distributed/run.py:792] *****************************************
W0530 01:18:07.100000 1641197 site-packages/torch/distributed/run.py:792] Setting OMP_NUM_THREADS environment variable for each process to be 1 in default, to avoid your system being overloaded, please further tune the variable for optimal performance in your application as needed. 
W0530 01:18:07.100000 1641197 site-packages/torch/distributed/run.py:792] *****************************************
eval: total=506, usable=506, skipped=0, truncated=0, max_length=409
train: total=4397, usable=4397, skipped=0, truncated=0, max_length=532
[transformers] `torch_dtype` is deprecated! Use `dtype` instead!
eval: total=506, usable=506, skipped=0, truncated=0, max_length=409
train: total=4397, usable=4397, skipped=0, truncated=0, max_length=532
[transformers] `torch_dtype` is deprecated! Use `dtype` instead!

Loading weights:   0%|          | 0/399 [00:00<?, ?it/s]
Loading weights:   0%|          | 0/399 [00:00<?, ?it/s]
Loading weights:   0%|          | 1/399 [00:02<14:01,  2.11s/it]
Loading weights:   0%|          | 1/399 [00:02<16:42,  2.52s/it]
Loading weights:   1%|          | 2/399 [00:03<12:50,  1.94s/it]
Loading weights:   1%|          | 4/399 [00:04<05:12,  1.26it/s]
Loading weights:   1%|▏         | 5/399 [00:04<03:54,  1.68it/s]
Loading weights:   2%|▏         | 6/399 [00:04<03:01,  2.17it/s]
Loading weights:   1%|          | 2/399 [00:04<15:55,  2.41s/it]
Loading weights:   3%|▎         | 12/399 [00:04<00:55,  7.02it/s]
Loading weights:   4%|▍         | 15/399 [00:04<00:43,  8.81it/s]
Loading weights:   1%|          | 4/399 [00:05<06:19,  1.04it/s]
Loading weights:   1%|▏         | 5/399 [00:05<04:43,  1.39it/s]
Loading weights:   4%|▍         | 17/399 [00:05<00:48,  7.90it/s]
Loading weights:   2%|▏         | 6/399 [00:05<03:38,  1.80it/s]
Loading weights:   6%|▌         | 23/399 [00:05<00:27, 13.83it/s]
Loading weights:   3%|▎         | 12/399 [00:05<01:04,  5.99it/s]
Loading weights:   7%|▋         | 26/399 [00:05<00:25, 14.60it/s]
Loading weights:   4%|▍         | 15/399 [00:05<00:49,  7.75it/s]
Loading weights:   7%|▋         | 29/399 [00:05<00:29, 12.47it/s]
Loading weights:   5%|▍         | 18/399 [00:06<00:46,  8.20it/s]
Loading weights:   9%|▊         | 34/399 [00:05<00:21, 17.10it/s]
Loading weights:   6%|▌         | 23/399 [00:06<00:30, 12.44it/s]
Loading weights:   9%|▉         | 37/399 [00:06<00:21, 16.98it/s]
Loading weights:   7%|▋         | 26/399 [00:06<00:27, 13.62it/s]
Loading weights:  10%|█         | 40/399 [00:06<00:26, 13.73it/s]
Loading weights:   7%|▋         | 29/399 [00:06<00:31, 11.77it/s]
Loading weights:  11%|█▏        | 45/399 [00:06<00:19, 18.24it/s]
Loading weights:   9%|▊         | 34/399 [00:06<00:22, 16.48it/s]
Loading weights:  12%|█▏        | 48/399 [00:06<00:19, 17.63it/s]
Loading weights:   9%|▉         | 37/399 [00:06<00:21, 16.60it/s]
Loading weights:  13%|█▎        | 51/399 [00:07<00:25, 13.69it/s]
Loading weights:  10%|█         | 40/399 [00:07<00:27, 12.92it/s]
Loading weights:  14%|█▍        | 56/399 [00:07<00:19, 17.91it/s]
Loading weights:  11%|█▏        | 45/399 [00:07<00:20, 17.49it/s]
Loading weights:  12%|█▏        | 48/399 [00:07<00:21, 16.29it/s]
Loading weights:  15%|█▍        | 59/399 [00:07<00:21, 16.15it/s]
Loading weights:  15%|█▌        | 61/399 [00:07<00:27, 12.43it/s]
Loading weights:  13%|█▎        | 51/399 [00:08<00:27, 12.85it/s]
Loading weights:  17%|█▋        | 67/399 [00:07<00:17, 18.84it/s]
Loading weights:  14%|█▍        | 56/399 [00:08<00:20, 17.07it/s]
Loading weights:  18%|█▊        | 70/399 [00:08<00:17, 18.69it/s]
Loading weights:  15%|█▍        | 59/399 [00:08<00:19, 17.08it/s]
Loading weights:  18%|█▊        | 73/399 [00:08<00:21, 15.52it/s]
Loading weights:  20%|█▉        | 78/399 [00:08<00:16, 20.04it/s]
Loading weights:  16%|█▌        | 62/399 [00:08<00:25, 13.23it/s]
Loading weights:  20%|██        | 81/399 [00:08<00:16, 19.49it/s]
Loading weights:  17%|█▋        | 67/399 [00:08<00:19, 17.34it/s]
Loading weights:  18%|█▊        | 70/399 [00:09<00:19, 17.01it/s]
Loading weights:  21%|██        | 84/399 [00:08<00:20, 15.49it/s]
Loading weights:  22%|██▏       | 89/399 [00:09<00:15, 20.52it/s]
Loading weights:  18%|█▊        | 73/399 [00:09<00:23, 13.61it/s]
Loading weights:  23%|██▎       | 92/399 [00:09<00:15, 19.91it/s]
Loading weights:  20%|█▉        | 78/399 [00:09<00:17, 18.05it/s]
Loading weights:  20%|██        | 81/399 [00:09<00:17, 18.11it/s]
Loading weights:  24%|██▍       | 95/399 [00:09<00:19, 15.40it/s]
Loading weights:  25%|██▌       | 100/399 [00:09<00:14, 20.29it/s]
Loading weights:  21%|██        | 84/399 [00:10<00:21, 14.33it/s]
Loading weights:  26%|██▌       | 103/399 [00:09<00:15, 19.26it/s]
Loading weights:  22%|██▏       | 89/399 [00:10<00:16, 18.89it/s]
Loading weights:  23%|██▎       | 92/399 [00:10<00:17, 17.21it/s]
Loading weights:  27%|██▋       | 106/399 [00:10<00:19, 15.00it/s]
Loading weights:  28%|██▊       | 111/399 [00:10<00:14, 19.53it/s]
Loading weights:  29%|██▊       | 114/399 [00:10<00:15, 18.79it/s]
Loading weights:  24%|██▍       | 95/399 [00:10<00:21, 14.08it/s]
Loading weights:  25%|██▌       | 100/399 [00:10<00:16, 18.52it/s]
Loading weights:  26%|██▌       | 103/399 [00:11<00:16, 18.41it/s]
Loading weights:  29%|██▉       | 117/399 [00:10<00:19, 14.66it/s]
Loading weights:  31%|███       | 122/399 [00:10<00:14, 19.18it/s]
Loading weights:  27%|██▋       | 106/399 [00:11<00:20, 14.43it/s]
Loading weights:  31%|███▏      | 125/399 [00:11<00:14, 18.42it/s]
Loading weights:  28%|██▊       | 111/399 [00:11<00:15, 18.54it/s]
Loading weights:  29%|██▊       | 114/399 [00:11<00:15, 17.84it/s]
Loading weights:  32%|███▏      | 128/399 [00:11<00:18, 14.26it/s]
Loading weights:  33%|███▎      | 133/399 [00:11<00:14, 18.72it/s]
Loading weights:  34%|███▍      | 136/399 [00:11<00:14, 17.97it/s]
Loading weights:  29%|██▉       | 117/399 [00:12<00:21, 13.40it/s]
Loading weights:  30%|███       | 120/399 [00:12<00:17, 15.73it/s]
Loading weights:  35%|███▍      | 139/399 [00:12<00:18, 13.79it/s]
Loading weights:  31%|███▏      | 125/399 [00:12<00:15, 17.70it/s]
Loading weights:  36%|███▌      | 144/399 [00:12<00:14, 18.06it/s]
Loading weights:  37%|███▋      | 147/399 [00:12<00:14, 17.59it/s]
Loading weights:  32%|███▏      | 128/399 [00:12<00:24, 11.22it/s]
Loading weights:  38%|███▊      | 150/399 [00:12<00:17, 14.16it/s]
Loading weights:  33%|███▎      | 131/399 [00:13<00:20, 13.35it/s]
Loading weights:  39%|███▉      | 155/399 [00:12<00:13, 18.61it/s]
Loading weights:  40%|███▉      | 158/399 [00:13<00:13, 18.39it/s]
Loading weights:  34%|███▍      | 136/399 [00:13<00:18, 14.37it/s]
Loading weights:  40%|████      | 161/399 [00:13<00:16, 14.27it/s]
Loading weights:  35%|███▍      | 138/399 [00:13<00:24, 10.75it/s]
Loading weights:  42%|████▏     | 166/399 [00:13<00:12, 19.27it/s]
Loading weights:  36%|███▌      | 144/399 [00:13<00:15, 16.14it/s]
Loading weights:  42%|████▏     | 169/399 [00:13<00:12, 19.01it/s]
Loading weights:  37%|███▋      | 147/399 [00:14<00:15, 16.60it/s]
Loading weights:  43%|████▎     | 172/399 [00:13<00:14, 15.69it/s]
Loading weights:  44%|████▍     | 177/399 [00:14<00:10, 21.11it/s]
Loading weights:  38%|███▊      | 150/399 [00:14<00:19, 12.86it/s]
Loading weights:  45%|████▌     | 180/399 [00:14<00:10, 20.84it/s]
Loading weights:  39%|███▉      | 155/399 [00:14<00:14, 17.23it/s]
Loading weights:  40%|███▉      | 158/399 [00:14<00:14, 17.16it/s]
Loading weights:  46%|████▌     | 183/399 [00:14<00:12, 16.76it/s]
Loading weights:  47%|████▋     | 188/399 [00:14<00:09, 22.19it/s]
Loading weights:  48%|████▊     | 191/399 [00:14<00:09, 21.42it/s]
Loading weights:  40%|████      | 161/399 [00:15<00:16, 14.45it/s]
Loading weights:  42%|████▏     | 166/399 [00:15<00:12, 19.32it/s]
Loading weights:  49%|████▊     | 194/399 [00:15<00:12, 16.62it/s]
Loading weights:  42%|████▏     | 169/399 [00:15<00:13, 17.51it/s]
Loading weights:  50%|████▉     | 199/399 [00:15<00:09, 21.66it/s]
Loading weights:  51%|█████     | 202/399 [00:15<00:09, 20.76it/s]
Loading weights:  43%|████▎     | 172/399 [00:15<00:16, 14.13it/s]
Loading weights:  44%|████▍     | 177/399 [00:15<00:11, 18.61it/s]
Loading weights:  51%|█████▏    | 205/399 [00:15<00:12, 16.06it/s]
Loading weights:  45%|████▌     | 180/399 [00:16<00:11, 18.75it/s]
Loading weights:  53%|█████▎    | 210/399 [00:15<00:09, 20.98it/s]
Loading weights:  53%|█████▎    | 213/399 [00:15<00:09, 19.99it/s]
Loading weights:  46%|████▌     | 183/399 [00:16<00:14, 15.23it/s]
Loading weights:  47%|████▋     | 188/399 [00:16<00:10, 20.27it/s]
Loading weights:  54%|█████▍    | 216/399 [00:16<00:11, 15.51it/s]
Loading weights:  48%|████▊     | 191/399 [00:16<00:10, 19.39it/s]
Loading weights:  55%|█████▌    | 221/399 [00:16<00:08, 20.39it/s]
Loading weights:  56%|█████▌    | 224/399 [00:16<00:09, 18.97it/s]
Loading weights:  49%|████▊     | 194/399 [00:16<00:14, 14.30it/s]
Loading weights:  50%|████▉     | 199/399 [00:17<00:10, 18.95it/s]
Loading weights:  57%|█████▋    | 227/399 [00:16<00:11, 14.71it/s]
Loading weights:  51%|█████     | 202/399 [00:17<00:10, 18.17it/s]
Loading weights:  58%|█████▊    | 232/399 [00:17<00:08, 19.24it/s]
Loading weights:  59%|█████▉    | 235/399 [00:17<00:08, 18.29it/s]
Loading weights:  51%|█████▏    | 205/399 [00:17<00:13, 14.01it/s]
Loading weights:  53%|█████▎    | 210/399 [00:17<00:10, 18.75it/s]
Loading weights:  60%|█████▉    | 238/399 [00:17<00:11, 14.32it/s]
Loading weights:  61%|██████    | 243/399 [00:17<00:08, 18.93it/s]
Loading weights:  53%|█████▎    | 213/399 [00:17<00:10, 17.18it/s]
Loading weights:  62%|██████▏   | 246/399 [00:17<00:08, 18.24it/s]
Loading weights:  54%|█████▍    | 216/399 [00:18<00:13, 13.91it/s]
Loading weights:  55%|█████▌    | 221/399 [00:18<00:09, 18.35it/s]
Loading weights:  62%|██████▏   | 249/399 [00:18<00:10, 14.14it/s]
Loading weights:  56%|█████▌    | 224/399 [00:18<00:09, 17.65it/s]
Loading weights:  64%|██████▎   | 254/399 [00:18<00:07, 18.60it/s]
Loading weights:  64%|██████▍   | 257/399 [00:18<00:08, 17.61it/s]
Loading weights:  57%|█████▋    | 227/399 [00:19<00:12, 13.30it/s]
Loading weights:  58%|█████▊    | 232/399 [00:19<00:09, 17.66it/s]
Loading weights:  65%|██████▌   | 260/399 [00:18<00:09, 13.91it/s]
Loading weights:  66%|██████▋   | 265/399 [00:19<00:07, 18.41it/s]
Loading weights:  59%|█████▉    | 235/399 [00:19<00:09, 16.96it/s]
Loading weights:  67%|██████▋   | 268/399 [00:19<00:07, 17.85it/s]
Loading weights:  60%|█████▉    | 238/399 [00:19<00:11, 13.49it/s]
Loading weights:  68%|██████▊   | 271/399 [00:19<00:08, 14.86it/s]
Loading weights:  61%|██████    | 243/399 [00:19<00:08, 17.60it/s]
Loading weights:  69%|██████▉   | 276/399 [00:19<00:06, 19.89it/s]
Loading weights:  70%|██████▉   | 279/399 [00:19<00:06, 19.67it/s]
Loading weights:  62%|██████▏   | 246/399 [00:20<00:09, 15.86it/s]
Loading weights:  71%|███████   | 282/399 [00:20<00:07, 15.81it/s]
Loading weights:  72%|███████▏  | 287/399 [00:20<00:05, 20.92it/s]
Loading weights:  62%|██████▏   | 248/399 [00:20<00:13, 11.32it/s]
Loading weights:  64%|██████▎   | 254/399 [00:20<00:08, 17.21it/s]
Loading weights:  73%|███████▎  | 290/399 [00:20<00:05, 20.43it/s]
Loading weights:  64%|██████▍   | 257/399 [00:20<00:08, 17.28it/s]
Loading weights:  73%|███████▎  | 293/399 [00:20<00:06, 16.56it/s]
Loading weights:  75%|███████▍  | 298/399 [00:20<00:04, 22.08it/s]
Loading weights:  65%|██████▌   | 260/399 [00:21<00:09, 14.24it/s]
Loading weights:  75%|███████▌  | 301/399 [00:20<00:04, 21.63it/s]
Loading weights:  66%|██████▋   | 265/399 [00:21<00:06, 19.29it/s]
Loading weights:  67%|██████▋   | 268/399 [00:21<00:07, 17.76it/s]
Loading weights:  76%|███████▌  | 304/399 [00:21<00:05, 17.00it/s]
Loading weights:  77%|███████▋  | 309/399 [00:21<00:04, 22.09it/s]
Loading weights:  78%|███████▊  | 312/399 [00:21<00:04, 21.01it/s]
Loading weights:  68%|██████▊   | 271/399 [00:21<00:08, 14.33it/s]
Loading weights:  69%|██████▉   | 276/399 [00:21<00:06, 19.11it/s]
Loading weights:  70%|██████▉   | 279/399 [00:22<00:06, 19.09it/s]
Loading weights:  79%|███████▉  | 315/399 [00:21<00:05, 16.31it/s]
Loading weights:  80%|████████  | 320/399 [00:21<00:03, 21.39it/s]
Loading weights:  81%|████████  | 323/399 [00:22<00:03, 20.44it/s]
Loading weights:  71%|███████   | 282/399 [00:22<00:07, 15.35it/s]
Loading weights:  72%|███████▏  | 287/399 [00:22<00:05, 20.38it/s]
Loading weights:  73%|███████▎  | 290/399 [00:22<00:05, 20.07it/s]
Loading weights:  82%|████████▏ | 326/399 [00:22<00:04, 15.76it/s]
Loading weights:  83%|████████▎ | 331/399 [00:22<00:03, 20.60it/s]
Loading weights:  73%|███████▎  | 293/399 [00:22<00:06, 15.76it/s]
Loading weights:  84%|████████▎ | 334/399 [00:22<00:03, 19.76it/s]
Loading weights:  75%|███████▍  | 298/399 [00:23<00:04, 20.63it/s]
Loading weights:  75%|███████▌  | 301/399 [00:23<00:04, 19.85it/s]
Loading weights:  84%|████████▍ | 337/399 [00:22<00:04, 14.77it/s]
Loading weights:  86%|████████▌ | 342/399 [00:23<00:03, 18.50it/s]
Loading weights:  76%|███████▌  | 304/399 [00:23<00:06, 15.83it/s]
Loading weights:  77%|███████▋  | 309/399 [00:23<00:04, 20.97it/s]
Loading weights:  86%|████████▋ | 345/399 [00:23<00:03, 16.68it/s]
Loading weights:  78%|███████▊  | 312/399 [00:23<00:04, 20.37it/s]
Loading weights:  87%|████████▋ | 347/399 [00:23<00:04, 11.58it/s]
Loading weights:  79%|███████▉  | 315/399 [00:24<00:05, 15.17it/s]
Loading weights:  88%|████████▊ | 353/399 [00:23<00:02, 16.91it/s]
Loading weights:  80%|████████  | 320/399 [00:24<00:04, 19.45it/s]
Loading weights:  89%|████████▉ | 356/399 [00:24<00:02, 16.84it/s]
Loading weights:  81%|████████  | 323/399 [00:24<00:04, 18.54it/s]
Loading weights:  90%|████████▉ | 359/399 [00:24<00:02, 13.62it/s]
Loading weights:  82%|████████▏ | 326/399 [00:24<00:05, 14.06it/s]
Loading weights:  91%|█████████ | 364/399 [00:24<00:01, 18.00it/s]
Loading weights:  83%|████████▎ | 331/399 [00:24<00:03, 17.70it/s]
Loading weights:  92%|█████████▏| 367/399 [00:24<00:01, 17.32it/s]
Loading weights:  84%|████████▎ | 334/399 [00:25<00:03, 16.70it/s]
Loading weights:  93%|█████████▎| 370/399 [00:25<00:02, 13.31it/s]
Loading weights:  84%|████████▍ | 336/399 [00:25<00:05, 11.46it/s]
Loading weights:  94%|█████████▍| 375/399 [00:25<00:01, 17.43it/s]
Loading weights:  86%|████████▌ | 342/399 [00:25<00:03, 16.66it/s]
Loading weights:  95%|█████████▍| 378/399 [00:25<00:01, 17.18it/s]
Loading weights:  86%|████████▋ | 345/399 [00:25<00:03, 16.21it/s]
Loading weights:  95%|█████████▌| 381/399 [00:25<00:01, 13.87it/s]
Loading weights:  97%|█████████▋| 386/399 [00:25<00:00, 18.47it/s]
Loading weights:  87%|████████▋ | 347/399 [00:26<00:04, 11.42it/s]
Loading weights:  97%|█████████▋| 389/399 [00:26<00:00, 18.27it/s]
Loading weights:  88%|████████▊ | 353/399 [00:26<00:02, 17.34it/s]
Loading weights:  89%|████████▉ | 356/399 [00:26<00:02, 17.33it/s]
Loading weights:  98%|█████████▊| 392/399 [00:26<00:00, 14.97it/s]
Loading weights:  99%|█████████▉| 397/399 [00:26<00:00, 18.91it/s]
Loading weights: 100%|██████████| 399/399 [00:26<00:00, 15.01it/s]

Loading weights:  90%|████████▉ | 359/399 [00:27<00:03, 11.88it/s]
Loading weights:  91%|█████████ | 362/399 [00:27<00:02, 13.69it/s]
Loading weights:  92%|█████████▏| 367/399 [00:27<00:02, 15.63it/s]
Loading weights:  92%|█████████▏| 369/399 [00:27<00:02, 12.24it/s][transformers] warmup_ratio is deprecated and will be removed in v5.2. Use `warmup_steps` instead.

Loading weights:  94%|█████████▍| 375/399 [00:27<00:01, 17.88it/s]
Loading weights:  95%|█████████▍| 378/399 [00:28<00:01, 17.23it/s]
Loading weights:  95%|█████████▌| 381/399 [00:28<00:01, 14.51it/s]
Loading weights:  97%|█████████▋| 386/399 [00:28<00:00, 19.39it/s][RANK 0] Detected kernel version 5.4.0, which is below the recommended minimum of 5.5.0; this can cause the process to hang. It is recommended to upgrade the kernel to the minimum version or higher.
Converted 144 low-precision trainable parameters to FP32 for FP16 AMP compatibility.
[transformers] The tokenizer has new PAD/BOS/EOS tokens that differ from the model config and generation config. The model config and generation config were aligned accordingly, being updated with the tokenizer's values. Updated tokens: {'bos_token_id': None, 'pad_token_id': 151643}.

Loading weights:  97%|█████████▋| 389/399 [00:28<00:00, 18.48it/s]
Loading weights:  98%|█████████▊| 392/399 [00:29<00:00, 14.25it/s]
Loading weights:  99%|█████████▉| 397/399 [00:29<00:00, 18.42it/s]
Loading weights: 100%|██████████| 399/399 [00:29<00:00, 13.64it/s]
[transformers] warmup_ratio is deprecated and will be removed in v5.2. Use `warmup_steps` instead.
[transformers] The tokenizer has new PAD/BOS/EOS tokens that differ from the model config and generation config. The model config and generation config were aligned accordingly, being updated with the tokenizer's values. Updated tokens: {'bos_token_id': None, 'pad_token_id': 151643}.

  0%|          | 0/1100 [00:00<?, ?it/s]
  0%|          | 1/1100 [00:05<1:33:48,  5.12s/it]
  0%|          | 2/1100 [00:08<1:12:20,  3.95s/it]
  0%|          | 3/1100 [00:12<1:13:39,  4.03s/it]
  0%|          | 4/1100 [00:14<1:02:28,  3.42s/it]
  0%|          | 5/1100 [00:18<1:04:41,  3.55s/it]
  1%|          | 6/1100 [00:21<57:48,  3.17s/it]  
  1%|          | 7/1100 [00:25<1:03:27,  3.48s/it]
  1%|          | 8/1100 [00:28<59:43,  3.28s/it]  
  1%|          | 9/1100 [00:32<1:07:06,  3.69s/it]
  1%|          | 10/1100 [00:35<1:01:36,  3.39s/it]
                                                   
{'loss': '3.902', 'grad_norm': '1.68', 'learning_rate': '1.636e-05', 'entropy': '0.851', 'num_tokens': '2.099e+04', 'mean_token_accuracy': '0.4667', 'epoch': '0.01819'}

  1%|          | 10/1100 [00:35<1:01:36,  3.39s/it]
  1%|          | 11/1100 [00:39<1:06:31,  3.67s/it]
  1%|          | 12/1100 [00:43<1:06:19,  3.66s/it]
  1%|          | 13/1100 [00:46<1:03:21,  3.50s/it]
  1%|▏         | 14/1100 [00:49<58:32,  3.23s/it]  
  1%|▏         | 15/1100 [00:52<59:39,  3.30s/it]
  1%|▏         | 16/1100 [00:55<57:17,  3.17s/it]
  2%|▏         | 17/1100 [00:58<56:32,  3.13s/it]
  2%|▏         | 18/1100 [01:02<1:00:32,  3.36s/it]
  2%|▏         | 19/1100 [01:05<1:01:48,  3.43s/it]
  2%|▏         | 20/1100 [01:09<1:01:23,  3.41s/it]
                                                   
{'loss': '3.829', 'grad_norm': '2.84', 'learning_rate': '3.455e-05', 'entropy': '0.8602', 'num_tokens': '4.211e+04', 'mean_token_accuracy': '0.4742', 'epoch': '0.03638'}

  2%|▏         | 20/1100 [01:09<1:01:23,  3.41s/it]
  2%|▏         | 21/1100 [01:11<57:37,  3.20s/it]  
  2%|▏         | 22/1100 [01:14<54:50,  3.05s/it]
  2%|▏         | 23/1100 [01:18<58:04,  3.24s/it]
  2%|▏         | 24/1100 [01:21<59:48,  3.34s/it]
  2%|▏         | 25/1100 [01:24<57:10,  3.19s/it]
  2%|▏         | 26/1100 [01:27<56:24,  3.15s/it]
  2%|▏         | 27/1100 [01:31<57:15,  3.20s/it]
  3%|▎         | 28/1100 [01:35<1:00:53,  3.41s/it]
  3%|▎         | 29/1100 [01:37<57:55,  3.25s/it]  
  3%|▎         | 30/1100 [01:41<1:00:07,  3.37s/it]
                                                   
{'loss': '3.279', 'grad_norm': '2.332', 'learning_rate': '5.273e-05', 'entropy': '0.9799', 'num_tokens': '6.266e+04', 'mean_token_accuracy': '0.4901', 'epoch': '0.05457'}

  3%|▎         | 30/1100 [01:41<1:00:07,  3.37s/it]
  3%|▎         | 31/1100 [01:44<55:08,  3.10s/it]  
  3%|▎         | 32/1100 [01:47<57:27,  3.23s/it]
  3%|▎         | 33/1100 [01:49<53:07,  2.99s/it]
  3%|▎         | 34/1100 [01:53<54:43,  3.08s/it]
  3%|▎         | 35/1100 [01:56<54:13,  3.05s/it]
  3%|▎         | 36/1100 [01:59<56:31,  3.19s/it]
  3%|▎         | 37/1100 [02:01<51:16,  2.89s/it]
  3%|▎         | 38/1100 [02:05<53:04,  3.00s/it]
  4%|▎         | 39/1100 [02:08<53:51,  3.05s/it]
  4%|▎         | 40/1100 [02:12<58:12,  3.29s/it]
                                                 
{'loss': '3.045', 'grad_norm': '2.104', 'learning_rate': '7.091e-05', 'entropy': '1.291', 'num_tokens': '8.275e+04', 'mean_token_accuracy': '0.4931', 'epoch': '0.07276'}

  4%|▎         | 40/1100 [02:12<58:12,  3.29s/it]
  4%|▎         | 41/1100 [02:15<58:15,  3.30s/it]
  4%|▍         | 42/1100 [02:19<59:20,  3.37s/it]
  4%|▍         | 43/1100 [02:22<58:11,  3.30s/it]
  4%|▍         | 44/1100 [02:24<54:47,  3.11s/it]
  4%|▍         | 45/1100 [02:27<53:02,  3.02s/it]
  4%|▍         | 46/1100 [02:30<53:05,  3.02s/it]
  4%|▍         | 47/1100 [02:34<56:52,  3.24s/it]
  4%|▍         | 48/1100 [02:37<54:01,  3.08s/it]
  4%|▍         | 49/1100 [02:40<52:52,  3.02s/it]
  5%|▍         | 50/1100 [02:42<51:24,  2.94s/it]
                                                 
{'loss': '2.488', 'grad_norm': '2.222', 'learning_rate': '8.909e-05', 'entropy': '1.667', 'num_tokens': '1.035e+05', 'mean_token_accuracy': '0.5136', 'epoch': '0.09095'}

  5%|▍         | 50/1100 [02:42<51:24,  2.94s/it]
  5%|▍         | 51/1100 [02:46<54:58,  3.14s/it]
  5%|▍         | 52/1100 [02:49<55:33,  3.18s/it]
  5%|▍         | 53/1100 [02:53<59:57,  3.44s/it]
  5%|▍         | 54/1100 [02:56<54:20,  3.12s/it]
  5%|▌         | 55/1100 [02:59<54:26,  3.13s/it]
  5%|▌         | 56/1100 [03:01<51:36,  2.97s/it]
  5%|▌         | 57/1100 [03:05<55:56,  3.22s/it]
  5%|▌         | 58/1100 [03:09<57:54,  3.33s/it]
  5%|▌         | 59/1100 [03:12<55:38,  3.21s/it]
  5%|▌         | 60/1100 [03:15<58:32,  3.38s/it]
                                                 
{'loss': '2.173', 'grad_norm': '1.613', 'learning_rate': '0.0001073', 'entropy': '1.902', 'num_tokens': '1.237e+05', 'mean_token_accuracy': '0.5157', 'epoch': '0.1091'}

  5%|▌         | 60/1100 [03:15<58:32,  3.38s/it]
  6%|▌         | 61/1100 [03:20<1:02:00,  3.58s/it]
  6%|▌         | 62/1100 [03:22<58:37,  3.39s/it]  
  6%|▌         | 63/1100 [03:26<57:15,  3.31s/it]
  6%|▌         | 64/1100 [03:28<53:52,  3.12s/it]
  6%|▌         | 65/1100 [03:32<56:12,  3.26s/it]
  6%|▌         | 66/1100 [03:35<54:31,  3.16s/it]
  6%|▌         | 67/1100 [03:38<55:58,  3.25s/it]
  6%|▌         | 68/1100 [03:42<57:32,  3.35s/it]
  6%|▋         | 69/1100 [03:46<1:02:48,  3.66s/it]
  6%|▋         | 70/1100 [03:50<1:04:36,  3.76s/it]
                                                   
{'loss': '2.072', 'grad_norm': '0.8561', 'learning_rate': '0.0001255', 'entropy': '2.119', 'num_tokens': '1.44e+05', 'mean_token_accuracy': '0.5377', 'epoch': '0.1273'}

  6%|▋         | 70/1100 [03:50<1:04:36,  3.76s/it]
  6%|▋         | 71/1100 [03:54<1:04:25,  3.76s/it]
  7%|▋         | 72/1100 [03:58<1:06:45,  3.90s/it]
  7%|▋         | 73/1100 [04:02<1:05:38,  3.83s/it]
  7%|▋         | 74/1100 [04:06<1:04:52,  3.79s/it]
  7%|▋         | 75/1100 [04:09<1:05:07,  3.81s/it]
  7%|▋         | 76/1100 [04:12<1:00:36,  3.55s/it]
  7%|▋         | 77/1100 [04:16<1:03:03,  3.70s/it]
  7%|▋         | 78/1100 [04:19<59:56,  3.52s/it]  
  7%|▋         | 79/1100 [04:23<58:22,  3.43s/it]
  7%|▋         | 80/1100 [04:26<59:58,  3.53s/it]
                                                 
{'loss': '1.9', 'grad_norm': '0.7423', 'learning_rate': '0.0001436', 'entropy': '2.016', 'num_tokens': '1.639e+05', 'mean_token_accuracy': '0.548', 'epoch': '0.1455'}

  7%|▋         | 80/1100 [04:26<59:58,  3.53s/it]
  7%|▋         | 81/1100 [04:29<56:58,  3.36s/it]
  7%|▋         | 82/1100 [04:33<1:00:30,  3.57s/it]
  8%|▊         | 83/1100 [04:37<1:00:52,  3.59s/it]
  8%|▊         | 84/1100 [04:41<1:02:44,  3.71s/it]
  8%|▊         | 85/1100 [04:44<59:25,  3.51s/it]  
  8%|▊         | 86/1100 [04:47<56:47,  3.36s/it]
  8%|▊         | 87/1100 [04:51<58:51,  3.49s/it]
  8%|▊         | 88/1100 [04:54<58:57,  3.50s/it]
  8%|▊         | 89/1100 [04:57<54:01,  3.21s/it]
  8%|▊         | 90/1100 [05:00<54:30,  3.24s/it]
                                                 
{'loss': '1.891', 'grad_norm': '0.7638', 'learning_rate': '0.0001618', 'entropy': '1.947', 'num_tokens': '1.848e+05', 'mean_token_accuracy': '0.5487', 'epoch': '0.1637'}

  8%|▊         | 90/1100 [05:00<54:30,  3.24s/it]
  8%|▊         | 91/1100 [05:03<54:15,  3.23s/it]
  8%|▊         | 92/1100 [05:07<56:52,  3.39s/it]
  8%|▊         | 93/1100 [05:10<56:01,  3.34s/it]
  9%|▊         | 94/1100 [05:13<54:08,  3.23s/it]
  9%|▊         | 95/1100 [05:17<57:56,  3.46s/it]
  9%|▊         | 96/1100 [05:22<1:00:50,  3.64s/it]
  9%|▉         | 97/1100 [05:26<1:05:45,  3.93s/it]
  9%|▉         | 98/1100 [05:29<1:00:54,  3.65s/it]
  9%|▉         | 99/1100 [05:33<1:00:17,  3.61s/it]
  9%|▉         | 100/1100 [05:36<1:01:02,  3.66s/it]
                                                    
{'loss': '1.897', 'grad_norm': '0.887', 'learning_rate': '0.00018', 'entropy': '1.823', 'num_tokens': '2.059e+05', 'mean_token_accuracy': '0.549', 'epoch': '0.1819'}

  9%|▉         | 100/1100 [05:36<1:01:02,  3.66s/it]

  0%|          | 0/253 [00:00<?, ?it/s][A

  1%|          | 2/253 [00:00<00:45,  5.47it/s][A

  1%|          | 3/253 [00:00<00:49,  5.04it/s][A

  2%|▏         | 4/253 [00:00<00:50,  4.97it/s][A

  2%|▏         | 5/253 [00:00<00:48,  5.06it/s][A

  2%|▏         | 6/253 [00:01<00:57,  4.26it/s][A

  3%|▎         | 7/253 [00:01<01:07,  3.65it/s][A

  3%|▎         | 8/253 [00:01<01:04,  3.82it/s][A

  4%|▎         | 9/253 [00:02<01:03,  3.87it/s][A

  4%|▍         | 10/253 [00:02<01:04,  3.79it/s][A

  4%|▍         | 11/253 [00:02<00:58,  4.12it/s][A

  5%|▍         | 12/253 [00:02<00:53,  4.55it/s][A

  5%|▌         | 13/253 [00:02<00:48,  4.92it/s][A

  6%|▌         | 14/253 [00:03<00:47,  5.04it/s][A

  6%|▌         | 15/253 [00:03<00:45,  5.20it/s][A

  6%|▋         | 16/253 [00:03<00:44,  5.29it/s][A

  7%|▋         | 17/253 [00:03<00:43,  5.40it/s][A

  7%|▋         | 18/253 [00:03<00:43,  5.40it/s][A

  8%|▊         | 19/253 [00:04<00:45,  5.20it/s][A

  8%|▊         | 20/253 [00:04<00:42,  5.54it/s][A

  8%|▊         | 21/253 [00:04<00:41,  5.63it/s][A

  9%|▊         | 22/253 [00:04<00:39,  5.88it/s][A

  9%|▉         | 23/253 [00:04<00:37,  6.08it/s][A

  9%|▉         | 24/253 [00:04<00:38,  5.97it/s][A

 10%|▉         | 25/253 [00:05<00:37,  6.12it/s][A

 10%|█         | 26/253 [00:05<00:36,  6.21it/s][A

 11%|█         | 27/253 [00:05<00:35,  6.28it/s][A

 11%|█         | 28/253 [00:05<00:35,  6.30it/s][A

 11%|█▏        | 29/253 [00:05<00:35,  6.33it/s][A

 12%|█▏        | 30/253 [00:05<00:35,  6.31it/s][A

 12%|█▏        | 31/253 [00:05<00:36,  6.14it/s][A

 13%|█▎        | 32/253 [00:06<00:36,  6.03it/s][A

 13%|█▎        | 33/253 [00:06<00:36,  6.04it/s][A

 13%|█▎        | 34/253 [00:06<00:47,  4.65it/s][A

 14%|█▍        | 35/253 [00:06<00:45,  4.79it/s][A

 14%|█▍        | 36/253 [00:07<00:49,  4.37it/s][A

 15%|█▍        | 37/253 [00:07<00:44,  4.81it/s][A

 15%|█▌        | 38/253 [00:07<00:45,  4.71it/s][A

 15%|█▌        | 39/253 [00:07<00:43,  4.91it/s][A

 16%|█▌        | 40/253 [00:07<00:44,  4.77it/s][A

 16%|█▌        | 41/253 [00:08<00:45,  4.65it/s][A

 17%|█▋        | 42/253 [00:08<00:44,  4.69it/s][A

 17%|█▋        | 43/253 [00:08<00:46,  4.48it/s][A

 17%|█▋        | 44/253 [00:08<00:54,  3.87it/s][A

 18%|█▊        | 45/253 [00:09<00:53,  3.92it/s][A

 18%|█▊        | 46/253 [00:09<00:51,  4.01it/s][A

 19%|█▊        | 47/253 [00:09<00:47,  4.30it/s][A

 19%|█▉        | 48/253 [00:09<00:48,  4.22it/s][A

 19%|█▉        | 49/253 [00:10<00:46,  4.34it/s][A

 20%|█▉        | 50/253 [00:10<00:42,  4.76it/s][A

 20%|██        | 51/253 [00:10<00:48,  4.17it/s][A

 21%|██        | 52/253 [00:10<00:48,  4.17it/s][A

 21%|██        | 53/253 [00:10<00:44,  4.54it/s][A

 21%|██▏       | 54/253 [00:11<01:04,  3.09it/s][A

 22%|██▏       | 55/253 [00:11<00:54,  3.61it/s][A

 22%|██▏       | 56/253 [00:11<00:54,  3.59it/s][A

 23%|██▎       | 57/253 [00:12<00:49,  3.98it/s][A

 23%|██▎       | 58/253 [00:12<00:45,  4.28it/s][A

 23%|██▎       | 59/253 [00:12<00:41,  4.66it/s][A

 24%|██▎       | 60/253 [00:12<00:45,  4.27it/s][A

 24%|██▍       | 61/253 [00:12<00:40,  4.77it/s][A

 25%|██▍       | 62/253 [00:13<00:40,  4.76it/s][A

 25%|██▍       | 63/253 [00:13<00:37,  5.02it/s][A

 25%|██▌       | 64/253 [00:13<00:36,  5.25it/s][A

 26%|██▌       | 65/253 [00:13<00:34,  5.44it/s][A

 26%|██▌       | 66/253 [00:13<00:33,  5.62it/s][A

 26%|██▋       | 67/253 [00:13<00:31,  5.92it/s][A

 27%|██▋       | 68/253 [00:14<00:29,  6.24it/s][A

 27%|██▋       | 69/253 [00:14<00:29,  6.17it/s][A

 28%|██▊       | 70/253 [00:14<00:29,  6.27it/s][A

 28%|██▊       | 71/253 [00:14<00:29,  6.25it/s][A

 28%|██▊       | 72/253 [00:14<00:28,  6.43it/s][A

 29%|██▉       | 73/253 [00:14<00:27,  6.58it/s][A

 29%|██▉       | 74/253 [00:15<00:27,  6.55it/s][A

 30%|██▉       | 75/253 [00:15<00:28,  6.31it/s][A

 30%|███       | 76/253 [00:15<00:28,  6.22it/s][A

 30%|███       | 77/253 [00:15<00:30,  5.85it/s][A

 31%|███       | 78/253 [00:15<00:32,  5.47it/s][A

 31%|███       | 79/253 [00:15<00:33,  5.25it/s][A

 32%|███▏      | 80/253 [00:16<00:31,  5.44it/s][A

 32%|███▏      | 81/253 [00:16<00:30,  5.62it/s][A

 32%|███▏      | 82/253 [00:16<00:33,  5.10it/s][A

 33%|███▎      | 83/253 [00:16<00:40,  4.20it/s][A

 33%|███▎      | 84/253 [00:17<00:41,  4.11it/s][A

 34%|███▎      | 85/253 [00:17<00:40,  4.14it/s][A

 34%|███▍      | 86/253 [00:17<00:38,  4.39it/s][A

 34%|███▍      | 87/253 [00:18<00:51,  3.23it/s][A

 35%|███▍      | 88/253 [00:18<00:50,  3.26it/s][A

 35%|███▌      | 89/253 [00:18<00:44,  3.70it/s][A

 36%|███▌      | 90/253 [00:18<00:41,  3.93it/s][A

 36%|███▌      | 91/253 [00:19<00:39,  4.11it/s][A

 36%|███▋      | 92/253 [00:19<00:37,  4.27it/s][A

 37%|███▋      | 93/253 [00:19<00:35,  4.53it/s][A

 37%|███▋      | 94/253 [00:19<00:33,  4.70it/s][A

 38%|███▊      | 95/253 [00:19<00:33,  4.76it/s][A

 38%|███▊      | 96/253 [00:20<00:32,  4.87it/s][A

 38%|███▊      | 97/253 [00:20<00:30,  5.04it/s][A

 39%|███▊      | 98/253 [00:20<00:32,  4.71it/s][A

 39%|███▉      | 99/253 [00:20<00:32,  4.71it/s][A

 40%|███▉      | 100/253 [00:20<00:33,  4.56it/s][A

 40%|███▉      | 101/253 [00:21<00:31,  4.87it/s][A

 40%|████      | 102/253 [00:21<00:36,  4.12it/s][A

 41%|████      | 103/253 [00:21<00:37,  3.98it/s][A

 41%|████      | 104/253 [00:21<00:38,  3.86it/s][A

 42%|████▏     | 105/253 [00:22<00:47,  3.12it/s][A

 42%|████▏     | 106/253 [00:22<00:44,  3.33it/s][A

 42%|████▏     | 107/253 [00:22<00:40,  3.64it/s][A

 43%|████▎     | 108/253 [00:23<00:41,  3.46it/s][A

 43%|████▎     | 109/253 [00:23<00:39,  3.66it/s][A

 43%|████▎     | 110/253 [00:23<00:36,  3.93it/s][A

 44%|████▍     | 111/253 [00:23<00:37,  3.79it/s][A

 44%|████▍     | 112/253 [00:24<00:37,  3.74it/s][A

 45%|████▍     | 113/253 [00:24<00:34,  4.08it/s][A

 45%|████▌     | 114/253 [00:24<00:33,  4.15it/s][A

 45%|████▌     | 115/253 [00:24<00:31,  4.42it/s][A

 46%|████▌     | 116/253 [00:25<00:30,  4.49it/s][A

 46%|████▌     | 117/253 [00:25<00:27,  4.87it/s][A

 47%|████▋     | 118/253 [00:25<00:26,  5.02it/s][A

 47%|████▋     | 119/253 [00:25<00:25,  5.19it/s][A

 47%|████▋     | 120/253 [00:25<00:27,  4.88it/s][A

 48%|████▊     | 121/253 [00:25<00:26,  4.99it/s][A

 48%|████▊     | 122/253 [00:26<00:26,  5.02it/s][A

 49%|████▊     | 123/253 [00:26<00:24,  5.24it/s][A

 49%|████▉     | 124/253 [00:26<00:24,  5.20it/s][A

 49%|████▉     | 125/253 [00:26<00:24,  5.16it/s][A

 50%|████▉     | 126/253 [00:26<00:24,  5.09it/s][A

 50%|█████     | 127/253 [00:27<00:38,  3.30it/s][A

 51%|█████     | 128/253 [00:27<00:35,  3.57it/s][A

 51%|█████     | 129/253 [00:27<00:32,  3.76it/s][A

 51%|█████▏    | 130/253 [00:28<00:31,  3.86it/s][A

 52%|█████▏    | 131/253 [00:28<00:30,  4.03it/s][A

 52%|█████▏    | 132/253 [00:28<00:34,  3.53it/s][A

 53%|█████▎    | 133/253 [00:29<00:33,  3.55it/s][A

 53%|█████▎    | 134/253 [00:29<00:29,  4.04it/s][A

 53%|█████▎    | 135/253 [00:29<00:30,  3.92it/s][A

 54%|█████▍    | 136/253 [00:29<00:30,  3.88it/s][A

 54%|█████▍    | 137/253 [00:30<00:30,  3.82it/s][A

 55%|█████▍    | 138/253 [00:30<00:28,  4.00it/s][A

 55%|█████▍    | 139/253 [00:30<00:25,  4.43it/s][A

 55%|█████▌    | 140/253 [00:30<00:24,  4.63it/s][A

 56%|█████▌    | 141/253 [00:30<00:28,  3.90it/s][A

 56%|█████▌    | 142/253 [00:31<00:25,  4.38it/s][A

 57%|█████▋    | 143/253 [00:31<00:26,  4.07it/s][A

 57%|█████▋    | 144/253 [00:31<00:24,  4.47it/s][A

 57%|█████▋    | 145/253 [00:31<00:24,  4.33it/s][A

 58%|█████▊    | 146/253 [00:32<00:23,  4.50it/s][A

 58%|█████▊    | 147/253 [00:32<00:23,  4.46it/s][A

 58%|█████▊    | 148/253 [00:32<00:21,  4.83it/s][A

 59%|█████▉    | 149/253 [00:32<00:20,  5.02it/s][A

 59%|█████▉    | 150/253 [00:32<00:19,  5.40it/s][A

 60%|█████▉    | 151/253 [00:32<00:19,  5.31it/s][A

 60%|██████    | 152/253 [00:33<00:18,  5.33it/s][A

 60%|██████    | 153/253 [00:33<00:20,  4.99it/s][A

 61%|██████    | 154/253 [00:33<00:19,  5.03it/s][A

 61%|██████▏   | 155/253 [00:33<00:21,  4.56it/s][A

 62%|██████▏   | 156/253 [00:34<00:24,  4.03it/s][A

 62%|██████▏   | 157/253 [00:34<00:23,  4.08it/s][A

 62%|██████▏   | 158/253 [00:34<00:25,  3.78it/s][A

 63%|██████▎   | 159/253 [00:35<00:26,  3.60it/s][A

 63%|██████▎   | 160/253 [00:35<00:25,  3.67it/s][A

 64%|██████▎   | 161/253 [00:35<00:26,  3.49it/s][A

 64%|██████▍   | 162/253 [00:35<00:23,  3.89it/s][A

 64%|██████▍   | 163/253 [00:36<00:24,  3.71it/s][A

 65%|██████▍   | 164/253 [00:36<00:21,  4.15it/s][A

 65%|██████▌   | 165/253 [00:36<00:24,  3.61it/s][A

 66%|██████▌   | 166/253 [00:36<00:21,  3.98it/s][A

 66%|██████▌   | 167/253 [00:36<00:19,  4.34it/s][A

 66%|██████▋   | 168/253 [00:37<00:17,  4.90it/s][A

 67%|██████▋   | 169/253 [00:37<00:16,  5.14it/s][A

 67%|██████▋   | 170/253 [00:37<00:16,  5.03it/s][A

 68%|██████▊   | 171/253 [00:37<00:20,  4.06it/s][A

 68%|██████▊   | 172/253 [00:38<00:18,  4.50it/s][A

 68%|██████▊   | 173/253 [00:38<00:16,  4.88it/s][A

 69%|██████▉   | 174/253 [00:38<00:16,  4.82it/s][A

 69%|██████▉   | 175/253 [00:38<00:18,  4.21it/s][A

 70%|██████▉   | 176/253 [00:38<00:16,  4.67it/s][A

 70%|██████▉   | 177/253 [00:39<00:14,  5.09it/s][A

 70%|███████   | 178/253 [00:39<00:13,  5.40it/s][A

 71%|███████   | 179/253 [00:39<00:15,  4.76it/s][A

 71%|███████   | 180/253 [00:39<00:15,  4.81it/s][A

 72%|███████▏  | 181/253 [00:39<00:14,  4.97it/s][A

 72%|███████▏  | 182/253 [00:40<00:15,  4.71it/s][A

 72%|███████▏  | 183/253 [00:40<00:15,  4.56it/s][A

 73%|███████▎  | 184/253 [00:40<00:16,  4.16it/s][A

 73%|███████▎  | 185/253 [00:40<00:16,  4.17it/s][A

 74%|███████▎  | 186/253 [00:41<00:16,  4.19it/s][A

 74%|███████▍  | 187/253 [00:41<00:14,  4.57it/s][A

 74%|███████▍  | 188/253 [00:41<00:14,  4.46it/s][A

 75%|███████▍  | 189/253 [00:41<00:15,  4.13it/s][A

 75%|███████▌  | 190/253 [00:41<00:14,  4.42it/s][A

 75%|███████▌  | 191/253 [00:42<00:15,  4.01it/s][A

 76%|███████▌  | 192/253 [00:42<00:13,  4.45it/s][A

 76%|███████▋  | 193/253 [00:42<00:12,  4.63it/s][A

 77%|███████▋  | 194/253 [00:42<00:11,  5.01it/s][A

 77%|███████▋  | 195/253 [00:42<00:11,  5.22it/s][A

 77%|███████▋  | 196/253 [00:43<00:10,  5.44it/s][A

 78%|███████▊  | 197/253 [00:43<00:09,  5.84it/s][A

 78%|███████▊  | 198/253 [00:43<00:09,  6.03it/s][A

 79%|███████▊  | 199/253 [00:43<00:09,  5.94it/s][A

 79%|███████▉  | 200/253 [00:43<00:08,  6.10it/s][A

 79%|███████▉  | 201/253 [00:43<00:08,  6.02it/s][A

 80%|███████▉  | 202/253 [00:44<00:08,  5.98it/s][A

 80%|████████  | 203/253 [00:44<00:08,  5.73it/s][A

 81%|████████  | 204/253 [00:44<00:08,  5.83it/s][A

 81%|████████  | 205/253 [00:44<00:08,  5.81it/s][A

 81%|████████▏ | 206/253 [00:44<00:07,  5.91it/s][A

 82%|████████▏ | 207/253 [00:45<00:08,  5.34it/s][A

 82%|████████▏ | 208/253 [00:45<00:09,  4.93it/s][A

 83%|████████▎ | 209/253 [00:45<00:08,  5.23it/s][A

 83%|████████▎ | 210/253 [00:45<00:08,  5.11it/s][A

 83%|████████▎ | 211/253 [00:45<00:09,  4.53it/s][A

 84%|████████▍ | 212/253 [00:46<00:09,  4.11it/s][A

 84%|████████▍ | 213/253 [00:46<00:10,  3.77it/s][A

 85%|████████▍ | 214/253 [00:46<00:12,  3.19it/s][A

 85%|████████▍ | 215/253 [00:47<00:13,  2.86it/s][A

 85%|████████▌ | 216/253 [00:47<00:11,  3.29it/s][A

 86%|████████▌ | 217/253 [00:47<00:10,  3.58it/s][A

 86%|████████▌ | 218/253 [00:48<00:09,  3.70it/s][A

 87%|████████▋ | 219/253 [00:48<00:08,  4.16it/s][A

 87%|████████▋ | 220/253 [00:48<00:07,  4.27it/s][A

 87%|████████▋ | 221/253 [00:48<00:07,  4.07it/s][A

 88%|████████▊ | 222/253 [00:49<00:08,  3.55it/s][A

 88%|████████▊ | 223/253 [00:49<00:09,  3.31it/s][A

 89%|████████▊ | 224/253 [00:49<00:08,  3.23it/s][A

 89%|████████▉ | 225/253 [00:50<00:08,  3.41it/s][A

 89%|████████▉ | 226/253 [00:50<00:07,  3.46it/s][A

 90%|████████▉ | 227/253 [00:50<00:07,  3.68it/s][A

 90%|█████████ | 228/253 [00:50<00:07,  3.15it/s][A

 91%|█████████ | 229/253 [00:51<00:08,  2.86it/s][A

 91%|█████████ | 230/253 [00:51<00:08,  2.87it/s][A

 91%|█████████▏| 231/253 [00:52<00:08,  2.70it/s][A

 92%|█████████▏| 232/253 [00:52<00:06,  3.02it/s][A

 92%|█████████▏| 233/253 [00:52<00:06,  3.17it/s][A

 92%|█████████▏| 234/253 [00:52<00:05,  3.45it/s][A

 93%|█████████▎| 235/253 [00:53<00:05,  3.39it/s][A

 93%|█████████▎| 236/253 [00:53<00:04,  3.68it/s][A

 94%|█████████▎| 237/253 [00:53<00:04,  3.63it/s][A

 94%|█████████▍| 238/253 [00:53<00:03,  3.87it/s][A

 94%|█████████▍| 239/253 [00:54<00:04,  3.44it/s][A

 95%|█████████▍| 240/253 [00:54<00:03,  3.79it/s][A

 95%|█████████▌| 241/253 [00:54<00:03,  3.87it/s][A

 96%|█████████▌| 242/253 [00:54<00:02,  4.43it/s][A

 96%|█████████▌| 243/253 [00:55<00:02,  4.81it/s][A

 96%|█████████▋| 244/253 [00:55<00:01,  4.85it/s][A

 97%|█████████▋| 245/253 [00:55<00:01,  5.28it/s][A

 97%|█████████▋| 246/253 [00:55<00:01,  5.28it/s][A

 98%|█████████▊| 247/253 [00:55<00:01,  5.73it/s][A

 98%|█████████▊| 248/253 [00:55<00:00,  6.03it/s][A

 98%|█████████▊| 249/253 [00:56<00:00,  6.15it/s][A

 99%|█████████▉| 250/253 [00:56<00:00,  6.13it/s][A

 99%|█████████▉| 251/253 [00:56<00:00,  6.34it/s][A

100%|█████████▉| 252/253 [00:56<00:00,  6.40it/s][A

100%|██████████| 253/253 [00:56<00:00,  6.55it/s][A
                                                    

                                                 
[A{'eval_loss': '1.79', 'eval_runtime': '57.13', 'eval_samples_per_second': '8.857', 'eval_steps_per_second': '4.428', 'eval_entropy': '1.783', 'eval_num_tokens': '2.059e+05', 'eval_mean_token_accuracy': '0.5627', 'epoch': '0.1819'}

  9%|▉         | 100/1100 [06:34<1:01:02,  3.66s/it]

100%|██████████| 253/253 [00:56<00:00,  6.55it/s][A

                                                 [A
  9%|▉         | 101/1100 [06:36<5:41:37, 20.52s/it]
  9%|▉         | 102/1100 [06:39<4:14:36, 15.31s/it]
  9%|▉         | 103/1100 [06:43<3:18:19, 11.94s/it]
  9%|▉         | 104/1100 [06:46<2:30:41,  9.08s/it]
 10%|▉         | 105/1100 [06:49<2:00:24,  7.26s/it]
 10%|▉         | 106/1100 [06:53<1:46:15,  6.41s/it]
 10%|▉         | 107/1100 [06:56<1:28:21,  5.34s/it]
 10%|▉         | 108/1100 [07:00<1:22:38,  5.00s/it]
 10%|▉         | 109/1100 [07:03<1:13:01,  4.42s/it]
 10%|█         | 110/1100 [07:07<1:07:58,  4.12s/it]
                                                    
{'loss': '1.854', 'grad_norm': '0.9605', 'learning_rate': '0.0001982', 'entropy': '1.806', 'num_tokens': '2.264e+05', 'mean_token_accuracy': '0.572', 'epoch': '0.2001'}

 10%|█         | 110/1100 [07:07<1:07:58,  4.12s/it]
 10%|█         | 111/1100 [07:09<58:02,  3.52s/it]  
 10%|█         | 112/1100 [07:12<54:14,  3.29s/it]
 10%|█         | 113/1100 [07:15<53:30,  3.25s/it]
 10%|█         | 114/1100 [07:18<53:44,  3.27s/it]
 10%|█         | 115/1100 [07:21<52:49,  3.22s/it]
 11%|█         | 116/1100 [07:24<49:23,  3.01s/it]
 11%|█         | 117/1100 [07:27<47:33,  2.90s/it]
 11%|█         | 118/1100 [07:30<49:17,  3.01s/it]
 11%|█         | 119/1100 [07:33<49:02,  3.00s/it]
 11%|█         | 120/1100 [07:36<51:17,  3.14s/it]
                                                  
{'loss': '1.824', 'grad_norm': '1.19', 'learning_rate': '0.0002', 'entropy': '1.812', 'num_tokens': '2.469e+05', 'mean_token_accuracy': '0.5671', 'epoch': '0.2183'}

 11%|█         | 120/1100 [07:36<51:17,  3.14s/it]
 11%|█         | 121/1100 [07:39<50:41,  3.11s/it]
 11%|█         | 122/1100 [07:43<51:44,  3.17s/it]
 11%|█         | 123/1100 [07:45<48:13,  2.96s/it]
 11%|█▏        | 124/1100 [07:48<50:23,  3.10s/it]
 11%|█▏        | 125/1100 [07:51<47:18,  2.91s/it]
 11%|█▏        | 126/1100 [07:55<50:50,  3.13s/it]
 12%|█▏        | 127/1100 [07:59<54:51,  3.38s/it]
 12%|█▏        | 128/1100 [08:02<54:13,  3.35s/it]
 12%|█▏        | 129/1100 [08:05<51:41,  3.19s/it]
 12%|█▏        | 130/1100 [08:08<50:40,  3.13s/it]
                                                  
{'loss': '1.779', 'grad_norm': '1.139', 'learning_rate': '0.0001998', 'entropy': '1.747', 'num_tokens': '2.675e+05', 'mean_token_accuracy': '0.5681', 'epoch': '0.2365'}

 12%|█▏        | 130/1100 [08:08<50:40,  3.13s/it]
 12%|█▏        | 131/1100 [08:11<50:36,  3.13s/it]
 12%|█▏        | 132/1100 [08:14<50:01,  3.10s/it]
 12%|█▏        | 133/1100 [08:17<52:30,  3.26s/it]
 12%|█▏        | 134/1100 [08:20<49:53,  3.10s/it]
 12%|█▏        | 135/1100 [08:23<50:25,  3.14s/it]
 12%|█▏        | 136/1100 [08:26<48:47,  3.04s/it]
 12%|█▏        | 137/1100 [08:29<49:12,  3.07s/it]
 13%|█▎        | 138/1100 [08:32<49:16,  3.07s/it]
 13%|█▎        | 139/1100 [08:36<49:25,  3.09s/it]
 13%|█▎        | 140/1100 [08:39<51:07,  3.20s/it]
                                                  
{'loss': '1.731', 'grad_norm': '1.218', 'learning_rate': '0.0001996', 'entropy': '1.706', 'num_tokens': '2.883e+05', 'mean_token_accuracy': '0.5868', 'epoch': '0.2547'}

 13%|█▎        | 140/1100 [08:39<51:07,  3.20s/it]
 13%|█▎        | 141/1100 [08:42<49:59,  3.13s/it]
 13%|█▎        | 142/1100 [08:45<49:36,  3.11s/it]
 13%|█▎        | 143/1100 [08:48<50:36,  3.17s/it]
 13%|█▎        | 144/1100 [08:51<48:51,  3.07s/it]
 13%|█▎        | 145/1100 [08:55<50:12,  3.15s/it]
 13%|█▎        | 146/1100 [08:57<46:20,  2.91s/it]
 13%|█▎        | 147/1100 [09:00<46:16,  2.91s/it]
 13%|█▎        | 148/1100 [09:03<46:40,  2.94s/it]
 14%|█▎        | 149/1100 [09:06<46:07,  2.91s/it]
 14%|█▎        | 150/1100 [09:08<45:54,  2.90s/it]
                                                  
{'loss': '1.677', 'grad_norm': '1.146', 'learning_rate': '0.0001992', 'entropy': '1.638', 'num_tokens': '3.09e+05', 'mean_token_accuracy': '0.584', 'epoch': '0.2729'}

 14%|█▎        | 150/1100 [09:08<45:54,  2.90s/it]
 14%|█▎        | 151/1100 [09:12<46:49,  2.96s/it]
 14%|█▍        | 152/1100 [09:14<45:16,  2.87s/it]
 14%|█▍        | 153/1100 [09:17<46:41,  2.96s/it]
 14%|█▍        | 154/1100 [09:20<45:59,  2.92s/it]
 14%|█▍        | 155/1100 [09:23<46:26,  2.95s/it]
 14%|█▍        | 156/1100 [09:26<46:31,  2.96s/it]
 14%|█▍        | 157/1100 [09:29<46:03,  2.93s/it]
 14%|█▍        | 158/1100 [09:32<45:51,  2.92s/it]
 14%|█▍        | 159/1100 [09:35<45:43,  2.92s/it]
 15%|█▍        | 160/1100 [09:38<48:16,  3.08s/it]
                                                  
{'loss': '1.647', 'grad_norm': '1.262', 'learning_rate': '0.0001988', 'entropy': '1.598', 'num_tokens': '3.302e+05', 'mean_token_accuracy': '0.591', 'epoch': '0.291'}

 15%|█▍        | 160/1100 [09:38<48:16,  3.08s/it]
 15%|█▍        | 161/1100 [09:42<50:43,  3.24s/it]
 15%|█▍        | 162/1100 [09:45<48:23,  3.09s/it]
 15%|█▍        | 163/1100 [09:48<48:41,  3.12s/it]
 15%|█▍        | 164/1100 [09:51<48:34,  3.11s/it]
 15%|█▌        | 165/1100 [09:55<52:16,  3.35s/it]
 15%|█▌        | 166/1100 [09:58<49:31,  3.18s/it]
 15%|█▌        | 167/1100 [10:01<49:33,  3.19s/it]
 15%|█▌        | 168/1100 [10:04<51:20,  3.31s/it]
 15%|█▌        | 169/1100 [10:07<48:27,  3.12s/it]
 15%|█▌        | 170/1100 [10:11<50:18,  3.25s/it]
                                                  
{'loss': '1.69', 'grad_norm': '1.195', 'learning_rate': '0.0001983', 'entropy': '1.718', 'num_tokens': '3.512e+05', 'mean_token_accuracy': '0.5856', 'epoch': '0.3092'}

 15%|█▌        | 170/1100 [10:11<50:18,  3.25s/it]
 16%|█▌        | 171/1100 [10:13<47:59,  3.10s/it]
 16%|█▌        | 172/1100 [10:17<48:30,  3.14s/it]
 16%|█▌        | 173/1100 [10:20<49:00,  3.17s/it]
 16%|█▌        | 174/1100 [10:23<47:25,  3.07s/it]
 16%|█▌        | 175/1100 [10:26<45:54,  2.98s/it]
 16%|█▌        | 176/1100 [10:28<44:39,  2.90s/it]
 16%|█▌        | 177/1100 [10:31<44:40,  2.90s/it]
 16%|█▌        | 178/1100 [10:35<47:35,  3.10s/it]
 16%|█▋        | 179/1100 [10:38<48:08,  3.14s/it]
 16%|█▋        | 180/1100 [10:40<44:31,  2.90s/it]
                                                  
{'loss': '1.62', 'grad_norm': '1.139', 'learning_rate': '0.0001976', 'entropy': '1.638', 'num_tokens': '3.72e+05', 'mean_token_accuracy': '0.596', 'epoch': '0.3274'}

 16%|█▋        | 180/1100 [10:40<44:31,  2.90s/it]
 16%|█▋        | 181/1100 [10:44<46:24,  3.03s/it]
 17%|█▋        | 182/1100 [10:47<46:22,  3.03s/it]
 17%|█▋        | 183/1100 [10:50<49:07,  3.21s/it]
 17%|█▋        | 184/1100 [10:54<49:52,  3.27s/it]
 17%|█▋        | 185/1100 [10:57<52:09,  3.42s/it]
 17%|█▋        | 186/1100 [11:01<52:03,  3.42s/it]
 17%|█▋        | 187/1100 [11:04<50:08,  3.30s/it]
 17%|█▋        | 188/1100 [11:07<50:05,  3.30s/it]
 17%|█▋        | 189/1100 [11:10<47:44,  3.14s/it]
 17%|█▋        | 190/1100 [11:13<48:48,  3.22s/it]
                                                  
{'loss': '1.602', 'grad_norm': '1.306', 'learning_rate': '0.0001969', 'entropy': '1.587', 'num_tokens': '3.926e+05', 'mean_token_accuracy': '0.5986', 'epoch': '0.3456'}

 17%|█▋        | 190/1100 [11:13<48:48,  3.22s/it]
 17%|█▋        | 191/1100 [11:16<47:12,  3.12s/it]
 17%|█▋        | 192/1100 [11:19<47:35,  3.14s/it]
 18%|█▊        | 193/1100 [11:22<45:47,  3.03s/it]
 18%|█▊        | 194/1100 [11:26<47:07,  3.12s/it]
 18%|█▊        | 195/1100 [11:29<50:20,  3.34s/it]
 18%|█▊        | 196/1100 [11:33<50:57,  3.38s/it]
 18%|█▊        | 197/1100 [11:37<52:57,  3.52s/it]
 18%|█▊        | 198/1100 [11:41<54:09,  3.60s/it]
 18%|█▊        | 199/1100 [11:43<50:08,  3.34s/it]
 18%|█▊        | 200/1100 [11:46<48:53,  3.26s/it]
                                                  
{'loss': '1.701', 'grad_norm': '1.274', 'learning_rate': '0.000196', 'entropy': '1.666', 'num_tokens': '4.136e+05', 'mean_token_accuracy': '0.5875', 'epoch': '0.3638'}

 18%|█▊        | 200/1100 [11:46<48:53,  3.26s/it]

  0%|          | 0/253 [00:00<?, ?it/s][A

  1%|          | 2/253 [00:00<00:30,  8.12it/s][A

  1%|          | 3/253 [00:00<00:41,  6.07it/s][A

  2%|▏         | 4/253 [00:00<00:45,  5.50it/s][A

  2%|▏         | 5/253 [00:00<00:43,  5.64it/s][A

  2%|▏         | 6/253 [00:01<00:43,  5.69it/s][A

  3%|▎         | 7/253 [00:01<00:42,  5.78it/s][A

  3%|▎         | 8/253 [00:01<00:40,  6.00it/s][A

  4%|▎         | 9/253 [00:01<00:40,  6.05it/s][A

  4%|▍         | 10/253 [00:01<00:39,  6.08it/s][A

  4%|▍         | 11/253 [00:01<00:38,  6.27it/s][A

  5%|▍         | 12/253 [00:01<00:39,  6.18it/s][A

  5%|▌         | 13/253 [00:02<00:37,  6.34it/s][A

  6%|▌         | 14/253 [00:02<00:37,  6.40it/s][A

  6%|▌         | 15/253 [00:02<00:37,  6.27it/s][A

  6%|▋         | 16/253 [00:02<00:37,  6.27it/s][A

  7%|▋         | 17/253 [00:02<00:37,  6.34it/s][A

  7%|▋         | 18/253 [00:02<00:36,  6.47it/s][A

  8%|▊         | 19/253 [00:03<00:37,  6.25it/s][A

  8%|▊         | 20/253 [00:03<00:38,  6.04it/s][A

  8%|▊         | 21/253 [00:03<00:38,  5.98it/s][A

  9%|▊         | 22/253 [00:03<00:38,  5.96it/s][A

  9%|▉         | 23/253 [00:03<00:38,  6.00it/s][A

  9%|▉         | 24/253 [00:03<00:38,  5.89it/s][A

 10%|▉         | 25/253 [00:04<00:41,  5.53it/s][A

 10%|█         | 26/253 [00:04<00:39,  5.68it/s][A

 11%|█         | 27/253 [00:04<00:40,  5.61it/s][A

 11%|█         | 28/253 [00:04<00:40,  5.50it/s][A

 11%|█▏        | 29/253 [00:04<00:44,  5.06it/s][A

 12%|█▏        | 30/253 [00:05<00:42,  5.29it/s][A

 12%|█▏        | 31/253 [00:05<00:42,  5.20it/s][A

 13%|█▎        | 32/253 [00:05<00:49,  4.46it/s][A

 13%|█▎        | 33/253 [00:05<00:48,  4.54it/s][A

 13%|█▎        | 34/253 [00:05<00:46,  4.74it/s][A

 14%|█▍        | 35/253 [00:06<00:44,  4.85it/s][A

 14%|█▍        | 36/253 [00:06<00:43,  5.00it/s][A

 15%|█▍        | 37/253 [00:06<00:42,  5.08it/s][A

 15%|█▌        | 38/253 [00:06<00:43,  4.98it/s][A

 15%|█▌        | 39/253 [00:07<00:45,  4.68it/s][A

 16%|█▌        | 40/253 [00:07<00:43,  4.90it/s][A

 16%|█▌        | 41/253 [00:07<00:44,  4.82it/s][A

 17%|█▋        | 42/253 [00:07<00:41,  5.08it/s][A

 17%|█▋        | 43/253 [00:07<00:43,  4.83it/s][A

 17%|█▋        | 44/253 [00:08<00:55,  3.76it/s][A

 18%|█▊        | 45/253 [00:08<00:53,  3.91it/s][A

 18%|█▊        | 46/253 [00:08<00:47,  4.35it/s][A

 19%|█▊        | 47/253 [00:08<00:43,  4.69it/s][A

 19%|█▉        | 48/253 [00:08<00:41,  4.94it/s][A

 19%|█▉        | 49/253 [00:09<00:45,  4.48it/s][A

 20%|█▉        | 50/253 [00:09<00:47,  4.28it/s][A

 20%|██        | 51/253 [00:09<00:43,  4.68it/s][A

 21%|██        | 52/253 [00:09<00:42,  4.70it/s][A

 21%|██        | 53/253 [00:10<00:42,  4.72it/s][A

 21%|██▏       | 54/253 [00:10<00:40,  4.88it/s][A

 22%|██▏       | 55/253 [00:10<00:41,  4.82it/s][A

 22%|██▏       | 56/253 [00:10<00:41,  4.72it/s][A

 23%|██▎       | 57/253 [00:10<00:39,  4.98it/s][A

 23%|██▎       | 58/253 [00:11<00:39,  4.91it/s][A

 23%|██▎       | 59/253 [00:11<00:37,  5.11it/s][A

 24%|██▎       | 60/253 [00:11<00:42,  4.53it/s][A

 24%|██▍       | 61/253 [00:11<00:44,  4.35it/s][A

 25%|██▍       | 62/253 [00:11<00:41,  4.58it/s][A

 25%|██▍       | 63/253 [00:12<00:38,  4.91it/s][A

 25%|██▌       | 64/253 [00:12<00:37,  5.04it/s][A

 26%|██▌       | 65/253 [00:12<00:41,  4.55it/s][A

 26%|██▌       | 66/253 [00:12<00:38,  4.80it/s][A

 26%|██▋       | 67/253 [00:12<00:37,  5.00it/s][A

 27%|██▋       | 68/253 [00:13<00:34,  5.36it/s][A

 27%|██▋       | 69/253 [00:13<00:33,  5.53it/s][A

 28%|██▊       | 70/253 [00:13<00:35,  5.18it/s][A

 28%|██▊       | 71/253 [00:13<00:34,  5.24it/s][A

 28%|██▊       | 72/253 [00:13<00:32,  5.54it/s][A

 29%|██▉       | 73/253 [00:14<00:31,  5.65it/s][A

 29%|██▉       | 74/253 [00:14<00:30,  5.80it/s][A

 30%|██▉       | 75/253 [00:14<00:33,  5.31it/s][A

 30%|███       | 76/253 [00:14<00:32,  5.50it/s][A

 30%|███       | 77/253 [00:14<00:31,  5.60it/s][A

 31%|███       | 78/253 [00:15<00:35,  4.92it/s][A

 31%|███       | 79/253 [00:15<00:35,  4.89it/s][A

 32%|███▏      | 80/253 [00:15<00:50,  3.45it/s][A

 32%|███▏      | 81/253 [00:15<00:46,  3.68it/s][A

 32%|███▏      | 82/253 [00:16<00:45,  3.77it/s][A

 33%|███▎      | 83/253 [00:16<00:53,  3.17it/s][A

 33%|███▎      | 84/253 [00:16<00:49,  3.42it/s][A

 34%|███▎      | 85/253 [00:17<00:48,  3.44it/s][A

 34%|███▍      | 86/253 [00:17<00:45,  3.71it/s][A

 34%|███▍      | 87/253 [00:17<00:39,  4.16it/s][A

 35%|███▍      | 88/253 [00:17<00:36,  4.58it/s][A

 35%|███▌      | 89/253 [00:17<00:33,  4.91it/s][A

 36%|███▌      | 90/253 [00:18<00:33,  4.88it/s][A

 36%|███▌      | 91/253 [00:18<00:30,  5.33it/s][A

 36%|███▋      | 92/253 [00:18<00:29,  5.40it/s][A

 37%|███▋      | 93/253 [00:18<00:28,  5.52it/s][A

 37%|███▋      | 94/253 [00:18<00:27,  5.71it/s][A

 38%|███▊      | 95/253 [00:18<00:29,  5.39it/s][A

 38%|███▊      | 96/253 [00:19<00:28,  5.60it/s][A

 38%|███▊      | 97/253 [00:19<00:26,  5.91it/s][A

 39%|███▊      | 98/253 [00:19<00:27,  5.57it/s][A

 39%|███▉      | 99/253 [00:19<00:27,  5.70it/s][A

 40%|███▉      | 100/253 [00:19<00:26,  5.73it/s][A

 40%|███▉      | 101/253 [00:19<00:26,  5.77it/s][A

 40%|████      | 102/253 [00:20<00:25,  5.82it/s][A

 41%|████      | 103/253 [00:20<00:25,  5.85it/s][A

 41%|████      | 104/253 [00:20<00:25,  5.91it/s][A

 42%|████▏     | 105/253 [00:20<00:25,  5.87it/s][A

 42%|████▏     | 106/253 [00:20<00:25,  5.87it/s][A

 42%|████▏     | 107/253 [00:21<00:25,  5.84it/s][A

 43%|████▎     | 108/253 [00:21<00:25,  5.58it/s][A

 43%|████▎     | 109/253 [00:21<00:28,  5.14it/s][A

 43%|████▎     | 110/253 [00:21<00:26,  5.31it/s][A

 44%|████▍     | 111/253 [00:21<00:30,  4.71it/s][A

 44%|████▍     | 112/253 [00:22<00:29,  4.83it/s][A

 45%|████▍     | 113/253 [00:22<00:27,  5.03it/s][A

 45%|████▌     | 114/253 [00:22<00:29,  4.75it/s][A

 45%|████▌     | 115/253 [00:22<00:31,  4.34it/s][A

 46%|████▌     | 116/253 [00:22<00:29,  4.64it/s][A

 46%|████▌     | 117/253 [00:23<00:29,  4.67it/s][A

 47%|████▋     | 118/253 [00:23<00:27,  4.83it/s][A

 47%|████▋     | 119/253 [00:23<00:26,  5.14it/s][A

 47%|████▋     | 120/253 [00:23<00:24,  5.37it/s][A

 48%|████▊     | 121/253 [00:23<00:23,  5.50it/s][A

 48%|████▊     | 122/253 [00:24<00:23,  5.47it/s][A

 49%|████▊     | 123/253 [00:24<00:23,  5.62it/s][A

 49%|████▉     | 124/253 [00:24<00:24,  5.37it/s][A

 49%|████▉     | 125/253 [00:24<00:22,  5.66it/s][A

 50%|████▉     | 126/253 [00:24<00:21,  5.79it/s][A

 50%|█████     | 127/253 [00:24<00:21,  5.86it/s][A

 51%|█████     | 128/253 [00:25<00:20,  6.03it/s][A

 51%|█████     | 129/253 [00:25<00:20,  5.97it/s][A

 51%|█████▏    | 130/253 [00:25<00:20,  6.00it/s][A

 52%|█████▏    | 131/253 [00:25<00:21,  5.67it/s][A

 52%|█████▏    | 132/253 [00:25<00:21,  5.75it/s][A

 53%|█████▎    | 133/253 [00:25<00:20,  5.89it/s][A

 53%|█████▎    | 134/253 [00:26<00:19,  6.05it/s][A

 53%|█████▎    | 135/253 [00:26<00:19,  5.98it/s][A

 54%|█████▍    | 136/253 [00:26<00:19,  6.02it/s][A

 54%|█████▍    | 137/253 [00:26<00:18,  6.11it/s][A

 55%|█████▍    | 138/253 [00:26<00:19,  5.89it/s][A

 55%|█████▍    | 139/253 [00:27<00:22,  4.98it/s][A

 55%|█████▌    | 140/253 [00:27<00:21,  5.17it/s][A

 56%|█████▌    | 141/253 [00:27<00:21,  5.24it/s][A

 56%|█████▌    | 142/253 [00:27<00:23,  4.75it/s][A

 57%|█████▋    | 143/253 [00:27<00:23,  4.65it/s][A

 57%|█████▋    | 144/253 [00:28<00:23,  4.67it/s][A

 57%|█████▋    | 145/253 [00:28<00:22,  4.70it/s][A

 58%|█████▊    | 146/253 [00:28<00:22,  4.66it/s][A

 58%|█████▊    | 147/253 [00:28<00:22,  4.73it/s][A

 58%|█████▊    | 148/253 [00:28<00:23,  4.46it/s][A

 59%|█████▉    | 149/253 [00:29<00:21,  4.78it/s][A

 59%|█████▉    | 150/253 [00:29<00:20,  4.97it/s][A

 60%|█████▉    | 151/253 [00:29<00:19,  5.20it/s][A

 60%|██████    | 152/253 [00:29<00:19,  5.30it/s][A

 60%|██████    | 153/253 [00:29<00:17,  5.63it/s][A

 61%|██████    | 154/253 [00:30<00:19,  5.01it/s][A

 61%|██████▏   | 155/253 [00:30<00:18,  5.21it/s][A

 62%|██████▏   | 156/253 [00:30<00:18,  5.24it/s][A

 62%|██████▏   | 157/253 [00:30<00:17,  5.43it/s][A

 62%|██████▏   | 158/253 [00:30<00:16,  5.63it/s][A

 63%|██████▎   | 159/253 [00:30<00:16,  5.69it/s][A

 63%|██████▎   | 160/253 [00:31<00:16,  5.79it/s][A

 64%|██████▎   | 161/253 [00:31<00:15,  5.81it/s][A

 64%|██████▍   | 162/253 [00:31<00:16,  5.59it/s][A

 64%|██████▍   | 163/253 [00:31<00:18,  4.76it/s][A

 65%|██████▍   | 164/253 [00:31<00:17,  5.10it/s][A

 65%|██████▌   | 165/253 [00:32<00:16,  5.31it/s][A

 66%|██████▌   | 166/253 [00:32<00:16,  5.37it/s][A

 66%|██████▌   | 167/253 [00:32<00:15,  5.50it/s][A

 66%|██████▋   | 168/253 [00:32<00:19,  4.31it/s][A

 67%|██████▋   | 169/253 [00:33<00:20,  4.13it/s][A

 67%|██████▋   | 170/253 [00:33<00:20,  3.96it/s][A

 68%|██████▊   | 171/253 [00:33<00:21,  3.79it/s][A

 68%|██████▊   | 172/253 [00:33<00:19,  4.22it/s][A

 68%|██████▊   | 173/253 [00:33<00:18,  4.37it/s][A

 69%|██████▉   | 174/253 [00:34<00:17,  4.41it/s][A

 69%|██████▉   | 175/253 [00:34<00:25,  3.06it/s][A

 70%|██████▉   | 176/253 [00:35<00:23,  3.25it/s][A

 70%|██████▉   | 177/253 [00:35<00:28,  2.69it/s][A

 70%|███████   | 178/253 [00:35<00:23,  3.14it/s][A

 71%|███████   | 179/253 [00:36<00:23,  3.20it/s][A

 71%|███████   | 180/253 [00:36<00:20,  3.49it/s][A

 72%|███████▏  | 181/253 [00:36<00:22,  3.17it/s][A

 72%|███████▏  | 182/253 [00:36<00:20,  3.52it/s][A

 72%|███████▏  | 183/253 [00:37<00:17,  4.03it/s][A

 73%|███████▎  | 184/253 [00:37<00:16,  4.25it/s][A

 73%|███████▎  | 185/253 [00:37<00:16,  4.14it/s][A

 74%|███████▎  | 186/253 [00:37<00:14,  4.65it/s][A

 74%|███████▍  | 187/253 [00:37<00:13,  4.95it/s][A

 74%|███████▍  | 188/253 [00:38<00:13,  4.77it/s][A

 75%|███████▍  | 189/253 [00:38<00:12,  5.03it/s][A

 75%|███████▌  | 190/253 [00:38<00:12,  5.11it/s][A

 75%|███████▌  | 191/253 [00:38<00:13,  4.73it/s][A

 76%|███████▌  | 192/253 [00:38<00:12,  5.00it/s][A

 76%|███████▋  | 193/253 [00:39<00:12,  4.99it/s][A

 77%|███████▋  | 194/253 [00:39<00:12,  4.86it/s][A

 77%|███████▋  | 195/253 [00:39<00:12,  4.63it/s][A

 77%|███████▋  | 196/253 [00:39<00:13,  4.25it/s][A

 78%|███████▊  | 197/253 [00:40<00:13,  4.26it/s][A

 78%|███████▊  | 198/253 [00:40<00:13,  4.06it/s][A

 79%|███████▊  | 199/253 [00:40<00:18,  2.98it/s][A

 79%|███████▉  | 200/253 [00:41<00:15,  3.38it/s][A

 79%|███████▉  | 201/253 [00:41<00:13,  3.76it/s][A

 80%|███████▉  | 202/253 [00:41<00:12,  3.95it/s][A

 80%|████████  | 203/253 [00:41<00:11,  4.26it/s][A

 81%|████████  | 204/253 [00:41<00:12,  3.93it/s][A

 81%|████████  | 205/253 [00:42<00:11,  4.36it/s][A

 81%|████████▏ | 206/253 [00:42<00:11,  4.02it/s][A

 82%|████████▏ | 207/253 [00:42<00:11,  4.07it/s][A

 82%|████████▏ | 208/253 [00:42<00:10,  4.23it/s][A

 83%|████████▎ | 209/253 [00:43<00:09,  4.78it/s][A

 83%|████████▎ | 210/253 [00:43<00:08,  5.05it/s][A

 83%|████████▎ | 211/253 [00:43<00:09,  4.36it/s][A

 84%|████████▍ | 212/253 [00:43<00:08,  4.72it/s][A

 84%|████████▍ | 213/253 [00:43<00:09,  4.20it/s][A

 85%|████████▍ | 214/253 [00:44<00:09,  4.00it/s][A

 85%|████████▍ | 215/253 [00:44<00:08,  4.33it/s][A

 85%|████████▌ | 216/253 [00:44<00:09,  4.01it/s][A

 86%|████████▌ | 217/253 [00:44<00:09,  3.99it/s][A

 86%|████████▌ | 218/253 [00:45<00:08,  4.35it/s][A

 87%|████████▋ | 219/253 [00:45<00:07,  4.55it/s][A

 87%|████████▋ | 220/253 [00:45<00:06,  4.79it/s][A

 87%|████████▋ | 221/253 [00:45<00:06,  5.03it/s][A

 88%|████████▊ | 222/253 [00:45<00:05,  5.30it/s][A

 88%|████████▊ | 223/253 [00:46<00:05,  5.08it/s][A

 89%|████████▊ | 224/253 [00:46<00:05,  5.53it/s][A

 89%|████████▉ | 225/253 [00:46<00:04,  5.80it/s][A

 89%|████████▉ | 226/253 [00:46<00:04,  5.77it/s][A

 90%|████████▉ | 227/253 [00:46<00:04,  5.65it/s][A

 90%|█████████ | 228/253 [00:46<00:04,  5.36it/s][A

 91%|█████████ | 229/253 [00:47<00:04,  5.58it/s][A

 91%|█████████ | 230/253 [00:47<00:04,  5.66it/s][A

 91%|█████████▏| 231/253 [00:47<00:03,  5.79it/s][A

 92%|█████████▏| 232/253 [00:47<00:03,  5.83it/s][A

 92%|█████████▏| 233/253 [00:47<00:03,  5.89it/s][A

 92%|█████████▏| 234/253 [00:48<00:03,  4.91it/s][A

 93%|█████████▎| 235/253 [00:48<00:03,  5.25it/s][A

 93%|█████████▎| 236/253 [00:48<00:03,  5.09it/s][A

 94%|█████████▎| 237/253 [00:48<00:02,  5.37it/s][A

 94%|█████████▍| 238/253 [00:48<00:02,  5.07it/s][A

 94%|█████████▍| 239/253 [00:49<00:02,  5.07it/s][A

 95%|█████████▍| 240/253 [00:49<00:02,  5.20it/s][A

 95%|█████████▌| 241/253 [00:49<00:02,  5.38it/s][A

 96%|█████████▌| 242/253 [00:49<00:02,  3.97it/s][A

 96%|█████████▌| 243/253 [00:50<00:02,  3.92it/s][A

 96%|█████████▋| 244/253 [00:50<00:02,  4.18it/s][A

 97%|█████████▋| 245/253 [00:50<00:01,  4.66it/s][A

 97%|█████████▋| 246/253 [00:50<00:01,  4.19it/s][A

 98%|█████████▊| 247/253 [00:50<00:01,  4.30it/s][A

 98%|█████████▊| 248/253 [00:51<00:01,  4.75it/s][A

 98%|█████████▊| 249/253 [00:51<00:00,  4.91it/s][A

 99%|█████████▉| 250/253 [00:51<00:00,  5.11it/s][A

 99%|█████████▉| 251/253 [00:51<00:00,  5.29it/s][A

100%|█████████▉| 252/253 [00:51<00:00,  5.52it/s][A

100%|██████████| 253/253 [00:51<00:00,  5.35it/s][A
                                                  

                                                 
[A{'eval_loss': '1.624', 'eval_runtime': '52.24', 'eval_samples_per_second': '9.686', 'eval_steps_per_second': '4.843', 'eval_entropy': '1.682', 'eval_num_tokens': '4.136e+05', 'eval_mean_token_accuracy': '0.596', 'epoch': '0.3638'}

 18%|█▊        | 200/1100 [12:39<48:53,  3.26s/it]

100%|██████████| 253/253 [00:51<00:00,  5.35it/s][A

                                                 [A
 18%|█▊        | 201/1100 [12:42<4:44:14, 18.97s/it]
 18%|█▊        | 202/1100 [12:45<3:34:34, 14.34s/it]
 18%|█▊        | 203/1100 [12:48<2:42:49, 10.89s/it]
 19%|█▊        | 204/1100 [12:52<2:08:14,  8.59s/it]
 19%|█▊        | 205/1100 [12:56<1:47:42,  7.22s/it]
 19%|█▊        | 206/1100 [12:58<1:27:17,  5.86s/it]
 19%|█▉        | 207/1100 [13:02<1:17:32,  5.21s/it]
 19%|█▉        | 208/1100 [13:05<1:06:30,  4.47s/it]
 19%|█▉        | 209/1100 [13:08<1:03:10,  4.25s/it]
 19%|█▉        | 210/1100 [13:11<57:09,  3.85s/it]  
                                                  
{'loss': '1.627', 'grad_norm': '1.504', 'learning_rate': '0.0001951', 'entropy': '1.653', 'num_tokens': '4.349e+05', 'mean_token_accuracy': '0.5929', 'epoch': '0.382'}

 19%|█▉        | 210/1100 [13:11<57:09,  3.85s/it]
 19%|█▉        | 211/1100 [13:15<55:32,  3.75s/it]
 19%|█▉        | 212/1100 [13:18<54:43,  3.70s/it]
 19%|█▉        | 213/1100 [13:21<51:05,  3.46s/it]
 19%|█▉        | 214/1100 [13:25<49:44,  3.37s/it]
 20%|█▉        | 215/1100 [13:28<49:23,  3.35s/it]
 20%|█▉        | 216/1100 [13:31<50:33,  3.43s/it]
 20%|█▉        | 217/1100 [13:34<46:10,  3.14s/it]
 20%|█▉        | 218/1100 [13:37<47:20,  3.22s/it]
 20%|█▉        | 219/1100 [13:40<44:58,  3.06s/it]
 20%|██        | 220/1100 [13:44<47:43,  3.25s/it]
                                                  
{'loss': '1.568', 'grad_norm': '1.502', 'learning_rate': '0.0001941', 'entropy': '1.539', 'num_tokens': '4.55e+05', 'mean_token_accuracy': '0.6058', 'epoch': '0.4002'}

 20%|██        | 220/1100 [13:44<47:43,  3.25s/it]
 20%|██        | 221/1100 [13:46<45:12,  3.09s/it]
 20%|██        | 222/1100 [13:50<47:48,  3.27s/it]
 20%|██        | 223/1100 [13:53<44:40,  3.06s/it]
 20%|██        | 224/1100 [13:56<46:14,  3.17s/it]
 20%|██        | 225/1100 [13:59<44:05,  3.02s/it]
 21%|██        | 226/1100 [14:02<46:56,  3.22s/it]
 21%|██        | 227/1100 [14:05<46:02,  3.16s/it]
 21%|██        | 228/1100 [14:08<44:47,  3.08s/it]
 21%|██        | 229/1100 [14:11<43:53,  3.02s/it]
 21%|██        | 230/1100 [14:14<43:39,  3.01s/it]
                                                  
{'loss': '1.654', 'grad_norm': '1.471', 'learning_rate': '0.000193', 'entropy': '1.573', 'num_tokens': '4.756e+05', 'mean_token_accuracy': '0.6009', 'epoch': '0.4184'}

 21%|██        | 230/1100 [14:14<43:39,  3.01s/it]
 21%|██        | 231/1100 [14:18<46:35,  3.22s/it]
 21%|██        | 232/1100 [14:22<48:44,  3.37s/it]
 21%|██        | 233/1100 [14:24<45:27,  3.15s/it]
 21%|██▏       | 234/1100 [14:27<44:54,  3.11s/it]
 21%|██▏       | 235/1100 [14:31<46:15,  3.21s/it]
 21%|██▏       | 236/1100 [14:35<52:02,  3.61s/it]
 22%|██▏       | 237/1100 [14:38<49:01,  3.41s/it]
 22%|██▏       | 238/1100 [14:43<53:02,  3.69s/it]
 22%|██▏       | 239/1100 [14:46<52:04,  3.63s/it]
 22%|██▏       | 240/1100 [14:49<47:20,  3.30s/it]
                                                  
{'loss': '1.6', 'grad_norm': '1.258', 'learning_rate': '0.0001917', 'entropy': '1.574', 'num_tokens': '4.962e+05', 'mean_token_accuracy': '0.5985', 'epoch': '0.4366'}

 22%|██▏       | 240/1100 [14:49<47:20,  3.30s/it]
 22%|██▏       | 241/1100 [14:54<54:13,  3.79s/it]
 22%|██▏       | 242/1100 [14:57<53:31,  3.74s/it]
 22%|██▏       | 243/1100 [15:00<49:43,  3.48s/it]
 22%|██▏       | 244/1100 [15:03<45:48,  3.21s/it]
 22%|██▏       | 245/1100 [15:07<48:38,  3.41s/it]
 22%|██▏       | 246/1100 [15:10<47:57,  3.37s/it]
 22%|██▏       | 247/1100 [15:13<46:47,  3.29s/it]
 23%|██▎       | 248/1100 [15:16<47:01,  3.31s/it]
 23%|██▎       | 249/1100 [15:19<43:52,  3.09s/it]
 23%|██▎       | 250/1100 [15:22<45:48,  3.23s/it]
                                                  
{'loss': '1.661', 'grad_norm': '1.399', 'learning_rate': '0.0001904', 'entropy': '1.615', 'num_tokens': '5.17e+05', 'mean_token_accuracy': '0.5914', 'epoch': '0.4548'}

 23%|██▎       | 250/1100 [15:22<45:48,  3.23s/it]
 23%|██▎       | 251/1100 [15:25<44:36,  3.15s/it]
 23%|██▎       | 252/1100 [15:29<45:43,  3.24s/it]
 23%|██▎       | 253/1100 [15:32<44:36,  3.16s/it]
 23%|██▎       | 254/1100 [15:35<44:59,  3.19s/it]
 23%|██▎       | 255/1100 [15:38<45:12,  3.21s/it]
 23%|██▎       | 256/1100 [15:42<45:45,  3.25s/it]
 23%|██▎       | 257/1100 [15:45<46:30,  3.31s/it]
 23%|██▎       | 258/1100 [15:48<45:51,  3.27s/it]
 24%|██▎       | 259/1100 [15:52<46:50,  3.34s/it]
 24%|██▎       | 260/1100 [15:56<50:08,  3.58s/it]
                                                  
{'loss': '1.674', 'grad_norm': '1.308', 'learning_rate': '0.000189', 'entropy': '1.651', 'num_tokens': '5.38e+05', 'mean_token_accuracy': '0.5863', 'epoch': '0.4729'}

 24%|██▎       | 260/1100 [15:56<50:08,  3.58s/it]
 24%|██▎       | 261/1100 [15:59<47:34,  3.40s/it]
 24%|██▍       | 262/1100 [16:03<49:36,  3.55s/it]
 24%|██▍       | 263/1100 [16:07<50:35,  3.63s/it]
 24%|██▍       | 264/1100 [16:09<46:40,  3.35s/it]
 24%|██▍       | 265/1100 [16:13<46:29,  3.34s/it]
 24%|██▍       | 266/1100 [16:16<46:44,  3.36s/it]
 24%|██▍       | 267/1100 [16:20<48:07,  3.47s/it]
 24%|██▍       | 268/1100 [16:22<45:07,  3.25s/it]
 24%|██▍       | 269/1100 [16:26<46:06,  3.33s/it]
 25%|██▍       | 270/1100 [16:29<44:55,  3.25s/it]
                                                  
{'loss': '1.603', 'grad_norm': '1.592', 'learning_rate': '0.0001875', 'entropy': '1.638', 'num_tokens': '5.59e+05', 'mean_token_accuracy': '0.607', 'epoch': '0.4911'}

 25%|██▍       | 270/1100 [16:29<44:55,  3.25s/it]
 25%|██▍       | 271/1100 [16:33<45:54,  3.32s/it]
 25%|██▍       | 272/1100 [16:36<47:46,  3.46s/it]
 25%|██▍       | 273/1100 [16:39<44:11,  3.21s/it]
 25%|██▍       | 274/1100 [16:43<46:36,  3.39s/it]
 25%|██▌       | 275/1100 [16:45<43:20,  3.15s/it]
 25%|██▌       | 276/1100 [16:50<47:20,  3.45s/it]
 25%|██▌       | 277/1100 [16:52<44:10,  3.22s/it]
 25%|██▌       | 278/1100 [16:56<46:47,  3.42s/it]
 25%|██▌       | 279/1100 [16:59<43:02,  3.15s/it]
 25%|██▌       | 280/1100 [17:02<44:36,  3.26s/it]
                                                  
{'loss': '1.735', 'grad_norm': '1.414', 'learning_rate': '0.000186', 'entropy': '1.632', 'num_tokens': '5.807e+05', 'mean_token_accuracy': '0.5797', 'epoch': '0.5093'}

 25%|██▌       | 280/1100 [17:02<44:36,  3.26s/it]
 26%|██▌       | 281/1100 [17:05<41:27,  3.04s/it]
 26%|██▌       | 282/1100 [17:08<41:29,  3.04s/it]
 26%|██▌       | 283/1100 [17:11<41:56,  3.08s/it]
 26%|██▌       | 284/1100 [17:14<43:45,  3.22s/it]
 26%|██▌       | 285/1100 [17:18<44:23,  3.27s/it]
 26%|██▌       | 286/1100 [17:21<46:06,  3.40s/it]
 26%|██▌       | 287/1100 [17:25<45:16,  3.34s/it]
 26%|██▌       | 288/1100 [17:27<40:32,  3.00s/it]
 26%|██▋       | 289/1100 [17:30<41:14,  3.05s/it]
 26%|██▋       | 290/1100 [17:33<38:55,  2.88s/it]
                                                  
{'loss': '1.587', 'grad_norm': '1.432', 'learning_rate': '0.0001843', 'entropy': '1.621', 'num_tokens': '6.014e+05', 'mean_token_accuracy': '0.6049', 'epoch': '0.5275'}

 26%|██▋       | 290/1100 [17:33<38:55,  2.88s/it]
 26%|██▋       | 291/1100 [17:36<41:18,  3.06s/it]
 27%|██▋       | 292/1100 [17:39<40:08,  2.98s/it]
 27%|██▋       | 293/1100 [17:42<41:50,  3.11s/it]
 27%|██▋       | 294/1100 [17:46<42:54,  3.19s/it]
 27%|██▋       | 295/1100 [17:49<41:58,  3.13s/it]
 27%|██▋       | 296/1100 [17:52<42:28,  3.17s/it]
 27%|██▋       | 297/1100 [17:54<39:47,  2.97s/it]
 27%|██▋       | 298/1100 [17:57<38:04,  2.85s/it]
 27%|██▋       | 299/1100 [18:01<41:26,  3.10s/it]
 27%|██▋       | 300/1100 [18:03<40:20,  3.03s/it]
                                                  
{'loss': '1.604', 'grad_norm': '1.785', 'learning_rate': '0.0001825', 'entropy': '1.53', 'num_tokens': '6.222e+05', 'mean_token_accuracy': '0.5944', 'epoch': '0.5457'}

 27%|██▋       | 300/1100 [18:03<40:20,  3.03s/it]

  0%|          | 0/253 [00:00<?, ?it/s][A

  1%|          | 2/253 [00:00<00:18, 13.58it/s][A

  2%|▏         | 4/253 [00:00<00:32,  7.69it/s][A

  2%|▏         | 5/253 [00:00<00:34,  7.11it/s][A

  2%|▏         | 6/253 [00:00<00:35,  6.86it/s][A

  3%|▎         | 7/253 [00:00<00:35,  6.96it/s][A

  3%|▎         | 8/253 [00:01<00:37,  6.62it/s][A

  4%|▎         | 9/253 [00:01<00:38,  6.27it/s][A

  4%|▍         | 10/253 [00:01<00:39,  6.23it/s][A

  4%|▍         | 11/253 [00:01<00:37,  6.42it/s][A

  5%|▍         | 12/253 [00:01<00:39,  6.05it/s][A

  5%|▌         | 13/253 [00:01<00:40,  5.97it/s][A

  6%|▌         | 14/253 [00:02<00:40,  5.95it/s][A

  6%|▌         | 15/253 [00:02<00:39,  5.98it/s][A

  6%|▋         | 16/253 [00:02<00:38,  6.19it/s][A

  7%|▋         | 17/253 [00:02<00:37,  6.24it/s][A

  7%|▋         | 18/253 [00:02<00:36,  6.35it/s][A

  8%|▊         | 19/253 [00:02<00:37,  6.18it/s][A

  8%|▊         | 20/253 [00:03<00:37,  6.27it/s][A

  8%|▊         | 21/253 [00:03<00:37,  6.15it/s][A

  9%|▊         | 22/253 [00:03<00:36,  6.27it/s][A

  9%|▉         | 23/253 [00:03<00:36,  6.36it/s][A

  9%|▉         | 24/253 [00:03<00:39,  5.77it/s][A

 10%|▉         | 25/253 [00:03<00:41,  5.56it/s][A

 10%|█         | 26/253 [00:04<00:44,  5.15it/s][A

 11%|█         | 27/253 [00:04<00:51,  4.39it/s][A

 11%|█         | 28/253 [00:04<00:49,  4.52it/s][A

 11%|█▏        | 29/253 [00:04<00:50,  4.43it/s][A

 12%|█▏        | 30/253 [00:05<00:52,  4.22it/s][A

 12%|█▏        | 31/253 [00:05<00:51,  4.32it/s][A

 13%|█▎        | 32/253 [00:05<00:46,  4.78it/s][A

 13%|█▎        | 33/253 [00:05<00:48,  4.56it/s][A

 13%|█▎        | 34/253 [00:05<00:44,  4.91it/s][A

 14%|█▍        | 35/253 [00:06<00:44,  4.88it/s][A

 14%|█▍        | 36/253 [00:06<00:41,  5.26it/s][A

 15%|█▍        | 37/253 [00:06<00:41,  5.18it/s][A

 15%|█▌        | 38/253 [00:06<00:46,  4.59it/s][A

 15%|█▌        | 39/253 [00:06<00:43,  4.94it/s][A

 16%|█▌        | 40/253 [00:07<00:44,  4.82it/s][A

 16%|█▌        | 41/253 [00:07<00:42,  4.99it/s][A

 17%|█▋        | 42/253 [00:07<00:44,  4.76it/s][A

 17%|█▋        | 43/253 [00:07<00:42,  4.88it/s][A

 17%|█▋        | 44/253 [00:08<00:46,  4.50it/s][A

 18%|█▊        | 45/253 [00:08<00:43,  4.82it/s][A

 18%|█▊        | 46/253 [00:08<00:40,  5.14it/s][A

 19%|█▊        | 47/253 [00:08<00:38,  5.30it/s][A

 19%|█▉        | 48/253 [00:08<00:36,  5.61it/s][A

 19%|█▉        | 49/253 [00:08<00:34,  5.87it/s][A

 20%|█▉        | 50/253 [00:09<00:34,  5.87it/s][A

 20%|██        | 51/253 [00:09<00:33,  6.01it/s][A

 21%|██        | 52/253 [00:09<00:32,  6.09it/s][A

 21%|██        | 53/253 [00:09<00:36,  5.44it/s][A

 21%|██▏       | 54/253 [00:09<00:36,  5.44it/s][A

 22%|██▏       | 55/253 [00:10<00:39,  5.03it/s][A

 22%|██▏       | 56/253 [00:10<00:39,  4.93it/s][A

 23%|██▎       | 57/253 [00:10<00:38,  5.07it/s][A

 23%|██▎       | 58/253 [00:10<00:37,  5.21it/s][A

 23%|██▎       | 59/253 [00:10<00:40,  4.80it/s][A

 24%|██▎       | 60/253 [00:11<00:41,  4.68it/s][A

 24%|██▍       | 61/253 [00:11<00:40,  4.79it/s][A

 25%|██▍       | 62/253 [00:11<00:51,  3.67it/s][A

 25%|██▍       | 63/253 [00:11<00:45,  4.13it/s][A

 25%|██▌       | 64/253 [00:12<00:41,  4.57it/s][A

 26%|██▌       | 65/253 [00:12<00:42,  4.45it/s][A

 26%|██▌       | 66/253 [00:12<00:38,  4.84it/s][A

 26%|██▋       | 67/253 [00:12<00:40,  4.61it/s][A

 27%|██▋       | 68/253 [00:12<00:36,  5.06it/s][A

 27%|██▋       | 69/253 [00:13<00:35,  5.23it/s][A

 28%|██▊       | 70/253 [00:13<00:37,  4.91it/s][A

 28%|██▊       | 71/253 [00:13<00:34,  5.22it/s][A

 28%|██▊       | 72/253 [00:13<00:33,  5.39it/s][A

 29%|██▉       | 73/253 [00:13<00:37,  4.76it/s][A

 29%|██▉       | 74/253 [00:14<00:34,  5.13it/s][A

 30%|██▉       | 75/253 [00:14<00:38,  4.64it/s][A

 30%|███       | 76/253 [00:14<00:40,  4.35it/s][A

 30%|███       | 77/253 [00:14<00:37,  4.75it/s][A

 31%|███       | 78/253 [00:15<00:52,  3.34it/s][A

 31%|███       | 79/253 [00:15<00:55,  3.15it/s][A

 32%|███▏      | 80/253 [00:15<00:50,  3.44it/s][A

 32%|███▏      | 81/253 [00:16<00:47,  3.59it/s][A

 32%|███▏      | 82/253 [00:16<00:42,  4.01it/s][A

 33%|███▎      | 83/253 [00:16<00:39,  4.31it/s][A

 33%|███▎      | 84/253 [00:16<00:36,  4.60it/s][A

 34%|███▎      | 85/253 [00:16<00:35,  4.70it/s][A

 34%|███▍      | 86/253 [00:17<00:40,  4.10it/s][A

 34%|███▍      | 87/253 [00:17<00:36,  4.49it/s][A

 35%|███▍      | 88/253 [00:17<00:35,  4.63it/s][A

 35%|███▌      | 89/253 [00:17<00:33,  4.96it/s][A

 36%|███▌      | 90/253 [00:17<00:29,  5.48it/s][A

 36%|███▌      | 91/253 [00:18<00:31,  5.22it/s][A

 36%|███▋      | 92/253 [00:18<00:30,  5.26it/s][A

 37%|███▋      | 93/253 [00:18<00:29,  5.43it/s][A

 37%|███▋      | 94/253 [00:18<00:27,  5.86it/s][A

 38%|███▊      | 95/253 [00:18<00:25,  6.25it/s][A

 38%|███▊      | 96/253 [00:18<00:23,  6.59it/s][A

 38%|███▊      | 97/253 [00:18<00:23,  6.78it/s][A

 39%|███▊      | 98/253 [00:19<00:23,  6.47it/s][A

 39%|███▉      | 99/253 [00:19<00:24,  6.34it/s][A

 40%|███▉      | 100/253 [00:19<00:24,  6.26it/s][A

 40%|███▉      | 101/253 [00:19<00:24,  6.15it/s][A

 40%|████      | 102/253 [00:19<00:24,  6.14it/s][A

 41%|████      | 103/253 [00:19<00:24,  6.08it/s][A

 41%|████      | 104/253 [00:20<00:24,  6.10it/s][A

 42%|████▏     | 105/253 [00:20<00:24,  6.04it/s][A

 42%|████▏     | 106/253 [00:20<00:23,  6.28it/s][A

 42%|████▏     | 107/253 [00:20<00:23,  6.20it/s][A

 43%|████▎     | 108/253 [00:20<00:23,  6.15it/s][A

 43%|████▎     | 109/253 [00:20<00:22,  6.31it/s][A

 43%|████▎     | 110/253 [00:21<00:22,  6.34it/s][A

 44%|████▍     | 111/253 [00:21<00:22,  6.33it/s][A

 44%|████▍     | 112/253 [00:21<00:22,  6.24it/s][A

 45%|████▍     | 113/253 [00:21<00:22,  6.12it/s][A

 45%|████▌     | 114/253 [00:21<00:23,  5.82it/s][A

 45%|████▌     | 115/253 [00:21<00:24,  5.61it/s][A

 46%|████▌     | 116/253 [00:22<00:25,  5.40it/s][A

 46%|████▌     | 117/253 [00:22<00:26,  5.19it/s][A

 47%|████▋     | 118/253 [00:22<00:25,  5.37it/s][A

 47%|████▋     | 119/253 [00:22<00:29,  4.56it/s][A

 47%|████▋     | 120/253 [00:22<00:27,  4.83it/s][A

 48%|████▊     | 121/253 [00:23<00:26,  4.90it/s][A

 48%|████▊     | 122/253 [00:23<00:25,  5.10it/s][A

 49%|████▊     | 123/253 [00:23<00:33,  3.83it/s][A

 49%|████▉     | 124/253 [00:23<00:31,  4.15it/s][A

 49%|████▉     | 125/253 [00:24<00:28,  4.51it/s][A

 50%|████▉     | 126/253 [00:24<00:28,  4.44it/s][A

 50%|█████     | 127/253 [00:24<00:26,  4.83it/s][A

 51%|█████     | 128/253 [00:24<00:26,  4.79it/s][A

 51%|█████     | 129/253 [00:24<00:25,  4.88it/s][A

 51%|█████▏    | 130/253 [00:25<00:25,  4.82it/s][A

 52%|█████▏    | 131/253 [00:25<00:23,  5.27it/s][A

 52%|█████▏    | 132/253 [00:25<00:23,  5.20it/s][A

 53%|█████▎    | 133/253 [00:25<00:22,  5.29it/s][A

 53%|█████▎    | 134/253 [00:25<00:21,  5.64it/s][A

 53%|█████▎    | 135/253 [00:25<00:20,  5.69it/s][A

 54%|█████▍    | 136/253 [00:26<00:19,  5.99it/s][A

 54%|█████▍    | 137/253 [00:26<00:19,  5.86it/s][A

 55%|█████▍    | 138/253 [00:26<00:19,  5.88it/s][A

 55%|█████▍    | 139/253 [00:26<00:19,  5.86it/s][A

 55%|█████▌    | 140/253 [00:26<00:19,  5.71it/s][A

 56%|█████▌    | 141/253 [00:27<00:19,  5.65it/s][A

 56%|█████▌    | 142/253 [00:27<00:19,  5.65it/s][A

 57%|█████▋    | 143/253 [00:27<00:19,  5.69it/s][A

 57%|█████▋    | 144/253 [00:27<00:18,  5.81it/s][A

 57%|█████▋    | 145/253 [00:27<00:18,  5.80it/s][A

 58%|█████▊    | 146/253 [00:27<00:19,  5.45it/s][A

 58%|█████▊    | 147/253 [00:28<00:20,  5.13it/s][A

 58%|█████▊    | 148/253 [00:28<00:25,  4.19it/s][A

 59%|█████▉    | 149/253 [00:28<00:23,  4.41it/s][A

 59%|█████▉    | 150/253 [00:28<00:23,  4.47it/s][A

 60%|█████▉    | 151/253 [00:29<00:25,  4.00it/s][A

 60%|██████    | 152/253 [00:29<00:25,  3.98it/s][A

 60%|██████    | 153/253 [00:29<00:23,  4.28it/s][A

 61%|██████    | 154/253 [00:29<00:20,  4.85it/s][A

 61%|██████▏   | 155/253 [00:30<00:20,  4.83it/s][A

 62%|██████▏   | 156/253 [00:30<00:22,  4.28it/s][A

 62%|██████▏   | 157/253 [00:30<00:20,  4.78it/s][A

 62%|██████▏   | 158/253 [00:30<00:20,  4.59it/s][A

 63%|██████▎   | 159/253 [00:30<00:19,  4.90it/s][A

 63%|██████▎   | 160/253 [00:31<00:18,  4.91it/s][A

 64%|██████▎   | 161/253 [00:31<00:17,  5.19it/s][A

 64%|██████▍   | 162/253 [00:31<00:17,  5.21it/s][A

 64%|██████▍   | 163/253 [00:31<00:16,  5.50it/s][A

 65%|██████▍   | 164/253 [00:31<00:15,  5.71it/s][A

 65%|██████▌   | 165/253 [00:31<00:15,  5.75it/s][A

 66%|██████▌   | 166/253 [00:32<00:14,  5.91it/s][A

 66%|██████▌   | 167/253 [00:32<00:14,  5.84it/s][A

 66%|██████▋   | 168/253 [00:32<00:15,  5.66it/s][A

 67%|██████▋   | 169/253 [00:32<00:15,  5.54it/s][A

 67%|██████▋   | 170/253 [00:32<00:15,  5.39it/s][A

 68%|██████▊   | 171/253 [00:33<00:15,  5.27it/s][A

 68%|██████▊   | 172/253 [00:33<00:15,  5.25it/s][A

 68%|██████▊   | 173/253 [00:33<00:16,  4.82it/s][A

 69%|██████▉   | 174/253 [00:33<00:16,  4.83it/s][A

 69%|██████▉   | 175/253 [00:33<00:15,  5.02it/s][A

 70%|██████▉   | 176/253 [00:34<00:15,  5.12it/s][A

 70%|██████▉   | 177/253 [00:34<00:14,  5.16it/s][A

 70%|███████   | 178/253 [00:34<00:14,  5.30it/s][A

 71%|███████   | 179/253 [00:34<00:15,  4.69it/s][A

 71%|███████   | 180/253 [00:34<00:16,  4.34it/s][A

 72%|███████▏  | 181/253 [00:35<00:16,  4.24it/s][A

 72%|███████▏  | 182/253 [00:35<00:17,  3.99it/s][A

 72%|███████▏  | 183/253 [00:35<00:16,  4.24it/s][A

 73%|███████▎  | 184/253 [00:35<00:16,  4.24it/s][A

 73%|███████▎  | 185/253 [00:36<00:18,  3.74it/s][A

 74%|███████▎  | 186/253 [00:36<00:19,  3.40it/s][A

 74%|███████▍  | 187/253 [00:36<00:17,  3.69it/s][A

 74%|███████▍  | 188/253 [00:37<00:18,  3.55it/s][A

 75%|███████▍  | 189/253 [00:37<00:16,  3.77it/s][A

 75%|███████▌  | 190/253 [00:37<00:15,  4.03it/s][A

 75%|███████▌  | 191/253 [00:37<00:14,  4.15it/s][A

 76%|███████▌  | 192/253 [00:37<00:13,  4.62it/s][A

 76%|███████▋  | 193/253 [00:38<00:11,  5.06it/s][A

 77%|███████▋  | 194/253 [00:38<00:11,  5.31it/s][A

 77%|███████▋  | 195/253 [00:38<00:11,  5.12it/s][A

 77%|███████▋  | 196/253 [00:38<00:11,  4.84it/s][A

 78%|███████▊  | 197/253 [00:38<00:10,  5.18it/s][A

 78%|███████▊  | 198/253 [00:39<00:11,  4.90it/s][A

 79%|███████▊  | 199/253 [00:39<00:10,  5.09it/s][A

 79%|███████▉  | 200/253 [00:39<00:12,  4.23it/s][A

 79%|███████▉  | 201/253 [00:39<00:11,  4.48it/s][A

 80%|███████▉  | 202/253 [00:40<00:11,  4.59it/s][A

 80%|████████  | 203/253 [00:40<00:11,  4.23it/s][A

 81%|████████  | 204/253 [00:40<00:11,  4.32it/s][A

 81%|████████  | 205/253 [00:40<00:11,  4.29it/s][A

 81%|████████▏ | 206/253 [00:40<00:10,  4.37it/s][A

 82%|████████▏ | 207/253 [00:41<00:10,  4.40it/s][A

 82%|████████▏ | 208/253 [00:41<00:13,  3.28it/s][A

 83%|████████▎ | 209/253 [00:41<00:13,  3.34it/s][A

 83%|████████▎ | 210/253 [00:42<00:11,  3.72it/s][A

 83%|████████▎ | 211/253 [00:42<00:10,  4.09it/s][A

 84%|████████▍ | 212/253 [00:42<00:09,  4.50it/s][A

 84%|████████▍ | 213/253 [00:42<00:09,  4.01it/s][A

 85%|████████▍ | 214/253 [00:43<00:08,  4.44it/s][A

 85%|████████▍ | 215/253 [00:43<00:09,  4.11it/s][A

 85%|████████▌ | 216/253 [00:43<00:08,  4.41it/s][A

 86%|████████▌ | 217/253 [00:43<00:08,  4.17it/s][A

 86%|████████▌ | 218/253 [00:43<00:08,  4.33it/s][A

 87%|████████▋ | 219/253 [00:44<00:07,  4.55it/s][A

 87%|████████▋ | 220/253 [00:44<00:07,  4.34it/s][A

 87%|████████▋ | 221/253 [00:44<00:06,  4.64it/s][A

 88%|████████▊ | 222/253 [00:44<00:07,  3.93it/s][A

 88%|████████▊ | 223/253 [00:45<00:11,  2.50it/s][A

 89%|████████▊ | 224/253 [00:46<00:11,  2.55it/s][A

 89%|████████▉ | 225/253 [00:46<00:10,  2.70it/s][A

 89%|████████▉ | 226/253 [00:46<00:08,  3.00it/s][A

 90%|████████▉ | 227/253 [00:46<00:07,  3.58it/s][A

 90%|█████████ | 228/253 [00:47<00:06,  3.71it/s][A

 91%|█████████ | 229/253 [00:47<00:06,  3.89it/s][A

 91%|█████████ | 230/253 [00:47<00:05,  3.97it/s][A

 91%|█████████▏| 231/253 [00:47<00:05,  4.19it/s][A

 92%|█████████▏| 232/253 [00:47<00:04,  4.52it/s][A

 92%|█████████▏| 233/253 [00:48<00:04,  4.95it/s][A

 92%|█████████▏| 234/253 [00:48<00:03,  5.02it/s][A

 93%|█████████▎| 235/253 [00:48<00:03,  5.37it/s][A

 93%|█████████▎| 236/253 [00:48<00:03,  5.24it/s][A

 94%|█████████▎| 237/253 [00:48<00:02,  5.49it/s][A

 94%|█████████▍| 238/253 [00:48<00:02,  5.64it/s][A

 94%|█████████▍| 239/253 [00:49<00:02,  5.48it/s][A

 95%|█████████▍| 240/253 [00:49<00:02,  5.47it/s][A

 95%|█████████▌| 241/253 [00:49<00:02,  5.69it/s][A

 96%|█████████▌| 242/253 [00:49<00:01,  5.83it/s][A

 96%|█████████▌| 243/253 [00:49<00:01,  5.67it/s][A

 96%|█████████▋| 244/253 [00:49<00:01,  5.67it/s][A

 97%|█████████▋| 245/253 [00:50<00:01,  4.87it/s][A

 97%|█████████▋| 246/253 [00:50<00:01,  4.94it/s][A

 98%|█████████▊| 247/253 [00:50<00:01,  5.01it/s][A

 98%|█████████▊| 248/253 [00:50<00:00,  5.31it/s][A

 98%|█████████▊| 249/253 [00:51<00:00,  5.13it/s][A

 99%|█████████▉| 250/253 [00:51<00:00,  5.31it/s][A

 99%|█████████▉| 251/253 [00:51<00:00,  5.23it/s][A

100%|█████████▉| 252/253 [00:51<00:00,  4.68it/s][A

100%|██████████| 253/253 [00:51<00:00,  4.32it/s][A
                                                  

                                                 
[A{'eval_loss': '1.566', 'eval_runtime': '52.13', 'eval_samples_per_second': '9.707', 'eval_steps_per_second': '4.854', 'eval_entropy': '1.526', 'eval_num_tokens': '6.222e+05', 'eval_mean_token_accuracy': '0.6052', 'epoch': '0.5457'}

 27%|██▋       | 300/1100 [18:56<40:20,  3.03s/it]

100%|██████████| 253/253 [00:51<00:00,  4.32it/s][A

                                                 [A
 27%|██▋       | 301/1100 [19:00<4:14:09, 19.09s/it]
 27%|██▋       | 302/1100 [19:04<3:12:53, 14.50s/it]
 28%|██▊       | 303/1100 [19:06<2:25:12, 10.93s/it]
 28%|██▊       | 304/1100 [19:10<1:55:18,  8.69s/it]
 28%|██▊       | 305/1100 [19:13<1:32:28,  6.98s/it]
 28%|██▊       | 306/1100 [19:16<1:18:08,  5.91s/it]
 28%|██▊       | 307/1100 [19:20<1:07:43,  5.12s/it]
 28%|██▊       | 308/1100 [19:23<59:49,  4.53s/it]  
 28%|██▊       | 309/1100 [19:26<53:57,  4.09s/it]
 28%|██▊       | 310/1100 [19:29<49:57,  3.79s/it]
                                                  
{'loss': '1.569', 'grad_norm': '1.394', 'learning_rate': '0.0001807', 'entropy': '1.61', 'num_tokens': '6.43e+05', 'mean_token_accuracy': '0.5998', 'epoch': '0.5639'}

 28%|██▊       | 310/1100 [19:29<49:57,  3.79s/it]
 28%|██▊       | 311/1100 [19:33<49:59,  3.80s/it]
 28%|██▊       | 312/1100 [19:35<45:41,  3.48s/it]
 28%|██▊       | 313/1100 [19:39<47:09,  3.60s/it]
 29%|██▊       | 314/1100 [19:43<46:52,  3.58s/it]
 29%|██▊       | 315/1100 [19:46<44:09,  3.38s/it]
 29%|██▊       | 316/1100 [19:48<40:46,  3.12s/it]
 29%|██▉       | 317/1100 [19:52<42:18,  3.24s/it]
 29%|██▉       | 318/1100 [19:55<43:11,  3.31s/it]
 29%|██▉       | 319/1100 [19:59<44:38,  3.43s/it]
 29%|██▉       | 320/1100 [20:02<42:01,  3.23s/it]
                                                  
{'loss': '1.58', 'grad_norm': '1.539', 'learning_rate': '0.0001788', 'entropy': '1.555', 'num_tokens': '6.647e+05', 'mean_token_accuracy': '0.6008', 'epoch': '0.5821'}

 29%|██▉       | 320/1100 [20:02<42:01,  3.23s/it]
 29%|██▉       | 321/1100 [20:05<41:55,  3.23s/it]
 29%|██▉       | 322/1100 [20:08<41:03,  3.17s/it]
 29%|██▉       | 323/1100 [20:11<40:58,  3.16s/it]
 29%|██▉       | 324/1100 [20:15<43:19,  3.35s/it]
 30%|██▉       | 325/1100 [20:17<39:59,  3.10s/it]
 30%|██▉       | 326/1100 [20:20<38:24,  2.98s/it]
 30%|██▉       | 327/1100 [20:24<41:01,  3.18s/it]
 30%|██▉       | 328/1100 [20:28<43:44,  3.40s/it]
 30%|██▉       | 329/1100 [20:31<43:45,  3.41s/it]
 30%|███       | 330/1100 [20:35<45:44,  3.56s/it]
                                                  
{'loss': '1.629', 'grad_norm': '1.688', 'learning_rate': '0.0001768', 'entropy': '1.551', 'num_tokens': '6.858e+05', 'mean_token_accuracy': '0.6067', 'epoch': '0.6003'}

 30%|███       | 330/1100 [20:35<45:44,  3.56s/it]
 30%|███       | 331/1100 [20:38<43:19,  3.38s/it]
 30%|███       | 332/1100 [20:43<48:06,  3.76s/it]
 30%|███       | 333/1100 [20:46<47:13,  3.69s/it]
 30%|███       | 334/1100 [20:49<42:22,  3.32s/it]
 30%|███       | 335/1100 [20:53<44:38,  3.50s/it]
 31%|███       | 336/1100 [20:56<42:35,  3.34s/it]
 31%|███       | 337/1100 [20:59<41:46,  3.28s/it]
 31%|███       | 338/1100 [21:01<37:45,  2.97s/it]
 31%|███       | 339/1100 [21:04<38:44,  3.05s/it]
 31%|███       | 340/1100 [21:07<38:52,  3.07s/it]
                                                  
{'loss': '1.643', 'grad_norm': '1.64', 'learning_rate': '0.0001747', 'entropy': '1.629', 'num_tokens': '7.066e+05', 'mean_token_accuracy': '0.6059', 'epoch': '0.6185'}

 31%|███       | 340/1100 [21:07<38:52,  3.07s/it]
 31%|███       | 341/1100 [21:10<38:56,  3.08s/it]
 31%|███       | 342/1100 [21:14<40:40,  3.22s/it]
 31%|███       | 343/1100 [21:17<39:27,  3.13s/it]
 31%|███▏      | 344/1100 [21:19<37:24,  2.97s/it]
 31%|███▏      | 345/1100 [21:23<38:20,  3.05s/it]
 31%|███▏      | 346/1100 [21:26<37:29,  2.98s/it]
 32%|███▏      | 347/1100 [21:29<39:44,  3.17s/it]
 32%|███▏      | 348/1100 [21:32<40:12,  3.21s/it]
 32%|███▏      | 349/1100 [21:36<39:46,  3.18s/it]
 32%|███▏      | 350/1100 [21:39<41:09,  3.29s/it]
                                                  
{'loss': '1.471', 'grad_norm': '1.542', 'learning_rate': '0.0001726', 'entropy': '1.497', 'num_tokens': '7.272e+05', 'mean_token_accuracy': '0.6146', 'epoch': '0.6367'}

 32%|███▏      | 350/1100 [21:39<41:09,  3.29s/it]
 32%|███▏      | 351/1100 [21:42<40:03,  3.21s/it]
 32%|███▏      | 352/1100 [21:46<40:51,  3.28s/it]
 32%|███▏      | 353/1100 [21:49<41:03,  3.30s/it]
 32%|███▏      | 354/1100 [21:53<42:22,  3.41s/it]
 32%|███▏      | 355/1100 [21:56<42:36,  3.43s/it]
 32%|███▏      | 356/1100 [21:59<39:25,  3.18s/it]
 32%|███▏      | 357/1100 [22:03<43:02,  3.48s/it]
 33%|███▎      | 358/1100 [22:06<42:35,  3.44s/it]
 33%|███▎      | 359/1100 [22:10<44:09,  3.58s/it]
 33%|███▎      | 360/1100 [22:13<41:57,  3.40s/it]
                                                  
{'loss': '1.598', 'grad_norm': '1.493', 'learning_rate': '0.0001704', 'entropy': '1.528', 'num_tokens': '7.482e+05', 'mean_token_accuracy': '0.6148', 'epoch': '0.6548'}

 33%|███▎      | 360/1100 [22:13<41:57,  3.40s/it]
 33%|███▎      | 361/1100 [22:17<42:47,  3.47s/it]
 33%|███▎      | 362/1100 [22:19<40:12,  3.27s/it]
 33%|███▎      | 363/1100 [22:24<45:32,  3.71s/it]
 33%|███▎      | 364/1100 [22:28<45:49,  3.74s/it]
 33%|███▎      | 365/1100 [22:31<42:21,  3.46s/it]
 33%|███▎      | 366/1100 [22:34<40:11,  3.29s/it]
 33%|███▎      | 367/1100 [22:37<40:07,  3.28s/it]
 33%|███▎      | 368/1100 [22:40<38:35,  3.16s/it]
 34%|███▎      | 369/1100 [22:43<38:00,  3.12s/it]
 34%|███▎      | 370/1100 [22:46<38:41,  3.18s/it]
                                                  
{'loss': '1.549', 'grad_norm': '1.653', 'learning_rate': '0.0001681', 'entropy': '1.581', 'num_tokens': '7.682e+05', 'mean_token_accuracy': '0.6067', 'epoch': '0.673'}

 34%|███▎      | 370/1100 [22:46<38:41,  3.18s/it]
 34%|███▎      | 371/1100 [22:49<38:32,  3.17s/it]
 34%|███▍      | 372/1100 [22:53<38:47,  3.20s/it]
 34%|███▍      | 373/1100 [22:56<38:16,  3.16s/it]
 34%|███▍      | 374/1100 [22:59<37:08,  3.07s/it]
 34%|███▍      | 375/1100 [23:01<36:16,  3.00s/it]
 34%|███▍      | 376/1100 [23:05<38:09,  3.16s/it]
 34%|███▍      | 377/1100 [23:08<37:05,  3.08s/it]
 34%|███▍      | 378/1100 [23:11<39:09,  3.25s/it]
 34%|███▍      | 379/1100 [23:15<39:36,  3.30s/it]
 35%|███▍      | 380/1100 [23:18<38:03,  3.17s/it]
                                                  
{'loss': '1.592', 'grad_norm': '1.61', 'learning_rate': '0.0001657', 'entropy': '1.555', 'num_tokens': '7.896e+05', 'mean_token_accuracy': '0.6037', 'epoch': '0.6912'}

 35%|███▍      | 380/1100 [23:18<38:03,  3.17s/it]
 35%|███▍      | 381/1100 [23:21<38:08,  3.18s/it]
 35%|███▍      | 382/1100 [23:24<38:42,  3.23s/it]
 35%|███▍      | 383/1100 [23:28<39:30,  3.31s/it]
 35%|███▍      | 384/1100 [23:31<39:05,  3.28s/it]
 35%|███▌      | 385/1100 [23:34<38:38,  3.24s/it]
 35%|███▌      | 386/1100 [23:37<37:45,  3.17s/it]
 35%|███▌      | 387/1100 [23:41<39:16,  3.31s/it]
 35%|███▌      | 388/1100 [23:45<41:54,  3.53s/it]
 35%|███▌      | 389/1100 [23:48<40:06,  3.38s/it]
 35%|███▌      | 390/1100 [23:52<42:00,  3.55s/it]
                                                  
{'loss': '1.485', 'grad_norm': '1.46', 'learning_rate': '0.0001633', 'entropy': '1.494', 'num_tokens': '8.097e+05', 'mean_token_accuracy': '0.6201', 'epoch': '0.7094'}

 35%|███▌      | 390/1100 [23:52<42:00,  3.55s/it]
 36%|███▌      | 391/1100 [23:54<38:28,  3.26s/it]
 36%|███▌      | 392/1100 [23:58<39:43,  3.37s/it]
 36%|███▌      | 393/1100 [24:02<42:56,  3.64s/it]
 36%|███▌      | 394/1100 [24:05<39:32,  3.36s/it]
 36%|███▌      | 395/1100 [24:08<38:36,  3.29s/it]
 36%|███▌      | 396/1100 [24:11<37:58,  3.24s/it]
 36%|███▌      | 397/1100 [24:15<38:01,  3.25s/it]
 36%|███▌      | 398/1100 [24:18<38:53,  3.32s/it]
 36%|███▋      | 399/1100 [24:23<43:07,  3.69s/it]
 36%|███▋      | 400/1100 [24:26<41:05,  3.52s/it]
                                                  
{'loss': '1.558', 'grad_norm': '1.366', 'learning_rate': '0.0001608', 'entropy': '1.562', 'num_tokens': '8.31e+05', 'mean_token_accuracy': '0.612', 'epoch': '0.7276'}

 36%|███▋      | 400/1100 [24:26<41:05,  3.52s/it]

  0%|          | 0/253 [00:00<?, ?it/s][A

  1%|          | 2/253 [00:00<00:17, 14.16it/s][A

  2%|▏         | 4/253 [00:00<00:32,  7.72it/s][A

  2%|▏         | 5/253 [00:00<00:35,  7.07it/s][A

  2%|▏         | 6/253 [00:00<00:42,  5.76it/s][A

  3%|▎         | 7/253 [00:01<00:42,  5.80it/s][A

  3%|▎         | 8/253 [00:01<00:40,  5.99it/s][A

  4%|▎         | 9/253 [00:01<00:40,  6.04it/s][A

  4%|▍         | 10/253 [00:01<00:40,  6.07it/s][A

  4%|▍         | 11/253 [00:01<00:39,  6.19it/s][A

  5%|▍         | 12/253 [00:01<00:39,  6.12it/s][A

  5%|▌         | 13/253 [00:02<00:42,  5.64it/s][A

  6%|▌         | 14/253 [00:02<00:41,  5.78it/s][A

  6%|▌         | 15/253 [00:02<00:46,  5.11it/s][A

  6%|▋         | 16/253 [00:02<00:46,  5.09it/s][A

  7%|▋         | 17/253 [00:03<01:01,  3.84it/s][A

  7%|▋         | 18/253 [00:03<01:03,  3.70it/s][A

  8%|▊         | 19/253 [00:03<01:04,  3.61it/s][A

  8%|▊         | 20/253 [00:03<00:59,  3.94it/s][A

  8%|▊         | 21/253 [00:04<01:00,  3.82it/s][A

  9%|▊         | 22/253 [00:04<00:55,  4.15it/s][A

  9%|▉         | 23/253 [00:04<00:57,  3.99it/s][A

  9%|▉         | 24/253 [00:04<00:52,  4.37it/s][A

 10%|▉         | 25/253 [00:05<00:51,  4.44it/s][A

 10%|█         | 26/253 [00:05<00:45,  5.01it/s][A

 11%|█         | 27/253 [00:05<00:48,  4.68it/s][A

 11%|█         | 28/253 [00:05<00:45,  4.98it/s][A

 11%|█▏        | 29/253 [00:05<00:45,  4.97it/s][A

 12%|█▏        | 30/253 [00:05<00:43,  5.15it/s][A

 12%|█▏        | 31/253 [00:06<00:42,  5.23it/s][A

 13%|█▎        | 32/253 [00:06<00:40,  5.48it/s][A

 13%|█▎        | 33/253 [00:06<00:40,  5.43it/s][A

 13%|█▎        | 34/253 [00:06<00:38,  5.62it/s][A

 14%|█▍        | 35/253 [00:06<00:38,  5.63it/s][A

 14%|█▍        | 36/253 [00:06<00:36,  5.89it/s][A

 15%|█▍        | 37/253 [00:07<00:35,  6.14it/s][A

 15%|█▌        | 38/253 [00:07<00:34,  6.29it/s][A

 15%|█▌        | 39/253 [00:07<00:34,  6.23it/s][A

 16%|█▌        | 40/253 [00:07<00:34,  6.16it/s][A

 16%|█▌        | 41/253 [00:07<00:34,  6.18it/s][A

 17%|█▋        | 42/253 [00:07<00:34,  6.11it/s][A

 17%|█▋        | 43/253 [00:08<00:34,  6.17it/s][A

 17%|█▋        | 44/253 [00:08<00:34,  6.09it/s][A

 18%|█▊        | 45/253 [00:08<00:35,  5.81it/s][A

 18%|█▊        | 46/253 [00:08<00:35,  5.89it/s][A

 19%|█▊        | 47/253 [00:08<00:35,  5.83it/s][A

 19%|█▉        | 48/253 [00:08<00:34,  5.86it/s][A

 19%|█▉        | 49/253 [00:09<00:36,  5.54it/s][A

 20%|█▉        | 50/253 [00:09<00:38,  5.27it/s][A

 20%|██        | 51/253 [00:09<00:39,  5.16it/s][A

 21%|██        | 52/253 [00:09<00:39,  5.07it/s][A

 21%|██        | 53/253 [00:09<00:39,  5.07it/s][A

 21%|██▏       | 54/253 [00:10<00:40,  4.86it/s][A

 22%|██▏       | 55/253 [00:10<00:48,  4.12it/s][A

 22%|██▏       | 56/253 [00:10<00:51,  3.86it/s][A

 23%|██▎       | 57/253 [00:11<00:45,  4.26it/s][A

 23%|██▎       | 58/253 [00:11<00:44,  4.42it/s][A

 23%|██▎       | 59/253 [00:11<00:50,  3.81it/s][A

 24%|██▎       | 60/253 [00:11<00:47,  4.07it/s][A

 24%|██▍       | 61/253 [00:12<00:49,  3.88it/s][A

 25%|██▍       | 62/253 [00:12<00:47,  4.05it/s][A

 25%|██▍       | 63/253 [00:12<00:46,  4.07it/s][A

 25%|██▌       | 64/253 [00:12<00:46,  4.04it/s][A

 26%|██▌       | 65/253 [00:13<00:53,  3.52it/s][A

 26%|██▌       | 66/253 [00:13<00:46,  4.03it/s][A

 26%|██▋       | 67/253 [00:13<00:41,  4.50it/s][A

 27%|██▋       | 68/253 [00:13<00:37,  4.90it/s][A

 27%|██▋       | 69/253 [00:13<00:39,  4.68it/s][A

 28%|██▊       | 70/253 [00:14<00:40,  4.54it/s][A

 28%|██▊       | 71/253 [00:14<00:41,  4.42it/s][A

 28%|██▊       | 72/253 [00:14<00:38,  4.68it/s][A

 29%|██▉       | 73/253 [00:14<00:36,  4.87it/s][A

 29%|██▉       | 74/253 [00:14<00:39,  4.52it/s][A

 30%|██▉       | 75/253 [00:15<00:39,  4.50it/s][A

 30%|███       | 76/253 [00:15<00:36,  4.83it/s][A

 30%|███       | 77/253 [00:15<00:33,  5.24it/s][A

 31%|███       | 78/253 [00:15<00:32,  5.41it/s][A

 31%|███       | 79/253 [00:15<00:34,  5.00it/s][A

 32%|███▏      | 80/253 [00:16<00:33,  5.14it/s][A

 32%|███▏      | 81/253 [00:16<00:34,  5.02it/s][A

 32%|███▏      | 82/253 [00:16<00:32,  5.29it/s][A

 33%|███▎      | 83/253 [00:16<00:31,  5.38it/s][A

 33%|███▎      | 84/253 [00:16<00:33,  5.12it/s][A

 34%|███▎      | 85/253 [00:17<00:32,  5.22it/s][A

 34%|███▍      | 86/253 [00:17<00:30,  5.50it/s][A

 34%|███▍      | 87/253 [00:17<00:29,  5.56it/s][A

 35%|███▍      | 88/253 [00:17<00:31,  5.28it/s][A

 35%|███▌      | 89/253 [00:17<00:30,  5.33it/s][A

 36%|███▌      | 90/253 [00:18<00:34,  4.75it/s][A

 36%|███▌      | 91/253 [00:18<00:31,  5.19it/s][A

 36%|███▋      | 92/253 [00:18<00:30,  5.31it/s][A

 37%|███▋      | 93/253 [00:18<00:29,  5.45it/s][A

 37%|███▋      | 94/253 [00:18<00:28,  5.63it/s][A

 38%|███▊      | 95/253 [00:18<00:27,  5.83it/s][A

 38%|███▊      | 96/253 [00:19<00:27,  5.70it/s][A

 38%|███▊      | 97/253 [00:19<00:26,  5.96it/s][A

 39%|███▊      | 98/253 [00:19<00:26,  5.91it/s][A

 39%|███▉      | 99/253 [00:19<00:28,  5.43it/s][A

 40%|███▉      | 100/253 [00:19<00:27,  5.56it/s][A

 40%|███▉      | 101/253 [00:20<00:36,  4.14it/s][A

 40%|████      | 102/253 [00:20<00:35,  4.28it/s][A

 41%|████      | 103/253 [00:20<00:32,  4.68it/s][A

 41%|████      | 104/253 [00:20<00:31,  4.78it/s][A

 42%|████▏     | 105/253 [00:20<00:29,  5.02it/s][A

 42%|████▏     | 106/253 [00:21<00:27,  5.27it/s][A

 42%|████▏     | 107/253 [00:21<00:31,  4.69it/s][A

 43%|████▎     | 108/253 [00:21<00:34,  4.22it/s][A

 43%|████▎     | 109/253 [00:21<00:32,  4.41it/s][A

 43%|████▎     | 110/253 [00:22<00:30,  4.71it/s][A

 44%|████▍     | 111/253 [00:22<00:32,  4.38it/s][A

 44%|████▍     | 112/253 [00:22<00:33,  4.23it/s][A

 45%|████▍     | 113/253 [00:22<00:32,  4.32it/s][A

 45%|████▌     | 114/253 [00:22<00:29,  4.70it/s][A

 45%|████▌     | 115/253 [00:23<00:29,  4.65it/s][A

 46%|████▌     | 116/253 [00:23<00:29,  4.66it/s][A

 46%|████▌     | 117/253 [00:23<00:27,  4.86it/s][A

 47%|████▋     | 118/253 [00:23<00:29,  4.61it/s][A

 47%|████▋     | 119/253 [00:23<00:27,  4.96it/s][A

 47%|████▋     | 120/253 [00:24<00:25,  5.15it/s][A

 48%|████▊     | 121/253 [00:24<00:24,  5.28it/s][A

 48%|████▊     | 122/253 [00:24<00:23,  5.64it/s][A

 49%|████▊     | 123/253 [00:24<00:22,  5.71it/s][A

 49%|████▉     | 124/253 [00:24<00:23,  5.47it/s][A

 49%|████▉     | 125/253 [00:25<00:25,  5.08it/s][A

 50%|████▉     | 126/253 [00:25<00:23,  5.34it/s][A

 50%|█████     | 127/253 [00:25<00:22,  5.52it/s][A

 51%|█████     | 128/253 [00:25<00:25,  4.84it/s][A

 51%|█████     | 129/253 [00:25<00:27,  4.45it/s][A

 51%|█████▏    | 130/253 [00:26<00:29,  4.11it/s][A

 52%|█████▏    | 131/253 [00:26<00:29,  4.10it/s][A

 52%|█████▏    | 132/253 [00:26<00:26,  4.54it/s][A

 53%|█████▎    | 133/253 [00:27<00:39,  3.03it/s][A

 53%|█████▎    | 134/253 [00:27<00:34,  3.42it/s][A

 53%|█████▎    | 135/253 [00:27<00:35,  3.33it/s][A

 54%|█████▍    | 136/253 [00:28<00:34,  3.41it/s][A

 54%|█████▍    | 137/253 [00:28<00:32,  3.62it/s][A

 55%|█████▍    | 138/253 [00:28<00:28,  4.02it/s][A

 55%|█████▍    | 139/253 [00:28<00:25,  4.46it/s][A

 55%|█████▌    | 140/253 [00:28<00:26,  4.35it/s][A

 56%|█████▌    | 141/253 [00:29<00:25,  4.47it/s][A

 56%|█████▌    | 142/253 [00:29<00:23,  4.81it/s][A

 57%|█████▋    | 143/253 [00:29<00:23,  4.77it/s][A

 57%|█████▋    | 144/253 [00:29<00:21,  5.10it/s][A

 57%|█████▋    | 145/253 [00:29<00:19,  5.41it/s][A

 58%|█████▊    | 146/253 [00:29<00:19,  5.44it/s][A

 58%|█████▊    | 147/253 [00:30<00:18,  5.70it/s][A

 58%|█████▊    | 148/253 [00:30<00:19,  5.27it/s][A

 59%|█████▉    | 149/253 [00:30<00:19,  5.44it/s][A

 59%|█████▉    | 150/253 [00:30<00:18,  5.65it/s][A

 60%|█████▉    | 151/253 [00:30<00:17,  5.82it/s][A

 60%|██████    | 152/253 [00:30<00:17,  5.93it/s][A

 60%|██████    | 153/253 [00:31<00:17,  5.85it/s][A

 61%|██████    | 154/253 [00:31<00:16,  5.91it/s][A

 61%|██████▏   | 155/253 [00:31<00:16,  5.94it/s][A

 62%|██████▏   | 156/253 [00:31<00:16,  6.04it/s][A

 62%|██████▏   | 157/253 [00:31<00:16,  5.94it/s][A

 62%|██████▏   | 158/253 [00:32<00:17,  5.56it/s][A

 63%|██████▎   | 159/253 [00:32<00:17,  5.36it/s][A

 63%|██████▎   | 160/253 [00:32<00:16,  5.49it/s][A

 64%|██████▎   | 161/253 [00:32<00:16,  5.58it/s][A

 64%|██████▍   | 162/253 [00:32<00:17,  5.15it/s][A

 64%|██████▍   | 163/253 [00:33<00:18,  4.95it/s][A

 65%|██████▍   | 164/253 [00:33<00:20,  4.34it/s][A

 65%|██████▌   | 165/253 [00:33<00:25,  3.50it/s][A

 66%|██████▌   | 166/253 [00:33<00:22,  3.87it/s][A

 66%|██████▌   | 167/253 [00:34<00:21,  3.97it/s][A

 66%|██████▋   | 168/253 [00:34<00:19,  4.43it/s][A

 67%|██████▋   | 169/253 [00:34<00:19,  4.39it/s][A

 67%|██████▋   | 170/253 [00:34<00:17,  4.72it/s][A

 68%|██████▊   | 171/253 [00:34<00:16,  4.87it/s][A

 68%|██████▊   | 172/253 [00:35<00:17,  4.66it/s][A

 68%|██████▊   | 173/253 [00:35<00:16,  4.77it/s][A

 69%|██████▉   | 174/253 [00:35<00:15,  5.10it/s][A

 69%|██████▉   | 175/253 [00:35<00:14,  5.35it/s][A

 70%|██████▉   | 176/253 [00:35<00:14,  5.48it/s][A

 70%|██████▉   | 177/253 [00:36<00:13,  5.71it/s][A

 70%|███████   | 178/253 [00:36<00:12,  5.81it/s][A

 71%|███████   | 179/253 [00:36<00:12,  5.83it/s][A

 71%|███████   | 180/253 [00:36<00:12,  5.90it/s][A

 72%|███████▏  | 181/253 [00:36<00:12,  5.94it/s][A

 72%|███████▏  | 182/253 [00:36<00:11,  6.28it/s][A

 72%|███████▏  | 183/253 [00:37<00:11,  6.23it/s][A

 73%|███████▎  | 184/253 [00:37<00:10,  6.43it/s][A

 73%|███████▎  | 185/253 [00:37<00:10,  6.31it/s][A

 74%|███████▎  | 186/253 [00:37<00:10,  6.47it/s][A

 74%|███████▍  | 187/253 [00:37<00:10,  6.34it/s][A

 74%|███████▍  | 188/253 [00:37<00:10,  6.16it/s][A

 75%|███████▍  | 189/253 [00:37<00:10,  6.12it/s][A

 75%|███████▌  | 190/253 [00:38<00:10,  6.18it/s][A

 75%|███████▌  | 191/253 [00:38<00:10,  6.04it/s][A

 76%|███████▌  | 192/253 [00:38<00:10,  5.70it/s][A

 76%|███████▋  | 193/253 [00:38<00:10,  5.78it/s][A

 77%|███████▋  | 194/253 [00:38<00:10,  5.61it/s][A

 77%|███████▋  | 195/253 [00:39<00:10,  5.45it/s][A

 77%|███████▋  | 196/253 [00:39<00:10,  5.48it/s][A

 78%|███████▊  | 197/253 [00:39<00:10,  5.55it/s][A

 78%|███████▊  | 198/253 [00:39<00:11,  4.93it/s][A

 79%|███████▊  | 199/253 [00:39<00:10,  5.13it/s][A

 79%|███████▉  | 200/253 [00:39<00:09,  5.37it/s][A

 79%|███████▉  | 201/253 [00:40<00:09,  5.38it/s][A

 80%|███████▉  | 202/253 [00:40<00:10,  5.06it/s][A

 80%|████████  | 203/253 [00:40<00:10,  4.88it/s][A

 81%|████████  | 204/253 [00:40<00:09,  4.93it/s][A

 81%|████████  | 205/253 [00:41<00:09,  4.94it/s][A

 81%|████████▏ | 206/253 [00:41<00:09,  5.13it/s][A

 82%|████████▏ | 207/253 [00:41<00:12,  3.78it/s][A

 82%|████████▏ | 208/253 [00:41<00:11,  4.02it/s][A

 83%|████████▎ | 209/253 [00:42<00:10,  4.15it/s][A

 83%|████████▎ | 210/253 [00:42<00:10,  4.05it/s][A

 83%|████████▎ | 211/253 [00:42<00:09,  4.56it/s][A

 84%|████████▍ | 212/253 [00:42<00:08,  4.64it/s][A

 84%|████████▍ | 213/253 [00:42<00:08,  4.63it/s][A

 85%|████████▍ | 214/253 [00:43<00:07,  5.01it/s][A

 85%|████████▍ | 215/253 [00:43<00:07,  5.23it/s][A

 85%|████████▌ | 216/253 [00:43<00:07,  4.98it/s][A

 86%|████████▌ | 217/253 [00:43<00:07,  4.93it/s][A

 86%|████████▌ | 218/253 [00:43<00:06,  5.22it/s][A

 87%|████████▋ | 219/253 [00:44<00:06,  4.96it/s][A

 87%|████████▋ | 220/253 [00:44<00:06,  5.21it/s][A

 87%|████████▋ | 221/253 [00:44<00:05,  5.35it/s][A

 88%|████████▊ | 222/253 [00:44<00:05,  5.31it/s][A

 88%|████████▊ | 223/253 [00:44<00:05,  5.29it/s][A

 89%|████████▊ | 224/253 [00:45<00:05,  4.99it/s][A

 89%|████████▉ | 225/253 [00:45<00:07,  3.86it/s][A

 89%|████████▉ | 226/253 [00:45<00:06,  4.01it/s][A

 90%|████████▉ | 227/253 [00:45<00:07,  3.66it/s][A

 90%|█████████ | 228/253 [00:46<00:06,  3.93it/s][A

 91%|█████████ | 229/253 [00:46<00:05,  4.19it/s][A

 91%|█████████ | 230/253 [00:46<00:05,  4.41it/s][A

 91%|█████████▏| 231/253 [00:46<00:05,  4.07it/s][A

 92%|█████████▏| 232/253 [00:47<00:04,  4.49it/s][A

 92%|█████████▏| 233/253 [00:47<00:05,  3.95it/s][A

 92%|█████████▏| 234/253 [00:47<00:04,  4.14it/s][A

 93%|█████████▎| 235/253 [00:47<00:03,  4.59it/s][A

 93%|█████████▎| 236/253 [00:47<00:03,  4.42it/s][A

 94%|█████████▎| 237/253 [00:48<00:04,  3.99it/s][A

 94%|█████████▍| 238/253 [00:48<00:03,  4.12it/s][A

 94%|█████████▍| 239/253 [00:48<00:03,  4.15it/s][A

 95%|█████████▍| 240/253 [00:48<00:02,  4.36it/s][A

 95%|█████████▌| 241/253 [00:49<00:02,  4.30it/s][A

 96%|█████████▌| 242/253 [00:49<00:02,  4.67it/s][A

 96%|█████████▌| 243/253 [00:49<00:02,  4.65it/s][A

 96%|█████████▋| 244/253 [00:49<00:01,  4.95it/s][A

 97%|█████████▋| 245/253 [00:50<00:01,  4.63it/s][A

 97%|█████████▋| 246/253 [00:50<00:01,  4.74it/s][A

 98%|█████████▊| 247/253 [00:50<00:01,  4.85it/s][A

 98%|█████████▊| 248/253 [00:50<00:01,  4.83it/s][A

 98%|█████████▊| 249/253 [00:50<00:00,  4.50it/s][A

 99%|█████████▉| 250/253 [00:51<00:00,  4.17it/s][A

 99%|█████████▉| 251/253 [00:51<00:00,  4.17it/s][A

100%|█████████▉| 252/253 [00:51<00:00,  4.48it/s][A

100%|██████████| 253/253 [00:51<00:00,  4.92it/s][A
                                                  

                                                 
[A{'eval_loss': '1.532', 'eval_runtime': '51.9', 'eval_samples_per_second': '9.75', 'eval_steps_per_second': '4.875', 'eval_entropy': '1.511', 'eval_num_tokens': '8.31e+05', 'eval_mean_token_accuracy': '0.6095', 'epoch': '0.7276'}

 36%|███▋      | 400/1100 [25:18<41:05,  3.52s/it]

100%|██████████| 253/253 [00:51<00:00,  4.92it/s][A

                                                 [A
 36%|███▋      | 401/1100 [25:20<3:39:41, 18.86s/it]
 37%|███▋      | 402/1100 [25:23<2:43:49, 14.08s/it]
 37%|███▋      | 403/1100 [25:28<2:10:12, 11.21s/it]
 37%|███▋      | 404/1100 [25:32<1:44:22,  9.00s/it]
 37%|███▋      | 405/1100 [25:34<1:20:39,  6.96s/it]
 37%|███▋      | 406/1100 [25:37<1:07:54,  5.87s/it]
 37%|███▋      | 407/1100 [25:40<56:59,  4.93s/it]  
 37%|███▋      | 408/1100 [25:44<52:52,  4.58s/it]
 37%|███▋      | 409/1100 [25:47<48:11,  4.18s/it]
 37%|███▋      | 410/1100 [25:51<48:19,  4.20s/it]
                                                  
{'loss': '1.516', 'grad_norm': '1.382', 'learning_rate': '0.0001583', 'entropy': '1.498', 'num_tokens': '8.528e+05', 'mean_token_accuracy': '0.6164', 'epoch': '0.7458'}

 37%|███▋      | 410/1100 [25:51<48:19,  4.20s/it]
 37%|███▋      | 411/1100 [25:54<42:43,  3.72s/it]
 37%|███▋      | 412/1100 [25:57<41:39,  3.63s/it]
 38%|███▊      | 413/1100 [26:01<41:09,  3.59s/it]
 38%|███▊      | 414/1100 [26:04<40:11,  3.52s/it]
 38%|███▊      | 415/1100 [26:07<37:57,  3.32s/it]
 38%|███▊      | 416/1100 [26:11<39:27,  3.46s/it]
 38%|███▊      | 417/1100 [26:14<40:27,  3.55s/it]
 38%|███▊      | 418/1100 [26:17<38:07,  3.35s/it]
 38%|███▊      | 419/1100 [26:20<35:47,  3.15s/it]
 38%|███▊      | 420/1100 [26:23<36:30,  3.22s/it]
                                                  
{'loss': '1.463', 'grad_norm': '1.685', 'learning_rate': '0.0001557', 'entropy': '1.474', 'num_tokens': '8.731e+05', 'mean_token_accuracy': '0.6365', 'epoch': '0.764'}

 38%|███▊      | 420/1100 [26:23<36:30,  3.22s/it]
 38%|███▊      | 421/1100 [26:26<34:05,  3.01s/it]
 38%|███▊      | 422/1100 [26:30<37:54,  3.36s/it]
 38%|███▊      | 423/1100 [26:34<38:02,  3.37s/it]
 39%|███▊      | 424/1100 [26:37<37:49,  3.36s/it]
 39%|███▊      | 425/1100 [26:40<38:42,  3.44s/it]
 39%|███▊      | 426/1100 [26:44<38:46,  3.45s/it]
 39%|███▉      | 427/1100 [26:48<39:30,  3.52s/it]
 39%|███▉      | 428/1100 [26:50<36:44,  3.28s/it]
 39%|███▉      | 429/1100 [26:54<37:28,  3.35s/it]
 39%|███▉      | 430/1100 [26:57<36:38,  3.28s/it]
                                                  
{'loss': '1.556', 'grad_norm': '1.681', 'learning_rate': '0.000153', 'entropy': '1.517', 'num_tokens': '8.935e+05', 'mean_token_accuracy': '0.6148', 'epoch': '0.7822'}

 39%|███▉      | 430/1100 [26:57<36:38,  3.28s/it]
 39%|███▉      | 431/1100 [27:00<34:55,  3.13s/it]
 39%|███▉      | 432/1100 [27:03<34:33,  3.10s/it]
 39%|███▉      | 433/1100 [27:06<35:58,  3.24s/it]
 39%|███▉      | 434/1100 [27:09<34:50,  3.14s/it]
 40%|███▉      | 435/1100 [27:12<34:57,  3.15s/it]
 40%|███▉      | 436/1100 [27:15<34:01,  3.07s/it]
 40%|███▉      | 437/1100 [27:19<36:30,  3.30s/it]
 40%|███▉      | 438/1100 [27:22<35:03,  3.18s/it]
 40%|███▉      | 439/1100 [27:26<37:14,  3.38s/it]
 40%|████      | 440/1100 [27:29<35:52,  3.26s/it]
                                                  
{'loss': '1.529', 'grad_norm': '1.747', 'learning_rate': '0.0001503', 'entropy': '1.563', 'num_tokens': '9.146e+05', 'mean_token_accuracy': '0.6151', 'epoch': '0.8004'}

 40%|████      | 440/1100 [27:29<35:52,  3.26s/it]
 40%|████      | 441/1100 [27:32<36:32,  3.33s/it]
 40%|████      | 442/1100 [27:35<35:41,  3.25s/it]
 40%|████      | 443/1100 [27:39<35:27,  3.24s/it]
 40%|████      | 444/1100 [27:42<35:07,  3.21s/it]
 40%|████      | 445/1100 [27:46<39:38,  3.63s/it]
 41%|████      | 446/1100 [27:50<39:47,  3.65s/it]
 41%|████      | 447/1100 [27:54<39:46,  3.65s/it]
 41%|████      | 448/1100 [27:57<39:01,  3.59s/it]
 41%|████      | 449/1100 [28:01<38:31,  3.55s/it]
 41%|████      | 450/1100 [28:04<36:09,  3.34s/it]
                                                  
{'loss': '1.548', 'grad_norm': '1.572', 'learning_rate': '0.0001475', 'entropy': '1.521', 'num_tokens': '9.358e+05', 'mean_token_accuracy': '0.6063', 'epoch': '0.8186'}

 41%|████      | 450/1100 [28:04<36:09,  3.34s/it]
 41%|████      | 451/1100 [28:07<37:37,  3.48s/it]
 41%|████      | 452/1100 [28:11<36:55,  3.42s/it]
 41%|████      | 453/1100 [28:14<37:25,  3.47s/it]
 41%|████▏     | 454/1100 [28:17<34:50,  3.24s/it]
 41%|████▏     | 455/1100 [28:21<36:21,  3.38s/it]
 41%|████▏     | 456/1100 [28:23<32:32,  3.03s/it]
 42%|████▏     | 457/1100 [28:26<33:02,  3.08s/it]
 42%|████▏     | 458/1100 [28:30<35:17,  3.30s/it]
 42%|████▏     | 459/1100 [28:33<34:38,  3.24s/it]
 42%|████▏     | 460/1100 [28:36<34:34,  3.24s/it]
                                                  
{'loss': '1.545', 'grad_norm': '1.952', 'learning_rate': '0.0001447', 'entropy': '1.5', 'num_tokens': '9.561e+05', 'mean_token_accuracy': '0.6066', 'epoch': '0.8367'}

 42%|████▏     | 460/1100 [28:36<34:34,  3.24s/it]
 42%|████▏     | 461/1100 [28:38<31:18,  2.94s/it]
 42%|████▏     | 462/1100 [28:42<34:03,  3.20s/it]
 42%|████▏     | 463/1100 [28:46<35:26,  3.34s/it]
 42%|████▏     | 464/1100 [28:50<36:25,  3.44s/it]
 42%|████▏     | 465/1100 [28:53<35:04,  3.31s/it]
 42%|████▏     | 466/1100 [28:56<34:51,  3.30s/it]
 42%|████▏     | 467/1100 [28:59<32:55,  3.12s/it]
 43%|████▎     | 468/1100 [29:02<34:28,  3.27s/it]
 43%|████▎     | 469/1100 [29:06<35:47,  3.40s/it]
 43%|████▎     | 470/1100 [29:09<34:38,  3.30s/it]
                                                  
{'loss': '1.514', 'grad_norm': '1.866', 'learning_rate': '0.0001418', 'entropy': '1.506', 'num_tokens': '9.763e+05', 'mean_token_accuracy': '0.6133', 'epoch': '0.8549'}

 43%|████▎     | 470/1100 [29:09<34:38,  3.30s/it]
 43%|████▎     | 471/1100 [29:13<35:59,  3.43s/it]
 43%|████▎     | 472/1100 [29:15<32:10,  3.07s/it]
 43%|████▎     | 473/1100 [29:18<32:56,  3.15s/it]
 43%|████▎     | 474/1100 [29:23<36:35,  3.51s/it]
 43%|████▎     | 475/1100 [29:26<34:57,  3.36s/it]
 43%|████▎     | 476/1100 [29:28<32:05,  3.09s/it]
 43%|████▎     | 477/1100 [29:32<33:12,  3.20s/it]
 43%|████▎     | 478/1100 [29:35<35:12,  3.40s/it]
 44%|████▎     | 479/1100 [29:38<33:00,  3.19s/it]
 44%|████▎     | 480/1100 [29:41<33:23,  3.23s/it]
                                                  
{'loss': '1.627', 'grad_norm': '1.628', 'learning_rate': '0.0001389', 'entropy': '1.568', 'num_tokens': '9.974e+05', 'mean_token_accuracy': '0.6024', 'epoch': '0.8731'}

 44%|████▎     | 480/1100 [29:41<33:23,  3.23s/it]
 44%|████▎     | 481/1100 [29:45<33:19,  3.23s/it]
 44%|████▍     | 482/1100 [29:48<33:06,  3.21s/it]
 44%|████▍     | 483/1100 [29:52<34:38,  3.37s/it]
 44%|████▍     | 484/1100 [29:54<32:16,  3.14s/it]
 44%|████▍     | 485/1100 [29:58<34:54,  3.41s/it]
 44%|████▍     | 486/1100 [30:02<35:51,  3.50s/it]
 44%|████▍     | 487/1100 [30:05<34:24,  3.37s/it]
 44%|████▍     | 488/1100 [30:08<34:10,  3.35s/it]
 44%|████▍     | 489/1100 [30:12<34:03,  3.35s/it]
 45%|████▍     | 490/1100 [30:15<33:51,  3.33s/it]
                                                  
{'loss': '1.545', 'grad_norm': '1.498', 'learning_rate': '0.000136', 'entropy': '1.59', 'num_tokens': '1.018e+06', 'mean_token_accuracy': '0.6086', 'epoch': '0.8913'}

 45%|████▍     | 490/1100 [30:15<33:51,  3.33s/it]
 45%|████▍     | 491/1100 [30:18<31:42,  3.12s/it]
 45%|████▍     | 492/1100 [30:22<36:19,  3.58s/it]
 45%|████▍     | 493/1100 [30:25<33:05,  3.27s/it]
 45%|████▍     | 494/1100 [30:28<34:00,  3.37s/it]
 45%|████▌     | 495/1100 [30:31<31:55,  3.17s/it]
 45%|████▌     | 496/1100 [30:34<32:42,  3.25s/it]
 45%|████▌     | 497/1100 [30:38<32:39,  3.25s/it]
 45%|████▌     | 498/1100 [30:42<34:23,  3.43s/it]
 45%|████▌     | 499/1100 [30:44<32:24,  3.24s/it]
 45%|████▌     | 500/1100 [30:48<33:44,  3.37s/it]
                                                  
{'loss': '1.504', 'grad_norm': '1.994', 'learning_rate': '0.000133', 'entropy': '1.5', 'num_tokens': '1.039e+06', 'mean_token_accuracy': '0.6172', 'epoch': '0.9095'}

 45%|████▌     | 500/1100 [30:48<33:44,  3.37s/it]

  0%|          | 0/253 [00:00<?, ?it/s][A

  1%|          | 2/253 [00:00<00:44,  5.62it/s][A

  1%|          | 3/253 [00:00<00:48,  5.12it/s][A

  2%|▏         | 4/253 [00:00<00:49,  5.02it/s][A

  2%|▏         | 5/253 [00:01<00:51,  4.85it/s][A

  2%|▏         | 6/253 [00:01<00:59,  4.13it/s][A

  3%|▎         | 7/253 [00:01<01:19,  3.11it/s][A

  3%|▎         | 8/253 [00:02<01:11,  3.43it/s][A

  4%|▎         | 9/253 [00:02<01:06,  3.68it/s][A

  4%|▍         | 10/253 [00:02<00:57,  4.19it/s][A

  4%|▍         | 11/253 [00:02<01:00,  4.03it/s][A

  5%|▍         | 12/253 [00:02<01:02,  3.85it/s][A

  5%|▌         | 13/253 [00:03<01:02,  3.85it/s][A

  6%|▌         | 14/253 [00:03<00:59,  4.03it/s][A

  6%|▌         | 15/253 [00:03<00:59,  4.03it/s][A

  6%|▋         | 16/253 [00:03<00:55,  4.30it/s][A

  7%|▋         | 17/253 [00:04<00:53,  4.42it/s][A

  7%|▋         | 18/253 [00:04<00:51,  4.56it/s][A

  8%|▊         | 19/253 [00:04<00:56,  4.12it/s][A

  8%|▊         | 20/253 [00:04<00:55,  4.23it/s][A

  8%|▊         | 21/253 [00:05<00:52,  4.43it/s][A

  9%|▊         | 22/253 [00:05<00:50,  4.57it/s][A

  9%|▉         | 23/253 [00:05<00:46,  4.99it/s][A

  9%|▉         | 24/253 [00:05<00:43,  5.21it/s][A

 10%|▉         | 25/253 [00:05<00:41,  5.55it/s][A

 10%|█         | 26/253 [00:05<00:38,  5.85it/s][A

 11%|█         | 27/253 [00:06<00:40,  5.57it/s][A

 11%|█         | 28/253 [00:06<00:40,  5.59it/s][A

 11%|█▏        | 29/253 [00:06<00:39,  5.73it/s][A

 12%|█▏        | 30/253 [00:06<00:37,  5.96it/s][A

 12%|█▏        | 31/253 [00:06<00:39,  5.65it/s][A

 13%|█▎        | 32/253 [00:06<00:40,  5.41it/s][A

 13%|█▎        | 33/253 [00:07<00:43,  5.08it/s][A

 13%|█▎        | 34/253 [00:07<00:50,  4.32it/s][A

 14%|█▍        | 35/253 [00:07<00:46,  4.65it/s][A

 14%|█▍        | 36/253 [00:07<00:42,  5.08it/s][A

 15%|█▍        | 37/253 [00:07<00:39,  5.45it/s][A

 15%|█▌        | 38/253 [00:08<00:37,  5.74it/s][A

 15%|█▌        | 39/253 [00:08<00:38,  5.49it/s][A

 16%|█▌        | 40/253 [00:08<00:40,  5.24it/s][A

 16%|█▌        | 41/253 [00:08<00:51,  4.15it/s][A

 17%|█▋        | 42/253 [00:09<00:48,  4.39it/s][A

 17%|█▋        | 43/253 [00:09<00:53,  3.93it/s][A

 17%|█▋        | 44/253 [00:09<00:57,  3.62it/s][A

 18%|█▊        | 45/253 [00:10<00:58,  3.58it/s][A

 18%|█▊        | 46/253 [00:10<00:56,  3.67it/s][A

 19%|█▊        | 47/253 [00:10<00:54,  3.79it/s][A

 19%|█▉        | 48/253 [00:10<00:48,  4.26it/s][A

 19%|█▉        | 49/253 [00:10<00:44,  4.53it/s][A

 20%|█▉        | 50/253 [00:11<00:42,  4.74it/s][A

 20%|██        | 51/253 [00:11<00:44,  4.49it/s][A

 21%|██        | 52/253 [00:11<00:42,  4.69it/s][A

 21%|██        | 53/253 [00:11<00:43,  4.63it/s][A

 21%|██▏       | 54/253 [00:11<00:41,  4.78it/s][A

 22%|██▏       | 55/253 [00:12<00:37,  5.34it/s][A

 22%|██▏       | 56/253 [00:12<00:37,  5.24it/s][A

 23%|██▎       | 57/253 [00:12<00:36,  5.41it/s][A

 23%|██▎       | 58/253 [00:12<00:36,  5.40it/s][A

 23%|██▎       | 59/253 [00:12<00:38,  5.00it/s][A

 24%|██▎       | 60/253 [00:13<00:38,  5.01it/s][A

 24%|██▍       | 61/253 [00:13<00:38,  5.03it/s][A

 25%|██▍       | 62/253 [00:13<00:38,  5.01it/s][A

 25%|██▍       | 63/253 [00:13<00:36,  5.28it/s][A

 25%|██▌       | 64/253 [00:13<00:33,  5.70it/s][A

 26%|██▌       | 65/253 [00:13<00:32,  5.76it/s][A

 26%|██▌       | 66/253 [00:14<00:31,  5.84it/s][A

 26%|██▋       | 67/253 [00:14<00:30,  6.05it/s][A

 27%|██▋       | 68/253 [00:14<00:29,  6.23it/s][A

 27%|██▋       | 69/253 [00:14<00:29,  6.15it/s][A

 28%|██▊       | 70/253 [00:14<00:29,  6.21it/s][A

 28%|██▊       | 71/253 [00:14<00:31,  5.85it/s][A

 28%|██▊       | 72/253 [00:15<00:32,  5.51it/s][A

 29%|██▉       | 73/253 [00:15<00:34,  5.27it/s][A

 29%|██▉       | 74/253 [00:15<00:37,  4.78it/s][A

 30%|██▉       | 75/253 [00:15<00:37,  4.75it/s][A

 30%|███       | 76/253 [00:16<00:39,  4.52it/s][A

 30%|███       | 77/253 [00:16<00:36,  4.84it/s][A

 31%|███       | 78/253 [00:16<00:36,  4.77it/s][A

 31%|███       | 79/253 [00:16<00:41,  4.23it/s][A

 32%|███▏      | 80/253 [00:17<00:47,  3.61it/s][A

 32%|███▏      | 81/253 [00:17<00:43,  3.92it/s][A

 32%|███▏      | 82/253 [00:17<00:42,  4.02it/s][A

 33%|███▎      | 83/253 [00:17<00:41,  4.13it/s][A

 33%|███▎      | 84/253 [00:18<00:41,  4.11it/s][A

 34%|███▎      | 85/253 [00:18<00:37,  4.54it/s][A

 34%|███▍      | 86/253 [00:18<00:34,  4.90it/s][A

 34%|███▍      | 87/253 [00:18<00:35,  4.66it/s][A

 35%|███▍      | 88/253 [00:18<00:37,  4.37it/s][A

 35%|███▌      | 89/253 [00:19<00:35,  4.57it/s][A

 36%|███▌      | 90/253 [00:19<00:35,  4.62it/s][A

 36%|███▌      | 91/253 [00:19<00:31,  5.15it/s][A

 36%|███▋      | 92/253 [00:19<00:30,  5.33it/s][A

 37%|███▋      | 93/253 [00:19<00:29,  5.46it/s][A

 37%|███▋      | 94/253 [00:19<00:31,  5.11it/s][A

 38%|███▊      | 95/253 [00:20<00:29,  5.41it/s][A

 38%|███▊      | 96/253 [00:20<00:26,  5.82it/s][A

 38%|███▊      | 97/253 [00:20<00:25,  6.05it/s][A

 39%|███▊      | 98/253 [00:20<00:26,  5.95it/s][A

 39%|███▉      | 99/253 [00:20<00:25,  5.99it/s][A

 40%|███▉      | 100/253 [00:20<00:25,  6.01it/s][A

 40%|███▉      | 101/253 [00:21<00:25,  5.97it/s][A

 40%|████      | 102/253 [00:21<00:25,  5.99it/s][A

 41%|████      | 103/253 [00:21<00:25,  5.96it/s][A

 41%|████      | 104/253 [00:21<00:25,  5.95it/s][A

 42%|████▏     | 105/253 [00:21<00:26,  5.52it/s][A

 42%|████▏     | 106/253 [00:22<00:26,  5.46it/s][A

 42%|████▏     | 107/253 [00:22<00:26,  5.61it/s][A

 43%|████▎     | 108/253 [00:22<00:25,  5.72it/s][A

 43%|████▎     | 109/253 [00:22<00:27,  5.17it/s][A

 43%|████▎     | 110/253 [00:22<00:29,  4.92it/s][A

 44%|████▍     | 111/253 [00:22<00:27,  5.07it/s][A

 44%|████▍     | 112/253 [00:23<00:27,  5.13it/s][A

 45%|████▍     | 113/253 [00:23<00:26,  5.19it/s][A

 45%|████▌     | 114/253 [00:23<00:35,  3.94it/s][A

 45%|████▌     | 115/253 [00:24<00:35,  3.85it/s][A

 46%|████▌     | 116/253 [00:24<00:32,  4.26it/s][A

 46%|████▌     | 117/253 [00:24<00:30,  4.46it/s][A

 47%|████▋     | 118/253 [00:24<00:30,  4.47it/s][A

 47%|████▋     | 119/253 [00:24<00:28,  4.64it/s][A

 47%|████▋     | 120/253 [00:24<00:26,  4.99it/s][A

 48%|████▊     | 121/253 [00:25<00:25,  5.15it/s][A

 48%|████▊     | 122/253 [00:25<00:24,  5.37it/s][A

 49%|████▊     | 123/253 [00:25<00:23,  5.45it/s][A

 49%|████▉     | 124/253 [00:25<00:22,  5.63it/s][A

 49%|████▉     | 125/253 [00:25<00:22,  5.81it/s][A

 50%|████▉     | 126/253 [00:26<00:21,  5.90it/s][A

 50%|█████     | 127/253 [00:26<00:21,  5.94it/s][A

 51%|█████     | 128/253 [00:26<00:21,  5.88it/s][A

 51%|█████     | 129/253 [00:26<00:21,  5.88it/s][A

 51%|█████▏    | 130/253 [00:26<00:19,  6.20it/s][A

 52%|█████▏    | 131/253 [00:26<00:18,  6.45it/s][A

 52%|█████▏    | 132/253 [00:26<00:19,  6.34it/s][A

 53%|█████▎    | 133/253 [00:27<00:18,  6.50it/s][A

 53%|█████▎    | 134/253 [00:27<00:18,  6.52it/s][A

 53%|█████▎    | 135/253 [00:27<00:18,  6.33it/s][A

 54%|█████▍    | 136/253 [00:27<00:18,  6.44it/s][A

 54%|█████▍    | 137/253 [00:27<00:17,  6.45it/s][A

 55%|█████▍    | 138/253 [00:27<00:18,  6.28it/s][A

 55%|█████▍    | 139/253 [00:28<00:18,  6.19it/s][A

 55%|█████▌    | 140/253 [00:28<00:18,  6.05it/s][A

 56%|█████▌    | 141/253 [00:28<00:18,  6.00it/s][A

 56%|█████▌    | 142/253 [00:28<00:18,  5.98it/s][A

 57%|█████▋    | 143/253 [00:28<00:18,  5.80it/s][A

 57%|█████▋    | 144/253 [00:28<00:20,  5.41it/s][A

 57%|█████▋    | 145/253 [00:29<00:19,  5.40it/s][A

 58%|█████▊    | 146/253 [00:29<00:22,  4.68it/s][A

 58%|█████▊    | 147/253 [00:29<00:25,  4.13it/s][A

 58%|█████▊    | 148/253 [00:29<00:24,  4.32it/s][A

 59%|█████▉    | 149/253 [00:30<00:27,  3.79it/s][A

 59%|█████▉    | 150/253 [00:30<00:25,  4.11it/s][A

 60%|█████▉    | 151/253 [00:30<00:24,  4.12it/s][A

 60%|██████    | 152/253 [00:30<00:23,  4.25it/s][A

 60%|██████    | 153/253 [00:31<00:22,  4.38it/s][A

 61%|██████    | 154/253 [00:31<00:23,  4.19it/s][A

 61%|██████▏   | 155/253 [00:31<00:22,  4.33it/s][A

 62%|██████▏   | 156/253 [00:31<00:20,  4.75it/s][A

 62%|██████▏   | 157/253 [00:31<00:18,  5.15it/s][A

 62%|██████▏   | 158/253 [00:32<00:18,  5.07it/s][A

 63%|██████▎   | 159/253 [00:32<00:17,  5.27it/s][A

 63%|██████▎   | 160/253 [00:32<00:17,  5.40it/s][A

 64%|██████▎   | 161/253 [00:32<00:16,  5.54it/s][A

 64%|██████▍   | 162/253 [00:32<00:16,  5.44it/s][A

 64%|██████▍   | 163/253 [00:33<00:15,  5.74it/s][A

 65%|██████▍   | 164/253 [00:33<00:15,  5.88it/s][A

 65%|██████▌   | 165/253 [00:33<00:16,  5.30it/s][A

 66%|██████▌   | 166/253 [00:33<00:15,  5.64it/s][A

 66%|██████▌   | 167/253 [00:33<00:14,  5.82it/s][A

 66%|██████▋   | 168/253 [00:33<00:14,  5.94it/s][A

 67%|██████▋   | 169/253 [00:34<00:14,  5.94it/s][A

 67%|██████▋   | 170/253 [00:34<00:14,  5.88it/s][A

 68%|██████▊   | 171/253 [00:34<00:15,  5.19it/s][A

 68%|██████▊   | 172/253 [00:34<00:16,  4.93it/s][A

 68%|██████▊   | 173/253 [00:34<00:18,  4.44it/s][A

 69%|██████▉   | 174/253 [00:35<00:18,  4.18it/s][A

 69%|██████▉   | 175/253 [00:35<00:17,  4.39it/s][A

 70%|██████▉   | 176/253 [00:35<00:16,  4.61it/s][A

 70%|██████▉   | 177/253 [00:35<00:16,  4.68it/s][A

 70%|███████   | 178/253 [00:36<00:14,  5.00it/s][A

 71%|███████   | 179/253 [00:36<00:16,  4.49it/s][A

 71%|███████   | 180/253 [00:36<00:16,  4.39it/s][A

 72%|███████▏  | 181/253 [00:36<00:16,  4.31it/s][A

 72%|███████▏  | 182/253 [00:36<00:14,  4.77it/s][A

 72%|███████▏  | 183/253 [00:37<00:18,  3.82it/s][A

 73%|███████▎  | 184/253 [00:37<00:15,  4.36it/s][A

 73%|███████▎  | 185/253 [00:37<00:16,  4.06it/s][A

 74%|███████▎  | 186/253 [00:37<00:16,  4.15it/s][A

 74%|███████▍  | 187/253 [00:38<00:14,  4.57it/s][A

 74%|███████▍  | 188/253 [00:38<00:15,  4.11it/s][A

 75%|███████▍  | 189/253 [00:38<00:16,  3.82it/s][A

 75%|███████▌  | 190/253 [00:38<00:14,  4.21it/s][A

 75%|███████▌  | 191/253 [00:39<00:13,  4.59it/s][A

 76%|███████▌  | 192/253 [00:39<00:13,  4.57it/s][A

 76%|███████▋  | 193/253 [00:39<00:12,  4.91it/s][A

 77%|███████▋  | 194/253 [00:39<00:11,  5.13it/s][A

 77%|███████▋  | 195/253 [00:39<00:13,  4.42it/s][A

 77%|███████▋  | 196/253 [00:40<00:12,  4.63it/s][A

 78%|███████▊  | 197/253 [00:40<00:13,  4.13it/s][A

 78%|███████▊  | 198/253 [00:40<00:12,  4.33it/s][A

 79%|███████▊  | 199/253 [00:40<00:13,  4.13it/s][A

 79%|███████▉  | 200/253 [00:41<00:12,  4.17it/s][A

 79%|███████▉  | 201/253 [00:41<00:13,  3.79it/s][A

 80%|███████▉  | 202/253 [00:41<00:13,  3.79it/s][A

 80%|████████  | 203/253 [00:41<00:12,  3.89it/s][A

 81%|████████  | 204/253 [00:42<00:11,  4.32it/s][A

 81%|████████  | 205/253 [00:42<00:10,  4.37it/s][A

 81%|████████▏ | 206/253 [00:42<00:09,  4.80it/s][A

 82%|████████▏ | 207/253 [00:42<00:09,  4.88it/s][A

 82%|████████▏ | 208/253 [00:42<00:09,  4.94it/s][A

 83%|████████▎ | 209/253 [00:43<00:08,  5.14it/s][A

 83%|████████▎ | 210/253 [00:43<00:07,  5.50it/s][A

 83%|████████▎ | 211/253 [00:43<00:07,  5.41it/s][A

 84%|████████▍ | 212/253 [00:43<00:07,  5.80it/s][A

 84%|████████▍ | 213/253 [00:43<00:06,  5.89it/s][A

 85%|████████▍ | 214/253 [00:43<00:06,  6.17it/s][A

 85%|████████▍ | 215/253 [00:44<00:06,  6.24it/s][A

 85%|████████▌ | 216/253 [00:44<00:06,  6.16it/s][A

 86%|████████▌ | 217/253 [00:44<00:06,  5.82it/s][A

 86%|████████▌ | 218/253 [00:44<00:05,  5.89it/s][A

 87%|████████▋ | 219/253 [00:44<00:05,  5.89it/s][A

 87%|████████▋ | 220/253 [00:44<00:05,  5.71it/s][A

 87%|████████▋ | 221/253 [00:45<00:05,  5.38it/s][A

 88%|████████▊ | 222/253 [00:45<00:05,  5.55it/s][A

 88%|████████▊ | 223/253 [00:45<00:05,  5.59it/s][A

 89%|████████▊ | 224/253 [00:45<00:05,  4.90it/s][A

 89%|████████▉ | 225/253 [00:45<00:05,  5.04it/s][A

 89%|████████▉ | 226/253 [00:46<00:05,  5.21it/s][A

 90%|████████▉ | 227/253 [00:46<00:07,  3.52it/s][A

 90%|█████████ | 228/253 [00:46<00:06,  3.71it/s][A

 91%|█████████ | 229/253 [00:47<00:07,  3.36it/s][A

 91%|█████████ | 230/253 [00:47<00:06,  3.47it/s][A

 91%|█████████▏| 231/253 [00:47<00:05,  3.86it/s][A

 92%|█████████▏| 232/253 [00:47<00:04,  4.20it/s][A

 92%|█████████▏| 233/253 [00:48<00:05,  3.77it/s][A

 92%|█████████▏| 234/253 [00:48<00:04,  4.25it/s][A

 93%|█████████▎| 235/253 [00:48<00:03,  4.65it/s][A

 93%|█████████▎| 236/253 [00:48<00:03,  4.92it/s][A

 94%|█████████▎| 237/253 [00:48<00:02,  5.40it/s][A

 94%|█████████▍| 238/253 [00:49<00:03,  4.89it/s][A

 94%|█████████▍| 239/253 [00:49<00:02,  5.01it/s][A

 95%|█████████▍| 240/253 [00:49<00:02,  5.29it/s][A

 95%|█████████▌| 241/253 [00:49<00:02,  5.17it/s][A

 96%|█████████▌| 242/253 [00:49<00:01,  5.51it/s][A

 96%|█████████▌| 243/253 [00:49<00:01,  5.64it/s][A

 96%|█████████▋| 244/253 [00:50<00:01,  5.20it/s][A

 97%|█████████▋| 245/253 [00:50<00:01,  5.49it/s][A

 97%|█████████▋| 246/253 [00:50<00:01,  5.41it/s][A

 98%|█████████▊| 247/253 [00:50<00:01,  5.65it/s][A

 98%|█████████▊| 248/253 [00:50<00:00,  5.73it/s][A

 98%|█████████▊| 249/253 [00:51<00:00,  5.15it/s][A

 99%|█████████▉| 250/253 [00:51<00:00,  4.64it/s][A

 99%|█████████▉| 251/253 [00:51<00:00,  4.78it/s][A

100%|█████████▉| 252/253 [00:51<00:00,  4.82it/s][A

100%|██████████| 253/253 [00:52<00:00,  4.48it/s][A
                                                  

                                                 
[A{'eval_loss': '1.509', 'eval_runtime': '52.33', 'eval_samples_per_second': '9.669', 'eval_steps_per_second': '4.834', 'eval_entropy': '1.418', 'eval_num_tokens': '1.039e+06', 'eval_mean_token_accuracy': '0.6142', 'epoch': '0.9095'}

 45%|████▌     | 500/1100 [31:40<33:44,  3.37s/it]

100%|██████████| 253/253 [00:52<00:00,  4.48it/s][A

                                                 [A
 46%|████▌     | 501/1100 [31:44<3:12:17, 19.26s/it]
 46%|████▌     | 502/1100 [31:48<2:26:27, 14.70s/it]
 46%|████▌     | 503/1100 [31:52<1:53:49, 11.44s/it]
 46%|████▌     | 504/1100 [31:57<1:33:33,  9.42s/it]
 46%|████▌     | 505/1100 [32:01<1:17:39,  7.83s/it]
 46%|████▌     | 506/1100 [32:04<1:03:20,  6.40s/it]
 46%|████▌     | 507/1100 [32:07<54:05,  5.47s/it]  
 46%|████▌     | 508/1100 [32:11<48:01,  4.87s/it]
 46%|████▋     | 509/1100 [32:15<46:12,  4.69s/it]
 46%|████▋     | 510/1100 [32:19<44:27,  4.52s/it]
                                                  
{'loss': '1.553', 'grad_norm': '1.558', 'learning_rate': '0.00013', 'entropy': '1.507', 'num_tokens': '1.06e+06', 'mean_token_accuracy': '0.6046', 'epoch': '0.9277'}

 46%|████▋     | 510/1100 [32:19<44:27,  4.52s/it]
 46%|████▋     | 511/1100 [32:22<40:12,  4.10s/it]
 47%|████▋     | 512/1100 [32:25<36:55,  3.77s/it]
 47%|████▋     | 513/1100 [32:30<38:02,  3.89s/it]
 47%|████▋     | 514/1100 [32:33<36:28,  3.73s/it]
 47%|████▋     | 515/1100 [32:36<35:41,  3.66s/it]
 47%|████▋     | 516/1100 [32:41<37:07,  3.81s/it]
 47%|████▋     | 517/1100 [32:44<36:17,  3.74s/it]
 47%|████▋     | 518/1100 [32:47<32:44,  3.38s/it]
 47%|████▋     | 519/1100 [32:51<34:01,  3.51s/it]
 47%|████▋     | 520/1100 [32:54<34:35,  3.58s/it]
                                                  
{'loss': '1.627', 'grad_norm': '1.666', 'learning_rate': '0.000127', 'entropy': '1.664', 'num_tokens': '1.081e+06', 'mean_token_accuracy': '0.5968', 'epoch': '0.9459'}

 47%|████▋     | 520/1100 [32:54<34:35,  3.58s/it]
 47%|████▋     | 521/1100 [32:58<34:44,  3.60s/it]
 47%|████▋     | 522/1100 [33:01<33:26,  3.47s/it]
 48%|████▊     | 523/1100 [33:05<33:54,  3.53s/it]
 48%|████▊     | 524/1100 [33:07<31:32,  3.28s/it]
 48%|████▊     | 525/1100 [33:11<33:11,  3.46s/it]
 48%|████▊     | 526/1100 [33:15<32:54,  3.44s/it]
 48%|████▊     | 527/1100 [33:19<33:55,  3.55s/it]
 48%|████▊     | 528/1100 [33:22<34:18,  3.60s/it]
 48%|████▊     | 529/1100 [33:25<31:35,  3.32s/it]
 48%|████▊     | 530/1100 [33:29<32:56,  3.47s/it]
                                                  
{'loss': '1.601', 'grad_norm': '1.856', 'learning_rate': '0.0001239', 'entropy': '1.526', 'num_tokens': '1.102e+06', 'mean_token_accuracy': '0.6032', 'epoch': '0.9641'}

 48%|████▊     | 530/1100 [33:29<32:56,  3.47s/it]
 48%|████▊     | 531/1100 [33:32<30:51,  3.25s/it]
 48%|████▊     | 532/1100 [33:36<33:03,  3.49s/it]
 48%|████▊     | 533/1100 [33:39<32:58,  3.49s/it]
 49%|████▊     | 534/1100 [33:42<31:52,  3.38s/it]
 49%|████▊     | 535/1100 [33:45<30:19,  3.22s/it]
 49%|████▊     | 536/1100 [33:48<29:57,  3.19s/it]
 49%|████▉     | 537/1100 [33:51<29:52,  3.18s/it]
 49%|████▉     | 538/1100 [33:55<30:29,  3.26s/it]
 49%|████▉     | 539/1100 [33:58<31:16,  3.35s/it]
 49%|████▉     | 540/1100 [34:01<29:52,  3.20s/it]
                                                  
{'loss': '1.452', 'grad_norm': '1.566', 'learning_rate': '0.0001208', 'entropy': '1.52', 'num_tokens': '1.123e+06', 'mean_token_accuracy': '0.6262', 'epoch': '0.9823'}

 49%|████▉     | 540/1100 [34:01<29:52,  3.20s/it]
 49%|████▉     | 541/1100 [34:05<30:36,  3.29s/it]
 49%|████▉     | 542/1100 [34:07<28:04,  3.02s/it]
 49%|████▉     | 543/1100 [34:10<28:45,  3.10s/it]
 49%|████▉     | 544/1100 [34:14<29:10,  3.15s/it]
 50%|████▉     | 545/1100 [34:17<30:34,  3.31s/it]
 50%|████▉     | 546/1100 [34:20<29:43,  3.22s/it]
 50%|████▉     | 547/1100 [34:24<29:43,  3.23s/it]
 50%|████▉     | 548/1100 [34:27<29:59,  3.26s/it]
 50%|████▉     | 549/1100 [34:30<29:33,  3.22s/it]
 50%|█████     | 550/1100 [34:32<26:52,  2.93s/it]
                                                  
{'loss': '1.554', 'grad_norm': '1.81', 'learning_rate': '0.0001177', 'entropy': '1.502', 'num_tokens': '1.143e+06', 'mean_token_accuracy': '0.6174', 'epoch': '1'}

 50%|█████     | 550/1100 [34:32<26:52,  2.93s/it]
 50%|█████     | 551/1100 [34:36<29:54,  3.27s/it]
 50%|█████     | 552/1100 [34:39<27:28,  3.01s/it]
 50%|█████     | 553/1100 [34:42<27:55,  3.06s/it]
 50%|█████     | 554/1100 [34:44<26:18,  2.89s/it]
 50%|█████     | 555/1100 [34:48<28:39,  3.16s/it]
 51%|█████     | 556/1100 [34:51<27:12,  3.00s/it]
 51%|█████     | 557/1100 [34:55<29:54,  3.31s/it]
 51%|█████     | 558/1100 [34:59<31:14,  3.46s/it]
 51%|█████     | 559/1100 [35:02<30:24,  3.37s/it]
 51%|█████     | 560/1100 [35:05<30:55,  3.44s/it]
                                                  
{'loss': '1.398', 'grad_norm': '1.947', 'learning_rate': '0.0001145', 'entropy': '1.467', 'num_tokens': '1.163e+06', 'mean_token_accuracy': '0.6403', 'epoch': '1.018'}

 51%|█████     | 560/1100 [35:05<30:55,  3.44s/it]
 51%|█████     | 561/1100 [35:09<30:19,  3.37s/it]
 51%|█████     | 562/1100 [35:13<32:19,  3.60s/it]
 51%|█████     | 563/1100 [35:15<29:56,  3.34s/it]
 51%|█████▏    | 564/1100 [35:20<31:55,  3.57s/it]
 51%|█████▏    | 565/1100 [35:22<28:51,  3.24s/it]
 51%|█████▏    | 566/1100 [35:25<27:38,  3.10s/it]
 52%|█████▏    | 567/1100 [35:28<28:24,  3.20s/it]
 52%|█████▏    | 568/1100 [35:31<26:46,  3.02s/it]
 52%|█████▏    | 569/1100 [35:34<27:31,  3.11s/it]
 52%|█████▏    | 570/1100 [35:37<26:25,  2.99s/it]
                                                  
{'loss': '1.502', 'grad_norm': '1.566', 'learning_rate': '0.0001114', 'entropy': '1.46', 'num_tokens': '1.184e+06', 'mean_token_accuracy': '0.6182', 'epoch': '1.036'}

 52%|█████▏    | 570/1100 [35:37<26:25,  2.99s/it]
 52%|█████▏    | 571/1100 [35:41<29:55,  3.39s/it]
 52%|█████▏    | 572/1100 [35:45<29:42,  3.38s/it]
 52%|█████▏    | 573/1100 [35:47<28:03,  3.19s/it]
 52%|█████▏    | 574/1100 [35:51<28:09,  3.21s/it]
 52%|█████▏    | 575/1100 [35:54<27:22,  3.13s/it]
 52%|█████▏    | 576/1100 [35:57<29:26,  3.37s/it]
 52%|█████▏    | 577/1100 [36:00<27:19,  3.14s/it]
 53%|█████▎    | 578/1100 [36:03<27:38,  3.18s/it]
 53%|█████▎    | 579/1100 [36:06<26:32,  3.06s/it]
 53%|█████▎    | 580/1100 [36:09<26:39,  3.08s/it]
                                                  
{'loss': '1.506', 'grad_norm': '1.571', 'learning_rate': '0.0001082', 'entropy': '1.484', 'num_tokens': '1.205e+06', 'mean_token_accuracy': '0.6289', 'epoch': '1.055'}

 53%|█████▎    | 580/1100 [36:09<26:39,  3.08s/it]
 53%|█████▎    | 581/1100 [36:12<26:58,  3.12s/it]
 53%|█████▎    | 582/1100 [36:16<27:21,  3.17s/it]
 53%|█████▎    | 583/1100 [36:19<26:59,  3.13s/it]
 53%|█████▎    | 584/1100 [36:21<24:46,  2.88s/it]
 53%|█████▎    | 585/1100 [36:25<26:58,  3.14s/it]
 53%|█████▎    | 586/1100 [36:28<28:17,  3.30s/it]
 53%|█████▎    | 587/1100 [36:32<27:38,  3.23s/it]
 53%|█████▎    | 588/1100 [36:34<24:42,  2.90s/it]
 54%|█████▎    | 589/1100 [36:37<25:50,  3.04s/it]
 54%|█████▎    | 590/1100 [36:41<27:36,  3.25s/it]
                                                  
{'loss': '1.56', 'grad_norm': '1.881', 'learning_rate': '0.0001051', 'entropy': '1.471', 'num_tokens': '1.225e+06', 'mean_token_accuracy': '0.6161', 'epoch': '1.073'}

 54%|█████▎    | 590/1100 [36:41<27:36,  3.25s/it]
 54%|█████▎    | 591/1100 [36:45<28:52,  3.40s/it]
 54%|█████▍    | 592/1100 [36:49<32:26,  3.83s/it]
 54%|█████▍    | 593/1100 [36:52<29:38,  3.51s/it]
 54%|█████▍    | 594/1100 [36:57<31:53,  3.78s/it]
 54%|█████▍    | 595/1100 [36:59<28:17,  3.36s/it]
 54%|█████▍    | 596/1100 [37:02<27:30,  3.27s/it]
 54%|█████▍    | 597/1100 [37:07<31:04,  3.71s/it]
 54%|█████▍    | 598/1100 [37:10<31:07,  3.72s/it]
 54%|█████▍    | 599/1100 [37:13<28:04,  3.36s/it]
 55%|█████▍    | 600/1100 [37:16<27:36,  3.31s/it]
                                                  
{'loss': '1.465', 'grad_norm': '1.762', 'learning_rate': '0.0001019', 'entropy': '1.459', 'num_tokens': '1.247e+06', 'mean_token_accuracy': '0.6269', 'epoch': '1.091'}

 55%|█████▍    | 600/1100 [37:16<27:36,  3.31s/it]

  0%|          | 0/253 [00:00<?, ?it/s][A

  1%|          | 2/253 [00:00<00:29,  8.43it/s][A

  1%|          | 3/253 [00:00<00:35,  6.95it/s][A

  2%|▏         | 4/253 [00:00<00:45,  5.50it/s][A

  2%|▏         | 5/253 [00:00<00:45,  5.39it/s][A

  2%|▏         | 6/253 [00:01<00:43,  5.68it/s][A

  3%|▎         | 7/253 [00:01<00:41,  5.91it/s][A

  3%|▎         | 8/253 [00:01<00:41,  5.97it/s][A

  4%|▎         | 9/253 [00:01<00:41,  5.88it/s][A

  4%|▍         | 10/253 [00:01<00:41,  5.84it/s][A

  4%|▍         | 11/253 [00:01<00:40,  6.02it/s][A

  5%|▍         | 12/253 [00:02<00:42,  5.65it/s][A

  5%|▌         | 13/253 [00:02<00:45,  5.28it/s][A

  6%|▌         | 14/253 [00:02<00:44,  5.41it/s][A

  6%|▌         | 15/253 [00:02<00:42,  5.58it/s][A

  6%|▋         | 16/253 [00:02<00:45,  5.23it/s][A

  7%|▋         | 17/253 [00:02<00:43,  5.39it/s][A

  7%|▋         | 18/253 [00:03<00:42,  5.47it/s][A

  8%|▊         | 19/253 [00:03<00:44,  5.20it/s][A

  8%|▊         | 20/253 [00:03<00:42,  5.46it/s][A

  8%|▊         | 21/253 [00:03<00:43,  5.38it/s][A

  9%|▊         | 22/253 [00:04<00:51,  4.45it/s][A

  9%|▉         | 23/253 [00:04<00:49,  4.60it/s][A

  9%|▉         | 24/253 [00:04<00:51,  4.46it/s][A

 10%|▉         | 25/253 [00:04<00:48,  4.66it/s][A

 10%|█         | 26/253 [00:04<00:46,  4.90it/s][A

 11%|█         | 27/253 [00:05<00:44,  5.05it/s][A

 11%|█         | 28/253 [00:05<00:46,  4.83it/s][A

 11%|█▏        | 29/253 [00:05<00:47,  4.72it/s][A

 12%|█▏        | 30/253 [00:05<00:59,  3.72it/s][A

 12%|█▏        | 31/253 [00:06<00:55,  4.02it/s][A

 13%|█▎        | 32/253 [00:06<00:54,  4.08it/s][A

 13%|█▎        | 33/253 [00:06<01:08,  3.23it/s][A

 13%|█▎        | 34/253 [00:06<01:00,  3.63it/s][A

 14%|█▍        | 35/253 [00:07<00:55,  3.90it/s][A

 14%|█▍        | 36/253 [00:07<01:04,  3.37it/s][A

 15%|█▍        | 37/253 [00:07<01:08,  3.16it/s][A

 15%|█▌        | 38/253 [00:08<01:02,  3.44it/s][A

 15%|█▌        | 39/253 [00:08<01:01,  3.50it/s][A

 16%|█▌        | 40/253 [00:08<00:56,  3.75it/s][A

 16%|█▌        | 41/253 [00:09<01:00,  3.53it/s][A

 17%|█▋        | 42/253 [00:09<00:52,  4.02it/s][A

 17%|█▋        | 43/253 [00:09<00:49,  4.27it/s][A

 17%|█▋        | 44/253 [00:09<00:47,  4.43it/s][A

 18%|█▊        | 45/253 [00:09<00:47,  4.39it/s][A

 18%|█▊        | 46/253 [00:10<00:46,  4.41it/s][A

 19%|█▊        | 47/253 [00:10<00:43,  4.73it/s][A

 19%|█▉        | 48/253 [00:10<00:42,  4.80it/s][A

 19%|█▉        | 49/253 [00:10<00:41,  4.88it/s][A

 20%|█▉        | 50/253 [00:10<00:43,  4.68it/s][A

 20%|██        | 51/253 [00:11<00:43,  4.65it/s][A

 21%|██        | 52/253 [00:11<00:41,  4.84it/s][A

 21%|██        | 53/253 [00:11<00:43,  4.61it/s][A

 21%|██▏       | 54/253 [00:11<00:41,  4.80it/s][A

 22%|██▏       | 55/253 [00:11<00:41,  4.79it/s][A

 22%|██▏       | 56/253 [00:12<00:40,  4.85it/s][A

 23%|██▎       | 57/253 [00:12<00:38,  5.11it/s][A

 23%|██▎       | 58/253 [00:12<00:37,  5.25it/s][A

 23%|██▎       | 59/253 [00:12<00:36,  5.34it/s][A

 24%|██▎       | 60/253 [00:12<00:38,  5.04it/s][A

 24%|██▍       | 61/253 [00:13<00:37,  5.16it/s][A

 25%|██▍       | 62/253 [00:13<00:37,  5.07it/s][A

 25%|██▍       | 63/253 [00:13<00:36,  5.14it/s][A

 25%|██▌       | 64/253 [00:13<00:39,  4.79it/s][A

 26%|██▌       | 65/253 [00:13<00:41,  4.58it/s][A

 26%|██▌       | 66/253 [00:14<00:45,  4.09it/s][A

 26%|██▋       | 67/253 [00:14<00:40,  4.55it/s][A

 27%|██▋       | 68/253 [00:14<00:40,  4.52it/s][A

 27%|██▋       | 69/253 [00:14<00:42,  4.32it/s][A

 28%|██▊       | 70/253 [00:15<00:58,  3.13it/s][A

 28%|██▊       | 71/253 [00:15<00:51,  3.55it/s][A

 28%|██▊       | 72/253 [00:15<00:48,  3.75it/s][A

 29%|██▉       | 73/253 [00:15<00:44,  4.06it/s][A

 29%|██▉       | 74/253 [00:16<00:42,  4.17it/s][A

 30%|██▉       | 75/253 [00:16<00:41,  4.30it/s][A

 30%|███       | 76/253 [00:16<00:43,  4.11it/s][A

 30%|███       | 77/253 [00:16<00:42,  4.10it/s][A

 31%|███       | 78/253 [00:17<00:39,  4.44it/s][A

 31%|███       | 79/253 [00:17<00:49,  3.52it/s][A

 32%|███▏      | 80/253 [00:17<00:45,  3.81it/s][A

 32%|███▏      | 81/253 [00:17<00:40,  4.27it/s][A

 32%|███▏      | 82/253 [00:18<00:45,  3.74it/s][A

 33%|███▎      | 83/253 [00:18<00:41,  4.06it/s][A

 33%|███▎      | 84/253 [00:18<00:45,  3.73it/s][A

 34%|███▎      | 85/253 [00:19<00:42,  3.98it/s][A

 34%|███▍      | 86/253 [00:19<00:41,  4.01it/s][A

 34%|███▍      | 87/253 [00:19<00:38,  4.36it/s][A

 35%|███▍      | 88/253 [00:19<00:34,  4.72it/s][A

 35%|███▌      | 89/253 [00:19<00:36,  4.53it/s][A

 36%|███▌      | 90/253 [00:20<00:33,  4.82it/s][A

 36%|███▌      | 91/253 [00:20<00:37,  4.38it/s][A

 36%|███▋      | 92/253 [00:20<00:41,  3.88it/s][A

 37%|███▋      | 93/253 [00:20<00:38,  4.18it/s][A

 37%|███▋      | 94/253 [00:21<00:35,  4.46it/s][A

 38%|███▊      | 95/253 [00:21<00:35,  4.40it/s][A

 38%|███▊      | 96/253 [00:21<00:35,  4.42it/s][A

 38%|███▊      | 97/253 [00:21<00:34,  4.58it/s][A

 39%|███▊      | 98/253 [00:21<00:31,  4.88it/s][A

 39%|███▉      | 99/253 [00:22<00:32,  4.72it/s][A

 40%|███▉      | 100/253 [00:22<00:36,  4.24it/s][A

 40%|███▉      | 101/253 [00:22<00:33,  4.50it/s][A

 40%|████      | 102/253 [00:22<00:35,  4.26it/s][A

 41%|████      | 103/253 [00:23<00:38,  3.92it/s][A

 41%|████      | 104/253 [00:23<00:35,  4.19it/s][A

 42%|████▏     | 105/253 [00:23<00:39,  3.79it/s][A

 42%|████▏     | 106/253 [00:23<00:34,  4.32it/s][A

 42%|████▏     | 107/253 [00:23<00:30,  4.72it/s][A

 43%|████▎     | 108/253 [00:24<00:31,  4.56it/s][A

 43%|████▎     | 109/253 [00:24<00:28,  5.02it/s][A

 43%|████▎     | 110/253 [00:24<00:29,  4.78it/s][A

 44%|████▍     | 111/253 [00:24<00:29,  4.77it/s][A

 44%|████▍     | 112/253 [00:25<00:29,  4.72it/s][A

 45%|████▍     | 113/253 [00:25<00:28,  4.91it/s][A

 45%|████▌     | 114/253 [00:25<00:30,  4.58it/s][A

 45%|████▌     | 115/253 [00:25<00:29,  4.73it/s][A

 46%|████▌     | 116/253 [00:25<00:28,  4.81it/s][A

 46%|████▌     | 117/253 [00:26<00:27,  4.87it/s][A

 47%|████▋     | 118/253 [00:26<00:28,  4.68it/s][A

 47%|████▋     | 119/253 [00:26<00:28,  4.75it/s][A

 47%|████▋     | 120/253 [00:26<00:26,  4.93it/s][A

 48%|████▊     | 121/253 [00:26<00:26,  5.05it/s][A

 48%|████▊     | 122/253 [00:27<00:27,  4.76it/s][A

 49%|████▊     | 123/253 [00:27<00:27,  4.68it/s][A

 49%|████▉     | 124/253 [00:27<00:27,  4.76it/s][A

 49%|████▉     | 125/253 [00:27<00:27,  4.66it/s][A

 50%|████▉     | 126/253 [00:28<00:32,  3.89it/s][A

 50%|█████     | 127/253 [00:28<00:29,  4.22it/s][A

 51%|█████     | 128/253 [00:28<00:33,  3.76it/s][A

 51%|█████     | 129/253 [00:28<00:30,  4.07it/s][A

 51%|█████▏    | 130/253 [00:29<00:29,  4.16it/s][A

 52%|█████▏    | 131/253 [00:29<00:32,  3.71it/s][A

 52%|█████▏    | 132/253 [00:29<00:32,  3.74it/s][A

 53%|█████▎    | 133/253 [00:29<00:29,  4.06it/s][A

 53%|█████▎    | 134/253 [00:30<00:27,  4.26it/s][A

 53%|█████▎    | 135/253 [00:30<00:26,  4.46it/s][A

 54%|█████▍    | 136/253 [00:30<00:26,  4.37it/s][A

 54%|█████▍    | 137/253 [00:30<00:24,  4.66it/s][A

 55%|█████▍    | 138/253 [00:30<00:23,  4.97it/s][A

 55%|█████▍    | 139/253 [00:31<00:21,  5.21it/s][A

 55%|█████▌    | 140/253 [00:31<00:20,  5.40it/s][A

 56%|█████▌    | 141/253 [00:31<00:20,  5.46it/s][A

 56%|█████▌    | 142/253 [00:31<00:20,  5.50it/s][A

 57%|█████▋    | 143/253 [00:31<00:19,  5.51it/s][A

 57%|█████▋    | 144/253 [00:31<00:19,  5.54it/s][A

 57%|█████▋    | 145/253 [00:32<00:19,  5.44it/s][A

 58%|█████▊    | 146/253 [00:32<00:19,  5.46it/s][A

 58%|█████▊    | 147/253 [00:32<00:21,  5.01it/s][A

 58%|█████▊    | 148/253 [00:32<00:21,  4.99it/s][A

 59%|█████▉    | 149/253 [00:33<00:23,  4.39it/s][A

 59%|█████▉    | 150/253 [00:33<00:23,  4.35it/s][A

 60%|█████▉    | 151/253 [00:33<00:22,  4.56it/s][A

 60%|██████    | 152/253 [00:33<00:26,  3.75it/s][A

 60%|██████    | 153/253 [00:34<00:25,  3.99it/s][A

 61%|██████    | 154/253 [00:34<00:24,  4.01it/s][A

 61%|██████▏   | 155/253 [00:34<00:24,  4.03it/s][A

 62%|██████▏   | 156/253 [00:34<00:23,  4.08it/s][A

 62%|██████▏   | 157/253 [00:34<00:23,  4.11it/s][A

 62%|██████▏   | 158/253 [00:35<00:25,  3.80it/s][A

 63%|██████▎   | 159/253 [00:35<00:25,  3.74it/s][A

 63%|██████▎   | 160/253 [00:35<00:23,  3.93it/s][A

 64%|██████▎   | 161/253 [00:36<00:21,  4.22it/s][A

 64%|██████▍   | 162/253 [00:36<00:21,  4.28it/s][A

 64%|██████▍   | 163/253 [00:36<00:20,  4.41it/s][A

 65%|██████▍   | 164/253 [00:36<00:20,  4.30it/s][A

 65%|██████▌   | 165/253 [00:36<00:19,  4.47it/s][A

 66%|██████▌   | 166/253 [00:37<00:20,  4.27it/s][A

 66%|██████▌   | 167/253 [00:37<00:18,  4.54it/s][A

 66%|██████▋   | 168/253 [00:37<00:19,  4.46it/s][A

 67%|██████▋   | 169/253 [00:37<00:21,  3.97it/s][A

 67%|██████▋   | 170/253 [00:38<00:20,  4.02it/s][A

 68%|██████▊   | 171/253 [00:38<00:20,  4.09it/s][A

 68%|██████▊   | 172/253 [00:38<00:19,  4.16it/s][A

 68%|██████▊   | 173/253 [00:38<00:18,  4.34it/s][A

 69%|██████▉   | 174/253 [00:39<00:19,  4.07it/s][A

 69%|██████▉   | 175/253 [00:39<00:18,  4.23it/s][A

 70%|██████▉   | 176/253 [00:39<00:21,  3.58it/s][A

 70%|██████▉   | 177/253 [00:39<00:19,  3.87it/s][A

 70%|███████   | 178/253 [00:40<00:20,  3.64it/s][A

 71%|███████   | 179/253 [00:40<00:19,  3.89it/s][A

 71%|███████   | 180/253 [00:40<00:17,  4.17it/s][A

 72%|███████▏  | 181/253 [00:40<00:18,  3.98it/s][A

 72%|███████▏  | 182/253 [00:41<00:18,  3.83it/s][A

 72%|███████▏  | 183/253 [00:41<00:18,  3.70it/s][A

 73%|███████▎  | 184/253 [00:41<00:18,  3.69it/s][A

 73%|███████▎  | 185/253 [00:41<00:16,  4.04it/s][A

 74%|███████▎  | 186/253 [00:42<00:15,  4.46it/s][A

 74%|███████▍  | 187/253 [00:42<00:14,  4.66it/s][A

 74%|███████▍  | 188/253 [00:42<00:13,  4.93it/s][A

 75%|███████▍  | 189/253 [00:42<00:12,  5.10it/s][A

 75%|███████▌  | 190/253 [00:42<00:11,  5.52it/s][A

 75%|███████▌  | 191/253 [00:42<00:10,  5.67it/s][A

 76%|███████▌  | 192/253 [00:43<00:10,  5.93it/s][A

 76%|███████▋  | 193/253 [00:43<00:10,  5.81it/s][A

 77%|███████▋  | 194/253 [00:43<00:11,  4.97it/s][A

 77%|███████▋  | 195/253 [00:43<00:10,  5.40it/s][A

 77%|███████▋  | 196/253 [00:43<00:10,  5.47it/s][A

 78%|███████▊  | 197/253 [00:44<00:10,  5.34it/s][A

 78%|███████▊  | 198/253 [00:44<00:10,  5.43it/s][A

 79%|███████▊  | 199/253 [00:44<00:10,  5.39it/s][A

 79%|███████▉  | 200/253 [00:44<00:10,  5.03it/s][A

 79%|███████▉  | 201/253 [00:44<00:10,  4.90it/s][A

 80%|███████▉  | 202/253 [00:45<00:10,  5.00it/s][A

 80%|████████  | 203/253 [00:45<00:10,  4.57it/s][A

 81%|████████  | 204/253 [00:45<00:10,  4.68it/s][A

 81%|████████  | 205/253 [00:45<00:10,  4.48it/s][A

 81%|████████▏ | 206/253 [00:46<00:11,  3.94it/s][A

 82%|████████▏ | 207/253 [00:46<00:11,  3.99it/s][A

 82%|████████▏ | 208/253 [00:46<00:11,  3.86it/s][A

 83%|████████▎ | 209/253 [00:46<00:10,  4.11it/s][A

 83%|████████▎ | 210/253 [00:47<00:09,  4.30it/s][A

 83%|████████▎ | 211/253 [00:47<00:10,  4.10it/s][A

 84%|████████▍ | 212/253 [00:47<00:09,  4.29it/s][A

 84%|████████▍ | 213/253 [00:47<00:09,  4.12it/s][A

 85%|████████▍ | 214/253 [00:48<00:09,  4.09it/s][A

 85%|████████▍ | 215/253 [00:48<00:08,  4.28it/s][A

 85%|████████▌ | 216/253 [00:48<00:08,  4.44it/s][A

 86%|████████▌ | 217/253 [00:48<00:07,  4.64it/s][A

 86%|████████▌ | 218/253 [00:48<00:07,  4.83it/s][A

 87%|████████▋ | 219/253 [00:49<00:06,  4.96it/s][A

 87%|████████▋ | 220/253 [00:49<00:06,  5.10it/s][A

 87%|████████▋ | 221/253 [00:49<00:06,  5.32it/s][A

 88%|████████▊ | 222/253 [00:49<00:05,  5.43it/s][A

 88%|████████▊ | 223/253 [00:49<00:05,  5.26it/s][A

 89%|████████▊ | 224/253 [00:49<00:05,  5.57it/s][A

 89%|████████▉ | 225/253 [00:50<00:05,  5.57it/s][A

 89%|████████▉ | 226/253 [00:50<00:05,  4.69it/s][A

 90%|████████▉ | 227/253 [00:50<00:05,  4.63it/s][A

 90%|█████████ | 228/253 [00:50<00:06,  3.96it/s][A

 91%|█████████ | 229/253 [00:51<00:05,  4.08it/s][A

 91%|█████████ | 230/253 [00:51<00:05,  4.39it/s][A

 91%|█████████▏| 231/253 [00:51<00:05,  4.29it/s][A

 92%|█████████▏| 232/253 [00:52<00:06,  3.20it/s][A

 92%|█████████▏| 233/253 [00:52<00:05,  3.51it/s][A

 92%|█████████▏| 234/253 [00:52<00:04,  3.92it/s][A

 93%|█████████▎| 235/253 [00:52<00:04,  4.18it/s][A

 93%|█████████▎| 236/253 [00:52<00:03,  4.58it/s][A

 94%|█████████▎| 237/253 [00:53<00:03,  4.54it/s][A

 94%|█████████▍| 238/253 [00:53<00:03,  4.62it/s][A

 94%|█████████▍| 239/253 [00:53<00:02,  4.77it/s][A

 95%|█████████▍| 240/253 [00:53<00:02,  4.48it/s][A

 95%|█████████▌| 241/253 [00:53<00:02,  4.63it/s][A

 96%|█████████▌| 242/253 [00:54<00:02,  4.67it/s][A

 96%|█████████▌| 243/253 [00:54<00:02,  4.97it/s][A

 96%|█████████▋| 244/253 [00:54<00:01,  4.94it/s][A

 97%|█████████▋| 245/253 [00:54<00:01,  4.66it/s][A

 97%|█████████▋| 246/253 [00:55<00:01,  4.68it/s][A

 98%|█████████▊| 247/253 [00:55<00:01,  4.54it/s][A

 98%|█████████▊| 248/253 [00:55<00:01,  4.86it/s][A

 98%|█████████▊| 249/253 [00:55<00:00,  5.22it/s][A

 99%|█████████▉| 250/253 [00:55<00:00,  4.31it/s][A

 99%|█████████▉| 251/253 [00:56<00:00,  3.90it/s][A

100%|█████████▉| 252/253 [00:56<00:00,  3.87it/s][A

100%|██████████| 253/253 [00:56<00:00,  4.24it/s][A
                                                  

                                                 
[A{'eval_loss': '1.492', 'eval_runtime': '56.85', 'eval_samples_per_second': '8.9', 'eval_steps_per_second': '4.45', 'eval_entropy': '1.443', 'eval_num_tokens': '1.247e+06', 'eval_mean_token_accuracy': '0.6178', 'epoch': '1.091'}

 55%|█████▍    | 600/1100 [38:13<27:36,  3.31s/it]

100%|██████████| 253/253 [00:56<00:00,  4.24it/s][A

                                                 [A
 55%|█████▍    | 601/1100 [38:17<2:50:50, 20.54s/it]
 55%|█████▍    | 602/1100 [38:20<2:07:44, 15.39s/it]
 55%|█████▍    | 603/1100 [38:25<1:39:42, 12.04s/it]
 55%|█████▍    | 604/1100 [38:27<1:16:49,  9.29s/it]
 55%|█████▌    | 605/1100 [38:30<1:00:09,  7.29s/it]
 55%|█████▌    | 606/1100 [38:34<51:34,  6.26s/it]  
 55%|█████▌    | 607/1100 [38:37<43:12,  5.26s/it]
 55%|█████▌    | 608/1100 [38:41<40:02,  4.88s/it]
 55%|█████▌    | 609/1100 [38:44<36:09,  4.42s/it]
 55%|█████▌    | 610/1100 [38:47<33:23,  4.09s/it]
                                                  
{'loss': '1.472', 'grad_norm': '2.036', 'learning_rate': '9.873e-05', 'entropy': '1.45', 'num_tokens': '1.268e+06', 'mean_token_accuracy': '0.625', 'epoch': '1.109'}

 55%|█████▌    | 610/1100 [38:47<33:23,  4.09s/it]
 56%|█████▌    | 611/1100 [38:50<30:30,  3.74s/it]
 56%|█████▌    | 612/1100 [38:54<29:28,  3.62s/it]
 56%|█████▌    | 613/1100 [38:57<28:42,  3.54s/it]
 56%|█████▌    | 614/1100 [39:01<30:28,  3.76s/it]
 56%|█████▌    | 615/1100 [39:05<29:48,  3.69s/it]
 56%|█████▌    | 616/1100 [39:09<30:55,  3.83s/it]
 56%|█████▌    | 617/1100 [39:13<32:19,  4.01s/it]
 56%|█████▌    | 618/1100 [39:17<31:39,  3.94s/it]
 56%|█████▋    | 619/1100 [39:21<30:03,  3.75s/it]
 56%|█████▋    | 620/1100 [39:25<32:48,  4.10s/it]
                                                  
{'loss': '1.469', 'grad_norm': '1.878', 'learning_rate': '9.556e-05', 'entropy': '1.423', 'num_tokens': '1.289e+06', 'mean_token_accuracy': '0.6259', 'epoch': '1.127'}

 56%|█████▋    | 620/1100 [39:25<32:48,  4.10s/it]
 56%|█████▋    | 621/1100 [39:30<32:42,  4.10s/it]
 57%|█████▋    | 622/1100 [39:34<32:25,  4.07s/it]
 57%|█████▋    | 623/1100 [39:37<30:30,  3.84s/it]
 57%|█████▋    | 624/1100 [39:41<31:16,  3.94s/it]
 57%|█████▋    | 625/1100 [39:44<29:33,  3.73s/it]
 57%|█████▋    | 626/1100 [39:48<30:15,  3.83s/it]
 57%|█████▋    | 627/1100 [39:53<31:22,  3.98s/it]
 57%|█████▋    | 628/1100 [39:56<30:37,  3.89s/it]
 57%|█████▋    | 629/1100 [40:00<30:38,  3.90s/it]
 57%|█████▋    | 630/1100 [40:04<29:08,  3.72s/it]
                                                  
{'loss': '1.387', 'grad_norm': '1.828', 'learning_rate': '9.239e-05', 'entropy': '1.398', 'num_tokens': '1.309e+06', 'mean_token_accuracy': '0.6429', 'epoch': '1.146'}

 57%|█████▋    | 630/1100 [40:04<29:08,  3.72s/it]
 57%|█████▋    | 631/1100 [40:08<31:47,  4.07s/it]
 57%|█████▋    | 632/1100 [40:11<28:23,  3.64s/it]
 58%|█████▊    | 633/1100 [40:16<30:12,  3.88s/it]
 58%|█████▊    | 634/1100 [40:18<27:23,  3.53s/it]
 58%|█████▊    | 635/1100 [40:20<24:19,  3.14s/it]
 58%|█████▊    | 636/1100 [40:25<28:20,  3.66s/it]
 58%|█████▊    | 637/1100 [40:28<26:48,  3.47s/it]
 58%|█████▊    | 638/1100 [40:32<27:17,  3.54s/it]
 58%|█████▊    | 639/1100 [40:35<25:49,  3.36s/it]
 58%|█████▊    | 640/1100 [40:38<25:03,  3.27s/it]
                                                  
{'loss': '1.535', 'grad_norm': '1.608', 'learning_rate': '8.923e-05', 'entropy': '1.475', 'num_tokens': '1.33e+06', 'mean_token_accuracy': '0.6259', 'epoch': '1.164'}

 58%|█████▊    | 640/1100 [40:38<25:03,  3.27s/it]
 58%|█████▊    | 641/1100 [40:41<24:37,  3.22s/it]
 58%|█████▊    | 642/1100 [40:44<24:37,  3.23s/it]
 58%|█████▊    | 643/1100 [40:48<25:48,  3.39s/it]
 59%|█████▊    | 644/1100 [40:51<25:06,  3.30s/it]
 59%|█████▊    | 645/1100 [40:55<26:22,  3.48s/it]
 59%|█████▊    | 646/1100 [40:58<25:31,  3.37s/it]
 59%|█████▉    | 647/1100 [41:02<26:16,  3.48s/it]
 59%|█████▉    | 648/1100 [41:06<27:21,  3.63s/it]
 59%|█████▉    | 649/1100 [41:10<27:47,  3.70s/it]
 59%|█████▉    | 650/1100 [41:13<25:47,  3.44s/it]
                                                  
{'loss': '1.398', 'grad_norm': '2.286', 'learning_rate': '8.608e-05', 'entropy': '1.419', 'num_tokens': '1.351e+06', 'mean_token_accuracy': '0.6396', 'epoch': '1.182'}

 59%|█████▉    | 650/1100 [41:13<25:47,  3.44s/it]
 59%|█████▉    | 651/1100 [41:16<25:07,  3.36s/it]
 59%|█████▉    | 652/1100 [41:19<25:17,  3.39s/it]
 59%|█████▉    | 653/1100 [41:22<24:30,  3.29s/it]
 59%|█████▉    | 654/1100 [41:25<23:52,  3.21s/it]
 60%|█████▉    | 655/1100 [41:30<25:49,  3.48s/it]
 60%|█████▉    | 656/1100 [41:32<24:23,  3.30s/it]
 60%|█████▉    | 657/1100 [41:37<27:09,  3.68s/it]
 60%|█████▉    | 658/1100 [41:39<24:28,  3.32s/it]
 60%|█████▉    | 659/1100 [41:43<25:54,  3.52s/it]
 60%|██████    | 660/1100 [41:47<24:50,  3.39s/it]
                                                  
{'loss': '1.479', 'grad_norm': '1.865', 'learning_rate': '8.295e-05', 'entropy': '1.458', 'num_tokens': '1.371e+06', 'mean_token_accuracy': '0.6164', 'epoch': '1.2'}

 60%|██████    | 660/1100 [41:47<24:50,  3.39s/it]
 60%|██████    | 661/1100 [41:50<25:47,  3.52s/it]
 60%|██████    | 662/1100 [41:53<23:45,  3.25s/it]
 60%|██████    | 663/1100 [41:57<24:58,  3.43s/it]
 60%|██████    | 664/1100 [41:59<22:08,  3.05s/it]
 60%|██████    | 665/1100 [42:03<23:10,  3.20s/it]
 61%|██████    | 666/1100 [42:06<23:38,  3.27s/it]
 61%|██████    | 667/1100 [42:09<22:33,  3.13s/it]
 61%|██████    | 668/1100 [42:12<23:20,  3.24s/it]
 61%|██████    | 669/1100 [42:15<23:06,  3.22s/it]
 61%|██████    | 670/1100 [42:19<24:19,  3.39s/it]
                                                  
{'loss': '1.42', 'grad_norm': '2.087', 'learning_rate': '7.983e-05', 'entropy': '1.443', 'num_tokens': '1.392e+06', 'mean_token_accuracy': '0.6315', 'epoch': '1.218'}

 61%|██████    | 670/1100 [42:19<24:19,  3.39s/it]
 61%|██████    | 671/1100 [42:23<25:34,  3.58s/it]
 61%|██████    | 672/1100 [42:26<23:33,  3.30s/it]
 61%|██████    | 673/1100 [42:30<25:15,  3.55s/it]
 61%|██████▏   | 674/1100 [42:34<25:17,  3.56s/it]
 61%|██████▏   | 675/1100 [42:37<24:34,  3.47s/it]
 61%|██████▏   | 676/1100 [42:40<23:50,  3.37s/it]
 62%|██████▏   | 677/1100 [42:44<24:29,  3.47s/it]
 62%|██████▏   | 678/1100 [42:47<23:44,  3.38s/it]
 62%|██████▏   | 679/1100 [42:50<23:05,  3.29s/it]
 62%|██████▏   | 680/1100 [42:53<22:07,  3.16s/it]
                                                  
{'loss': '1.416', 'grad_norm': '1.964', 'learning_rate': '7.673e-05', 'entropy': '1.398', 'num_tokens': '1.413e+06', 'mean_token_accuracy': '0.6272', 'epoch': '1.236'}

 62%|██████▏   | 680/1100 [42:53<22:07,  3.16s/it]
 62%|██████▏   | 681/1100 [42:56<22:29,  3.22s/it]
 62%|██████▏   | 682/1100 [43:00<22:45,  3.27s/it]
 62%|██████▏   | 683/1100 [43:02<21:36,  3.11s/it]
 62%|██████▏   | 684/1100 [43:06<23:06,  3.33s/it]
 62%|██████▏   | 685/1100 [43:09<22:16,  3.22s/it]
 62%|██████▏   | 686/1100 [43:13<23:45,  3.44s/it]
 62%|██████▏   | 687/1100 [43:16<22:51,  3.32s/it]
 63%|██████▎   | 688/1100 [43:20<23:00,  3.35s/it]
 63%|██████▎   | 689/1100 [43:22<20:51,  3.05s/it]
 63%|██████▎   | 690/1100 [43:26<22:03,  3.23s/it]
                                                  
{'loss': '1.461', 'grad_norm': '1.833', 'learning_rate': '7.366e-05', 'entropy': '1.403', 'num_tokens': '1.434e+06', 'mean_token_accuracy': '0.6148', 'epoch': '1.255'}

 63%|██████▎   | 690/1100 [43:26<22:03,  3.23s/it]
 63%|██████▎   | 691/1100 [43:29<22:15,  3.27s/it]
 63%|██████▎   | 692/1100 [43:32<22:13,  3.27s/it]
 63%|██████▎   | 693/1100 [43:35<21:37,  3.19s/it]
 63%|██████▎   | 694/1100 [43:39<22:31,  3.33s/it]
 63%|██████▎   | 695/1100 [43:43<23:49,  3.53s/it]
 63%|██████▎   | 696/1100 [43:46<22:20,  3.32s/it]
 63%|██████▎   | 697/1100 [43:49<22:34,  3.36s/it]
 63%|██████▎   | 698/1100 [43:52<20:48,  3.11s/it]
 64%|██████▎   | 699/1100 [43:55<20:56,  3.13s/it]
 64%|██████▎   | 700/1100 [44:00<24:05,  3.61s/it]
                                                  
{'loss': '1.525', 'grad_norm': '2.238', 'learning_rate': '7.061e-05', 'entropy': '1.539', 'num_tokens': '1.454e+06', 'mean_token_accuracy': '0.6185', 'epoch': '1.273'}

 64%|██████▎   | 700/1100 [44:00<24:05,  3.61s/it]

  0%|          | 0/253 [00:00<?, ?it/s][A

  1%|          | 2/253 [00:00<00:31,  8.04it/s][A

  1%|          | 3/253 [00:00<00:35,  6.97it/s][A

  2%|▏         | 4/253 [00:00<00:38,  6.55it/s][A

  2%|▏         | 5/253 [00:00<00:40,  6.13it/s][A

  2%|▏         | 6/253 [00:01<00:50,  4.93it/s][A

  3%|▎         | 7/253 [00:01<00:52,  4.70it/s][A

  3%|▎         | 8/253 [00:01<00:52,  4.66it/s][A

  4%|▎         | 9/253 [00:01<00:50,  4.86it/s][A

  4%|▍         | 10/253 [00:01<00:48,  4.98it/s][A

  4%|▍         | 11/253 [00:02<00:45,  5.36it/s][A

  5%|▍         | 12/253 [00:02<00:46,  5.19it/s][A

  5%|▌         | 13/253 [00:02<00:43,  5.50it/s][A

  6%|▌         | 14/253 [00:02<00:41,  5.72it/s][A

  6%|▌         | 15/253 [00:02<00:41,  5.80it/s][A

  6%|▋         | 16/253 [00:02<00:39,  6.04it/s][A

  7%|▋         | 17/253 [00:03<00:42,  5.61it/s][A

  7%|▋         | 18/253 [00:03<00:40,  5.83it/s][A

  8%|▊         | 19/253 [00:03<00:40,  5.81it/s][A

  8%|▊         | 20/253 [00:03<00:38,  5.99it/s][A

  8%|▊         | 21/253 [00:03<00:38,  5.95it/s][A

  9%|▊         | 22/253 [00:03<00:39,  5.83it/s][A

  9%|▉         | 23/253 [00:04<00:38,  5.92it/s][A

  9%|▉         | 24/253 [00:04<00:42,  5.44it/s][A

 10%|▉         | 25/253 [00:04<00:39,  5.72it/s][A

 10%|█         | 26/253 [00:04<00:38,  5.90it/s][A

 11%|█         | 27/253 [00:04<00:38,  5.81it/s][A

 11%|█         | 28/253 [00:04<00:39,  5.73it/s][A

 11%|█▏        | 29/253 [00:05<00:47,  4.75it/s][A

 12%|█▏        | 30/253 [00:05<00:45,  4.95it/s][A

 12%|█▏        | 31/253 [00:05<00:56,  3.93it/s][A

 13%|█▎        | 32/253 [00:06<00:51,  4.26it/s][A

 13%|█▎        | 33/253 [00:06<00:51,  4.30it/s][A

 13%|█▎        | 34/253 [00:06<00:50,  4.30it/s][A

 14%|█▍        | 35/253 [00:06<00:50,  4.31it/s][A

 14%|█▍        | 36/253 [00:06<00:46,  4.63it/s][A

 15%|█▍        | 37/253 [00:07<00:48,  4.49it/s][A

 15%|█▌        | 38/253 [00:07<00:43,  4.94it/s][A

 15%|█▌        | 39/253 [00:07<00:40,  5.25it/s][A

 16%|█▌        | 40/253 [00:07<00:39,  5.45it/s][A

 16%|█▌        | 41/253 [00:07<00:38,  5.53it/s][A

 17%|█▋        | 42/253 [00:07<00:37,  5.67it/s][A

 17%|█▋        | 43/253 [00:08<00:35,  5.90it/s][A

 17%|█▋        | 44/253 [00:08<00:35,  5.97it/s][A

 18%|█▊        | 45/253 [00:08<00:33,  6.20it/s][A

 18%|█▊        | 46/253 [00:08<00:33,  6.15it/s][A

 19%|█▊        | 47/253 [00:08<00:34,  5.97it/s][A

 19%|█▉        | 48/253 [00:08<00:33,  6.11it/s][A

 19%|█▉        | 49/253 [00:09<00:32,  6.26it/s][A

 20%|█▉        | 50/253 [00:09<00:34,  5.96it/s][A

 20%|██        | 51/253 [00:09<00:36,  5.48it/s][A

 21%|██        | 52/253 [00:09<00:36,  5.53it/s][A

 21%|██        | 53/253 [00:09<00:38,  5.26it/s][A

 21%|██▏       | 54/253 [00:10<00:36,  5.47it/s][A

 22%|██▏       | 55/253 [00:10<00:35,  5.58it/s][A

 22%|██▏       | 56/253 [00:10<00:34,  5.72it/s][A

 23%|██▎       | 57/253 [00:10<00:33,  5.78it/s][A

 23%|██▎       | 58/253 [00:10<00:35,  5.56it/s][A

 23%|██▎       | 59/253 [00:10<00:37,  5.18it/s][A

 24%|██▎       | 60/253 [00:11<00:45,  4.26it/s][A

 24%|██▍       | 61/253 [00:11<00:43,  4.45it/s][A

 25%|██▍       | 62/253 [00:11<00:44,  4.32it/s][A

 25%|██▍       | 63/253 [00:11<00:40,  4.68it/s][A

 25%|██▌       | 64/253 [00:12<00:37,  4.99it/s][A

 26%|██▌       | 65/253 [00:12<00:38,  4.86it/s][A

 26%|██▌       | 66/253 [00:12<00:36,  5.06it/s][A

 26%|██▋       | 67/253 [00:12<00:34,  5.44it/s][A

 27%|██▋       | 68/253 [00:12<00:34,  5.31it/s][A

 27%|██▋       | 69/253 [00:12<00:33,  5.50it/s][A

 28%|██▊       | 70/253 [00:13<00:35,  5.17it/s][A

 28%|██▊       | 71/253 [00:13<00:33,  5.43it/s][A

 28%|██▊       | 72/253 [00:13<00:33,  5.37it/s][A

 29%|██▉       | 73/253 [00:13<00:32,  5.47it/s][A

 29%|██▉       | 74/253 [00:13<00:31,  5.74it/s][A

 30%|██▉       | 75/253 [00:14<00:30,  5.76it/s][A

 30%|███       | 76/253 [00:14<00:30,  5.81it/s][A

 30%|███       | 77/253 [00:14<00:28,  6.15it/s][A

 31%|███       | 78/253 [00:14<00:28,  6.21it/s][A

 31%|███       | 79/253 [00:14<00:28,  6.17it/s][A

 32%|███▏      | 80/253 [00:14<00:28,  6.09it/s][A

 32%|███▏      | 81/253 [00:15<00:29,  5.82it/s][A

 32%|███▏      | 82/253 [00:15<00:28,  5.99it/s][A

 33%|███▎      | 83/253 [00:15<00:29,  5.81it/s][A

 33%|███▎      | 84/253 [00:15<00:30,  5.54it/s][A

 34%|███▎      | 85/253 [00:15<00:30,  5.57it/s][A

 34%|███▍      | 86/253 [00:15<00:29,  5.68it/s][A

 34%|███▍      | 87/253 [00:16<00:30,  5.36it/s][A

 35%|███▍      | 88/253 [00:16<00:30,  5.48it/s][A

 35%|███▌      | 89/253 [00:16<00:31,  5.23it/s][A

 36%|███▌      | 90/253 [00:16<00:30,  5.38it/s][A

 36%|███▌      | 91/253 [00:16<00:33,  4.78it/s][A

 36%|███▋      | 92/253 [00:17<00:32,  4.95it/s][A

 37%|███▋      | 93/253 [00:17<00:33,  4.72it/s][A

 37%|███▋      | 94/253 [00:17<00:33,  4.76it/s][A

 38%|███▊      | 95/253 [00:17<00:34,  4.51it/s][A

 38%|███▊      | 96/253 [00:18<00:40,  3.90it/s][A

 38%|███▊      | 97/253 [00:18<00:40,  3.89it/s][A

 39%|███▊      | 98/253 [00:18<00:37,  4.10it/s][A

 39%|███▉      | 99/253 [00:18<00:36,  4.24it/s][A

 40%|███▉      | 100/253 [00:19<00:34,  4.38it/s][A

 40%|███▉      | 101/253 [00:19<00:32,  4.66it/s][A

 40%|████      | 102/253 [00:19<00:31,  4.73it/s][A

 41%|████      | 103/253 [00:19<00:29,  5.04it/s][A

 41%|████      | 104/253 [00:19<00:27,  5.33it/s][A

 42%|████▏     | 105/253 [00:19<00:27,  5.42it/s][A

 42%|████▏     | 106/253 [00:20<00:26,  5.64it/s][A

 42%|████▏     | 107/253 [00:20<00:26,  5.57it/s][A

 43%|████▎     | 108/253 [00:20<00:25,  5.70it/s][A

 43%|████▎     | 109/253 [00:20<00:23,  6.05it/s][A

 43%|████▎     | 110/253 [00:20<00:22,  6.34it/s][A

 44%|████▍     | 111/253 [00:20<00:22,  6.36it/s][A

 44%|████▍     | 112/253 [00:21<00:22,  6.26it/s][A

 45%|████▍     | 113/253 [00:21<00:22,  6.13it/s][A

 45%|████▌     | 114/253 [00:21<00:22,  6.07it/s][A

 45%|████▌     | 115/253 [00:21<00:23,  5.78it/s][A

 46%|████▌     | 116/253 [00:21<00:23,  5.85it/s][A

 46%|████▌     | 117/253 [00:21<00:24,  5.46it/s][A

 47%|████▋     | 118/253 [00:22<00:24,  5.41it/s][A

 47%|████▋     | 119/253 [00:22<00:27,  4.90it/s][A

 47%|████▋     | 120/253 [00:22<00:25,  5.15it/s][A

 48%|████▊     | 121/253 [00:22<00:24,  5.45it/s][A

 48%|████▊     | 122/253 [00:22<00:23,  5.55it/s][A

 49%|████▊     | 123/253 [00:23<00:23,  5.44it/s][A

 49%|████▉     | 124/253 [00:23<00:23,  5.50it/s][A

 49%|████▉     | 125/253 [00:23<00:22,  5.68it/s][A

 50%|████▉     | 126/253 [00:23<00:23,  5.46it/s][A

 50%|█████     | 127/253 [00:23<00:24,  5.14it/s][A

 51%|█████     | 128/253 [00:24<00:24,  5.10it/s][A

 51%|█████     | 129/253 [00:24<00:24,  5.13it/s][A

 51%|█████▏    | 130/253 [00:24<00:27,  4.43it/s][A

 52%|█████▏    | 131/253 [00:24<00:27,  4.40it/s][A

 52%|█████▏    | 132/253 [00:25<00:26,  4.52it/s][A

 53%|█████▎    | 133/253 [00:25<00:26,  4.49it/s][A

 53%|█████▎    | 134/253 [00:25<00:25,  4.74it/s][A

 53%|█████▎    | 135/253 [00:25<00:23,  4.99it/s][A

 54%|█████▍    | 136/253 [00:25<00:22,  5.23it/s][A

 54%|█████▍    | 137/253 [00:25<00:21,  5.40it/s][A

 55%|█████▍    | 138/253 [00:26<00:21,  5.37it/s][A

 55%|█████▍    | 139/253 [00:26<00:21,  5.37it/s][A

 55%|█████▌    | 140/253 [00:26<00:20,  5.42it/s][A

 56%|█████▌    | 141/253 [00:26<00:20,  5.57it/s][A

 56%|█████▌    | 142/253 [00:26<00:19,  5.72it/s][A

 57%|█████▋    | 143/253 [00:26<00:19,  5.74it/s][A

 57%|█████▋    | 144/253 [00:27<00:18,  5.85it/s][A

 57%|█████▋    | 145/253 [00:27<00:17,  6.17it/s][A

 58%|█████▊    | 146/253 [00:27<00:16,  6.37it/s][A

 58%|█████▊    | 147/253 [00:27<00:16,  6.47it/s][A

 58%|█████▊    | 148/253 [00:27<00:16,  6.33it/s][A

 59%|█████▉    | 149/253 [00:27<00:16,  6.22it/s][A

 59%|█████▉    | 150/253 [00:28<00:16,  6.33it/s][A

 60%|█████▉    | 151/253 [00:28<00:16,  6.32it/s][A

 60%|██████    | 152/253 [00:28<00:16,  6.22it/s][A

 60%|██████    | 153/253 [00:28<00:16,  6.19it/s][A

 61%|██████    | 154/253 [00:28<00:16,  5.90it/s][A

 61%|██████▏   | 155/253 [00:28<00:16,  5.84it/s][A

 62%|██████▏   | 156/253 [00:29<00:23,  4.12it/s][A

 62%|██████▏   | 157/253 [00:29<00:22,  4.28it/s][A

 62%|██████▏   | 158/253 [00:29<00:21,  4.51it/s][A

 63%|██████▎   | 159/253 [00:29<00:19,  4.73it/s][A

 63%|██████▎   | 160/253 [00:30<00:20,  4.63it/s][A

 64%|██████▎   | 161/253 [00:30<00:20,  4.48it/s][A

 64%|██████▍   | 162/253 [00:30<00:19,  4.66it/s][A

 64%|██████▍   | 163/253 [00:30<00:17,  5.02it/s][A

 65%|██████▍   | 164/253 [00:30<00:18,  4.92it/s][A

 65%|██████▌   | 165/253 [00:31<00:17,  5.04it/s][A

 66%|██████▌   | 166/253 [00:31<00:18,  4.78it/s][A

 66%|██████▌   | 167/253 [00:31<00:16,  5.10it/s][A

 66%|██████▋   | 168/253 [00:31<00:18,  4.67it/s][A

 67%|██████▋   | 169/253 [00:31<00:17,  4.94it/s][A

 67%|██████▋   | 170/253 [00:32<00:16,  5.18it/s][A

 68%|██████▊   | 171/253 [00:32<00:15,  5.15it/s][A

 68%|██████▊   | 172/253 [00:32<00:14,  5.49it/s][A

 68%|██████▊   | 173/253 [00:32<00:14,  5.41it/s][A

 69%|██████▉   | 174/253 [00:32<00:14,  5.57it/s][A

 69%|██████▉   | 175/253 [00:33<00:14,  5.26it/s][A

 70%|██████▉   | 176/253 [00:33<00:13,  5.59it/s][A

 70%|██████▉   | 177/253 [00:33<00:13,  5.82it/s][A

 70%|███████   | 178/253 [00:33<00:12,  6.03it/s][A

 71%|███████   | 179/253 [00:33<00:13,  5.60it/s][A

 71%|███████   | 180/253 [00:33<00:12,  5.71it/s][A

 72%|███████▏  | 181/253 [00:34<00:12,  5.76it/s][A

 72%|███████▏  | 182/253 [00:34<00:12,  5.83it/s][A

 72%|███████▏  | 183/253 [00:34<00:12,  5.76it/s][A

 73%|███████▎  | 184/253 [00:34<00:13,  5.20it/s][A

 73%|███████▎  | 185/253 [00:34<00:12,  5.35it/s][A

 74%|███████▎  | 186/253 [00:35<00:12,  5.39it/s][A

 74%|███████▍  | 187/253 [00:35<00:12,  5.10it/s][A

 74%|███████▍  | 188/253 [00:35<00:14,  4.64it/s][A

 75%|███████▍  | 189/253 [00:35<00:13,  4.74it/s][A

 75%|███████▌  | 190/253 [00:35<00:13,  4.66it/s][A

 75%|███████▌  | 191/253 [00:36<00:13,  4.49it/s][A

 76%|███████▌  | 192/253 [00:36<00:14,  4.34it/s][A

 76%|███████▋  | 193/253 [00:36<00:13,  4.54it/s][A

 77%|███████▋  | 194/253 [00:36<00:12,  4.76it/s][A

 77%|███████▋  | 195/253 [00:37<00:13,  4.36it/s][A

 77%|███████▋  | 196/253 [00:37<00:13,  4.38it/s][A

 78%|███████▊  | 197/253 [00:37<00:11,  4.67it/s][A

 78%|███████▊  | 198/253 [00:37<00:11,  4.84it/s][A

 79%|███████▊  | 199/253 [00:37<00:10,  5.10it/s][A

 79%|███████▉  | 200/253 [00:38<00:09,  5.43it/s][A

 79%|███████▉  | 201/253 [00:38<00:09,  5.62it/s][A

 80%|███████▉  | 202/253 [00:38<00:09,  5.64it/s][A

 80%|████████  | 203/253 [00:38<00:09,  5.33it/s][A

 81%|████████  | 204/253 [00:38<00:08,  5.48it/s][A

 81%|████████  | 205/253 [00:38<00:08,  5.59it/s][A

 81%|████████▏ | 206/253 [00:39<00:07,  5.88it/s][A

 82%|████████▏ | 207/253 [00:39<00:07,  5.84it/s][A

 82%|████████▏ | 208/253 [00:39<00:07,  5.67it/s][A

 83%|████████▎ | 209/253 [00:39<00:08,  5.49it/s][A

 83%|████████▎ | 210/253 [00:39<00:08,  5.08it/s][A

 83%|████████▎ | 211/253 [00:39<00:07,  5.33it/s][A

 84%|████████▍ | 212/253 [00:40<00:07,  5.47it/s][A

 84%|████████▍ | 213/253 [00:40<00:07,  5.06it/s][A

 85%|████████▍ | 214/253 [00:40<00:07,  4.98it/s][A

 85%|████████▍ | 215/253 [00:41<00:10,  3.50it/s][A

 85%|████████▌ | 216/253 [00:41<00:09,  3.91it/s][A

 86%|████████▌ | 217/253 [00:41<00:10,  3.54it/s][A

 86%|████████▌ | 218/253 [00:41<00:08,  4.02it/s][A

 87%|████████▋ | 219/253 [00:41<00:07,  4.42it/s][A

 87%|████████▋ | 220/253 [00:42<00:07,  4.37it/s][A

 87%|████████▋ | 221/253 [00:42<00:07,  4.34it/s][A

 88%|████████▊ | 222/253 [00:42<00:06,  4.68it/s][A

 88%|████████▊ | 223/253 [00:42<00:06,  4.88it/s][A

 89%|████████▊ | 224/253 [00:42<00:05,  4.91it/s][A

 89%|████████▉ | 225/253 [00:43<00:05,  5.27it/s][A

 89%|████████▉ | 226/253 [00:43<00:05,  5.32it/s][A

 90%|████████▉ | 227/253 [00:43<00:04,  5.49it/s][A

 90%|█████████ | 228/253 [00:43<00:04,  5.91it/s][A

 91%|█████████ | 229/253 [00:43<00:04,  5.40it/s][A

 91%|█████████ | 230/253 [00:44<00:04,  5.54it/s][A

 91%|█████████▏| 231/253 [00:44<00:03,  5.86it/s][A

 92%|█████████▏| 232/253 [00:44<00:03,  5.92it/s][A

 92%|█████████▏| 233/253 [00:44<00:03,  6.28it/s][A

 92%|█████████▏| 234/253 [00:44<00:03,  6.20it/s][A

 93%|█████████▎| 235/253 [00:44<00:02,  6.49it/s][A

 93%|█████████▎| 236/253 [00:44<00:02,  6.50it/s][A

 94%|█████████▎| 237/253 [00:45<00:02,  6.68it/s][A

 94%|█████████▍| 238/253 [00:45<00:02,  6.63it/s][A

 94%|█████████▍| 239/253 [00:45<00:02,  6.64it/s][A

 95%|█████████▍| 240/253 [00:45<00:01,  6.69it/s][A

 95%|█████████▌| 241/253 [00:45<00:01,  6.68it/s][A

 96%|█████████▌| 242/253 [00:45<00:01,  6.73it/s][A

 96%|█████████▌| 243/253 [00:46<00:01,  6.11it/s][A

 96%|█████████▋| 244/253 [00:46<00:01,  6.00it/s][A

 97%|█████████▋| 245/253 [00:46<00:01,  5.92it/s][A

 97%|█████████▋| 246/253 [00:46<00:01,  5.71it/s][A

 98%|█████████▊| 247/253 [00:46<00:01,  5.50it/s][A

 98%|█████████▊| 248/253 [00:46<00:00,  5.68it/s][A

 98%|█████████▊| 249/253 [00:47<00:00,  4.60it/s][A

 99%|█████████▉| 250/253 [00:47<00:00,  4.89it/s][A

 99%|█████████▉| 251/253 [00:47<00:00,  4.89it/s][A

100%|█████████▉| 252/253 [00:47<00:00,  5.02it/s][A

100%|██████████| 253/253 [00:48<00:00,  4.77it/s][A
                                                  

                                                 
[A{'eval_loss': '1.478', 'eval_runtime': '48.22', 'eval_samples_per_second': '10.49', 'eval_steps_per_second': '5.246', 'eval_entropy': '1.468', 'eval_num_tokens': '1.454e+06', 'eval_mean_token_accuracy': '0.6208', 'epoch': '1.273'}

 64%|██████▎   | 700/1100 [44:48<24:05,  3.61s/it]

100%|██████████| 253/253 [00:48<00:00,  4.77it/s][A

                                                 [A
 64%|██████▎   | 701/1100 [44:51<2:00:04, 18.06s/it]
 64%|██████▍   | 702/1100 [44:54<1:29:26, 13.48s/it]
 64%|██████▍   | 703/1100 [44:58<1:09:22, 10.49s/it]
 64%|██████▍   | 704/1100 [45:00<53:35,  8.12s/it]  
 64%|██████▍   | 705/1100 [45:04<45:01,  6.84s/it]
 64%|██████▍   | 706/1100 [45:07<36:55,  5.62s/it]
 64%|██████▍   | 707/1100 [45:10<32:18,  4.93s/it]
 64%|██████▍   | 708/1100 [45:13<27:59,  4.29s/it]
 64%|██████▍   | 709/1100 [45:16<25:58,  3.99s/it]
 65%|██████▍   | 710/1100 [45:19<24:22,  3.75s/it]
                                                  
{'loss': '1.45', 'grad_norm': '2.317', 'learning_rate': '6.759e-05', 'entropy': '1.467', 'num_tokens': '1.475e+06', 'mean_token_accuracy': '0.6263', 'epoch': '1.291'}

 65%|██████▍   | 710/1100 [45:19<24:22,  3.75s/it]
 65%|██████▍   | 711/1100 [45:23<23:47,  3.67s/it]
 65%|██████▍   | 712/1100 [45:26<21:48,  3.37s/it]
 65%|██████▍   | 713/1100 [45:29<21:36,  3.35s/it]
 65%|██████▍   | 714/1100 [45:32<20:45,  3.23s/it]
 65%|██████▌   | 715/1100 [45:35<21:14,  3.31s/it]
 65%|██████▌   | 716/1100 [45:38<20:15,  3.16s/it]
 65%|██████▌   | 717/1100 [45:42<21:16,  3.33s/it]
 65%|██████▌   | 718/1100 [45:45<20:05,  3.16s/it]
 65%|██████▌   | 719/1100 [45:48<20:21,  3.21s/it]
 65%|██████▌   | 720/1100 [45:51<19:06,  3.02s/it]
                                                  
{'loss': '1.502', 'grad_norm': '1.797', 'learning_rate': '6.461e-05', 'entropy': '1.478', 'num_tokens': '1.497e+06', 'mean_token_accuracy': '0.6135', 'epoch': '1.309'}

 65%|██████▌   | 720/1100 [45:51<19:06,  3.02s/it]
 66%|██████▌   | 721/1100 [45:54<19:26,  3.08s/it]
 66%|██████▌   | 722/1100 [45:56<18:34,  2.95s/it]
 66%|██████▌   | 723/1100 [46:00<19:35,  3.12s/it]
 66%|██████▌   | 724/1100 [46:04<20:54,  3.34s/it]
 66%|██████▌   | 725/1100 [46:07<21:07,  3.38s/it]
 66%|██████▌   | 726/1100 [46:11<21:10,  3.40s/it]
 66%|██████▌   | 727/1100 [46:13<19:41,  3.17s/it]
 66%|██████▌   | 728/1100 [46:16<18:26,  2.97s/it]
 66%|██████▋   | 729/1100 [46:19<19:26,  3.15s/it]
 66%|██████▋   | 730/1100 [46:22<18:57,  3.08s/it]
                                                  
{'loss': '1.519', 'grad_norm': '2.103', 'learning_rate': '6.166e-05', 'entropy': '1.449', 'num_tokens': '1.518e+06', 'mean_token_accuracy': '0.6191', 'epoch': '1.327'}

 66%|██████▋   | 730/1100 [46:22<18:57,  3.08s/it]
 66%|██████▋   | 731/1100 [46:26<19:22,  3.15s/it]
 67%|██████▋   | 732/1100 [46:28<18:39,  3.04s/it]
 67%|██████▋   | 733/1100 [46:32<19:50,  3.24s/it]
 67%|██████▋   | 734/1100 [46:36<20:18,  3.33s/it]
 67%|██████▋   | 735/1100 [46:39<19:24,  3.19s/it]
 67%|██████▋   | 736/1100 [46:42<19:22,  3.19s/it]
 67%|██████▋   | 737/1100 [46:45<18:52,  3.12s/it]
 67%|██████▋   | 738/1100 [46:48<19:43,  3.27s/it]
 67%|██████▋   | 739/1100 [46:51<19:11,  3.19s/it]
 67%|██████▋   | 740/1100 [46:55<20:01,  3.34s/it]
                                                  
{'loss': '1.464', 'grad_norm': '1.72', 'learning_rate': '5.875e-05', 'entropy': '1.485', 'num_tokens': '1.539e+06', 'mean_token_accuracy': '0.6266', 'epoch': '1.346'}

 67%|██████▋   | 740/1100 [46:55<20:01,  3.34s/it]
 67%|██████▋   | 741/1100 [46:58<18:30,  3.09s/it]
 67%|██████▋   | 742/1100 [47:01<18:42,  3.14s/it]
 68%|██████▊   | 743/1100 [47:04<19:32,  3.28s/it]
 68%|██████▊   | 744/1100 [47:07<18:48,  3.17s/it]
 68%|██████▊   | 745/1100 [47:12<20:43,  3.50s/it]
 68%|██████▊   | 746/1100 [47:14<19:07,  3.24s/it]
 68%|██████▊   | 747/1100 [47:18<20:04,  3.41s/it]
 68%|██████▊   | 748/1100 [47:20<18:10,  3.10s/it]
 68%|██████▊   | 749/1100 [47:25<20:03,  3.43s/it]
 68%|██████▊   | 750/1100 [47:27<18:31,  3.18s/it]
                                                  
{'loss': '1.408', 'grad_norm': '1.848', 'learning_rate': '5.588e-05', 'entropy': '1.421', 'num_tokens': '1.56e+06', 'mean_token_accuracy': '0.6332', 'epoch': '1.364'}

 68%|██████▊   | 750/1100 [47:27<18:31,  3.18s/it]
 68%|██████▊   | 751/1100 [47:31<20:03,  3.45s/it]
 68%|██████▊   | 752/1100 [47:34<18:46,  3.24s/it]
 68%|██████▊   | 753/1100 [47:38<20:16,  3.50s/it]
 69%|██████▊   | 754/1100 [47:42<20:03,  3.48s/it]
 69%|██████▊   | 755/1100 [47:44<18:53,  3.28s/it]
 69%|██████▊   | 756/1100 [47:47<17:35,  3.07s/it]
 69%|██████▉   | 757/1100 [47:50<18:05,  3.16s/it]
 69%|██████▉   | 758/1100 [47:54<19:25,  3.41s/it]
 69%|██████▉   | 759/1100 [47:57<18:52,  3.32s/it]
 69%|██████▉   | 760/1100 [48:00<16:57,  2.99s/it]
                                                  
{'loss': '1.444', 'grad_norm': '1.86', 'learning_rate': '5.305e-05', 'entropy': '1.439', 'num_tokens': '1.581e+06', 'mean_token_accuracy': '0.6309', 'epoch': '1.382'}

 69%|██████▉   | 760/1100 [48:00<16:57,  2.99s/it]
 69%|██████▉   | 761/1100 [48:03<17:01,  3.01s/it]
 69%|██████▉   | 762/1100 [48:06<16:54,  3.00s/it]
 69%|██████▉   | 763/1100 [48:09<17:49,  3.17s/it]
 69%|██████▉   | 764/1100 [48:12<17:08,  3.06s/it]
 70%|██████▉   | 765/1100 [48:15<17:41,  3.17s/it]
 70%|██████▉   | 766/1100 [48:18<16:45,  3.01s/it]
 70%|██████▉   | 767/1100 [48:22<17:38,  3.18s/it]
 70%|██████▉   | 768/1100 [48:24<16:12,  2.93s/it]
 70%|██████▉   | 769/1100 [48:28<17:11,  3.12s/it]
 70%|███████   | 770/1100 [48:32<19:00,  3.46s/it]
                                                  
{'loss': '1.489', 'grad_norm': '2.455', 'learning_rate': '5.028e-05', 'entropy': '1.455', 'num_tokens': '1.601e+06', 'mean_token_accuracy': '0.624', 'epoch': '1.4'}

 70%|███████   | 770/1100 [48:32<19:00,  3.46s/it]
 70%|███████   | 771/1100 [48:36<20:24,  3.72s/it]
 70%|███████   | 772/1100 [48:40<20:16,  3.71s/it]
 70%|███████   | 773/1100 [48:43<18:41,  3.43s/it]
 70%|███████   | 774/1100 [48:47<20:00,  3.68s/it]
 70%|███████   | 775/1100 [48:49<17:49,  3.29s/it]
 71%|███████   | 776/1100 [48:53<17:47,  3.30s/it]
 71%|███████   | 777/1100 [48:55<16:34,  3.08s/it]
 71%|███████   | 778/1100 [48:58<16:35,  3.09s/it]
 71%|███████   | 779/1100 [49:02<17:33,  3.28s/it]
 71%|███████   | 780/1100 [49:06<17:58,  3.37s/it]
                                                  
{'loss': '1.502', 'grad_norm': '2.133', 'learning_rate': '4.755e-05', 'entropy': '1.484', 'num_tokens': '1.622e+06', 'mean_token_accuracy': '0.6229', 'epoch': '1.418'}

 71%|███████   | 780/1100 [49:06<17:58,  3.37s/it]
 71%|███████   | 781/1100 [49:09<17:22,  3.27s/it]
 71%|███████   | 782/1100 [49:12<17:22,  3.28s/it]
 71%|███████   | 783/1100 [49:14<15:52,  3.01s/it]
 71%|███████▏  | 784/1100 [49:18<16:21,  3.10s/it]
 71%|███████▏  | 785/1100 [49:20<15:33,  2.96s/it]
 71%|███████▏  | 786/1100 [49:24<16:35,  3.17s/it]
 72%|███████▏  | 787/1100 [49:26<15:30,  2.97s/it]
 72%|███████▏  | 788/1100 [49:30<16:09,  3.11s/it]
 72%|███████▏  | 789/1100 [49:33<15:44,  3.04s/it]
 72%|███████▏  | 790/1100 [49:36<16:06,  3.12s/it]
                                                  
{'loss': '1.411', 'grad_norm': '2.189', 'learning_rate': '4.487e-05', 'entropy': '1.438', 'num_tokens': '1.643e+06', 'mean_token_accuracy': '0.6369', 'epoch': '1.437'}

 72%|███████▏  | 790/1100 [49:36<16:06,  3.12s/it]
 72%|███████▏  | 791/1100 [49:39<15:59,  3.11s/it]
 72%|███████▏  | 792/1100 [49:42<15:51,  3.09s/it]
 72%|███████▏  | 793/1100 [49:46<16:55,  3.31s/it]
 72%|███████▏  | 794/1100 [49:49<16:33,  3.25s/it]
 72%|███████▏  | 795/1100 [49:52<16:39,  3.28s/it]
 72%|███████▏  | 796/1100 [49:55<15:16,  3.01s/it]
 72%|███████▏  | 797/1100 [49:58<15:24,  3.05s/it]
 73%|███████▎  | 798/1100 [50:02<16:25,  3.26s/it]
 73%|███████▎  | 799/1100 [50:06<17:31,  3.49s/it]
 73%|███████▎  | 800/1100 [50:08<15:51,  3.17s/it]
                                                  
{'loss': '1.437', 'grad_norm': '2.004', 'learning_rate': '4.225e-05', 'entropy': '1.446', 'num_tokens': '1.664e+06', 'mean_token_accuracy': '0.6368', 'epoch': '1.455'}

 73%|███████▎  | 800/1100 [50:08<15:51,  3.17s/it]

  0%|          | 0/253 [00:00<?, ?it/s][A

  1%|          | 2/253 [00:00<00:19, 12.70it/s][A

  2%|▏         | 4/253 [00:00<00:36,  6.76it/s][A

  2%|▏         | 5/253 [00:00<00:38,  6.44it/s][A

  2%|▏         | 6/253 [00:00<00:39,  6.33it/s][A

  3%|▎         | 7/253 [00:01<00:39,  6.23it/s][A

  3%|▎         | 8/253 [00:01<00:44,  5.46it/s][A

  4%|▎         | 9/253 [00:01<00:52,  4.63it/s][A

  4%|▍         | 10/253 [00:01<00:53,  4.56it/s][A

  4%|▍         | 11/253 [00:02<00:54,  4.47it/s][A

  5%|▍         | 12/253 [00:02<00:56,  4.28it/s][A

  5%|▌         | 13/253 [00:02<01:00,  3.96it/s][A

  6%|▌         | 14/253 [00:02<01:03,  3.75it/s][A

  6%|▌         | 15/253 [00:03<00:58,  4.05it/s][A

  6%|▋         | 16/253 [00:03<00:59,  3.99it/s][A

  7%|▋         | 17/253 [00:03<00:56,  4.17it/s][A

  7%|▋         | 18/253 [00:03<00:50,  4.63it/s][A

  8%|▊         | 19/253 [00:03<00:49,  4.76it/s][A

  8%|▊         | 20/253 [00:04<00:45,  5.12it/s][A

  8%|▊         | 21/253 [00:04<00:44,  5.24it/s][A

  9%|▊         | 22/253 [00:04<00:44,  5.23it/s][A

  9%|▉         | 23/253 [00:04<00:40,  5.70it/s][A

  9%|▉         | 24/253 [00:04<00:39,  5.75it/s][A

 10%|▉         | 25/253 [00:04<00:37,  6.11it/s][A

 10%|█         | 26/253 [00:05<00:35,  6.44it/s][A

 11%|█         | 27/253 [00:05<00:33,  6.70it/s][A

 11%|█         | 28/253 [00:05<00:33,  6.64it/s][A

 11%|█▏        | 29/253 [00:05<00:32,  6.83it/s][A

 12%|█▏        | 30/253 [00:05<00:32,  6.90it/s][A

 12%|█▏        | 31/253 [00:05<00:34,  6.52it/s][A

 13%|█▎        | 32/253 [00:05<00:33,  6.53it/s][A

 13%|█▎        | 33/253 [00:06<00:33,  6.56it/s][A

 13%|█▎        | 34/253 [00:06<00:34,  6.41it/s][A

 14%|█▍        | 35/253 [00:06<00:35,  6.12it/s][A

 14%|█▍        | 36/253 [00:06<00:34,  6.24it/s][A

 15%|█▍        | 37/253 [00:06<00:35,  6.13it/s][A

 15%|█▌        | 38/253 [00:06<00:34,  6.22it/s][A

 15%|█▌        | 39/253 [00:07<00:35,  5.98it/s][A

 16%|█▌        | 40/253 [00:07<00:35,  5.98it/s][A

 16%|█▌        | 41/253 [00:07<00:35,  6.00it/s][A

 17%|█▋        | 42/253 [00:07<00:37,  5.69it/s][A

 17%|█▋        | 43/253 [00:07<00:36,  5.79it/s][A

 17%|█▋        | 44/253 [00:08<00:39,  5.32it/s][A

 18%|█▊        | 45/253 [00:08<00:38,  5.37it/s][A

 18%|█▊        | 46/253 [00:08<00:40,  5.13it/s][A

 19%|█▊        | 47/253 [00:08<00:44,  4.65it/s][A

 19%|█▉        | 48/253 [00:08<00:42,  4.85it/s][A

 19%|█▉        | 49/253 [00:09<00:44,  4.55it/s][A

 20%|█▉        | 50/253 [00:09<00:49,  4.10it/s][A

 20%|██        | 51/253 [00:09<00:54,  3.68it/s][A

 21%|██        | 52/253 [00:09<00:49,  4.04it/s][A

 21%|██        | 53/253 [00:10<00:45,  4.38it/s][A

 21%|██▏       | 54/253 [00:10<00:43,  4.53it/s][A

 22%|██▏       | 55/253 [00:10<00:44,  4.45it/s][A

 22%|██▏       | 56/253 [00:10<00:44,  4.39it/s][A

 23%|██▎       | 57/253 [00:11<00:46,  4.23it/s][A

 23%|██▎       | 58/253 [00:11<00:45,  4.24it/s][A

 23%|██▎       | 59/253 [00:11<00:42,  4.61it/s][A

 24%|██▎       | 60/253 [00:11<00:40,  4.75it/s][A

 24%|██▍       | 61/253 [00:11<00:38,  5.04it/s][A

 25%|██▍       | 62/253 [00:12<00:38,  4.96it/s][A

 25%|██▍       | 63/253 [00:12<00:37,  5.01it/s][A

 25%|██▌       | 64/253 [00:12<00:34,  5.48it/s][A

 26%|██▌       | 65/253 [00:12<00:33,  5.61it/s][A

 26%|██▌       | 66/253 [00:12<00:33,  5.59it/s][A

 26%|██▋       | 67/253 [00:12<00:31,  5.92it/s][A

 27%|██▋       | 68/253 [00:13<00:30,  5.97it/s][A

 27%|██▋       | 69/253 [00:13<00:31,  5.93it/s][A

 28%|██▊       | 70/253 [00:13<00:30,  6.04it/s][A

 28%|██▊       | 71/253 [00:13<00:30,  6.02it/s][A

 28%|██▊       | 72/253 [00:13<00:35,  5.17it/s][A

 29%|██▉       | 73/253 [00:13<00:34,  5.23it/s][A

 29%|██▉       | 74/253 [00:14<00:37,  4.74it/s][A

 30%|██▉       | 75/253 [00:14<00:36,  4.89it/s][A

 30%|███       | 76/253 [00:14<00:36,  4.80it/s][A

 30%|███       | 77/253 [00:14<00:34,  5.04it/s][A

 31%|███       | 78/253 [00:14<00:33,  5.30it/s][A

 31%|███       | 79/253 [00:15<00:33,  5.18it/s][A

 32%|███▏      | 80/253 [00:15<00:42,  4.07it/s][A

 32%|███▏      | 81/253 [00:15<00:43,  3.91it/s][A

 32%|███▏      | 82/253 [00:16<00:39,  4.28it/s][A

 33%|███▎      | 83/253 [00:16<00:42,  4.00it/s][A

 33%|███▎      | 84/253 [00:16<00:41,  4.07it/s][A

 34%|███▎      | 85/253 [00:16<00:40,  4.20it/s][A

 34%|███▍      | 86/253 [00:17<00:41,  4.05it/s][A

 34%|███▍      | 87/253 [00:17<00:38,  4.26it/s][A

 35%|███▍      | 88/253 [00:17<00:38,  4.26it/s][A

 35%|███▌      | 89/253 [00:17<00:36,  4.49it/s][A

 36%|███▌      | 90/253 [00:17<00:32,  4.98it/s][A

 36%|███▌      | 91/253 [00:17<00:30,  5.34it/s][A

 36%|███▋      | 92/253 [00:18<00:29,  5.52it/s][A

 37%|███▋      | 93/253 [00:18<00:29,  5.51it/s][A

 37%|███▋      | 94/253 [00:18<00:28,  5.62it/s][A

 38%|███▊      | 95/253 [00:18<00:29,  5.41it/s][A

 38%|███▊      | 96/253 [00:18<00:28,  5.51it/s][A

 38%|███▊      | 97/253 [00:18<00:26,  5.88it/s][A

 39%|███▊      | 98/253 [00:19<00:26,  5.85it/s][A

 39%|███▉      | 99/253 [00:19<00:26,  5.90it/s][A

 40%|███▉      | 100/253 [00:19<00:25,  5.95it/s][A

 40%|███▉      | 101/253 [00:19<00:25,  5.89it/s][A

 40%|████      | 102/253 [00:19<00:25,  5.94it/s][A

 41%|████      | 103/253 [00:20<00:25,  5.94it/s][A

 41%|████      | 104/253 [00:20<00:24,  5.98it/s][A

 42%|████▏     | 105/253 [00:20<00:24,  5.93it/s][A

 42%|████▏     | 106/253 [00:20<00:24,  6.04it/s][A

 42%|████▏     | 107/253 [00:20<00:24,  6.04it/s][A

 43%|████▎     | 108/253 [00:20<00:24,  6.03it/s][A

 43%|████▎     | 109/253 [00:21<00:25,  5.68it/s][A

 43%|████▎     | 110/253 [00:21<00:24,  5.80it/s][A

 44%|████▍     | 111/253 [00:21<00:24,  5.72it/s][A

 44%|████▍     | 112/253 [00:21<00:29,  4.85it/s][A

 45%|████▍     | 113/253 [00:21<00:28,  4.97it/s][A

 45%|████▌     | 114/253 [00:22<00:34,  4.05it/s][A

 45%|████▌     | 115/253 [00:22<00:33,  4.16it/s][A

 46%|████▌     | 116/253 [00:22<00:31,  4.38it/s][A

 46%|████▌     | 117/253 [00:22<00:29,  4.61it/s][A

 47%|████▋     | 118/253 [00:23<00:32,  4.11it/s][A

 47%|████▋     | 119/253 [00:23<00:31,  4.32it/s][A

 47%|████▋     | 120/253 [00:23<00:29,  4.56it/s][A

 48%|████▊     | 121/253 [00:23<00:26,  5.00it/s][A

 48%|████▊     | 122/253 [00:23<00:26,  4.90it/s][A

 49%|████▊     | 123/253 [00:24<00:25,  5.10it/s][A

 49%|████▉     | 124/253 [00:24<00:24,  5.35it/s][A

 49%|████▉     | 125/253 [00:24<00:23,  5.37it/s][A

 50%|████▉     | 126/253 [00:24<00:22,  5.54it/s][A

 50%|█████     | 127/253 [00:24<00:22,  5.66it/s][A

 51%|█████     | 128/253 [00:24<00:23,  5.30it/s][A

 51%|█████     | 129/253 [00:25<00:22,  5.46it/s][A

 51%|█████▏    | 130/253 [00:25<00:21,  5.74it/s][A

 52%|█████▏    | 131/253 [00:25<00:22,  5.54it/s][A

 52%|█████▏    | 132/253 [00:25<00:21,  5.54it/s][A

 53%|█████▎    | 133/253 [00:25<00:20,  5.73it/s][A

 53%|█████▎    | 134/253 [00:26<00:21,  5.51it/s][A

 53%|█████▎    | 135/253 [00:26<00:21,  5.48it/s][A

 54%|█████▍    | 136/253 [00:26<00:24,  4.79it/s][A

 54%|█████▍    | 137/253 [00:26<00:24,  4.81it/s][A

 55%|█████▍    | 138/253 [00:26<00:22,  5.06it/s][A

 55%|█████▍    | 139/253 [00:27<00:21,  5.30it/s][A

 55%|█████▌    | 140/253 [00:27<00:22,  5.04it/s][A

 56%|█████▌    | 141/253 [00:27<00:24,  4.52it/s][A

 56%|█████▌    | 142/253 [00:27<00:23,  4.68it/s][A

 57%|█████▋    | 143/253 [00:27<00:25,  4.38it/s][A

 57%|█████▋    | 144/253 [00:28<00:29,  3.68it/s][A

 57%|█████▋    | 145/253 [00:28<00:34,  3.12it/s][A

 58%|█████▊    | 146/253 [00:29<00:32,  3.33it/s][A

 58%|█████▊    | 147/253 [00:29<00:28,  3.66it/s][A

 58%|█████▊    | 148/253 [00:29<00:27,  3.87it/s][A

 59%|█████▉    | 149/253 [00:29<00:24,  4.23it/s][A

 59%|█████▉    | 150/253 [00:29<00:22,  4.58it/s][A

 60%|█████▉    | 151/253 [00:30<00:22,  4.50it/s][A

 60%|██████    | 152/253 [00:30<00:20,  4.96it/s][A

 60%|██████    | 153/253 [00:30<00:20,  4.83it/s][A

 61%|██████    | 154/253 [00:30<00:19,  5.12it/s][A

 61%|██████▏   | 155/253 [00:30<00:18,  5.35it/s][A

 62%|██████▏   | 156/253 [00:30<00:17,  5.64it/s][A

 62%|██████▏   | 157/253 [00:31<00:16,  5.81it/s][A

 62%|██████▏   | 158/253 [00:31<00:16,  5.87it/s][A

 63%|██████▎   | 159/253 [00:31<00:17,  5.45it/s][A

 63%|██████▎   | 160/253 [00:31<00:16,  5.63it/s][A

 64%|██████▎   | 161/253 [00:31<00:16,  5.72it/s][A

 64%|██████▍   | 162/253 [00:31<00:16,  5.57it/s][A

 64%|██████▍   | 163/253 [00:32<00:17,  5.25it/s][A

 65%|██████▍   | 164/253 [00:32<00:15,  5.66it/s][A

 65%|██████▌   | 165/253 [00:32<00:16,  5.47it/s][A

 66%|██████▌   | 166/253 [00:32<00:15,  5.76it/s][A

 66%|██████▌   | 167/253 [00:32<00:15,  5.40it/s][A

 66%|██████▋   | 168/253 [00:33<00:16,  5.11it/s][A

 67%|██████▋   | 169/253 [00:33<00:15,  5.38it/s][A

 67%|██████▋   | 170/253 [00:33<00:15,  5.45it/s][A

 68%|██████▊   | 171/253 [00:33<00:15,  5.44it/s][A

 68%|██████▊   | 172/253 [00:33<00:15,  5.09it/s][A

 68%|██████▊   | 173/253 [00:34<00:16,  4.84it/s][A

 69%|██████▉   | 174/253 [00:34<00:16,  4.86it/s][A

 69%|██████▉   | 175/253 [00:34<00:16,  4.87it/s][A

 70%|██████▉   | 176/253 [00:34<00:19,  3.95it/s][A

 70%|██████▉   | 177/253 [00:35<00:26,  2.92it/s][A

 70%|███████   | 178/253 [00:35<00:24,  3.10it/s][A

 71%|███████   | 179/253 [00:35<00:22,  3.23it/s][A

 71%|███████   | 180/253 [00:36<00:21,  3.35it/s][A

 72%|███████▏  | 181/253 [00:36<00:20,  3.44it/s][A

 72%|███████▏  | 182/253 [00:36<00:20,  3.51it/s][A

 72%|███████▏  | 183/253 [00:37<00:19,  3.61it/s][A

 73%|███████▎  | 184/253 [00:37<00:18,  3.78it/s][A

 73%|███████▎  | 185/253 [00:37<00:16,  4.13it/s][A

 74%|███████▎  | 186/253 [00:37<00:14,  4.55it/s][A

 74%|███████▍  | 187/253 [00:37<00:14,  4.68it/s][A

 74%|███████▍  | 188/253 [00:38<00:13,  4.71it/s][A

 75%|███████▍  | 189/253 [00:38<00:12,  5.05it/s][A

 75%|███████▌  | 190/253 [00:38<00:11,  5.29it/s][A

 75%|███████▌  | 191/253 [00:38<00:11,  5.50it/s][A

 76%|███████▌  | 192/253 [00:38<00:10,  5.94it/s][A

 76%|███████▋  | 193/253 [00:38<00:09,  6.30it/s][A

 77%|███████▋  | 194/253 [00:39<00:10,  5.84it/s][A

 77%|███████▋  | 195/253 [00:39<00:09,  6.00it/s][A

 77%|███████▋  | 196/253 [00:39<00:09,  5.73it/s][A

 78%|███████▊  | 197/253 [00:39<00:10,  5.42it/s][A

 78%|███████▊  | 198/253 [00:39<00:10,  5.39it/s][A

 79%|███████▊  | 199/253 [00:39<00:09,  5.56it/s][A

 79%|███████▉  | 200/253 [00:40<00:10,  5.18it/s][A

 79%|███████▉  | 201/253 [00:40<00:09,  5.37it/s][A

 80%|███████▉  | 202/253 [00:40<00:09,  5.31it/s][A

 80%|████████  | 203/253 [00:40<00:09,  5.27it/s][A

 81%|████████  | 204/253 [00:41<00:10,  4.61it/s][A

 81%|████████  | 205/253 [00:41<00:09,  4.92it/s][A

 81%|████████▏ | 206/253 [00:41<00:14,  3.30it/s][A

 82%|████████▏ | 207/253 [00:41<00:13,  3.44it/s][A

 82%|████████▏ | 208/253 [00:42<00:12,  3.49it/s][A

 83%|████████▎ | 209/253 [00:42<00:14,  3.13it/s][A

 83%|████████▎ | 210/253 [00:42<00:13,  3.26it/s][A

 83%|████████▎ | 211/253 [00:43<00:11,  3.75it/s][A

 84%|████████▍ | 212/253 [00:43<00:10,  3.90it/s][A

 84%|████████▍ | 213/253 [00:43<00:10,  3.90it/s][A

 85%|████████▍ | 214/253 [00:43<00:09,  4.15it/s][A

 85%|████████▍ | 215/253 [00:43<00:08,  4.50it/s][A

 85%|████████▌ | 216/253 [00:44<00:08,  4.32it/s][A

 86%|████████▌ | 217/253 [00:44<00:07,  4.54it/s][A

 86%|████████▌ | 218/253 [00:44<00:07,  4.81it/s][A

 87%|████████▋ | 219/253 [00:44<00:06,  5.32it/s][A

 87%|████████▋ | 220/253 [00:44<00:06,  5.10it/s][A

 87%|████████▋ | 221/253 [00:45<00:06,  5.24it/s][A

 88%|████████▊ | 222/253 [00:45<00:05,  5.55it/s][A

 88%|████████▊ | 223/253 [00:45<00:05,  5.62it/s][A

 89%|████████▊ | 224/253 [00:45<00:04,  6.06it/s][A

 89%|████████▉ | 225/253 [00:45<00:04,  6.39it/s][A

 89%|████████▉ | 226/253 [00:45<00:04,  6.14it/s][A

 90%|████████▉ | 227/253 [00:46<00:04,  6.37it/s][A

 90%|█████████ | 228/253 [00:46<00:03,  6.60it/s][A

 91%|█████████ | 229/253 [00:46<00:03,  6.58it/s][A

 91%|█████████ | 230/253 [00:46<00:03,  6.35it/s][A

 91%|█████████▏| 231/253 [00:46<00:03,  6.50it/s][A

 92%|█████████▏| 232/253 [00:46<00:03,  6.35it/s][A

 92%|█████████▏| 233/253 [00:46<00:03,  6.43it/s][A

 92%|█████████▏| 234/253 [00:47<00:03,  6.32it/s][A

 93%|█████████▎| 235/253 [00:47<00:02,  6.41it/s][A

 93%|█████████▎| 236/253 [00:47<00:02,  6.37it/s][A

 94%|█████████▎| 237/253 [00:47<00:02,  6.02it/s][A

 94%|█████████▍| 238/253 [00:47<00:02,  5.86it/s][A

 94%|█████████▍| 239/253 [00:48<00:02,  5.31it/s][A

 95%|█████████▍| 240/253 [00:48<00:02,  5.34it/s][A

 95%|█████████▌| 241/253 [00:48<00:02,  4.91it/s][A

 96%|█████████▌| 242/253 [00:48<00:02,  4.17it/s][A

 96%|█████████▌| 243/253 [00:49<00:02,  4.44it/s][A

 96%|█████████▋| 244/253 [00:49<00:01,  4.62it/s][A

 97%|█████████▋| 245/253 [00:49<00:01,  4.85it/s][A

 97%|█████████▋| 246/253 [00:49<00:01,  4.90it/s][A

 98%|█████████▊| 247/253 [00:49<00:01,  4.58it/s][A

 98%|█████████▊| 248/253 [00:50<00:01,  4.81it/s][A

 98%|█████████▊| 249/253 [00:50<00:00,  4.90it/s][A

 99%|█████████▉| 250/253 [00:50<00:00,  4.09it/s][A

 99%|█████████▉| 251/253 [00:50<00:00,  4.46it/s][A

100%|█████████▉| 252/253 [00:50<00:00,  4.53it/s][A

100%|██████████| 253/253 [00:51<00:00,  4.31it/s][A
                                                  

                                                 
[A{'eval_loss': '1.468', 'eval_runtime': '51.37', 'eval_samples_per_second': '9.85', 'eval_steps_per_second': '4.925', 'eval_entropy': '1.414', 'eval_num_tokens': '1.664e+06', 'eval_mean_token_accuracy': '0.6228', 'epoch': '1.455'}

 73%|███████▎  | 800/1100 [51:00<15:51,  3.17s/it]

100%|██████████| 253/253 [00:51<00:00,  4.31it/s][A

                                                 [A
 73%|███████▎  | 801/1100 [51:03<1:33:27, 18.76s/it]
 73%|███████▎  | 802/1100 [51:06<1:09:50, 14.06s/it]
 73%|███████▎  | 803/1100 [51:09<52:57, 10.70s/it]  
 73%|███████▎  | 804/1100 [51:12<41:41,  8.45s/it]
 73%|███████▎  | 805/1100 [51:16<34:57,  7.11s/it]
 73%|███████▎  | 806/1100 [51:20<29:05,  5.94s/it]
 73%|███████▎  | 807/1100 [51:23<25:12,  5.16s/it]
 73%|███████▎  | 808/1100 [51:25<21:03,  4.33s/it]
 74%|███████▎  | 809/1100 [51:29<19:23,  4.00s/it]
 74%|███████▎  | 810/1100 [51:32<18:00,  3.72s/it]
                                                  
{'loss': '1.405', 'grad_norm': '2.198', 'learning_rate': '3.969e-05', 'entropy': '1.421', 'num_tokens': '1.685e+06', 'mean_token_accuracy': '0.6332', 'epoch': '1.473'}

 74%|███████▎  | 810/1100 [51:32<18:00,  3.72s/it]
 74%|███████▎  | 811/1100 [51:36<18:17,  3.80s/it]
 74%|███████▍  | 812/1100 [51:38<16:28,  3.43s/it]
 74%|███████▍  | 813/1100 [51:42<16:12,  3.39s/it]
 74%|███████▍  | 814/1100 [51:44<15:25,  3.24s/it]
 74%|███████▍  | 815/1100 [51:48<16:33,  3.49s/it]
 74%|███████▍  | 816/1100 [51:52<16:25,  3.47s/it]
 74%|███████▍  | 817/1100 [51:56<17:17,  3.66s/it]
 74%|███████▍  | 818/1100 [52:00<17:04,  3.63s/it]
 74%|███████▍  | 819/1100 [52:02<15:27,  3.30s/it]
 75%|███████▍  | 820/1100 [52:06<15:34,  3.34s/it]
                                                  
{'loss': '1.365', 'grad_norm': '2.186', 'learning_rate': '3.719e-05', 'entropy': '1.331', 'num_tokens': '1.706e+06', 'mean_token_accuracy': '0.6412', 'epoch': '1.491'}

 75%|███████▍  | 820/1100 [52:06<15:34,  3.34s/it]
 75%|███████▍  | 821/1100 [52:09<16:03,  3.45s/it]
 75%|███████▍  | 822/1100 [52:12<15:08,  3.27s/it]
 75%|███████▍  | 823/1100 [52:16<15:34,  3.37s/it]
 75%|███████▍  | 824/1100 [52:18<14:29,  3.15s/it]
 75%|███████▌  | 825/1100 [52:22<14:55,  3.26s/it]
 75%|███████▌  | 826/1100 [52:24<13:59,  3.06s/it]
 75%|███████▌  | 827/1100 [52:28<15:06,  3.32s/it]
 75%|███████▌  | 828/1100 [52:32<15:02,  3.32s/it]
 75%|███████▌  | 829/1100 [52:35<15:08,  3.35s/it]
 75%|███████▌  | 830/1100 [52:38<14:56,  3.32s/it]
                                                  
{'loss': '1.476', 'grad_norm': '1.924', 'learning_rate': '3.475e-05', 'entropy': '1.437', 'num_tokens': '1.726e+06', 'mean_token_accuracy': '0.6266', 'epoch': '1.509'}

 75%|███████▌  | 830/1100 [52:38<14:56,  3.32s/it]
 76%|███████▌  | 831/1100 [52:42<14:50,  3.31s/it]
 76%|███████▌  | 832/1100 [52:45<14:39,  3.28s/it]
 76%|███████▌  | 833/1100 [52:48<14:27,  3.25s/it]
 76%|███████▌  | 834/1100 [52:52<15:22,  3.47s/it]
 76%|███████▌  | 835/1100 [52:54<14:00,  3.17s/it]
 76%|███████▌  | 836/1100 [52:58<14:18,  3.25s/it]
 76%|███████▌  | 837/1100 [53:01<13:49,  3.15s/it]
 76%|███████▌  | 838/1100 [53:05<14:34,  3.34s/it]
 76%|███████▋  | 839/1100 [53:08<14:28,  3.33s/it]
 76%|███████▋  | 840/1100 [53:12<15:25,  3.56s/it]
                                                  
{'loss': '1.338', 'grad_norm': '1.946', 'learning_rate': '3.238e-05', 'entropy': '1.376', 'num_tokens': '1.746e+06', 'mean_token_accuracy': '0.643', 'epoch': '1.528'}

 76%|███████▋  | 840/1100 [53:12<15:25,  3.56s/it]
 76%|███████▋  | 841/1100 [53:15<13:59,  3.24s/it]
 77%|███████▋  | 842/1100 [53:18<14:23,  3.35s/it]
 77%|███████▋  | 843/1100 [53:21<13:32,  3.16s/it]
 77%|███████▋  | 844/1100 [53:24<13:54,  3.26s/it]
 77%|███████▋  | 845/1100 [53:28<14:04,  3.31s/it]
 77%|███████▋  | 846/1100 [53:32<15:11,  3.59s/it]
 77%|███████▋  | 847/1100 [53:35<14:55,  3.54s/it]
 77%|███████▋  | 848/1100 [53:39<14:48,  3.52s/it]
 77%|███████▋  | 849/1100 [53:43<15:11,  3.63s/it]
 77%|███████▋  | 850/1100 [53:46<14:41,  3.52s/it]
                                                  
{'loss': '1.41', 'grad_norm': '1.878', 'learning_rate': '3.008e-05', 'entropy': '1.402', 'num_tokens': '1.768e+06', 'mean_token_accuracy': '0.6364', 'epoch': '1.546'}

 77%|███████▋  | 850/1100 [53:46<14:41,  3.52s/it]
 77%|███████▋  | 851/1100 [53:49<14:09,  3.41s/it]
 77%|███████▋  | 852/1100 [53:53<14:56,  3.61s/it]
 78%|███████▊  | 853/1100 [53:57<15:05,  3.67s/it]
 78%|███████▊  | 854/1100 [54:01<15:27,  3.77s/it]
 78%|███████▊  | 855/1100 [54:04<14:06,  3.46s/it]
 78%|███████▊  | 856/1100 [54:07<13:41,  3.37s/it]
 78%|███████▊  | 857/1100 [54:11<14:03,  3.47s/it]
 78%|███████▊  | 858/1100 [54:15<15:12,  3.77s/it]
 78%|███████▊  | 859/1100 [54:18<13:50,  3.45s/it]
 78%|███████▊  | 860/1100 [54:22<14:32,  3.64s/it]
                                                  
{'loss': '1.428', 'grad_norm': '2.76', 'learning_rate': '2.785e-05', 'entropy': '1.405', 'num_tokens': '1.788e+06', 'mean_token_accuracy': '0.6302', 'epoch': '1.564'}

 78%|███████▊  | 860/1100 [54:22<14:32,  3.64s/it]
 78%|███████▊  | 861/1100 [54:24<13:03,  3.28s/it]
 78%|███████▊  | 862/1100 [54:28<13:26,  3.39s/it]
 78%|███████▊  | 863/1100 [54:31<13:06,  3.32s/it]
 79%|███████▊  | 864/1100 [54:35<13:46,  3.50s/it]
 79%|███████▊  | 865/1100 [54:37<12:17,  3.14s/it]
 79%|███████▊  | 866/1100 [54:41<12:33,  3.22s/it]
 79%|███████▉  | 867/1100 [54:44<12:15,  3.16s/it]
 79%|███████▉  | 868/1100 [54:48<13:00,  3.37s/it]
 79%|███████▉  | 869/1100 [54:51<12:25,  3.23s/it]
 79%|███████▉  | 870/1100 [54:54<12:26,  3.24s/it]
                                                  
{'loss': '1.389', 'grad_norm': '2.306', 'learning_rate': '2.569e-05', 'entropy': '1.34', 'num_tokens': '1.809e+06', 'mean_token_accuracy': '0.6357', 'epoch': '1.582'}

 79%|███████▉  | 870/1100 [54:54<12:26,  3.24s/it]
 79%|███████▉  | 871/1100 [54:57<12:17,  3.22s/it]
 79%|███████▉  | 872/1100 [55:00<12:27,  3.28s/it]
 79%|███████▉  | 873/1100 [55:03<11:48,  3.12s/it]
 79%|███████▉  | 874/1100 [55:07<12:46,  3.39s/it]
 80%|███████▉  | 875/1100 [55:10<12:10,  3.25s/it]
 80%|███████▉  | 876/1100 [55:14<12:39,  3.39s/it]
 80%|███████▉  | 877/1100 [55:17<12:02,  3.24s/it]
 80%|███████▉  | 878/1100 [55:20<12:24,  3.35s/it]
 80%|███████▉  | 879/1100 [55:23<11:40,  3.17s/it]
 80%|████████  | 880/1100 [55:27<12:38,  3.45s/it]
                                                  
{'loss': '1.465', 'grad_norm': '1.919', 'learning_rate': '2.36e-05', 'entropy': '1.433', 'num_tokens': '1.83e+06', 'mean_token_accuracy': '0.6186', 'epoch': '1.6'}

 80%|████████  | 880/1100 [55:27<12:38,  3.45s/it]
 80%|████████  | 881/1100 [55:31<13:04,  3.58s/it]
 80%|████████  | 882/1100 [55:34<12:15,  3.37s/it]
 80%|████████  | 883/1100 [55:37<12:15,  3.39s/it]
 80%|████████  | 884/1100 [55:40<11:48,  3.28s/it]
 80%|████████  | 885/1100 [55:44<11:53,  3.32s/it]
 81%|████████  | 886/1100 [55:47<11:32,  3.23s/it]
 81%|████████  | 887/1100 [55:50<11:26,  3.22s/it]
 81%|████████  | 888/1100 [55:53<10:59,  3.11s/it]
 81%|████████  | 889/1100 [55:56<10:32,  3.00s/it]
 81%|████████  | 890/1100 [55:59<10:43,  3.06s/it]
                                                  
{'loss': '1.467', 'grad_norm': '2.064', 'learning_rate': '2.159e-05', 'entropy': '1.465', 'num_tokens': '1.851e+06', 'mean_token_accuracy': '0.6205', 'epoch': '1.618'}

 81%|████████  | 890/1100 [55:59<10:43,  3.06s/it]
 81%|████████  | 891/1100 [56:02<10:17,  2.96s/it]
 81%|████████  | 892/1100 [56:05<10:41,  3.09s/it]
 81%|████████  | 893/1100 [56:08<10:30,  3.05s/it]
 81%|████████▏ | 894/1100 [56:12<11:05,  3.23s/it]
 81%|████████▏ | 895/1100 [56:14<10:32,  3.09s/it]
 81%|████████▏ | 896/1100 [56:17<10:22,  3.05s/it]
 82%|████████▏ | 897/1100 [56:21<11:01,  3.26s/it]
 82%|████████▏ | 898/1100 [56:25<11:33,  3.43s/it]
 82%|████████▏ | 899/1100 [56:28<11:11,  3.34s/it]
 82%|████████▏ | 900/1100 [56:32<11:25,  3.43s/it]
                                                  
{'loss': '1.499', 'grad_norm': '2.554', 'learning_rate': '1.966e-05', 'entropy': '1.461', 'num_tokens': '1.872e+06', 'mean_token_accuracy': '0.6263', 'epoch': '1.637'}

 82%|████████▏ | 900/1100 [56:32<11:25,  3.43s/it]

  0%|          | 0/253 [00:00<?, ?it/s][A

  1%|          | 2/253 [00:00<00:44,  5.58it/s][A

  1%|          | 3/253 [00:00<00:43,  5.75it/s][A

  2%|▏         | 4/253 [00:00<00:42,  5.82it/s][A

  2%|▏         | 5/253 [00:00<00:53,  4.61it/s][A

  2%|▏         | 6/253 [00:01<00:53,  4.61it/s][A

  3%|▎         | 7/253 [00:01<00:50,  4.86it/s][A

  3%|▎         | 8/253 [00:01<00:47,  5.20it/s][A

  4%|▎         | 9/253 [00:01<00:52,  4.65it/s][A

  4%|▍         | 10/253 [00:01<00:48,  5.02it/s][A

  4%|▍         | 11/253 [00:02<00:50,  4.81it/s][A

  5%|▍         | 12/253 [00:02<00:59,  4.04it/s][A

  5%|▌         | 13/253 [00:02<00:56,  4.27it/s][A

  6%|▌         | 14/253 [00:02<00:53,  4.46it/s][A

  6%|▌         | 15/253 [00:03<00:50,  4.71it/s][A

  6%|▋         | 16/253 [00:03<00:49,  4.84it/s][A

  7%|▋         | 17/253 [00:03<00:46,  5.06it/s][A

  7%|▋         | 18/253 [00:03<00:46,  5.04it/s][A

  8%|▊         | 19/253 [00:03<00:44,  5.24it/s][A

  8%|▊         | 20/253 [00:04<00:43,  5.33it/s][A

  8%|▊         | 21/253 [00:04<00:42,  5.48it/s][A

  9%|▊         | 22/253 [00:04<00:38,  5.93it/s][A

  9%|▉         | 23/253 [00:04<00:37,  6.11it/s][A

  9%|▉         | 24/253 [00:04<00:38,  5.96it/s][A

 10%|▉         | 25/253 [00:04<00:36,  6.32it/s][A

 10%|█         | 26/253 [00:04<00:35,  6.45it/s][A

 11%|█         | 27/253 [00:05<00:34,  6.61it/s][A

 11%|█         | 28/253 [00:05<00:34,  6.59it/s][A

 11%|█▏        | 29/253 [00:05<00:33,  6.68it/s][A

 12%|█▏        | 30/253 [00:05<00:32,  6.77it/s][A

 12%|█▏        | 31/253 [00:05<00:34,  6.44it/s][A

 13%|█▎        | 32/253 [00:05<00:37,  5.96it/s][A

 13%|█▎        | 33/253 [00:06<00:35,  6.16it/s][A

 13%|█▎        | 34/253 [00:06<00:35,  6.14it/s][A

 14%|█▍        | 35/253 [00:06<00:36,  5.92it/s][A

 14%|█▍        | 36/253 [00:06<00:35,  6.05it/s][A

 15%|█▍        | 37/253 [00:06<00:34,  6.22it/s][A

 15%|█▌        | 38/253 [00:06<00:35,  6.01it/s][A

 15%|█▌        | 39/253 [00:07<00:40,  5.28it/s][A

 16%|█▌        | 40/253 [00:07<00:38,  5.48it/s][A

 16%|█▌        | 41/253 [00:07<00:37,  5.68it/s][A

 17%|█▋        | 42/253 [00:07<00:37,  5.65it/s][A

 17%|█▋        | 43/253 [00:07<00:42,  4.96it/s][A

 17%|█▋        | 44/253 [00:08<00:41,  5.05it/s][A

 18%|█▊        | 45/253 [00:08<00:49,  4.17it/s][A

 18%|█▊        | 46/253 [00:08<00:55,  3.76it/s][A

 19%|█▊        | 47/253 [00:08<00:49,  4.19it/s][A

 19%|█▉        | 48/253 [00:09<00:45,  4.49it/s][A

 19%|█▉        | 49/253 [00:09<00:55,  3.66it/s][A

 20%|█▉        | 50/253 [00:09<00:52,  3.89it/s][A

 20%|██        | 51/253 [00:09<00:48,  4.18it/s][A

 21%|██        | 52/253 [00:10<00:48,  4.14it/s][A

 21%|██        | 53/253 [00:10<00:47,  4.20it/s][A

 21%|██▏       | 54/253 [00:10<00:43,  4.56it/s][A

 22%|██▏       | 55/253 [00:10<00:40,  4.86it/s][A

 22%|██▏       | 56/253 [00:10<00:37,  5.22it/s][A

 23%|██▎       | 57/253 [00:11<00:37,  5.16it/s][A

 23%|██▎       | 58/253 [00:11<00:36,  5.34it/s][A

 23%|██▎       | 59/253 [00:11<00:35,  5.48it/s][A

 24%|██▎       | 60/253 [00:11<00:34,  5.64it/s][A

 24%|██▍       | 61/253 [00:11<00:32,  5.86it/s][A

 25%|██▍       | 62/253 [00:11<00:33,  5.64it/s][A

 25%|██▍       | 63/253 [00:12<00:33,  5.60it/s][A

 25%|██▌       | 64/253 [00:12<00:31,  5.94it/s][A

 26%|██▌       | 65/253 [00:12<00:32,  5.79it/s][A

 26%|██▌       | 66/253 [00:12<00:31,  5.87it/s][A

 26%|██▋       | 67/253 [00:12<00:30,  6.17it/s][A

 27%|██▋       | 68/253 [00:12<00:29,  6.35it/s][A

 27%|██▋       | 69/253 [00:13<00:29,  6.23it/s][A

 28%|██▊       | 70/253 [00:13<00:29,  6.28it/s][A

 28%|██▊       | 71/253 [00:13<00:29,  6.21it/s][A

 28%|██▊       | 72/253 [00:13<00:28,  6.32it/s][A

 29%|██▉       | 73/253 [00:13<00:31,  5.74it/s][A

 29%|██▉       | 74/253 [00:14<00:32,  5.57it/s][A

 30%|██▉       | 75/253 [00:14<00:31,  5.64it/s][A

 30%|███       | 76/253 [00:14<00:32,  5.50it/s][A

 30%|███       | 77/253 [00:14<00:31,  5.61it/s][A

 31%|███       | 78/253 [00:14<00:36,  4.85it/s][A

 31%|███       | 79/253 [00:14<00:33,  5.16it/s][A

 32%|███▏      | 80/253 [00:15<00:33,  5.13it/s][A

 32%|███▏      | 81/253 [00:15<00:34,  4.94it/s][A

 32%|███▏      | 82/253 [00:15<00:39,  4.33it/s][A

 33%|███▎      | 83/253 [00:15<00:36,  4.61it/s][A

 33%|███▎      | 84/253 [00:16<00:35,  4.82it/s][A

 34%|███▎      | 85/253 [00:16<00:33,  4.98it/s][A

 34%|███▍      | 86/253 [00:16<00:31,  5.30it/s][A

 34%|███▍      | 87/253 [00:16<00:40,  4.07it/s][A

 35%|███▍      | 88/253 [00:16<00:38,  4.25it/s][A

 35%|███▌      | 89/253 [00:17<00:36,  4.44it/s][A

 36%|███▌      | 90/253 [00:17<00:36,  4.52it/s][A

 36%|███▌      | 91/253 [00:17<00:32,  4.93it/s][A

 36%|███▋      | 92/253 [00:17<00:32,  5.01it/s][A

 37%|███▋      | 93/253 [00:17<00:31,  5.09it/s][A

 37%|███▋      | 94/253 [00:18<00:29,  5.38it/s][A

 38%|███▊      | 95/253 [00:18<00:27,  5.70it/s][A

 38%|███▊      | 96/253 [00:18<00:26,  5.90it/s][A

 38%|███▊      | 97/253 [00:18<00:28,  5.48it/s][A

 39%|███▊      | 98/253 [00:18<00:27,  5.56it/s][A

 39%|███▉      | 99/253 [00:18<00:27,  5.68it/s][A

 40%|███▉      | 100/253 [00:19<00:28,  5.29it/s][A

 40%|███▉      | 101/253 [00:19<00:27,  5.45it/s][A

 40%|████      | 102/253 [00:19<00:29,  5.13it/s][A

 41%|████      | 103/253 [00:19<00:28,  5.34it/s][A

 41%|████      | 104/253 [00:19<00:30,  4.94it/s][A

 42%|████▏     | 105/253 [00:20<00:29,  5.02it/s][A

 42%|████▏     | 106/253 [00:20<00:32,  4.56it/s][A

 42%|████▏     | 107/253 [00:20<00:31,  4.66it/s][A

 43%|████▎     | 108/253 [00:20<00:31,  4.66it/s][A

 43%|████▎     | 109/253 [00:21<00:33,  4.30it/s][A

 43%|████▎     | 110/253 [00:21<00:32,  4.38it/s][A

 44%|████▍     | 111/253 [00:21<00:31,  4.48it/s][A

 44%|████▍     | 112/253 [00:21<00:38,  3.70it/s][A

 45%|████▍     | 113/253 [00:22<00:38,  3.64it/s][A

 45%|████▌     | 114/253 [00:22<00:36,  3.84it/s][A

 45%|████▌     | 115/253 [00:22<00:33,  4.17it/s][A

 46%|████▌     | 116/253 [00:22<00:30,  4.44it/s][A

 46%|████▌     | 117/253 [00:23<00:29,  4.64it/s][A

 47%|████▋     | 118/253 [00:23<00:28,  4.75it/s][A

 47%|████▋     | 119/253 [00:23<00:26,  5.03it/s][A

 47%|████▋     | 120/253 [00:23<00:26,  5.02it/s][A

 48%|████▊     | 121/253 [00:23<00:25,  5.10it/s][A

 48%|████▊     | 122/253 [00:23<00:23,  5.57it/s][A

 49%|████▊     | 123/253 [00:24<00:23,  5.49it/s][A

 49%|████▉     | 124/253 [00:24<00:23,  5.55it/s][A

 49%|████▉     | 125/253 [00:24<00:23,  5.48it/s][A

 50%|████▉     | 126/253 [00:24<00:22,  5.65it/s][A

 50%|█████     | 127/253 [00:24<00:21,  5.76it/s][A

 51%|█████     | 128/253 [00:24<00:20,  6.09it/s][A

 51%|█████     | 129/253 [00:25<00:20,  6.01it/s][A

 51%|█████▏    | 130/253 [00:25<00:20,  5.96it/s][A

 52%|█████▏    | 131/253 [00:25<00:21,  5.67it/s][A

 52%|█████▏    | 132/253 [00:25<00:23,  5.20it/s][A

 53%|█████▎    | 133/253 [00:25<00:22,  5.39it/s][A

 53%|█████▎    | 134/253 [00:26<00:21,  5.47it/s][A

 53%|█████▎    | 135/253 [00:26<00:22,  5.29it/s][A

 54%|█████▍    | 136/253 [00:26<00:20,  5.60it/s][A

 54%|█████▍    | 137/253 [00:26<00:19,  5.84it/s][A

 55%|█████▍    | 138/253 [00:26<00:21,  5.30it/s][A

 55%|█████▍    | 139/253 [00:27<00:21,  5.31it/s][A

 55%|█████▌    | 140/253 [00:27<00:20,  5.50it/s][A

 56%|█████▌    | 141/253 [00:27<00:20,  5.49it/s][A

 56%|█████▌    | 142/253 [00:27<00:20,  5.40it/s][A

 57%|█████▋    | 143/253 [00:27<00:21,  5.20it/s][A

 57%|█████▋    | 144/253 [00:27<00:22,  4.93it/s][A

 57%|█████▋    | 145/253 [00:28<00:27,  3.96it/s][A

 58%|█████▊    | 146/253 [00:28<00:26,  4.05it/s][A

 58%|█████▊    | 147/253 [00:28<00:24,  4.38it/s][A

 58%|█████▊    | 148/253 [00:28<00:23,  4.44it/s][A

 59%|█████▉    | 149/253 [00:29<00:22,  4.52it/s][A

 59%|█████▉    | 150/253 [00:29<00:22,  4.59it/s][A

 60%|█████▉    | 151/253 [00:29<00:21,  4.76it/s][A

 60%|██████    | 152/253 [00:29<00:23,  4.30it/s][A

 60%|██████    | 153/253 [00:30<00:20,  4.76it/s][A

 61%|██████    | 154/253 [00:30<00:19,  4.95it/s][A

 61%|██████▏   | 155/253 [00:30<00:18,  5.25it/s][A

 62%|██████▏   | 156/253 [00:30<00:18,  5.24it/s][A

 62%|██████▏   | 157/253 [00:30<00:18,  5.12it/s][A

 62%|██████▏   | 158/253 [00:30<00:17,  5.32it/s][A

 63%|██████▎   | 159/253 [00:31<00:17,  5.39it/s][A

 63%|██████▎   | 160/253 [00:31<00:16,  5.53it/s][A

 64%|██████▎   | 161/253 [00:31<00:16,  5.59it/s][A

 64%|██████▍   | 162/253 [00:31<00:16,  5.43it/s][A

 64%|██████▍   | 163/253 [00:31<00:15,  5.79it/s][A

 65%|██████▍   | 164/253 [00:31<00:14,  6.06it/s][A

 65%|██████▌   | 165/253 [00:32<00:14,  5.97it/s][A

 66%|██████▌   | 166/253 [00:32<00:14,  6.09it/s][A

 66%|██████▌   | 167/253 [00:32<00:13,  6.17it/s][A

 66%|██████▋   | 168/253 [00:32<00:14,  5.98it/s][A

 67%|██████▋   | 169/253 [00:32<00:13,  6.04it/s][A

 67%|██████▋   | 170/253 [00:33<00:14,  5.54it/s][A

 68%|██████▊   | 171/253 [00:33<00:14,  5.51it/s][A

 68%|██████▊   | 172/253 [00:33<00:14,  5.64it/s][A

 68%|██████▊   | 173/253 [00:33<00:14,  5.37it/s][A

 69%|██████▉   | 174/253 [00:33<00:15,  5.11it/s][A

 69%|██████▉   | 175/253 [00:33<00:15,  5.01it/s][A

 70%|██████▉   | 176/253 [00:34<00:14,  5.15it/s][A

 70%|██████▉   | 177/253 [00:34<00:14,  5.23it/s][A

 70%|███████   | 178/253 [00:34<00:13,  5.43it/s][A

 71%|███████   | 179/253 [00:34<00:13,  5.32it/s][A

 71%|███████   | 180/253 [00:34<00:13,  5.31it/s][A

 72%|███████▏  | 181/253 [00:35<00:13,  5.24it/s][A

 72%|███████▏  | 182/253 [00:35<00:14,  4.82it/s][A

 72%|███████▏  | 183/253 [00:35<00:16,  4.24it/s][A

 73%|███████▎  | 184/253 [00:35<00:14,  4.68it/s][A

 73%|███████▎  | 185/253 [00:36<00:13,  4.86it/s][A

 74%|███████▎  | 186/253 [00:36<00:14,  4.74it/s][A

 74%|███████▍  | 187/253 [00:36<00:13,  5.00it/s][A

 74%|███████▍  | 188/253 [00:36<00:13,  4.90it/s][A

 75%|███████▍  | 189/253 [00:36<00:12,  5.20it/s][A

 75%|███████▌  | 190/253 [00:36<00:12,  5.20it/s][A

 75%|███████▌  | 191/253 [00:37<00:11,  5.43it/s][A

 76%|███████▌  | 192/253 [00:37<00:11,  5.29it/s][A

 76%|███████▋  | 193/253 [00:37<00:10,  5.77it/s][A

 77%|███████▋  | 194/253 [00:37<00:09,  5.99it/s][A

 77%|███████▋  | 195/253 [00:37<00:09,  6.27it/s][A

 77%|███████▋  | 196/253 [00:37<00:09,  6.18it/s][A

 78%|███████▊  | 197/253 [00:38<00:08,  6.32it/s][A

 78%|███████▊  | 198/253 [00:38<00:09,  5.83it/s][A

 79%|███████▊  | 199/253 [00:38<00:09,  5.86it/s][A

 79%|███████▉  | 200/253 [00:38<00:08,  6.03it/s][A

 79%|███████▉  | 201/253 [00:38<00:08,  6.05it/s][A

 80%|███████▉  | 202/253 [00:38<00:08,  6.01it/s][A

 80%|████████  | 203/253 [00:39<00:08,  5.75it/s][A

 81%|████████  | 204/253 [00:39<00:08,  5.85it/s][A

 81%|████████  | 205/253 [00:39<00:08,  5.84it/s][A

 81%|████████▏ | 206/253 [00:39<00:07,  6.05it/s][A

 82%|████████▏ | 207/253 [00:39<00:07,  5.84it/s][A

 82%|████████▏ | 208/253 [00:39<00:07,  5.92it/s][A

 83%|████████▎ | 209/253 [00:40<00:07,  6.07it/s][A

 83%|████████▎ | 210/253 [00:40<00:07,  5.63it/s][A

 83%|████████▎ | 211/253 [00:40<00:08,  5.20it/s][A

 84%|████████▍ | 212/253 [00:40<00:07,  5.16it/s][A

 84%|████████▍ | 213/253 [00:40<00:07,  5.35it/s][A

 85%|████████▍ | 214/253 [00:41<00:07,  5.42it/s][A

 85%|████████▍ | 215/253 [00:41<00:07,  4.82it/s][A

 85%|████████▌ | 216/253 [00:41<00:08,  4.62it/s][A

 86%|████████▌ | 217/253 [00:41<00:07,  4.75it/s][A

 86%|████████▌ | 218/253 [00:42<00:08,  4.00it/s][A

 87%|████████▋ | 219/253 [00:42<00:07,  4.36it/s][A

 87%|████████▋ | 220/253 [00:42<00:07,  4.15it/s][A

 87%|████████▋ | 221/253 [00:42<00:07,  4.54it/s][A

 88%|████████▊ | 222/253 [00:43<00:07,  4.15it/s][A

 88%|████████▊ | 223/253 [00:43<00:06,  4.29it/s][A

 89%|████████▊ | 224/253 [00:43<00:06,  4.69it/s][A

 89%|████████▉ | 225/253 [00:43<00:05,  5.10it/s][A

 89%|████████▉ | 226/253 [00:43<00:05,  5.12it/s][A

 90%|████████▉ | 227/253 [00:43<00:04,  5.39it/s][A

 90%|█████████ | 228/253 [00:44<00:04,  5.69it/s][A

 91%|█████████ | 229/253 [00:44<00:04,  5.92it/s][A

 91%|█████████ | 230/253 [00:44<00:04,  5.74it/s][A

 91%|█████████▏| 231/253 [00:44<00:03,  5.82it/s][A

 92%|█████████▏| 232/253 [00:44<00:03,  5.89it/s][A

 92%|█████████▏| 233/253 [00:44<00:03,  6.24it/s][A

 92%|█████████▏| 234/253 [00:45<00:03,  6.19it/s][A

 93%|█████████▎| 235/253 [00:45<00:02,  6.47it/s][A

 93%|█████████▎| 236/253 [00:45<00:02,  6.49it/s][A

 94%|█████████▎| 237/253 [00:45<00:02,  6.60it/s][A

 94%|█████████▍| 238/253 [00:45<00:02,  6.58it/s][A

 94%|█████████▍| 239/253 [00:45<00:02,  6.70it/s][A

 95%|█████████▍| 240/253 [00:45<00:01,  6.78it/s][A

 95%|█████████▌| 241/253 [00:46<00:01,  6.71it/s][A

 96%|█████████▌| 242/253 [00:46<00:01,  6.72it/s][A

 96%|█████████▌| 243/253 [00:46<00:01,  6.49it/s][A

 96%|█████████▋| 244/253 [00:46<00:01,  6.24it/s][A

 97%|█████████▋| 245/253 [00:46<00:01,  6.32it/s][A

 97%|█████████▋| 246/253 [00:46<00:01,  5.94it/s][A

 98%|█████████▊| 247/253 [00:47<00:01,  5.69it/s][A

 98%|█████████▊| 248/253 [00:47<00:00,  5.70it/s][A

 98%|█████████▊| 249/253 [00:47<00:00,  5.83it/s][A

 99%|█████████▉| 250/253 [00:47<00:00,  5.02it/s][A

 99%|█████████▉| 251/253 [00:47<00:00,  5.26it/s][A

100%|█████████▉| 252/253 [00:48<00:00,  5.38it/s][A

100%|██████████| 253/253 [00:48<00:00,  4.91it/s][A
                                                  

                                                 
[A{'eval_loss': '1.462', 'eval_runtime': '48.55', 'eval_samples_per_second': '10.42', 'eval_steps_per_second': '5.211', 'eval_entropy': '1.424', 'eval_num_tokens': '1.872e+06', 'eval_mean_token_accuracy': '0.6236', 'epoch': '1.637'}

 82%|████████▏ | 900/1100 [57:20<11:25,  3.43s/it]

100%|██████████| 253/253 [00:48<00:00,  4.91it/s][A

                                                 [A
 82%|████████▏ | 901/1100 [57:23<59:28, 17.93s/it]
 82%|████████▏ | 902/1100 [57:27<45:00, 13.64s/it]
 82%|████████▏ | 903/1100 [57:31<35:31, 10.82s/it]
 82%|████████▏ | 904/1100 [57:34<27:44,  8.49s/it]
 82%|████████▏ | 905/1100 [57:38<22:47,  7.01s/it]
 82%|████████▏ | 906/1100 [57:41<19:18,  5.97s/it]
 82%|████████▏ | 907/1100 [57:44<15:57,  4.96s/it]
 83%|████████▎ | 908/1100 [57:48<14:38,  4.58s/it]
 83%|████████▎ | 909/1100 [57:51<12:55,  4.06s/it]
 83%|████████▎ | 910/1100 [57:55<12:43,  4.02s/it]
                                                  
{'loss': '1.396', 'grad_norm': '2.121', 'learning_rate': '1.781e-05', 'entropy': '1.398', 'num_tokens': '1.892e+06', 'mean_token_accuracy': '0.6303', 'epoch': '1.655'}

 83%|████████▎ | 910/1100 [57:55<12:43,  4.02s/it]
 83%|████████▎ | 911/1100 [57:58<12:12,  3.88s/it]
 83%|████████▎ | 912/1100 [58:02<12:38,  4.03s/it]
 83%|████████▎ | 913/1100 [58:07<12:57,  4.16s/it]
 83%|████████▎ | 914/1100 [58:10<12:01,  3.88s/it]
 83%|████████▎ | 915/1100 [58:15<12:30,  4.06s/it]
 83%|████████▎ | 916/1100 [58:19<12:44,  4.16s/it]
 83%|████████▎ | 917/1100 [58:24<13:29,  4.42s/it]
 83%|████████▎ | 918/1100 [58:28<13:16,  4.38s/it]
 84%|████████▎ | 919/1100 [58:32<12:29,  4.14s/it]
 84%|████████▎ | 920/1100 [58:36<12:07,  4.04s/it]
                                                  
{'loss': '1.488', 'grad_norm': '2.177', 'learning_rate': '1.605e-05', 'entropy': '1.49', 'num_tokens': '1.912e+06', 'mean_token_accuracy': '0.625', 'epoch': '1.673'}

 84%|████████▎ | 920/1100 [58:36<12:07,  4.04s/it]
 84%|████████▎ | 921/1100 [58:39<11:33,  3.87s/it]
 84%|████████▍ | 922/1100 [58:44<12:12,  4.12s/it]
 84%|████████▍ | 923/1100 [58:47<10:50,  3.67s/it]
 84%|████████▍ | 924/1100 [58:51<11:02,  3.77s/it]
 84%|████████▍ | 925/1100 [58:55<11:42,  4.02s/it]
 84%|████████▍ | 926/1100 [59:00<11:59,  4.13s/it]
 84%|████████▍ | 927/1100 [59:03<11:25,  3.96s/it]
 84%|████████▍ | 928/1100 [59:07<11:23,  3.97s/it]
 84%|████████▍ | 929/1100 [59:11<11:13,  3.94s/it]
 85%|████████▍ | 930/1100 [59:14<10:25,  3.68s/it]
                                                  
{'loss': '1.392', 'grad_norm': '2.071', 'learning_rate': '1.437e-05', 'entropy': '1.404', 'num_tokens': '1.933e+06', 'mean_token_accuracy': '0.6349', 'epoch': '1.691'}

 85%|████████▍ | 930/1100 [59:14<10:25,  3.68s/it]
 85%|████████▍ | 931/1100 [59:18<10:48,  3.84s/it]
 85%|████████▍ | 932/1100 [59:22<10:22,  3.70s/it]
 85%|████████▍ | 933/1100 [59:27<11:30,  4.13s/it]
 85%|████████▍ | 934/1100 [59:30<10:47,  3.90s/it]
 85%|████████▌ | 935/1100 [59:34<10:38,  3.87s/it]
 85%|████████▌ | 936/1100 [59:38<10:29,  3.84s/it]
 85%|████████▌ | 937/1100 [59:43<11:20,  4.17s/it]
 85%|████████▌ | 938/1100 [59:46<10:47,  4.00s/it]
 85%|████████▌ | 939/1100 [59:50<10:44,  4.00s/it]
 85%|████████▌ | 940/1100 [59:54<10:26,  3.91s/it]
                                                  
{'loss': '1.363', 'grad_norm': '2.32', 'learning_rate': '1.277e-05', 'entropy': '1.345', 'num_tokens': '1.954e+06', 'mean_token_accuracy': '0.6482', 'epoch': '1.709'}

 85%|████████▌ | 940/1100 [59:54<10:26,  3.91s/it]
 86%|████████▌ | 941/1100 [59:58<10:30,  3.96s/it]
 86%|████████▌ | 942/1100 [1:00:01<09:51,  3.74s/it]
 86%|████████▌ | 943/1100 [1:00:05<09:59,  3.82s/it]
 86%|████████▌ | 944/1100 [1:00:10<10:27,  4.02s/it]
 86%|████████▌ | 945/1100 [1:00:13<09:59,  3.87s/it]
 86%|████████▌ | 946/1100 [1:00:17<09:46,  3.81s/it]
 86%|████████▌ | 947/1100 [1:00:21<09:43,  3.81s/it]
 86%|████████▌ | 948/1100 [1:00:24<09:26,  3.73s/it]
 86%|████████▋ | 949/1100 [1:00:26<08:13,  3.27s/it]
 86%|████████▋ | 950/1100 [1:00:30<08:16,  3.31s/it]
                                                    
{'loss': '1.435', 'grad_norm': '1.93', 'learning_rate': '1.126e-05', 'entropy': '1.424', 'num_tokens': '1.975e+06', 'mean_token_accuracy': '0.6326', 'epoch': '1.728'}

 86%|████████▋ | 950/1100 [1:00:30<08:16,  3.31s/it]
 86%|████████▋ | 951/1100 [1:00:34<08:38,  3.48s/it]
 87%|████████▋ | 952/1100 [1:00:37<08:44,  3.54s/it]
 87%|████████▋ | 953/1100 [1:00:41<08:57,  3.66s/it]
 87%|████████▋ | 954/1100 [1:00:44<08:17,  3.40s/it]
 87%|████████▋ | 955/1100 [1:00:48<08:26,  3.50s/it]
 87%|████████▋ | 956/1100 [1:00:50<07:25,  3.10s/it]
 87%|████████▋ | 957/1100 [1:00:54<08:03,  3.38s/it]
 87%|████████▋ | 958/1100 [1:00:58<08:01,  3.39s/it]
 87%|████████▋ | 959/1100 [1:01:01<08:20,  3.55s/it]
 87%|████████▋ | 960/1100 [1:01:04<07:28,  3.21s/it]
                                                    
{'loss': '1.539', 'grad_norm': '2.16', 'learning_rate': '9.844e-06', 'entropy': '1.472', 'num_tokens': '1.996e+06', 'mean_token_accuracy': '0.6028', 'epoch': '1.746'}

 87%|████████▋ | 960/1100 [1:01:04<07:28,  3.21s/it]
 87%|████████▋ | 961/1100 [1:01:07<07:26,  3.21s/it]
 87%|████████▋ | 962/1100 [1:01:10<07:26,  3.23s/it]
 88%|████████▊ | 963/1100 [1:01:15<08:19,  3.64s/it]
 88%|████████▊ | 964/1100 [1:01:19<08:29,  3.75s/it]
 88%|████████▊ | 965/1100 [1:01:23<08:41,  3.86s/it]
 88%|████████▊ | 966/1100 [1:01:27<08:52,  3.97s/it]
 88%|████████▊ | 967/1100 [1:01:32<09:34,  4.32s/it]
 88%|████████▊ | 968/1100 [1:01:36<09:14,  4.20s/it]
 88%|████████▊ | 969/1100 [1:01:40<08:48,  4.04s/it]
 88%|████████▊ | 970/1100 [1:01:44<08:44,  4.04s/it]
                                                    
{'loss': '1.374', 'grad_norm': '2.275', 'learning_rate': '8.517e-06', 'entropy': '1.395', 'num_tokens': '2.017e+06', 'mean_token_accuracy': '0.6488', 'epoch': '1.764'}

 88%|████████▊ | 970/1100 [1:01:44<08:44,  4.04s/it]
 88%|████████▊ | 971/1100 [1:01:48<08:36,  4.01s/it]
 88%|████████▊ | 972/1100 [1:01:52<08:46,  4.11s/it]
 88%|████████▊ | 973/1100 [1:01:57<09:06,  4.30s/it]
 89%|████████▊ | 974/1100 [1:02:00<07:59,  3.80s/it]
 89%|████████▊ | 975/1100 [1:02:03<07:35,  3.65s/it]
 89%|████████▊ | 976/1100 [1:02:07<07:37,  3.69s/it]
 89%|████████▉ | 977/1100 [1:02:10<07:25,  3.62s/it]
 89%|████████▉ | 978/1100 [1:02:15<07:46,  3.82s/it]
 89%|████████▉ | 979/1100 [1:02:18<07:33,  3.75s/it]
 89%|████████▉ | 980/1100 [1:02:22<07:18,  3.65s/it]
                                                    
{'loss': '1.453', 'grad_norm': '2.604', 'learning_rate': '7.282e-06', 'entropy': '1.484', 'num_tokens': '2.038e+06', 'mean_token_accuracy': '0.6349', 'epoch': '1.782'}

 89%|████████▉ | 980/1100 [1:02:22<07:18,  3.65s/it]
 89%|████████▉ | 981/1100 [1:02:24<06:41,  3.37s/it]
 89%|████████▉ | 982/1100 [1:02:28<06:48,  3.46s/it]
 89%|████████▉ | 983/1100 [1:02:31<06:43,  3.45s/it]
 89%|████████▉ | 984/1100 [1:02:34<06:26,  3.33s/it]
 90%|████████▉ | 985/1100 [1:02:38<06:22,  3.33s/it]
 90%|████████▉ | 986/1100 [1:02:43<07:09,  3.77s/it]
 90%|████████▉ | 987/1100 [1:02:47<07:22,  3.91s/it]
 90%|████████▉ | 988/1100 [1:02:50<06:48,  3.65s/it]
 90%|████████▉ | 989/1100 [1:02:54<07:12,  3.90s/it]
 90%|█████████ | 990/1100 [1:02:57<06:21,  3.47s/it]
                                                    
{'loss': '1.482', 'grad_norm': '2.206', 'learning_rate': '6.14e-06', 'entropy': '1.475', 'num_tokens': '2.059e+06', 'mean_token_accuracy': '0.6236', 'epoch': '1.8'}

 90%|█████████ | 990/1100 [1:02:57<06:21,  3.47s/it]
 90%|█████████ | 991/1100 [1:03:00<06:02,  3.33s/it]
 90%|█████████ | 992/1100 [1:03:04<06:26,  3.58s/it]
 90%|█████████ | 993/1100 [1:03:08<06:30,  3.65s/it]
 90%|█████████ | 994/1100 [1:03:12<06:44,  3.82s/it]
 90%|█████████ | 995/1100 [1:03:16<06:32,  3.74s/it]
 91%|█████████ | 996/1100 [1:03:19<06:06,  3.52s/it]
 91%|█████████ | 997/1100 [1:03:23<06:18,  3.67s/it]
 91%|█████████ | 998/1100 [1:03:26<06:04,  3.57s/it]
 91%|█████████ | 999/1100 [1:03:30<06:13,  3.69s/it]
 91%|█████████ | 1000/1100 [1:03:34<06:16,  3.77s/it]
                                                     
{'loss': '1.465', 'grad_norm': '1.911', 'learning_rate': '5.092e-06', 'entropy': '1.449', 'num_tokens': '2.079e+06', 'mean_token_accuracy': '0.6174', 'epoch': '1.819'}

 91%|█████████ | 1000/1100 [1:03:34<06:16,  3.77s/it]

  0%|          | 0/253 [00:00<?, ?it/s][A

  1%|          | 2/253 [00:00<00:24, 10.14it/s][A

  2%|▏         | 4/253 [00:00<00:34,  7.15it/s][A

  2%|▏         | 5/253 [00:00<00:41,  5.98it/s][A

  2%|▏         | 6/253 [00:00<00:40,  6.11it/s][A

  3%|▎         | 7/253 [00:01<00:40,  6.13it/s][A

  3%|▎         | 8/253 [00:01<00:39,  6.24it/s][A

  4%|▎         | 9/253 [00:01<00:38,  6.36it/s][A

  4%|▍         | 10/253 [00:01<00:38,  6.28it/s][A

  4%|▍         | 11/253 [00:01<00:37,  6.40it/s][A

  5%|▍         | 12/253 [00:01<00:39,  6.16it/s][A

  5%|▌         | 13/253 [00:02<00:39,  6.10it/s][A

  6%|▌         | 14/253 [00:02<00:45,  5.28it/s][A

  6%|▌         | 15/253 [00:02<00:47,  5.03it/s][A

  6%|▋         | 16/253 [00:02<00:48,  4.87it/s][A

  7%|▋         | 17/253 [00:02<00:44,  5.25it/s][A

  7%|▋         | 18/253 [00:03<00:49,  4.71it/s][A

  8%|▊         | 19/253 [00:03<00:55,  4.25it/s][A

  8%|▊         | 20/253 [00:03<01:03,  3.69it/s][A

  8%|▊         | 21/253 [00:03<00:57,  4.04it/s][A

  9%|▊         | 22/253 [00:04<01:11,  3.24it/s][A

  9%|▉         | 23/253 [00:04<01:23,  2.77it/s][A

  9%|▉         | 24/253 [00:05<01:12,  3.16it/s][A

 10%|▉         | 25/253 [00:05<01:14,  3.08it/s][A

 10%|█         | 26/253 [00:05<01:12,  3.14it/s][A

 11%|█         | 27/253 [00:06<01:10,  3.19it/s][A

 11%|█         | 28/253 [00:06<01:04,  3.51it/s][A

 11%|█▏        | 29/253 [00:06<00:57,  3.88it/s][A

 12%|█▏        | 30/253 [00:06<00:51,  4.32it/s][A

 12%|█▏        | 31/253 [00:06<00:48,  4.61it/s][A

 13%|█▎        | 32/253 [00:07<00:46,  4.70it/s][A

 13%|█▎        | 33/253 [00:07<00:42,  5.14it/s][A

 13%|█▎        | 34/253 [00:07<00:40,  5.40it/s][A

 14%|█▍        | 35/253 [00:07<00:41,  5.21it/s][A

 14%|█▍        | 36/253 [00:07<00:41,  5.23it/s][A

 15%|█▍        | 37/253 [00:07<00:39,  5.50it/s][A

 15%|█▌        | 38/253 [00:08<00:37,  5.77it/s][A

 15%|█▌        | 39/253 [00:08<00:36,  5.87it/s][A

 16%|█▌        | 40/253 [00:08<00:36,  5.90it/s][A

 16%|█▌        | 41/253 [00:08<00:35,  5.97it/s][A

 17%|█▋        | 42/253 [00:08<00:35,  5.96it/s][A

 17%|█▋        | 43/253 [00:08<00:35,  5.84it/s][A

 17%|█▋        | 44/253 [00:09<00:36,  5.79it/s][A

 18%|█▊        | 45/253 [00:09<00:36,  5.76it/s][A

 18%|█▊        | 46/253 [00:09<00:38,  5.36it/s][A

 19%|█▊        | 47/253 [00:09<00:38,  5.34it/s][A

 19%|█▉        | 48/253 [00:09<00:41,  4.96it/s][A

 19%|█▉        | 49/253 [00:10<00:39,  5.16it/s][A

 20%|█▉        | 50/253 [00:10<00:41,  4.92it/s][A

 20%|██        | 51/253 [00:10<00:46,  4.31it/s][A

 21%|██        | 52/253 [00:10<00:51,  3.88it/s][A

 21%|██        | 53/253 [00:11<00:49,  4.03it/s][A

 21%|██▏       | 54/253 [00:11<00:47,  4.15it/s][A

 22%|██▏       | 55/253 [00:11<00:48,  4.07it/s][A

 22%|██▏       | 56/253 [00:11<00:44,  4.39it/s][A

 23%|██▎       | 57/253 [00:12<00:43,  4.49it/s][A

 23%|██▎       | 58/253 [00:12<00:46,  4.20it/s][A

 23%|██▎       | 59/253 [00:12<00:45,  4.27it/s][A

 24%|██▎       | 60/253 [00:12<00:43,  4.43it/s][A

 24%|██▍       | 61/253 [00:12<00:40,  4.71it/s][A

 25%|██▍       | 62/253 [00:13<00:40,  4.74it/s][A

 25%|██▍       | 63/253 [00:13<00:37,  5.01it/s][A

 25%|██▌       | 64/253 [00:13<00:36,  5.17it/s][A

 26%|██▌       | 65/253 [00:13<00:37,  4.98it/s][A

 26%|██▌       | 66/253 [00:13<00:35,  5.21it/s][A

 26%|██▋       | 67/253 [00:14<00:33,  5.51it/s][A

 27%|██▋       | 68/253 [00:14<00:35,  5.28it/s][A

 27%|██▋       | 69/253 [00:14<00:34,  5.39it/s][A

 28%|██▊       | 70/253 [00:14<00:32,  5.64it/s][A

 28%|██▊       | 71/253 [00:14<00:33,  5.37it/s][A

 28%|██▊       | 72/253 [00:15<00:37,  4.88it/s][A

 29%|██▉       | 73/253 [00:15<00:35,  5.04it/s][A

 29%|██▉       | 74/253 [00:15<00:47,  3.75it/s][A

 30%|██▉       | 75/253 [00:15<00:45,  3.93it/s][A

 30%|███       | 76/253 [00:16<00:44,  3.95it/s][A

 30%|███       | 77/253 [00:16<00:48,  3.63it/s][A

 31%|███       | 78/253 [00:16<00:46,  3.74it/s][A

 31%|███       | 79/253 [00:16<00:47,  3.67it/s][A

 32%|███▏      | 80/253 [00:17<00:43,  3.98it/s][A

 32%|███▏      | 81/253 [00:17<00:42,  4.02it/s][A

 32%|███▏      | 82/253 [00:17<00:42,  4.06it/s][A

 33%|███▎      | 83/253 [00:17<00:42,  3.96it/s][A

 33%|███▎      | 84/253 [00:18<00:39,  4.29it/s][A

 34%|███▎      | 85/253 [00:18<00:39,  4.22it/s][A

 34%|███▍      | 86/253 [00:18<00:39,  4.27it/s][A

 34%|███▍      | 87/253 [00:18<00:36,  4.56it/s][A

 35%|███▍      | 88/253 [00:18<00:35,  4.65it/s][A

 35%|███▌      | 89/253 [00:19<00:33,  4.96it/s][A

 36%|███▌      | 90/253 [00:19<00:32,  4.95it/s][A

 36%|███▌      | 91/253 [00:19<00:36,  4.40it/s][A

 36%|███▋      | 92/253 [00:19<00:36,  4.41it/s][A

 37%|███▋      | 93/253 [00:20<00:38,  4.16it/s][A

 37%|███▋      | 94/253 [00:20<00:36,  4.33it/s][A

 38%|███▊      | 95/253 [00:20<00:34,  4.53it/s][A

 38%|███▊      | 96/253 [00:20<00:33,  4.63it/s][A

 38%|███▊      | 97/253 [00:20<00:34,  4.49it/s][A

 39%|███▊      | 98/253 [00:21<00:33,  4.66it/s][A

 39%|███▉      | 99/253 [00:21<00:37,  4.08it/s][A

 40%|███▉      | 100/253 [00:21<00:37,  4.10it/s][A

 40%|███▉      | 101/253 [00:21<00:37,  4.07it/s][A

 40%|████      | 102/253 [00:22<00:36,  4.09it/s][A

 41%|████      | 103/253 [00:22<00:42,  3.56it/s][A

 41%|████      | 104/253 [00:22<00:42,  3.50it/s][A

 42%|████▏     | 105/253 [00:23<00:50,  2.95it/s][A

 42%|████▏     | 106/253 [00:23<00:46,  3.15it/s][A

 42%|████▏     | 107/253 [00:24<00:52,  2.80it/s][A

 43%|████▎     | 108/253 [00:24<00:48,  2.97it/s][A

 43%|████▎     | 109/253 [00:24<00:44,  3.27it/s][A

 43%|████▎     | 110/253 [00:24<00:39,  3.64it/s][A

 44%|████▍     | 111/253 [00:24<00:35,  3.98it/s][A

 44%|████▍     | 112/253 [00:25<00:34,  4.09it/s][A

 45%|████▍     | 113/253 [00:25<00:33,  4.24it/s][A

 45%|████▌     | 114/253 [00:25<00:31,  4.41it/s][A

 45%|████▌     | 115/253 [00:25<00:29,  4.62it/s][A

 46%|████▌     | 116/253 [00:26<00:29,  4.59it/s][A

 46%|████▌     | 117/253 [00:26<00:28,  4.71it/s][A

 47%|████▋     | 118/253 [00:26<00:30,  4.36it/s][A

 47%|████▋     | 119/253 [00:26<00:30,  4.39it/s][A

 47%|████▋     | 120/253 [00:26<00:28,  4.63it/s][A

 48%|████▊     | 121/253 [00:27<00:32,  4.07it/s][A

 48%|████▊     | 122/253 [00:27<00:32,  4.05it/s][A

 49%|████▊     | 123/253 [00:27<00:38,  3.42it/s][A

 49%|████▉     | 124/253 [00:28<00:34,  3.76it/s][A

 49%|████▉     | 125/253 [00:28<00:31,  4.02it/s][A

 50%|████▉     | 126/253 [00:28<00:29,  4.27it/s][A

 50%|█████     | 127/253 [00:28<00:30,  4.17it/s][A

 51%|█████     | 128/253 [00:29<00:33,  3.75it/s][A

 51%|█████     | 129/253 [00:29<00:31,  3.88it/s][A

 51%|█████▏    | 130/253 [00:29<00:30,  3.99it/s][A

 52%|█████▏    | 131/253 [00:29<00:30,  4.04it/s][A

 52%|█████▏    | 132/253 [00:30<00:28,  4.21it/s][A

 53%|█████▎    | 133/253 [00:30<00:33,  3.55it/s][A

 53%|█████▎    | 134/253 [00:30<00:31,  3.72it/s][A

 53%|█████▎    | 135/253 [00:30<00:31,  3.75it/s][A

 54%|█████▍    | 136/253 [00:31<00:31,  3.70it/s][A

 54%|█████▍    | 137/253 [00:31<00:31,  3.74it/s][A

 55%|█████▍    | 138/253 [00:31<00:29,  3.93it/s][A

 55%|█████▍    | 139/253 [00:31<00:27,  4.18it/s][A

 55%|█████▌    | 140/253 [00:32<00:25,  4.39it/s][A

 56%|█████▌    | 141/253 [00:32<00:23,  4.72it/s][A

 56%|█████▌    | 142/253 [00:32<00:23,  4.64it/s][A

 57%|█████▋    | 143/253 [00:32<00:25,  4.40it/s][A

 57%|█████▋    | 144/253 [00:32<00:23,  4.71it/s][A

 57%|█████▋    | 145/253 [00:33<00:22,  4.86it/s][A

 58%|█████▊    | 146/253 [00:33<00:21,  5.00it/s][A

 58%|█████▊    | 147/253 [00:33<00:24,  4.32it/s][A

 58%|█████▊    | 148/253 [00:33<00:23,  4.51it/s][A

 59%|█████▉    | 149/253 [00:34<00:23,  4.34it/s][A

 59%|█████▉    | 150/253 [00:34<00:27,  3.69it/s][A

 60%|█████▉    | 151/253 [00:34<00:28,  3.54it/s][A

 60%|██████    | 152/253 [00:34<00:27,  3.74it/s][A

 60%|██████    | 153/253 [00:35<00:25,  3.98it/s][A

 61%|██████    | 154/253 [00:35<00:24,  4.11it/s][A

 61%|██████▏   | 155/253 [00:35<00:23,  4.23it/s][A

 62%|██████▏   | 156/253 [00:35<00:20,  4.62it/s][A

 62%|██████▏   | 157/253 [00:35<00:20,  4.79it/s][A

 62%|██████▏   | 158/253 [00:36<00:20,  4.55it/s][A

 63%|██████▎   | 159/253 [00:36<00:19,  4.72it/s][A

 63%|██████▎   | 160/253 [00:36<00:18,  4.90it/s][A

 64%|██████▎   | 161/253 [00:36<00:19,  4.75it/s][A

 64%|██████▍   | 162/253 [00:37<00:18,  4.86it/s][A

 64%|██████▍   | 163/253 [00:37<00:19,  4.64it/s][A

 65%|██████▍   | 164/253 [00:37<00:18,  4.70it/s][A

 65%|██████▌   | 165/253 [00:37<00:17,  5.00it/s][A

 66%|██████▌   | 166/253 [00:37<00:17,  5.09it/s][A

 66%|██████▌   | 167/253 [00:37<00:16,  5.25it/s][A

 66%|██████▋   | 168/253 [00:38<00:15,  5.34it/s][A

 67%|██████▋   | 169/253 [00:38<00:15,  5.37it/s][A

 67%|██████▋   | 170/253 [00:38<00:16,  4.91it/s][A

 68%|██████▊   | 171/253 [00:38<00:16,  4.99it/s][A

 68%|██████▊   | 172/253 [00:39<00:17,  4.74it/s][A

 68%|██████▊   | 173/253 [00:39<00:17,  4.45it/s][A

 69%|██████▉   | 174/253 [00:39<00:17,  4.50it/s][A

 69%|██████▉   | 175/253 [00:39<00:16,  4.64it/s][A

 70%|██████▉   | 176/253 [00:40<00:20,  3.72it/s][A

 70%|██████▉   | 177/253 [00:40<00:20,  3.77it/s][A

 70%|███████   | 178/253 [00:40<00:20,  3.69it/s][A

 71%|███████   | 179/253 [00:40<00:18,  3.91it/s][A

 71%|███████   | 180/253 [00:41<00:17,  4.13it/s][A

 72%|███████▏  | 181/253 [00:41<00:21,  3.30it/s][A

 72%|███████▏  | 182/253 [00:41<00:19,  3.72it/s][A

 72%|███████▏  | 183/253 [00:41<00:18,  3.70it/s][A

 73%|███████▎  | 184/253 [00:42<00:18,  3.64it/s][A

 73%|███████▎  | 185/253 [00:42<00:18,  3.61it/s][A

 74%|███████▎  | 186/253 [00:42<00:18,  3.65it/s][A

 74%|███████▍  | 187/253 [00:43<00:16,  4.00it/s][A

 74%|███████▍  | 188/253 [00:43<00:19,  3.37it/s][A

 75%|███████▍  | 189/253 [00:43<00:21,  3.02it/s][A

 75%|███████▌  | 190/253 [00:44<00:18,  3.33it/s][A

 75%|███████▌  | 191/253 [00:44<00:17,  3.54it/s][A

 76%|███████▌  | 192/253 [00:44<00:16,  3.66it/s][A

 76%|███████▋  | 193/253 [00:44<00:15,  3.90it/s][A

 77%|███████▋  | 194/253 [00:44<00:14,  4.16it/s][A

 77%|███████▋  | 195/253 [00:45<00:14,  4.13it/s][A

 77%|███████▋  | 196/253 [00:45<00:16,  3.48it/s][A

 78%|███████▊  | 197/253 [00:45<00:14,  3.75it/s][A

 78%|███████▊  | 198/253 [00:46<00:14,  3.85it/s][A

 79%|███████▊  | 199/253 [00:46<00:14,  3.76it/s][A

 79%|███████▉  | 200/253 [00:46<00:13,  4.00it/s][A

 79%|███████▉  | 201/253 [00:46<00:14,  3.68it/s][A

 80%|███████▉  | 202/253 [00:47<00:13,  3.69it/s][A

 80%|████████  | 203/253 [00:47<00:13,  3.82it/s][A

 81%|████████  | 204/253 [00:47<00:12,  4.00it/s][A

 81%|████████  | 205/253 [00:47<00:11,  4.06it/s][A

 81%|████████▏ | 206/253 [00:48<00:12,  3.82it/s][A

 82%|████████▏ | 207/253 [00:48<00:13,  3.49it/s][A

 82%|████████▏ | 208/253 [00:48<00:11,  4.09it/s][A

 83%|████████▎ | 209/253 [00:48<00:10,  4.04it/s][A

 83%|████████▎ | 210/253 [00:49<00:09,  4.49it/s][A

 83%|████████▎ | 211/253 [00:49<00:09,  4.62it/s][A

 84%|████████▍ | 212/253 [00:49<00:08,  5.04it/s][A

 84%|████████▍ | 213/253 [00:49<00:07,  5.28it/s][A

 85%|████████▍ | 214/253 [00:49<00:07,  5.13it/s][A

 85%|████████▍ | 215/253 [00:49<00:07,  5.34it/s][A

 85%|████████▌ | 216/253 [00:50<00:08,  4.34it/s][A

 86%|████████▌ | 217/253 [00:50<00:07,  4.51it/s][A

 86%|████████▌ | 218/253 [00:50<00:07,  4.89it/s][A

 87%|████████▋ | 219/253 [00:50<00:06,  5.36it/s][A

 87%|████████▋ | 220/253 [00:50<00:05,  5.51it/s][A

 87%|████████▋ | 221/253 [00:51<00:05,  5.79it/s][A

 88%|████████▊ | 222/253 [00:51<00:05,  5.88it/s][A

 88%|████████▊ | 223/253 [00:51<00:05,  5.54it/s][A

 89%|████████▊ | 224/253 [00:51<00:05,  5.59it/s][A

 89%|████████▉ | 225/253 [00:51<00:04,  5.87it/s][A

 89%|████████▉ | 226/253 [00:52<00:04,  5.63it/s][A

 90%|████████▉ | 227/253 [00:52<00:04,  5.23it/s][A

 90%|█████████ | 228/253 [00:52<00:04,  5.01it/s][A

 91%|█████████ | 229/253 [00:52<00:04,  4.92it/s][A

 91%|█████████ | 230/253 [00:53<00:05,  3.87it/s][A

 91%|█████████▏| 231/253 [00:53<00:05,  3.75it/s][A

 92%|█████████▏| 232/253 [00:53<00:05,  3.98it/s][A

 92%|█████████▏| 233/253 [00:53<00:04,  4.12it/s][A

 92%|█████████▏| 234/253 [00:54<00:04,  3.88it/s][A

 93%|█████████▎| 235/253 [00:54<00:04,  4.40it/s][A

 93%|█████████▎| 236/253 [00:54<00:03,  4.67it/s][A

 94%|█████████▎| 237/253 [00:54<00:03,  4.34it/s][A

 94%|█████████▍| 238/253 [00:54<00:03,  4.60it/s][A

 94%|█████████▍| 239/253 [00:55<00:02,  4.85it/s][A

 95%|█████████▍| 240/253 [00:55<00:02,  4.98it/s][A

 95%|█████████▌| 241/253 [00:55<00:02,  5.09it/s][A

 96%|█████████▌| 242/253 [00:55<00:02,  5.03it/s][A

 96%|█████████▌| 243/253 [00:55<00:02,  4.41it/s][A

 96%|█████████▋| 244/253 [00:56<00:01,  4.65it/s][A

 97%|█████████▋| 245/253 [00:56<00:01,  5.11it/s][A

 97%|█████████▋| 246/253 [00:56<00:01,  5.15it/s][A

 98%|█████████▊| 247/253 [00:56<00:01,  5.00it/s][A

 98%|█████████▊| 248/253 [00:56<00:00,  5.40it/s][A

 98%|█████████▊| 249/253 [00:56<00:00,  5.64it/s][A

 99%|█████████▉| 250/253 [00:57<00:00,  5.35it/s][A

 99%|█████████▉| 251/253 [00:57<00:00,  5.39it/s][A

100%|█████████▉| 252/253 [00:57<00:00,  5.66it/s][A

100%|██████████| 253/253 [00:57<00:00,  5.38it/s][A
                                                     

                                                 
[A{'eval_loss': '1.458', 'eval_runtime': '57.95', 'eval_samples_per_second': '8.732', 'eval_steps_per_second': '4.366', 'eval_entropy': '1.402', 'eval_num_tokens': '2.079e+06', 'eval_mean_token_accuracy': '0.6251', 'epoch': '1.819'}

 91%|█████████ | 1000/1100 [1:04:32<06:16,  3.77s/it]

100%|██████████| 253/253 [00:57<00:00,  5.38it/s][A

                                                 [A
 91%|█████████ | 1001/1100 [1:04:36<35:12, 21.34s/it]
 91%|█████████ | 1002/1100 [1:04:41<26:46, 16.39s/it]
 91%|█████████ | 1003/1100 [1:04:44<20:03, 12.40s/it]
 91%|█████████▏| 1004/1100 [1:04:48<15:35,  9.75s/it]
 91%|█████████▏| 1005/1100 [1:04:51<12:22,  7.82s/it]
 91%|█████████▏| 1006/1100 [1:04:56<10:56,  6.98s/it]
 92%|█████████▏| 1007/1100 [1:05:01<10:01,  6.46s/it]
 92%|█████████▏| 1008/1100 [1:05:05<08:47,  5.74s/it]
 92%|█████████▏| 1009/1100 [1:05:10<08:05,  5.34s/it]
 92%|█████████▏| 1010/1100 [1:05:14<07:35,  5.06s/it]
                                                     
{'loss': '1.382', 'grad_norm': '2.106', 'learning_rate': '4.141e-06', 'entropy': '1.374', 'num_tokens': '2.1e+06', 'mean_token_accuracy': '0.6402', 'epoch': '1.837'}

 92%|█████████▏| 1010/1100 [1:05:14<07:35,  5.06s/it]
 92%|█████████▏| 1011/1100 [1:05:17<06:41,  4.52s/it]
 92%|█████████▏| 1012/1100 [1:05:23<06:58,  4.75s/it]
 92%|█████████▏| 1013/1100 [1:05:26<06:20,  4.37s/it]
 92%|█████████▏| 1014/1100 [1:05:30<05:51,  4.09s/it]
 92%|█████████▏| 1015/1100 [1:05:32<05:18,  3.74s/it]
 92%|█████████▏| 1016/1100 [1:05:36<05:16,  3.77s/it]
 92%|█████████▏| 1017/1100 [1:05:39<04:36,  3.33s/it]
 93%|█████████▎| 1018/1100 [1:05:42<04:28,  3.27s/it]
 93%|█████████▎| 1019/1100 [1:05:46<04:45,  3.52s/it]
 93%|█████████▎| 1020/1100 [1:05:49<04:33,  3.42s/it]
                                                     
{'loss': '1.402', 'grad_norm': '2.246', 'learning_rate': '3.285e-06', 'entropy': '1.399', 'num_tokens': '2.121e+06', 'mean_token_accuracy': '0.6248', 'epoch': '1.855'}

 93%|█████████▎| 1020/1100 [1:05:49<04:33,  3.42s/it]
 93%|█████████▎| 1021/1100 [1:05:52<04:24,  3.35s/it]
 93%|█████████▎| 1022/1100 [1:05:57<04:57,  3.82s/it]
 93%|█████████▎| 1023/1100 [1:06:00<04:37,  3.60s/it]
 93%|█████████▎| 1024/1100 [1:06:04<04:38,  3.66s/it]
 93%|█████████▎| 1025/1100 [1:06:08<04:46,  3.82s/it]
 93%|█████████▎| 1026/1100 [1:06:12<04:33,  3.70s/it]
 93%|█████████▎| 1027/1100 [1:06:15<04:18,  3.55s/it]
 93%|█████████▎| 1028/1100 [1:06:19<04:20,  3.62s/it]
 94%|█████████▎| 1029/1100 [1:06:23<04:25,  3.73s/it]
 94%|█████████▎| 1030/1100 [1:06:27<04:29,  3.85s/it]
                                                     
{'loss': '1.464', 'grad_norm': '1.891', 'learning_rate': '2.527e-06', 'entropy': '1.437', 'num_tokens': '2.142e+06', 'mean_token_accuracy': '0.6265', 'epoch': '1.873'}

 94%|█████████▎| 1030/1100 [1:06:27<04:29,  3.85s/it]
 94%|█████████▎| 1031/1100 [1:06:30<04:22,  3.81s/it]
 94%|█████████▍| 1032/1100 [1:06:34<04:13,  3.72s/it]
 94%|█████████▍| 1033/1100 [1:06:37<03:48,  3.42s/it]
 94%|█████████▍| 1034/1100 [1:06:40<03:46,  3.44s/it]
 94%|█████████▍| 1035/1100 [1:06:43<03:38,  3.36s/it]
 94%|█████████▍| 1036/1100 [1:06:47<03:33,  3.34s/it]
 94%|█████████▍| 1037/1100 [1:06:51<03:42,  3.54s/it]
 94%|█████████▍| 1038/1100 [1:06:53<03:15,  3.15s/it]
 94%|█████████▍| 1039/1100 [1:06:56<03:09,  3.11s/it]
 95%|█████████▍| 1040/1100 [1:06:59<03:07,  3.12s/it]
                                                     
{'loss': '1.325', 'grad_norm': '2.242', 'learning_rate': '1.868e-06', 'entropy': '1.365', 'num_tokens': '2.162e+06', 'mean_token_accuracy': '0.6525', 'epoch': '1.891'}

 95%|█████████▍| 1040/1100 [1:06:59<03:07,  3.12s/it]
 95%|█████████▍| 1041/1100 [1:07:03<03:20,  3.40s/it]
 95%|█████████▍| 1042/1100 [1:07:07<03:32,  3.66s/it]
 95%|█████████▍| 1043/1100 [1:07:12<03:41,  3.89s/it]
 95%|█████████▍| 1044/1100 [1:07:14<03:11,  3.42s/it]
 95%|█████████▌| 1045/1100 [1:07:18<03:08,  3.43s/it]
 95%|█████████▌| 1046/1100 [1:07:20<02:54,  3.23s/it]
 95%|█████████▌| 1047/1100 [1:07:24<02:58,  3.37s/it]
 95%|█████████▌| 1048/1100 [1:07:27<02:51,  3.29s/it]
 95%|█████████▌| 1049/1100 [1:07:31<02:51,  3.37s/it]
 95%|█████████▌| 1050/1100 [1:07:34<02:52,  3.46s/it]
                                                     
{'loss': '1.429', 'grad_norm': '2.166', 'learning_rate': '1.307e-06', 'entropy': '1.41', 'num_tokens': '2.183e+06', 'mean_token_accuracy': '0.6327', 'epoch': '1.91'}

 95%|█████████▌| 1050/1100 [1:07:34<02:52,  3.46s/it]
 96%|█████████▌| 1051/1100 [1:07:37<02:35,  3.18s/it]
 96%|█████████▌| 1052/1100 [1:07:40<02:28,  3.10s/it]
 96%|█████████▌| 1053/1100 [1:07:43<02:27,  3.14s/it]
 96%|█████████▌| 1054/1100 [1:07:47<02:33,  3.34s/it]
 96%|█████████▌| 1055/1100 [1:07:51<02:38,  3.53s/it]
 96%|█████████▌| 1056/1100 [1:07:53<02:23,  3.27s/it]
 96%|█████████▌| 1057/1100 [1:07:57<02:23,  3.34s/it]
 96%|█████████▌| 1058/1100 [1:07:59<02:06,  3.00s/it]
 96%|█████████▋| 1059/1100 [1:08:02<02:05,  3.07s/it]
 96%|█████████▋| 1060/1100 [1:08:06<02:03,  3.10s/it]
                                                     
{'loss': '1.43', 'grad_norm': '1.992', 'learning_rate': '8.452e-07', 'entropy': '1.428', 'num_tokens': '2.204e+06', 'mean_token_accuracy': '0.6228', 'epoch': '1.928'}

 96%|█████████▋| 1060/1100 [1:08:06<02:03,  3.10s/it]
 96%|█████████▋| 1061/1100 [1:08:09<02:02,  3.14s/it]
 97%|█████████▋| 1062/1100 [1:08:11<01:52,  2.96s/it]
 97%|█████████▋| 1063/1100 [1:08:14<01:51,  3.01s/it]
 97%|█████████▋| 1064/1100 [1:08:17<01:45,  2.94s/it]
 97%|█████████▋| 1065/1100 [1:08:21<01:52,  3.22s/it]
 97%|█████████▋| 1066/1100 [1:08:24<01:50,  3.26s/it]
 97%|█████████▋| 1067/1100 [1:08:28<01:48,  3.30s/it]
 97%|█████████▋| 1068/1100 [1:08:32<01:50,  3.46s/it]
 97%|█████████▋| 1069/1100 [1:08:35<01:42,  3.31s/it]
 97%|█████████▋| 1070/1100 [1:08:38<01:40,  3.35s/it]
                                                     
{'loss': '1.364', 'grad_norm': '2.136', 'learning_rate': '4.835e-07', 'entropy': '1.368', 'num_tokens': '2.225e+06', 'mean_token_accuracy': '0.6471', 'epoch': '1.946'}

 97%|█████████▋| 1070/1100 [1:08:38<01:40,  3.35s/it]
 97%|█████████▋| 1071/1100 [1:08:41<01:29,  3.10s/it]
 97%|█████████▋| 1072/1100 [1:08:45<01:36,  3.46s/it]
 98%|█████████▊| 1073/1100 [1:08:47<01:24,  3.11s/it]
 98%|█████████▊| 1074/1100 [1:08:50<01:20,  3.09s/it]
 98%|█████████▊| 1075/1100 [1:08:53<01:16,  3.07s/it]
 98%|█████████▊| 1076/1100 [1:08:56<01:13,  3.04s/it]
 98%|█████████▊| 1077/1100 [1:09:00<01:14,  3.22s/it]
 98%|█████████▊| 1078/1100 [1:09:03<01:07,  3.09s/it]
 98%|█████████▊| 1079/1100 [1:09:06<01:06,  3.19s/it]
 98%|█████████▊| 1080/1100 [1:09:09<01:00,  3.02s/it]
                                                     
{'loss': '1.364', 'grad_norm': '2.273', 'learning_rate': '2.22e-07', 'entropy': '1.335', 'num_tokens': '2.246e+06', 'mean_token_accuracy': '0.6407', 'epoch': '1.964'}

 98%|█████████▊| 1080/1100 [1:09:09<01:00,  3.02s/it]
 98%|█████████▊| 1081/1100 [1:09:12<00:59,  3.14s/it]
 98%|█████████▊| 1082/1100 [1:09:15<00:56,  3.15s/it]
 98%|█████████▊| 1083/1100 [1:09:19<00:55,  3.27s/it]
 99%|█████████▊| 1084/1100 [1:09:21<00:47,  3.00s/it]
 99%|█████████▊| 1085/1100 [1:09:25<00:46,  3.12s/it]
 99%|█████████▊| 1086/1100 [1:09:27<00:40,  2.90s/it]
 99%|█████████▉| 1087/1100 [1:09:30<00:37,  2.92s/it]
 99%|█████████▉| 1088/1100 [1:09:34<00:38,  3.18s/it]
 99%|█████████▉| 1089/1100 [1:09:37<00:34,  3.15s/it]
 99%|█████████▉| 1090/1100 [1:09:39<00:29,  2.97s/it]
                                                     
{'loss': '1.448', 'grad_norm': '2.31', 'learning_rate': '6.092e-08', 'entropy': '1.402', 'num_tokens': '2.267e+06', 'mean_token_accuracy': '0.6319', 'epoch': '1.982'}

 99%|█████████▉| 1090/1100 [1:09:39<00:29,  2.97s/it]
 99%|█████████▉| 1091/1100 [1:09:42<00:26,  2.96s/it]
 99%|█████████▉| 1092/1100 [1:09:45<00:21,  2.74s/it]
 99%|█████████▉| 1093/1100 [1:09:48<00:20,  2.90s/it]
 99%|█████████▉| 1094/1100 [1:09:50<00:16,  2.80s/it]
100%|█████████▉| 1095/1100 [1:09:54<00:14,  2.95s/it]
100%|█████████▉| 1096/1100 [1:09:57<00:12,  3.13s/it]
100%|█████████▉| 1097/1100 [1:10:02<00:10,  3.61s/it]
100%|█████████▉| 1098/1100 [1:10:05<00:06,  3.30s/it]
100%|█████████▉| 1099/1100 [1:10:08<00:03,  3.28s/it]
100%|██████████| 1100/1100 [1:10:10<00:00,  3.03s/it]
                                                     
{'loss': '1.413', 'grad_norm': '2.434', 'learning_rate': '5.035e-10', 'entropy': '1.4', 'num_tokens': '2.286e+06', 'mean_token_accuracy': '0.6321', 'epoch': '2'}

100%|██████████| 1100/1100 [1:10:10<00:00,  3.03s/it]

  0%|          | 0/253 [00:00<?, ?it/s][A

  1%|          | 2/253 [00:00<00:19, 12.63it/s][A

  2%|▏         | 4/253 [00:00<00:34,  7.12it/s][A

  2%|▏         | 5/253 [00:00<00:36,  6.77it/s][A

  2%|▏         | 6/253 [00:00<00:36,  6.71it/s][A

  3%|▎         | 7/253 [00:00<00:36,  6.75it/s][A

  3%|▎         | 8/253 [00:01<00:36,  6.68it/s][A

  4%|▎         | 9/253 [00:01<00:37,  6.46it/s][A

  4%|▍         | 10/253 [00:01<00:38,  6.31it/s][A

  4%|▍         | 11/253 [00:01<00:38,  6.34it/s][A

  5%|▍         | 12/253 [00:01<00:38,  6.23it/s][A

  5%|▌         | 13/253 [00:01<00:38,  6.24it/s][A

  6%|▌         | 14/253 [00:02<00:38,  6.22it/s][A

  6%|▌         | 15/253 [00:02<00:39,  6.05it/s][A

  6%|▋         | 16/253 [00:02<00:48,  4.88it/s][A

  7%|▋         | 17/253 [00:02<00:45,  5.16it/s][A

  7%|▋         | 18/253 [00:02<00:44,  5.31it/s][A

  8%|▊         | 19/253 [00:03<00:50,  4.67it/s][A

  8%|▊         | 20/253 [00:03<00:51,  4.54it/s][A

  8%|▊         | 21/253 [00:03<00:53,  4.36it/s][A

  9%|▊         | 22/253 [00:03<00:53,  4.32it/s][A

  9%|▉         | 23/253 [00:04<01:02,  3.71it/s][A

  9%|▉         | 24/253 [00:04<00:56,  4.04it/s][A

 10%|▉         | 25/253 [00:04<01:00,  3.80it/s][A

 10%|█         | 26/253 [00:04<00:54,  4.14it/s][A

 11%|█         | 27/253 [00:05<00:48,  4.66it/s][A

 11%|█         | 28/253 [00:05<00:47,  4.73it/s][A

 11%|█▏        | 29/253 [00:05<00:44,  5.01it/s][A

 12%|█▏        | 30/253 [00:05<00:40,  5.52it/s][A

 12%|█▏        | 31/253 [00:05<00:41,  5.41it/s][A

 13%|█▎        | 32/253 [00:05<00:38,  5.70it/s][A

 13%|█▎        | 33/253 [00:06<00:36,  5.95it/s][A

 13%|█▎        | 34/253 [00:06<00:36,  6.00it/s][A

 14%|█▍        | 35/253 [00:06<00:36,  5.90it/s][A

 14%|█▍        | 36/253 [00:06<00:35,  6.08it/s][A

 15%|█▍        | 37/253 [00:06<00:34,  6.29it/s][A

 15%|█▌        | 38/253 [00:06<00:36,  5.96it/s][A

 15%|█▌        | 39/253 [00:07<00:37,  5.74it/s][A

 16%|█▌        | 40/253 [00:07<00:36,  5.80it/s][A

 16%|█▌        | 41/253 [00:07<00:35,  5.92it/s][A

 17%|█▋        | 42/253 [00:07<00:35,  5.92it/s][A

 17%|█▋        | 43/253 [00:07<00:34,  6.02it/s][A

 17%|█▋        | 44/253 [00:08<00:41,  5.08it/s][A

 18%|█▊        | 45/253 [00:08<00:46,  4.45it/s][A

 18%|█▊        | 46/253 [00:08<00:50,  4.10it/s][A

 19%|█▊        | 47/253 [00:08<00:48,  4.26it/s][A

 19%|█▉        | 48/253 [00:09<00:54,  3.77it/s][A

 19%|█▉        | 49/253 [00:09<00:51,  3.94it/s][A

 20%|█▉        | 50/253 [00:09<00:47,  4.28it/s][A

 20%|██        | 51/253 [00:09<00:51,  3.89it/s][A

 21%|██        | 52/253 [00:10<00:51,  3.89it/s][A

 21%|██        | 53/253 [00:10<00:50,  3.97it/s][A

 21%|██▏       | 54/253 [00:10<00:45,  4.40it/s][A

 22%|██▏       | 55/253 [00:10<00:46,  4.25it/s][A

 22%|██▏       | 56/253 [00:11<00:51,  3.81it/s][A

 23%|██▎       | 57/253 [00:11<00:46,  4.24it/s][A

 23%|██▎       | 58/253 [00:11<00:43,  4.53it/s][A

 23%|██▎       | 59/253 [00:11<00:41,  4.70it/s][A

 24%|██▎       | 60/253 [00:11<00:41,  4.68it/s][A

 24%|██▍       | 61/253 [00:12<00:37,  5.13it/s][A

 25%|██▍       | 62/253 [00:12<00:37,  5.14it/s][A

 25%|██▍       | 63/253 [00:12<00:36,  5.22it/s][A

 25%|██▌       | 64/253 [00:12<00:33,  5.57it/s][A

 26%|██▌       | 65/253 [00:12<00:33,  5.68it/s][A

 26%|██▌       | 66/253 [00:12<00:32,  5.80it/s][A

 26%|██▋       | 67/253 [00:13<00:30,  6.03it/s][A

 27%|██▋       | 68/253 [00:13<00:31,  5.93it/s][A

 27%|██▋       | 69/253 [00:13<00:31,  5.93it/s][A

 28%|██▊       | 70/253 [00:13<00:30,  5.99it/s][A

 28%|██▊       | 71/253 [00:13<00:30,  6.04it/s][A

 28%|██▊       | 72/253 [00:13<00:29,  6.11it/s][A

 29%|██▉       | 73/253 [00:14<00:29,  6.20it/s][A

 29%|██▉       | 74/253 [00:14<00:30,  5.81it/s][A

 30%|██▉       | 75/253 [00:14<00:33,  5.35it/s][A

 30%|███       | 76/253 [00:14<00:34,  5.07it/s][A

 30%|███       | 77/253 [00:14<00:34,  5.08it/s][A

 31%|███       | 78/253 [00:15<00:42,  4.11it/s][A

 31%|███       | 79/253 [00:15<00:44,  3.91it/s][A

 32%|███▏      | 80/253 [00:15<00:42,  4.12it/s][A

 32%|███▏      | 81/253 [00:16<00:49,  3.45it/s][A

 32%|███▏      | 82/253 [00:16<00:44,  3.86it/s][A

 33%|███▎      | 83/253 [00:16<00:43,  3.90it/s][A

 33%|███▎      | 84/253 [00:16<00:46,  3.60it/s][A

 34%|███▎      | 85/253 [00:17<00:43,  3.91it/s][A

 34%|███▍      | 86/253 [00:17<00:37,  4.45it/s][A

 34%|███▍      | 87/253 [00:17<00:36,  4.61it/s][A

 35%|███▍      | 88/253 [00:17<00:33,  4.94it/s][A

 35%|███▌      | 89/253 [00:17<00:33,  4.84it/s][A

 36%|███▌      | 90/253 [00:18<00:32,  4.96it/s][A

 36%|███▌      | 91/253 [00:18<00:30,  5.36it/s][A

 36%|███▋      | 92/253 [00:18<00:32,  5.00it/s][A

 37%|███▋      | 93/253 [00:18<00:31,  5.14it/s][A

 37%|███▋      | 94/253 [00:18<00:28,  5.56it/s][A

 38%|███▊      | 95/253 [00:18<00:26,  6.01it/s][A

 38%|███▊      | 96/253 [00:19<00:24,  6.42it/s][A

 38%|███▊      | 97/253 [00:19<00:23,  6.69it/s][A

 39%|███▊      | 98/253 [00:19<00:24,  6.41it/s][A

 39%|███▉      | 99/253 [00:19<00:24,  6.31it/s][A

 40%|███▉      | 100/253 [00:19<00:24,  6.22it/s][A

 40%|███▉      | 101/253 [00:19<00:24,  6.13it/s][A

 40%|████      | 102/253 [00:20<00:24,  6.12it/s][A

 41%|████      | 103/253 [00:20<00:24,  6.07it/s][A

 41%|████      | 104/253 [00:20<00:24,  6.10it/s][A

 42%|████▏     | 105/253 [00:20<00:24,  6.04it/s][A

 42%|████▏     | 106/253 [00:20<00:24,  5.94it/s][A

 42%|████▏     | 107/253 [00:20<00:25,  5.82it/s][A

 43%|████▎     | 108/253 [00:21<00:24,  5.87it/s][A

 43%|████▎     | 109/253 [00:21<00:24,  5.79it/s][A

 43%|████▎     | 110/253 [00:21<00:23,  5.97it/s][A

 44%|████▍     | 111/253 [00:21<00:24,  5.83it/s][A

 44%|████▍     | 112/253 [00:21<00:24,  5.69it/s][A

 45%|████▍     | 113/253 [00:22<00:30,  4.60it/s][A

 45%|████▌     | 114/253 [00:22<00:33,  4.10it/s][A

 45%|████▌     | 115/253 [00:22<00:37,  3.71it/s][A

 46%|████▌     | 116/253 [00:22<00:34,  3.97it/s][A

 46%|████▌     | 117/253 [00:23<00:31,  4.29it/s][A

 47%|████▋     | 118/253 [00:23<00:36,  3.73it/s][A

 47%|████▋     | 119/253 [00:23<00:39,  3.43it/s][A

 47%|████▋     | 120/253 [00:24<00:39,  3.39it/s][A

 48%|████▊     | 121/253 [00:24<00:42,  3.11it/s][A

 48%|████▊     | 122/253 [00:24<00:37,  3.51it/s][A

 49%|████▊     | 123/253 [00:24<00:33,  3.86it/s][A

 49%|████▉     | 124/253 [00:25<00:30,  4.27it/s][A

 49%|████▉     | 125/253 [00:25<00:29,  4.41it/s][A

 50%|████▉     | 126/253 [00:25<00:28,  4.49it/s][A

 50%|█████     | 127/253 [00:25<00:26,  4.76it/s][A

 51%|█████     | 128/253 [00:25<00:24,  5.03it/s][A

 51%|█████     | 129/253 [00:26<00:26,  4.75it/s][A

 51%|█████▏    | 130/253 [00:26<00:27,  4.54it/s][A

 52%|█████▏    | 131/253 [00:26<00:24,  4.91it/s][A

 52%|█████▏    | 132/253 [00:26<00:27,  4.46it/s][A

 53%|█████▎    | 133/253 [00:26<00:26,  4.50it/s][A

 53%|█████▎    | 134/253 [00:27<00:23,  4.96it/s][A

 53%|█████▎    | 135/253 [00:27<00:27,  4.24it/s][A

 54%|█████▍    | 136/253 [00:27<00:24,  4.71it/s][A

 54%|█████▍    | 137/253 [00:27<00:24,  4.67it/s][A

 55%|█████▍    | 138/253 [00:28<00:23,  4.82it/s][A

 55%|█████▍    | 139/253 [00:28<00:24,  4.58it/s][A

 55%|█████▌    | 140/253 [00:28<00:24,  4.62it/s][A

 56%|█████▌    | 141/253 [00:28<00:27,  4.12it/s][A

 56%|█████▌    | 142/253 [00:29<00:33,  3.36it/s][A

 57%|█████▋    | 143/253 [00:29<00:32,  3.43it/s][A

 57%|█████▋    | 144/253 [00:29<00:29,  3.67it/s][A

 57%|█████▋    | 145/253 [00:29<00:27,  3.93it/s][A

 58%|█████▊    | 146/253 [00:30<00:25,  4.22it/s][A

 58%|█████▊    | 147/253 [00:30<00:23,  4.52it/s][A

 58%|█████▊    | 148/253 [00:30<00:22,  4.66it/s][A

 59%|█████▉    | 149/253 [00:30<00:21,  4.83it/s][A

 59%|█████▉    | 150/253 [00:30<00:19,  5.17it/s][A

 60%|█████▉    | 151/253 [00:31<00:21,  4.76it/s][A

 60%|██████    | 152/253 [00:31<00:19,  5.27it/s][A

 60%|██████    | 153/253 [00:31<00:18,  5.44it/s][A

 61%|██████    | 154/253 [00:31<00:18,  5.30it/s][A

 61%|██████▏   | 155/253 [00:31<00:19,  5.05it/s][A

 62%|██████▏   | 156/253 [00:32<00:19,  5.00it/s][A

 62%|██████▏   | 157/253 [00:32<00:18,  5.24it/s][A

 62%|██████▏   | 158/253 [00:32<00:17,  5.37it/s][A

 63%|██████▎   | 159/253 [00:32<00:17,  5.47it/s][A

 63%|██████▎   | 160/253 [00:32<00:19,  4.84it/s][A

 64%|██████▎   | 161/253 [00:32<00:17,  5.13it/s][A

 64%|██████▍   | 162/253 [00:33<00:17,  5.13it/s][A

 64%|██████▍   | 163/253 [00:33<00:20,  4.35it/s][A

 65%|██████▍   | 164/253 [00:33<00:18,  4.79it/s][A

 65%|██████▌   | 165/253 [00:33<00:17,  4.93it/s][A

 66%|██████▌   | 166/253 [00:34<00:19,  4.45it/s][A

 66%|██████▌   | 167/253 [00:34<00:18,  4.71it/s][A

 66%|██████▋   | 168/253 [00:34<00:16,  5.07it/s][A

 67%|██████▋   | 169/253 [00:34<00:24,  3.38it/s][A

 67%|██████▋   | 170/253 [00:35<00:22,  3.62it/s][A

 68%|██████▊   | 171/253 [00:35<00:21,  3.82it/s][A

 68%|██████▊   | 172/253 [00:35<00:19,  4.16it/s][A

 68%|██████▊   | 173/253 [00:35<00:21,  3.76it/s][A

 69%|██████▉   | 174/253 [00:36<00:20,  3.93it/s][A

 69%|██████▉   | 175/253 [00:36<00:19,  3.91it/s][A

 70%|██████▉   | 176/253 [00:36<00:17,  4.38it/s][A

 70%|██████▉   | 177/253 [00:36<00:19,  3.92it/s][A

 70%|███████   | 178/253 [00:37<00:18,  4.05it/s][A

 71%|███████   | 179/253 [00:37<00:16,  4.44it/s][A

 71%|███████   | 180/253 [00:37<00:16,  4.50it/s][A

 72%|███████▏  | 181/253 [00:37<00:18,  4.00it/s][A

 72%|███████▏  | 182/253 [00:38<00:16,  4.18it/s][A

 72%|███████▏  | 183/253 [00:38<00:18,  3.87it/s][A

 73%|███████▎  | 184/253 [00:38<00:17,  3.94it/s][A

 73%|███████▎  | 185/253 [00:38<00:16,  4.19it/s][A

 74%|███████▎  | 186/253 [00:39<00:15,  4.32it/s][A

 74%|███████▍  | 187/253 [00:39<00:15,  4.30it/s][A

 74%|███████▍  | 188/253 [00:39<00:17,  3.75it/s][A

 75%|███████▍  | 189/253 [00:39<00:16,  3.87it/s][A

 75%|███████▌  | 190/253 [00:40<00:14,  4.24it/s][A

 75%|███████▌  | 191/253 [00:40<00:15,  3.91it/s][A

 76%|███████▌  | 192/253 [00:40<00:14,  4.33it/s][A

 76%|███████▋  | 193/253 [00:40<00:13,  4.45it/s][A

 77%|███████▋  | 194/253 [00:40<00:13,  4.44it/s][A

 77%|███████▋  | 195/253 [00:41<00:12,  4.49it/s][A

 77%|███████▋  | 196/253 [00:41<00:12,  4.67it/s][A

 78%|███████▊  | 197/253 [00:41<00:11,  4.80it/s][A

 78%|███████▊  | 198/253 [00:41<00:10,  5.01it/s][A

 79%|███████▊  | 199/253 [00:41<00:10,  5.30it/s][A

 79%|███████▉  | 200/253 [00:42<00:09,  5.62it/s][A

 79%|███████▉  | 201/253 [00:42<00:09,  5.75it/s][A

 80%|███████▉  | 202/253 [00:42<00:08,  5.70it/s][A

 80%|████████  | 203/253 [00:42<00:09,  5.54it/s][A

 81%|████████  | 204/253 [00:42<00:08,  5.46it/s][A

 81%|████████  | 205/253 [00:42<00:08,  5.48it/s][A

 81%|████████▏ | 206/253 [00:43<00:08,  5.76it/s][A

 82%|████████▏ | 207/253 [00:43<00:08,  5.53it/s][A

 82%|████████▏ | 208/253 [00:43<00:07,  5.73it/s][A

 83%|████████▎ | 209/253 [00:43<00:07,  5.86it/s][A

 83%|████████▎ | 210/253 [00:43<00:07,  5.93it/s][A

 83%|████████▎ | 211/253 [00:43<00:06,  6.10it/s][A

 84%|████████▍ | 212/253 [00:44<00:07,  5.61it/s][A

 84%|████████▍ | 213/253 [00:44<00:07,  5.62it/s][A

 85%|████████▍ | 214/253 [00:44<00:06,  5.62it/s][A

 85%|████████▍ | 215/253 [00:44<00:06,  5.68it/s][A

 85%|████████▌ | 216/253 [00:44<00:06,  5.71it/s][A

 86%|████████▌ | 217/253 [00:45<00:06,  5.37it/s][A

 86%|████████▌ | 218/253 [00:45<00:08,  3.99it/s][A

 87%|████████▋ | 219/253 [00:45<00:10,  3.35it/s][A

 87%|████████▋ | 220/253 [00:46<00:10,  3.23it/s][A

 87%|████████▋ | 221/253 [00:46<00:09,  3.54it/s][A

 88%|████████▊ | 222/253 [00:46<00:08,  3.67it/s][A

 88%|████████▊ | 223/253 [00:46<00:07,  3.86it/s][A

 89%|████████▊ | 224/253 [00:47<00:06,  4.25it/s][A

 89%|████████▉ | 225/253 [00:47<00:06,  4.07it/s][A

 89%|████████▉ | 226/253 [00:47<00:06,  4.07it/s][A

 90%|████████▉ | 227/253 [00:47<00:06,  3.88it/s][A

 90%|█████████ | 228/253 [00:48<00:07,  3.51it/s][A

 91%|█████████ | 229/253 [00:48<00:06,  3.85it/s][A

 91%|█████████ | 230/253 [00:48<00:05,  4.22it/s][A

 91%|█████████▏| 231/253 [00:48<00:04,  4.62it/s][A

 92%|█████████▏| 232/253 [00:48<00:04,  4.97it/s][A

 92%|█████████▏| 233/253 [00:49<00:03,  5.28it/s][A

 92%|█████████▏| 234/253 [00:49<00:03,  5.36it/s][A

 93%|█████████▎| 235/253 [00:49<00:03,  5.83it/s][A

 93%|█████████▎| 236/253 [00:49<00:02,  5.67it/s][A

 94%|█████████▎| 237/253 [00:49<00:02,  5.99it/s][A

 94%|█████████▍| 238/253 [00:49<00:02,  6.13it/s][A

 94%|█████████▍| 239/253 [00:50<00:02,  6.43it/s][A

 95%|█████████▍| 240/253 [00:50<00:01,  6.57it/s][A

 95%|█████████▌| 241/253 [00:50<00:01,  6.69it/s][A

 96%|█████████▌| 242/253 [00:50<00:01,  6.70it/s][A

 96%|█████████▌| 243/253 [00:50<00:01,  6.29it/s][A

 96%|█████████▋| 244/253 [00:50<00:01,  6.09it/s][A

 97%|█████████▋| 245/253 [00:51<00:01,  6.22it/s][A

 97%|█████████▋| 246/253 [00:51<00:01,  5.90it/s][A

 98%|█████████▊| 247/253 [00:51<00:01,  5.97it/s][A

 98%|█████████▊| 248/253 [00:51<00:00,  6.14it/s][A

 98%|█████████▊| 249/253 [00:51<00:00,  5.15it/s][A

 99%|█████████▉| 250/253 [00:51<00:00,  5.40it/s][A

 99%|█████████▉| 251/253 [00:52<00:00,  4.08it/s][A

100%|█████████▉| 252/253 [00:52<00:00,  4.40it/s][A

100%|██████████| 253/253 [00:52<00:00,  4.44it/s][A
                                                     

                                                 
[A{'eval_loss': '1.457', 'eval_runtime': '52.9', 'eval_samples_per_second': '9.565', 'eval_steps_per_second': '4.783', 'eval_entropy': '1.399', 'eval_num_tokens': '2.286e+06', 'eval_mean_token_accuracy': '0.6254', 'epoch': '2'}

100%|██████████| 1100/1100 [1:11:03<00:00,  3.03s/it]

100%|██████████| 253/253 [00:52<00:00,  4.44it/s][A

                                                 [A
                                                     
{'train_runtime': '4265', 'train_samples_per_second': '2.062', 'train_steps_per_second': '0.258', 'train_loss': '1.618', 'epoch': '2'}

100%|██████████| 1100/1100 [1:11:04<00:00,  3.03s/it]
100%|██████████| 1100/1100 [1:11:04<00:00,  3.88s/it]
***** train metrics *****
  total_flos               = 96762042GF
  train_loss               =     1.6181
  train_runtime            = 1:11:04.86
  train_samples_per_second =      2.062
  train_steps_per_second   =      0.258

  0%|          | 0/253 [00:00<?, ?it/s]
  1%|          | 2/253 [00:00<00:33,  7.54it/s]
  1%|          | 3/253 [00:00<00:40,  6.25it/s]
  2%|▏         | 4/253 [00:00<00:47,  5.20it/s]
  2%|▏         | 5/253 [00:00<00:49,  5.06it/s]
  2%|▏         | 6/253 [00:01<00:51,  4.75it/s]
  3%|▎         | 7/253 [00:01<00:48,  5.06it/s]
  3%|▎         | 8/253 [00:01<00:45,  5.39it/s]
  4%|▎         | 9/253 [00:01<00:41,  5.85it/s]
  4%|▍         | 10/253 [00:01<00:41,  5.91it/s]
  4%|▍         | 11/253 [00:01<00:43,  5.62it/s]
  5%|▍         | 12/253 [00:02<00:42,  5.74it/s]
  5%|▌         | 13/253 [00:02<00:43,  5.52it/s]
  6%|▌         | 14/253 [00:02<00:43,  5.55it/s]
  6%|▌         | 15/253 [00:02<00:41,  5.69it/s]
  6%|▋         | 16/253 [00:02<00:40,  5.89it/s]
  7%|▋         | 17/253 [00:03<00:41,  5.74it/s]
  7%|▋         | 18/253 [00:03<00:41,  5.61it/s]
  8%|▊         | 19/253 [00:03<00:41,  5.62it/s]
  8%|▊         | 20/253 [00:03<00:44,  5.29it/s]
  8%|▊         | 21/253 [00:03<00:42,  5.42it/s]
  9%|▊         | 22/253 [00:04<00:48,  4.75it/s]
  9%|▉         | 23/253 [00:04<00:48,  4.73it/s]
  9%|▉         | 24/253 [00:04<00:53,  4.29it/s]
 10%|▉         | 25/253 [00:04<00:57,  3.98it/s]
 10%|█         | 26/253 [00:05<00:54,  4.20it/s]
 11%|█         | 27/253 [00:05<00:56,  4.02it/s]
 11%|█         | 28/253 [00:05<01:06,  3.36it/s]
 11%|█▏        | 29/253 [00:05<01:03,  3.52it/s]
 12%|█▏        | 30/253 [00:06<01:00,  3.68it/s]
 12%|█▏        | 31/253 [00:06<00:53,  4.13it/s]
 13%|█▎        | 32/253 [00:06<00:52,  4.20it/s]
 13%|█▎        | 33/253 [00:06<00:50,  4.33it/s]
 13%|█▎        | 34/253 [00:07<00:48,  4.53it/s]
 14%|█▍        | 35/253 [00:07<00:46,  4.72it/s]
 14%|█▍        | 36/253 [00:07<00:42,  5.16it/s]
 15%|█▍        | 37/253 [00:07<00:38,  5.64it/s]
 15%|█▌        | 38/253 [00:07<00:39,  5.45it/s]
 15%|█▌        | 39/253 [00:07<00:38,  5.63it/s]
 16%|█▌        | 40/253 [00:08<00:37,  5.66it/s]
 16%|█▌        | 41/253 [00:08<00:36,  5.80it/s]
 17%|█▋        | 42/253 [00:08<00:37,  5.68it/s]
 17%|█▋        | 43/253 [00:08<00:38,  5.47it/s]
 17%|█▋        | 44/253 [00:08<00:37,  5.61it/s]
 18%|█▊        | 45/253 [00:08<00:35,  5.90it/s]
 18%|█▊        | 46/253 [00:09<00:34,  5.96it/s]
 19%|█▊        | 47/253 [00:09<00:35,  5.86it/s]
 19%|█▉        | 48/253 [00:09<00:34,  5.99it/s]
 19%|█▉        | 49/253 [00:09<00:34,  5.96it/s]
 20%|█▉        | 50/253 [00:09<00:34,  5.95it/s]
 20%|██        | 51/253 [00:09<00:37,  5.43it/s]
 21%|██        | 52/253 [00:10<00:36,  5.47it/s]
 21%|██        | 53/253 [00:10<00:38,  5.24it/s]
 21%|██▏       | 54/253 [00:10<00:36,  5.41it/s]
 22%|██▏       | 55/253 [00:10<00:46,  4.23it/s]
 22%|██▏       | 56/253 [00:11<00:49,  3.97it/s]
 23%|██▎       | 57/253 [00:11<00:48,  4.04it/s]
 23%|██▎       | 58/253 [00:11<00:45,  4.33it/s]
 23%|██▎       | 59/253 [00:11<00:46,  4.15it/s]
 24%|██▎       | 60/253 [00:12<00:43,  4.49it/s]
 24%|██▍       | 61/253 [00:12<00:43,  4.37it/s]
 25%|██▍       | 62/253 [00:12<00:42,  4.53it/s]
 25%|██▍       | 63/253 [00:12<00:39,  4.85it/s]
 25%|██▌       | 64/253 [00:12<00:39,  4.81it/s]
 26%|██▌       | 65/253 [00:13<00:41,  4.50it/s]
 26%|██▌       | 66/253 [00:13<00:39,  4.76it/s]
 26%|██▋       | 67/253 [00:13<00:39,  4.70it/s]
 27%|██▋       | 68/253 [00:13<00:38,  4.82it/s]
 27%|██▋       | 69/253 [00:13<00:35,  5.12it/s]
 28%|██▊       | 70/253 [00:14<00:33,  5.42it/s]
 28%|██▊       | 71/253 [00:14<00:32,  5.62it/s]
 28%|██▊       | 72/253 [00:14<00:31,  5.80it/s]
 29%|██▉       | 73/253 [00:14<00:30,  5.92it/s]
 29%|██▉       | 74/253 [00:14<00:29,  6.02it/s]
 30%|██▉       | 75/253 [00:14<00:29,  5.96it/s]
 30%|███       | 76/253 [00:15<00:29,  5.97it/s]
 30%|███       | 77/253 [00:15<00:29,  5.99it/s]
 31%|███       | 78/253 [00:15<00:29,  6.01it/s]
 31%|███       | 79/253 [00:15<00:29,  5.96it/s]
 32%|███▏      | 80/253 [00:15<00:29,  5.92it/s]
 32%|███▏      | 81/253 [00:15<00:30,  5.71it/s]
 32%|███▏      | 82/253 [00:16<00:32,  5.30it/s]
 33%|███▎      | 83/253 [00:16<00:33,  5.05it/s]
 33%|███▎      | 84/253 [00:16<00:35,  4.76it/s]
 34%|███▎      | 85/253 [00:16<00:37,  4.48it/s]
 34%|███▍      | 86/253 [00:17<00:37,  4.43it/s]
 34%|███▍      | 87/253 [00:17<00:36,  4.60it/s]
 35%|███▍      | 88/253 [00:17<00:35,  4.65it/s]
 35%|███▌      | 89/253 [00:17<00:38,  4.23it/s]
 36%|███▌      | 90/253 [00:18<00:38,  4.19it/s]
 36%|███▌      | 91/253 [00:18<00:43,  3.73it/s]
 36%|███▋      | 92/253 [00:18<00:40,  3.99it/s]
 37%|███▋      | 93/253 [00:18<00:42,  3.78it/s]
 37%|███▋      | 94/253 [00:19<00:41,  3.83it/s]
 38%|███▊      | 95/253 [00:19<00:43,  3.59it/s]
 38%|███▊      | 96/253 [00:19<00:39,  3.93it/s]
 38%|███▊      | 97/253 [00:19<00:38,  4.07it/s]
 39%|███▊      | 98/253 [00:20<00:37,  4.09it/s]
 39%|███▉      | 99/253 [00:20<00:35,  4.39it/s]
 40%|███▉      | 100/253 [00:20<00:32,  4.66it/s]
 40%|███▉      | 101/253 [00:20<00:35,  4.29it/s]
 40%|████      | 102/253 [00:20<00:32,  4.60it/s]
 41%|████      | 103/253 [00:21<00:31,  4.84it/s]
 41%|████      | 104/253 [00:21<00:29,  5.05it/s]
 42%|████▏     | 105/253 [00:21<00:28,  5.19it/s]
 42%|████▏     | 106/253 [00:21<00:30,  4.76it/s]
 42%|████▏     | 107/253 [00:21<00:29,  4.91it/s]
 43%|████▎     | 108/253 [00:22<00:28,  5.02it/s]
 43%|████▎     | 109/253 [00:22<00:28,  5.14it/s]
 43%|████▎     | 110/253 [00:22<00:28,  5.08it/s]
 44%|████▍     | 111/253 [00:22<00:28,  5.01it/s]
 44%|████▍     | 112/253 [00:22<00:30,  4.68it/s]
 45%|████▍     | 113/253 [00:23<00:33,  4.12it/s]
 45%|████▌     | 114/253 [00:23<00:37,  3.74it/s]
 45%|████▌     | 115/253 [00:23<00:37,  3.68it/s]
 46%|████▌     | 116/253 [00:24<00:36,  3.73it/s]
 46%|████▌     | 117/253 [00:24<00:34,  3.93it/s]
 47%|████▋     | 118/253 [00:24<00:32,  4.21it/s]
 47%|████▋     | 119/253 [00:24<00:32,  4.10it/s]
 47%|████▋     | 120/253 [00:25<00:38,  3.43it/s]
 48%|████▊     | 121/253 [00:25<00:36,  3.58it/s]
 48%|████▊     | 122/253 [00:25<00:34,  3.83it/s]
 49%|████▊     | 123/253 [00:25<00:34,  3.82it/s]
 49%|████▉     | 124/253 [00:26<00:34,  3.77it/s]
 49%|████▉     | 125/253 [00:26<00:36,  3.51it/s]
 50%|████▉     | 126/253 [00:26<00:33,  3.74it/s]
 50%|█████     | 127/253 [00:27<00:33,  3.76it/s]
 51%|█████     | 128/253 [00:27<00:35,  3.54it/s]
 51%|█████     | 129/253 [00:27<00:35,  3.51it/s]
 51%|█████▏    | 130/253 [00:27<00:32,  3.75it/s]
 52%|█████▏    | 131/253 [00:28<00:32,  3.71it/s]
 52%|█████▏    | 132/253 [00:28<00:31,  3.78it/s]
 53%|█████▎    | 133/253 [00:28<00:35,  3.39it/s]
 53%|█████▎    | 134/253 [00:29<00:34,  3.50it/s]
 53%|█████▎    | 135/253 [00:29<00:36,  3.20it/s]
 54%|█████▍    | 136/253 [00:29<00:35,  3.32it/s]
 54%|█████▍    | 137/253 [00:29<00:33,  3.46it/s]
 55%|█████▍    | 138/253 [00:30<00:30,  3.73it/s]
 55%|█████▍    | 139/253 [00:30<00:28,  4.02it/s]
 55%|█████▌    | 140/253 [00:30<00:25,  4.50it/s]
 56%|█████▌    | 141/253 [00:30<00:23,  4.71it/s]
 56%|█████▌    | 142/253 [00:30<00:24,  4.46it/s]
 57%|█████▋    | 143/253 [00:31<00:24,  4.50it/s]
 57%|█████▋    | 144/253 [00:31<00:23,  4.68it/s]
 57%|█████▋    | 145/253 [00:31<00:22,  4.75it/s]
 58%|█████▊    | 146/253 [00:32<00:31,  3.37it/s]
 58%|█████▊    | 147/253 [00:32<00:29,  3.65it/s]
 58%|█████▊    | 148/253 [00:32<00:30,  3.43it/s]
 59%|█████▉    | 149/253 [00:32<00:31,  3.28it/s]
 59%|█████▉    | 150/253 [00:33<00:30,  3.37it/s]
 60%|█████▉    | 151/253 [00:33<00:29,  3.50it/s]
 60%|██████    | 152/253 [00:33<00:25,  3.98it/s]
 60%|██████    | 153/253 [00:33<00:25,  3.87it/s]
 61%|██████    | 154/253 [00:34<00:24,  4.02it/s]
 61%|██████▏   | 155/253 [00:34<00:22,  4.43it/s]
 62%|██████▏   | 156/253 [00:34<00:22,  4.26it/s]
 62%|██████▏   | 157/253 [00:34<00:22,  4.23it/s]
 62%|██████▏   | 158/253 [00:35<00:27,  3.49it/s]
 63%|██████▎   | 159/253 [00:35<00:24,  3.76it/s]
 63%|██████▎   | 160/253 [00:35<00:24,  3.86it/s]
 64%|██████▎   | 161/253 [00:35<00:22,  4.17it/s]
 64%|██████▍   | 162/253 [00:36<00:24,  3.67it/s]
 64%|██████▍   | 163/253 [00:36<00:23,  3.91it/s]
 65%|██████▍   | 164/253 [00:36<00:21,  4.13it/s]
 65%|██████▌   | 165/253 [00:36<00:21,  4.17it/s]
 66%|██████▌   | 166/253 [00:37<00:23,  3.69it/s]
 66%|██████▌   | 167/253 [00:37<00:22,  3.86it/s]
 66%|██████▋   | 168/253 [00:37<00:27,  3.13it/s]
 67%|██████▋   | 169/253 [00:38<00:29,  2.85it/s]
 67%|██████▋   | 170/253 [00:38<00:25,  3.22it/s]
 68%|██████▊   | 171/253 [00:38<00:27,  2.98it/s]
 68%|██████▊   | 172/253 [00:39<00:27,  2.99it/s]
 68%|██████▊   | 173/253 [00:39<00:23,  3.42it/s]
 69%|██████▉   | 174/253 [00:39<00:22,  3.50it/s]
 69%|██████▉   | 175/253 [00:39<00:19,  3.91it/s]
 70%|██████▉   | 176/253 [00:40<00:17,  4.37it/s]
 70%|██████▉   | 177/253 [00:40<00:16,  4.51it/s]
 70%|███████   | 178/253 [00:40<00:18,  4.04it/s]
 71%|███████   | 179/253 [00:40<00:18,  4.07it/s]
 71%|███████   | 180/253 [00:41<00:17,  4.29it/s]
 72%|███████▏  | 181/253 [00:41<00:15,  4.55it/s]
 72%|███████▏  | 182/253 [00:41<00:15,  4.68it/s]
 72%|███████▏  | 183/253 [00:41<00:14,  4.97it/s]
 73%|███████▎  | 184/253 [00:41<00:12,  5.44it/s]
 73%|███████▎  | 185/253 [00:41<00:12,  5.31it/s]
 74%|███████▎  | 186/253 [00:42<00:13,  4.83it/s]
 74%|███████▍  | 187/253 [00:42<00:14,  4.63it/s]
 74%|███████▍  | 188/253 [00:42<00:13,  4.71it/s]
 75%|███████▍  | 189/253 [00:42<00:15,  4.15it/s]
 75%|███████▌  | 190/253 [00:43<00:14,  4.25it/s]
 75%|███████▌  | 191/253 [00:43<00:13,  4.62it/s]
 76%|███████▌  | 192/253 [00:43<00:12,  5.05it/s]
 76%|███████▋  | 193/253 [00:43<00:12,  4.94it/s]
 77%|███████▋  | 194/253 [00:43<00:11,  4.94it/s]
 77%|███████▋  | 195/253 [00:44<00:11,  4.98it/s]
 77%|███████▋  | 196/253 [00:44<00:11,  4.86it/s]
 78%|███████▊  | 197/253 [00:44<00:16,  3.47it/s]
 78%|███████▊  | 198/253 [00:45<00:14,  3.72it/s]
 79%|███████▊  | 199/253 [00:45<00:13,  3.89it/s]
 79%|███████▉  | 200/253 [00:45<00:12,  4.31it/s]
 79%|███████▉  | 201/253 [00:45<00:12,  4.13it/s]
 80%|███████▉  | 202/253 [00:46<00:13,  3.71it/s]
 80%|████████  | 203/253 [00:46<00:13,  3.79it/s]
 81%|████████  | 204/253 [00:46<00:15,  3.15it/s]
 81%|████████  | 205/253 [00:47<00:15,  3.08it/s]
 81%|████████▏ | 206/253 [00:47<00:12,  3.67it/s]
 82%|████████▏ | 207/253 [00:47<00:11,  4.03it/s]
 82%|████████▏ | 208/253 [00:47<00:10,  4.35it/s]
 83%|████████▎ | 209/253 [00:47<00:09,  4.51it/s]
 83%|████████▎ | 210/253 [00:48<00:08,  4.87it/s]
 83%|████████▎ | 211/253 [00:48<00:08,  5.25it/s]
 84%|████████▍ | 212/253 [00:48<00:07,  5.28it/s]
 84%|████████▍ | 213/253 [00:48<00:07,  5.52it/s]
 85%|████████▍ | 214/253 [00:48<00:06,  5.78it/s]
 85%|████████▍ | 215/253 [00:48<00:06,  5.99it/s]
 85%|████████▌ | 216/253 [00:49<00:06,  5.37it/s]
 86%|████████▌ | 217/253 [00:49<00:06,  5.29it/s]
 86%|████████▌ | 218/253 [00:49<00:06,  5.36it/s]
 87%|████████▋ | 219/253 [00:49<00:06,  5.51it/s]
 87%|████████▋ | 220/253 [00:49<00:05,  5.54it/s]
 87%|████████▋ | 221/253 [00:50<00:06,  4.76it/s]
 88%|████████▊ | 222/253 [00:50<00:06,  4.46it/s]
 88%|████████▊ | 223/253 [00:50<00:06,  4.72it/s]
 89%|████████▊ | 224/253 [00:50<00:06,  4.32it/s]
 89%|████████▉ | 225/253 [00:51<00:07,  3.82it/s]
 89%|████████▉ | 226/253 [00:51<00:07,  3.64it/s]
 90%|████████▉ | 227/253 [00:51<00:06,  3.73it/s]
 90%|█████████ | 228/253 [00:52<00:10,  2.44it/s]
 91%|█████████ | 229/253 [00:52<00:08,  2.70it/s]
 91%|█████████ | 230/253 [00:53<00:09,  2.45it/s]
 91%|█████████▏| 231/253 [00:53<00:08,  2.70it/s]
 92%|█████████▏| 232/253 [00:53<00:06,  3.18it/s]
 92%|█████████▏| 233/253 [00:53<00:05,  3.57it/s]
 92%|█████████▏| 234/253 [00:54<00:04,  3.99it/s]
 93%|█████████▎| 235/253 [00:54<00:04,  4.24it/s]
 93%|█████████▎| 236/253 [00:54<00:03,  4.58it/s]
 94%|█████████▎| 237/253 [00:54<00:03,  4.39it/s]
 94%|█████████▍| 238/253 [00:54<00:03,  4.68it/s]
 94%|█████████▍| 239/253 [00:54<00:02,  5.13it/s]
 95%|█████████▍| 240/253 [00:55<00:02,  4.63it/s]
 95%|█████████▌| 241/253 [00:55<00:02,  4.61it/s]
 96%|█████████▌| 242/253 [00:55<00:02,  4.47it/s]
 96%|█████████▌| 243/253 [00:55<00:02,  4.29it/s]
 96%|█████████▋| 244/253 [00:56<00:02,  3.64it/s]
 97%|█████████▋| 245/253 [00:56<00:01,  4.03it/s]
 97%|█████████▋| 246/253 [00:56<00:01,  4.13it/s]
 98%|█████████▊| 247/253 [00:56<00:01,  4.11it/s]
 98%|█████████▊| 248/253 [00:57<00:01,  4.05it/s]
 98%|█████████▊| 249/253 [00:57<00:01,  3.91it/s]
 99%|█████████▉| 250/253 [00:57<00:00,  3.93it/s]
 99%|█████████▉| 251/253 [00:57<00:00,  4.32it/s]
100%|█████████▉| 252/253 [00:58<00:00,  4.20it/s]
100%|██████████| 253/253 [00:58<00:00,  4.20it/s]
100%|██████████| 253/253 [00:58<00:00,  4.33it/s]
***** eval metrics *****
  eval_loss               =     1.4574
  eval_runtime            = 0:00:58.81
  eval_samples_per_second =      8.603
  eval_steps_per_second   =      4.301
post-train generation: 10/150
post-train generation: 20/150
post-train generation: 30/150
post-train generation: 40/150
post-train generation: 50/150
post-train generation: 60/150
post-train generation: 70/150
post-train generation: 80/150
post-train generation: 90/150
post-train generation: 100/150
post-train generation: 110/150
post-train generation: 120/150
post-train generation: 130/150
post-train generation: 140/150
post-train generation: 150/150
Saved post-train test generations to /data2/songxinshuai/linsihan/ecommerce_assistant/outputs/lora_ablation_jddc_rebuild_v2/rank4_qv_qlora/post_train_test_generations.jsonl
[rank0]:[W530 02:45:06.165718221 ProcessGroupNCCL.cpp:1496] Warning: WARNING: destroy_process_group() was not called before program exit, which can leak resources. For more info, please see https://pytorch.org/docs/stable/distributed.html#shutdown (function operator())
