W0530 04:50:36.057000 2678480 site-packages/torch/distributed/run.py:792] 
W0530 04:50:36.057000 2678480 site-packages/torch/distributed/run.py:792] *****************************************
W0530 04:50:36.057000 2678480 site-packages/torch/distributed/run.py:792] Setting OMP_NUM_THREADS environment variable for each process to be 1 in default, to avoid your system being overloaded, please further tune the variable for optimal performance in your application as needed. 
W0530 04:50:36.057000 2678480 site-packages/torch/distributed/run.py:792] *****************************************
eval: total=506, usable=506, skipped=0, truncated=0, max_length=409
train: total=4397, usable=4397, skipped=0, truncated=0, max_length=532
[transformers] `torch_dtype` is deprecated! Use `dtype` instead!
eval: total=506, usable=506, skipped=0, truncated=0, max_length=409
train: total=4397, usable=4397, skipped=0, truncated=0, max_length=532
[transformers] `torch_dtype` is deprecated! Use `dtype` instead!

Loading weights:   0%|          | 0/399 [00:00<?, ?it/s]
Loading weights:   0%|          | 1/399 [00:02<14:23,  2.17s/it]
Loading weights:   0%|          | 0/399 [00:00<?, ?it/s]
Loading weights:   1%|          | 2/399 [00:04<14:57,  2.26s/it]
Loading weights:   1%|          | 4/399 [00:04<05:59,  1.10it/s]
Loading weights:   1%|▏         | 5/399 [00:04<04:28,  1.47it/s]
Loading weights:   2%|▏         | 6/399 [00:05<03:25,  1.91it/s]
Loading weights:   0%|          | 1/399 [00:02<17:28,  2.63s/it]
Loading weights:   3%|▎         | 12/399 [00:05<01:01,  6.30it/s]
Loading weights:   4%|▍         | 15/399 [00:05<00:47,  8.05it/s]
Loading weights:   4%|▍         | 17/399 [00:05<00:52,  7.28it/s]
Loading weights:   6%|▌         | 23/399 [00:05<00:29, 12.64it/s]
Loading weights:   7%|▋         | 26/399 [00:06<00:27, 13.66it/s]
Loading weights:   7%|▋         | 29/399 [00:06<00:31, 11.82it/s]
Loading weights:   9%|▊         | 34/399 [00:06<00:22, 16.43it/s]
Loading weights:   9%|▉         | 37/399 [00:06<00:22, 15.79it/s]
Loading weights:  10%|█         | 40/399 [00:07<00:27, 13.17it/s]
Loading weights:  11%|█▏        | 45/399 [00:07<00:20, 17.44it/s]
Loading weights:   1%|          | 2/399 [00:04<15:47,  2.39s/it]
Loading weights:  12%|█▏        | 48/399 [00:07<00:21, 16.61it/s]
Loading weights:   1%|          | 4/399 [00:05<06:39,  1.01s/it]
Loading weights:  13%|█▎        | 51/399 [00:07<00:24, 14.06it/s]
Loading weights:  14%|█▍        | 56/399 [00:07<00:18, 18.86it/s]
Loading weights:   1%|▏         | 5/399 [00:05<04:53,  1.34it/s]
Loading weights:   2%|▏         | 6/399 [00:05<03:40,  1.78it/s]
Loading weights:  15%|█▍        | 59/399 [00:07<00:18, 18.69it/s]
Loading weights:   3%|▎         | 12/399 [00:05<01:06,  5.83it/s]
Loading weights:  16%|█▌        | 62/399 [00:08<00:23, 14.59it/s]
Loading weights:   4%|▍         | 15/399 [00:05<00:52,  7.32it/s]
Loading weights:  17%|█▋        | 67/399 [00:08<00:17, 19.29it/s]
Loading weights:  18%|█▊        | 70/399 [00:08<00:17, 18.64it/s]
Loading weights:   4%|▍         | 17/399 [00:06<00:54,  7.02it/s]
Loading weights:   6%|▌         | 23/399 [00:06<00:30, 12.41it/s]
Loading weights:   7%|▋         | 26/399 [00:06<00:28, 13.01it/s]
Loading weights:  18%|█▊        | 73/399 [00:08<00:23, 13.81it/s]
Loading weights:  20%|█▉        | 78/399 [00:09<00:17, 18.26it/s]
Loading weights:   7%|▋         | 29/399 [00:06<00:32, 11.35it/s]
Loading weights:  20%|██        | 81/399 [00:09<00:18, 17.16it/s]
Loading weights:   9%|▊         | 34/399 [00:07<00:23, 15.22it/s]
Loading weights:   9%|▉         | 37/399 [00:07<00:23, 15.40it/s]
Loading weights:  21%|██        | 84/399 [00:09<00:23, 13.41it/s]
Loading weights:  22%|██▏       | 89/399 [00:09<00:17, 17.76it/s]
Loading weights:  10%|▉         | 39/399 [00:07<00:30, 11.68it/s]
Loading weights:  23%|██▎       | 92/399 [00:09<00:17, 17.14it/s]
Loading weights:  11%|█▏        | 45/399 [00:07<00:20, 17.51it/s]
Loading weights:  12%|█▏        | 48/399 [00:07<00:19, 17.59it/s]
Loading weights:  24%|██▍       | 95/399 [00:10<00:21, 13.83it/s]
Loading weights:  25%|██▌       | 100/399 [00:10<00:16, 18.46it/s]
Loading weights:  26%|██▌       | 103/399 [00:10<00:16, 18.23it/s]
Loading weights:  13%|█▎        | 51/399 [00:08<00:25, 13.89it/s]
Loading weights:  14%|█▍        | 56/399 [00:08<00:18, 18.84it/s]
Loading weights:  15%|█▍        | 59/399 [00:08<00:18, 18.83it/s]
Loading weights:  27%|██▋       | 106/399 [00:10<00:19, 14.98it/s]
Loading weights:  28%|██▊       | 111/399 [00:11<00:14, 20.06it/s]
Loading weights:  29%|██▊       | 114/399 [00:11<00:15, 18.74it/s]
Loading weights:  16%|█▌        | 62/399 [00:08<00:23, 14.54it/s]
Loading weights:  17%|█▋        | 67/399 [00:08<00:18, 18.41it/s]
Loading weights:  29%|██▉       | 117/399 [00:11<00:19, 14.58it/s]
Loading weights:  18%|█▊        | 70/399 [00:09<00:18, 17.45it/s]
Loading weights:  31%|███       | 122/399 [00:11<00:14, 19.06it/s]
Loading weights:  31%|███▏      | 125/399 [00:11<00:15, 17.59it/s]
Loading weights:  18%|█▊        | 73/399 [00:09<00:22, 14.28it/s]
Loading weights:  20%|█▉        | 78/399 [00:09<00:16, 18.98it/s]
Loading weights:  20%|██        | 81/399 [00:09<00:16, 18.79it/s]
Loading weights:  32%|███▏      | 128/399 [00:12<00:19, 14.15it/s]
Loading weights:  33%|███▎      | 133/399 [00:12<00:14, 18.40it/s]
Loading weights:  21%|██        | 84/399 [00:10<00:21, 14.41it/s]
Loading weights:  34%|███▍      | 136/399 [00:12<00:14, 17.99it/s]
Loading weights:  22%|██▏       | 89/399 [00:10<00:16, 18.64it/s]
Loading weights:  23%|██▎       | 92/399 [00:10<00:16, 18.24it/s]
Loading weights:  35%|███▍      | 139/399 [00:12<00:18, 14.40it/s]
Loading weights:  36%|███▌      | 144/399 [00:13<00:13, 18.66it/s]
Loading weights:  37%|███▋      | 147/399 [00:13<00:13, 18.39it/s]
Loading weights:  24%|██▍       | 95/399 [00:10<00:21, 14.40it/s]
Loading weights:  25%|██▌       | 100/399 [00:10<00:15, 19.42it/s]
Loading weights:  26%|██▌       | 103/399 [00:11<00:15, 19.10it/s]
Loading weights:  38%|███▊      | 150/399 [00:13<00:16, 14.88it/s]
Loading weights:  39%|███▉      | 155/399 [00:13<00:12, 19.70it/s]
Loading weights:  40%|███▉      | 158/399 [00:13<00:12, 19.19it/s]
Loading weights:  27%|██▋       | 106/399 [00:11<00:19, 14.89it/s]
Loading weights:  28%|██▊       | 111/399 [00:11<00:14, 19.89it/s]
Loading weights:  29%|██▊       | 114/399 [00:11<00:14, 19.41it/s]
Loading weights:  40%|████      | 161/399 [00:14<00:15, 15.06it/s]
Loading weights:  42%|████▏     | 166/399 [00:14<00:11, 19.88it/s]
Loading weights:  42%|████▏     | 169/399 [00:14<00:12, 18.80it/s]
Loading weights:  29%|██▉       | 117/399 [00:12<00:19, 14.37it/s]
Loading weights:  31%|███       | 122/399 [00:12<00:14, 19.22it/s]
Loading weights:  31%|███▏      | 125/399 [00:12<00:14, 18.69it/s]
Loading weights:  43%|████▎     | 172/399 [00:14<00:15, 14.44it/s]
Loading weights:  44%|████▍     | 177/399 [00:14<00:11, 19.24it/s]
Loading weights:  45%|████▌     | 180/399 [00:15<00:11, 18.58it/s]
Loading weights:  32%|███▏      | 128/399 [00:12<00:18, 14.79it/s]
Loading weights:  33%|███▎      | 133/399 [00:12<00:13, 19.46it/s]
Loading weights:  34%|███▍      | 136/399 [00:12<00:14, 18.63it/s]
Loading weights:  46%|████▌     | 183/399 [00:15<00:14, 14.44it/s]
Loading weights:  47%|████▋     | 188/399 [00:15<00:10, 19.19it/s]
Loading weights:  35%|███▍      | 139/399 [00:13<00:17, 14.50it/s]
Loading weights:  48%|████▊     | 191/399 [00:15<00:11, 18.39it/s]
Loading weights:  36%|███▌      | 144/399 [00:13<00:13, 19.39it/s]
Loading weights:  37%|███▋      | 147/399 [00:13<00:13, 18.46it/s]
Loading weights:  49%|████▊     | 194/399 [00:16<00:14, 13.96it/s]
Loading weights:  50%|████▉     | 199/399 [00:16<00:10, 18.60it/s]
Loading weights:  38%|███▊      | 150/399 [00:13<00:17, 14.31it/s]
Loading weights:  51%|█████     | 202/399 [00:16<00:11, 17.82it/s]
Loading weights:  39%|███▉      | 155/399 [00:14<00:12, 18.83it/s]
Loading weights:  40%|███▉      | 158/399 [00:14<00:12, 18.99it/s]
Loading weights:  51%|█████▏    | 205/399 [00:16<00:13, 14.86it/s]
Loading weights:  53%|█████▎    | 210/399 [00:16<00:09, 19.91it/s]
Loading weights:  40%|████      | 161/399 [00:14<00:15, 15.31it/s]
Loading weights:  53%|█████▎    | 213/399 [00:16<00:09, 18.67it/s]
Loading weights:  42%|████▏     | 166/399 [00:14<00:11, 20.35it/s]
Loading weights:  42%|████▏     | 169/399 [00:14<00:12, 18.70it/s]
Loading weights:  54%|█████▍    | 216/399 [00:17<00:12, 14.84it/s]
Loading weights:  55%|█████▌    | 221/399 [00:17<00:09, 19.66it/s]
Loading weights:  43%|████▎     | 172/399 [00:15<00:15, 14.87it/s]
Loading weights:  56%|█████▌    | 224/399 [00:17<00:09, 18.15it/s]
Loading weights:  44%|████▍     | 177/399 [00:15<00:11, 19.55it/s]
Loading weights:  45%|████▌     | 180/399 [00:15<00:11, 18.31it/s]
Loading weights:  57%|█████▋    | 227/399 [00:17<00:12, 14.15it/s]
Loading weights:  58%|█████▊    | 232/399 [00:18<00:09, 18.38it/s]
Loading weights:  46%|████▌     | 183/399 [00:15<00:14, 14.58it/s]
Loading weights:  59%|█████▉    | 235/399 [00:18<00:09, 17.65it/s]
Loading weights:  47%|████▋     | 188/399 [00:15<00:11, 18.96it/s]
Loading weights:  48%|████▊     | 191/399 [00:16<00:11, 17.50it/s]
Loading weights:  60%|█████▉    | 238/399 [00:18<00:11, 14.16it/s]
Loading weights:  61%|██████    | 243/399 [00:18<00:08, 18.84it/s]
Loading weights:  49%|████▊     | 194/399 [00:16<00:14, 14.27it/s]
Loading weights:  62%|██████▏   | 246/399 [00:18<00:08, 18.43it/s]
Loading weights:  50%|████▉     | 199/399 [00:16<00:10, 19.34it/s]
Loading weights:  51%|█████     | 202/399 [00:16<00:10, 18.47it/s]
Loading weights:  62%|██████▏   | 249/399 [00:19<00:09, 15.13it/s]
Loading weights:  64%|██████▎   | 254/399 [00:19<00:07, 20.10it/s]
Loading weights:  51%|█████▏    | 205/399 [00:17<00:12, 15.05it/s]
Loading weights:  64%|██████▍   | 257/399 [00:19<00:07, 19.24it/s]
Loading weights:  53%|█████▎    | 210/399 [00:17<00:09, 20.00it/s]
Loading weights:  53%|█████▎    | 213/399 [00:17<00:09, 19.31it/s]
Loading weights:  65%|██████▌   | 260/399 [00:19<00:09, 14.30it/s]
Loading weights:  66%|██████▋   | 265/399 [00:20<00:07, 19.07it/s]
Loading weights:  54%|█████▍    | 216/399 [00:17<00:12, 14.88it/s]
Loading weights:  67%|██████▋   | 268/399 [00:20<00:07, 17.89it/s]
Loading weights:  55%|█████▌    | 221/399 [00:17<00:09, 19.54it/s]
Loading weights:  56%|█████▌    | 224/399 [00:18<00:09, 18.81it/s]
Loading weights:  68%|██████▊   | 271/399 [00:20<00:08, 14.37it/s]
Loading weights:  69%|██████▉   | 276/399 [00:20<00:06, 19.05it/s]
Loading weights:  57%|█████▋    | 227/399 [00:18<00:11, 14.95it/s]
Loading weights:  70%|██████▉   | 279/399 [00:20<00:06, 18.31it/s]
Loading weights:  58%|█████▊    | 232/399 [00:18<00:08, 19.75it/s]
Loading weights:  59%|█████▉    | 235/399 [00:18<00:08, 18.29it/s]
Loading weights:  71%|███████   | 282/399 [00:21<00:08, 14.52it/s]
Loading weights:  72%|███████▏  | 287/399 [00:21<00:05, 19.18it/s]
Loading weights:  60%|█████▉    | 238/399 [00:18<00:11, 14.38it/s]
Loading weights:  73%|███████▎  | 290/399 [00:21<00:06, 18.14it/s]
Loading weights:  61%|██████    | 243/399 [00:19<00:08, 19.32it/s]
Loading weights:  62%|██████▏   | 246/399 [00:19<00:08, 18.34it/s]
Loading weights:  73%|███████▎  | 293/399 [00:21<00:07, 14.16it/s]
Loading weights:  75%|███████▍  | 298/399 [00:21<00:05, 19.00it/s]
Loading weights:  62%|██████▏   | 249/399 [00:19<00:10, 14.29it/s]
Loading weights:  75%|███████▌  | 301/399 [00:22<00:05, 18.16it/s]
Loading weights:  64%|██████▎   | 254/399 [00:19<00:07, 19.20it/s]
Loading weights:  64%|██████▍   | 257/399 [00:19<00:07, 18.42it/s]
Loading weights:  76%|███████▌  | 304/399 [00:22<00:06, 13.76it/s]
Loading weights:  77%|███████▋  | 309/399 [00:22<00:04, 18.71it/s]
Loading weights:  65%|██████▌   | 260/399 [00:20<00:09, 14.94it/s]
Loading weights:  66%|██████▋   | 265/399 [00:20<00:06, 20.27it/s]
Loading weights:  78%|███████▊  | 312/399 [00:22<00:04, 18.95it/s]
Loading weights:  67%|██████▋   | 268/399 [00:20<00:06, 20.32it/s]
Loading weights:  79%|███████▉  | 315/399 [00:23<00:05, 15.70it/s]
Loading weights:  80%|████████  | 320/399 [00:23<00:03, 20.55it/s]
Loading weights:  68%|██████▊   | 271/399 [00:20<00:08, 15.68it/s]
Loading weights:  69%|██████▉   | 276/399 [00:20<00:05, 20.84it/s]
Loading weights:  81%|████████  | 323/399 [00:23<00:03, 19.80it/s]
Loading weights:  70%|██████▉   | 279/399 [00:21<00:06, 19.88it/s]
Loading weights:  82%|████████▏ | 326/399 [00:23<00:04, 15.31it/s]
Loading weights:  83%|████████▎ | 331/399 [00:23<00:03, 20.56it/s]
Loading weights:  71%|███████   | 282/399 [00:21<00:07, 15.37it/s]
Loading weights:  72%|███████▏  | 287/399 [00:21<00:05, 19.86it/s]
Loading weights:  84%|████████▎ | 334/399 [00:24<00:03, 18.36it/s]
Loading weights:  73%|███████▎  | 290/399 [00:21<00:05, 19.25it/s]
Loading weights:  84%|████████▍ | 337/399 [00:24<00:04, 13.98it/s]
Loading weights:  73%|███████▎  | 293/399 [00:22<00:07, 15.08it/s]
Loading weights:  86%|████████▌ | 342/399 [00:24<00:03, 18.25it/s]
Loading weights:  75%|███████▍  | 298/399 [00:22<00:04, 20.21it/s]
Loading weights:  86%|████████▋ | 345/399 [00:24<00:02, 18.19it/s]
Loading weights:  75%|███████▌  | 301/399 [00:22<00:05, 17.61it/s]
Loading weights:  87%|████████▋ | 348/399 [00:24<00:03, 14.60it/s]
Loading weights:  88%|████████▊ | 353/399 [00:25<00:02, 18.81it/s]
Loading weights:  76%|███████▌  | 304/399 [00:22<00:06, 14.04it/s]
Loading weights:  77%|███████▋  | 309/399 [00:22<00:04, 18.67it/s]
Loading weights:  89%|████████▉ | 356/399 [00:25<00:02, 18.41it/s]
Loading weights:  78%|███████▊  | 312/399 [00:23<00:04, 18.66it/s]
Loading weights:  90%|████████▉ | 359/399 [00:25<00:02, 14.93it/s]
Loading weights:  79%|███████▉  | 315/399 [00:23<00:05, 15.22it/s]
Loading weights:  91%|█████████ | 364/399 [00:25<00:01, 19.11it/s]
Loading weights:  80%|████████  | 320/399 [00:23<00:03, 20.09it/s]
Loading weights:  92%|█████████▏| 367/399 [00:25<00:01, 18.37it/s]
Loading weights:  81%|████████  | 323/399 [00:23<00:03, 19.43it/s]
Loading weights:  93%|█████████▎| 370/399 [00:26<00:01, 14.70it/s]
Loading weights:  82%|████████▏ | 326/399 [00:23<00:04, 14.84it/s]
Loading weights:  94%|█████████▍| 375/399 [00:26<00:01, 19.66it/s]
Loading weights:  83%|████████▎ | 331/399 [00:24<00:03, 19.64it/s]
Loading weights:  95%|█████████▍| 378/399 [00:26<00:01, 19.16it/s]
Loading weights:  84%|████████▎ | 334/399 [00:24<00:03, 19.26it/s]
Loading weights:  95%|█████████▌| 381/399 [00:26<00:01, 15.01it/s]
Loading weights:  84%|████████▍ | 337/399 [00:24<00:04, 15.23it/s]
Loading weights:  97%|█████████▋| 386/399 [00:26<00:00, 19.77it/s]
Loading weights:  86%|████████▌ | 342/399 [00:24<00:02, 19.63it/s]
Loading weights:  97%|█████████▋| 389/399 [00:27<00:00, 18.79it/s]
Loading weights:  86%|████████▋ | 345/399 [00:24<00:02, 18.67it/s]
Loading weights:  98%|█████████▊| 392/399 [00:27<00:00, 14.88it/s]
Loading weights:  87%|████████▋ | 348/399 [00:25<00:03, 14.86it/s]
Loading weights:  99%|█████████▉| 397/399 [00:27<00:00, 19.54it/s]
Loading weights: 100%|██████████| 399/399 [00:27<00:00, 14.44it/s]

Loading weights:  88%|████████▊ | 353/399 [00:25<00:02, 19.70it/s]
Loading weights:  89%|████████▉ | 356/399 [00:25<00:02, 18.45it/s]
Loading weights:  90%|████████▉ | 359/399 [00:25<00:02, 15.13it/s]
Loading weights:  91%|█████████ | 364/399 [00:25<00:01, 20.28it/s][transformers] warmup_ratio is deprecated and will be removed in v5.2. Use `warmup_steps` instead.

Loading weights:  92%|█████████▏| 367/399 [00:26<00:01, 19.65it/s]
Loading weights:  93%|█████████▎| 370/399 [00:26<00:01, 15.54it/s]
Loading weights:  94%|█████████▍| 375/399 [00:26<00:01, 20.74it/s]
Loading weights:  95%|█████████▍| 378/399 [00:26<00:01, 20.34it/s]
Loading weights:  95%|█████████▌| 381/399 [00:26<00:01, 16.40it/s]
Loading weights:  97%|█████████▋| 386/399 [00:27<00:00, 21.62it/s][RANK 0] Detected kernel version 5.4.0, which is below the recommended minimum of 5.5.0; this can cause the process to hang. It is recommended to upgrade the kernel to the minimum version or higher.
Converted 144 low-precision trainable parameters to FP32 for FP16 AMP compatibility.
[transformers] The tokenizer has new PAD/BOS/EOS tokens that differ from the model config and generation config. The model config and generation config were aligned accordingly, being updated with the tokenizer's values. Updated tokens: {'bos_token_id': None, 'pad_token_id': 151643}.

Loading weights:  97%|█████████▋| 389/399 [00:27<00:00, 21.21it/s]
Loading weights:  98%|█████████▊| 392/399 [00:27<00:00, 16.24it/s]
Loading weights:  99%|█████████▉| 397/399 [00:27<00:00, 20.16it/s]
Loading weights: 100%|██████████| 399/399 [00:27<00:00, 14.43it/s]
[transformers] warmup_ratio is deprecated and will be removed in v5.2. Use `warmup_steps` instead.
[transformers] The tokenizer has new PAD/BOS/EOS tokens that differ from the model config and generation config. The model config and generation config were aligned accordingly, being updated with the tokenizer's values. Updated tokens: {'bos_token_id': None, 'pad_token_id': 151643}.

  0%|          | 0/1100 [00:00<?, ?it/s]
  0%|          | 1/1100 [00:04<1:28:43,  4.84s/it]
  0%|          | 2/1100 [00:09<1:22:01,  4.48s/it]
  0%|          | 3/1100 [00:13<1:17:54,  4.26s/it]
  0%|          | 4/1100 [00:17<1:16:54,  4.21s/it]
  0%|          | 5/1100 [00:20<1:12:36,  3.98s/it]
  1%|          | 6/1100 [00:24<1:08:18,  3.75s/it]
  1%|          | 7/1100 [00:27<1:04:50,  3.56s/it]
  1%|          | 8/1100 [00:31<1:10:20,  3.87s/it]
  1%|          | 9/1100 [00:34<1:06:40,  3.67s/it]
  1%|          | 10/1100 [00:38<1:06:08,  3.64s/it]
                                                   
{'loss': '3.766', 'grad_norm': '4.032', 'learning_rate': '1.636e-05', 'entropy': '0.9051', 'num_tokens': '2.099e+04', 'mean_token_accuracy': '0.4687', 'epoch': '0.01819'}

  1%|          | 10/1100 [00:38<1:06:08,  3.64s/it]
  1%|          | 11/1100 [00:41<1:04:17,  3.54s/it]
  1%|          | 12/1100 [00:46<1:11:51,  3.96s/it]
  1%|          | 13/1100 [00:50<1:11:13,  3.93s/it]
  1%|▏         | 14/1100 [00:52<1:02:05,  3.43s/it]
  1%|▏         | 15/1100 [00:56<1:00:28,  3.34s/it]
  1%|▏         | 16/1100 [00:59<59:56,  3.32s/it]  
  2%|▏         | 17/1100 [01:03<1:02:30,  3.46s/it]
  2%|▏         | 18/1100 [01:06<1:00:43,  3.37s/it]
  2%|▏         | 19/1100 [01:10<1:02:46,  3.48s/it]
  2%|▏         | 20/1100 [01:13<1:04:35,  3.59s/it]
                                                   
{'loss': '3.022', 'grad_norm': '3.19', 'learning_rate': '3.455e-05', 'entropy': '1.32', 'num_tokens': '4.211e+04', 'mean_token_accuracy': '0.4969', 'epoch': '0.03638'}

  2%|▏         | 20/1100 [01:13<1:04:35,  3.59s/it]
  2%|▏         | 21/1100 [01:16<1:01:07,  3.40s/it]
  2%|▏         | 22/1100 [01:20<1:00:32,  3.37s/it]
  2%|▏         | 23/1100 [01:23<58:13,  3.24s/it]  
  2%|▏         | 24/1100 [01:26<1:01:00,  3.40s/it]
  2%|▏         | 25/1100 [01:29<59:00,  3.29s/it]  
  2%|▏         | 26/1100 [01:34<1:03:16,  3.54s/it]
  2%|▏         | 27/1100 [01:36<58:43,  3.28s/it]  
  3%|▎         | 28/1100 [01:40<1:03:36,  3.56s/it]
  3%|▎         | 29/1100 [01:43<58:29,  3.28s/it]  
  3%|▎         | 30/1100 [01:48<1:05:02,  3.65s/it]
                                                   
{'loss': '2.11', 'grad_norm': '2.192', 'learning_rate': '5.273e-05', 'entropy': '1.911', 'num_tokens': '6.266e+04', 'mean_token_accuracy': '0.5299', 'epoch': '0.05457'}

  3%|▎         | 30/1100 [01:48<1:05:02,  3.65s/it]
  3%|▎         | 31/1100 [01:51<1:03:54,  3.59s/it]
  3%|▎         | 32/1100 [01:55<1:03:54,  3.59s/it]
  3%|▎         | 33/1100 [01:59<1:05:39,  3.69s/it]
  3%|▎         | 34/1100 [02:01<1:01:06,  3.44s/it]
  3%|▎         | 35/1100 [02:05<1:03:21,  3.57s/it]
  3%|▎         | 36/1100 [02:08<56:42,  3.20s/it]  
  3%|▎         | 37/1100 [02:12<1:00:56,  3.44s/it]
  3%|▎         | 38/1100 [02:15<1:01:06,  3.45s/it]
  4%|▎         | 39/1100 [02:18<1:00:22,  3.41s/it]
  4%|▎         | 40/1100 [02:23<1:04:25,  3.65s/it]
                                                   
{'loss': '1.974', 'grad_norm': '0.9712', 'learning_rate': '7.091e-05', 'entropy': '2.131', 'num_tokens': '8.275e+04', 'mean_token_accuracy': '0.5394', 'epoch': '0.07276'}

  4%|▎         | 40/1100 [02:23<1:04:25,  3.65s/it]
  4%|▎         | 41/1100 [02:25<59:58,  3.40s/it]  
  4%|▍         | 42/1100 [02:29<1:02:22,  3.54s/it]
  4%|▍         | 43/1100 [02:32<1:00:01,  3.41s/it]
  4%|▍         | 44/1100 [02:37<1:05:11,  3.70s/it]
  4%|▍         | 45/1100 [02:39<59:57,  3.41s/it]  
  4%|▍         | 46/1100 [02:43<1:02:20,  3.55s/it]
  4%|▍         | 47/1100 [02:48<1:06:09,  3.77s/it]
  4%|▍         | 48/1100 [02:51<1:03:18,  3.61s/it]
  4%|▍         | 49/1100 [02:55<1:06:26,  3.79s/it]
  5%|▍         | 50/1100 [02:58<1:01:13,  3.50s/it]
                                                   
{'loss': '1.851', 'grad_norm': '1.027', 'learning_rate': '8.909e-05', 'entropy': '1.812', 'num_tokens': '1.035e+05', 'mean_token_accuracy': '0.5675', 'epoch': '0.09095'}

  5%|▍         | 50/1100 [02:58<1:01:13,  3.50s/it]
  5%|▍         | 51/1100 [03:01<58:49,  3.36s/it]  
  5%|▍         | 52/1100 [03:04<58:30,  3.35s/it]
  5%|▍         | 53/1100 [03:09<1:03:23,  3.63s/it]
  5%|▍         | 54/1100 [03:12<1:00:20,  3.46s/it]
  5%|▌         | 55/1100 [03:15<1:01:07,  3.51s/it]
  5%|▌         | 56/1100 [03:18<59:39,  3.43s/it]  
  5%|▌         | 57/1100 [03:22<1:01:03,  3.51s/it]
  5%|▌         | 58/1100 [03:26<1:03:37,  3.66s/it]
  5%|▌         | 59/1100 [03:31<1:08:33,  3.95s/it]
  5%|▌         | 60/1100 [03:34<1:03:31,  3.66s/it]
                                                   
{'loss': '1.784', 'grad_norm': '1.334', 'learning_rate': '0.0001073', 'entropy': '1.775', 'num_tokens': '1.237e+05', 'mean_token_accuracy': '0.5599', 'epoch': '0.1091'}

  5%|▌         | 60/1100 [03:34<1:03:31,  3.66s/it]
  6%|▌         | 61/1100 [03:38<1:03:44,  3.68s/it]
  6%|▌         | 62/1100 [03:41<1:00:14,  3.48s/it]
  6%|▌         | 63/1100 [03:44<1:00:25,  3.50s/it]
  6%|▌         | 64/1100 [03:47<55:47,  3.23s/it]  
  6%|▌         | 65/1100 [03:51<59:52,  3.47s/it]
  6%|▌         | 66/1100 [03:53<55:29,  3.22s/it]
  6%|▌         | 67/1100 [03:57<58:55,  3.42s/it]
  6%|▌         | 68/1100 [03:59<52:38,  3.06s/it]
  6%|▋         | 69/1100 [04:03<52:53,  3.08s/it]
  6%|▋         | 70/1100 [04:06<55:53,  3.26s/it]
                                                 
{'loss': '1.786', 'grad_norm': '1.285', 'learning_rate': '0.0001255', 'entropy': '1.718', 'num_tokens': '1.44e+05', 'mean_token_accuracy': '0.574', 'epoch': '0.1273'}

  6%|▋         | 70/1100 [04:06<55:53,  3.26s/it]
  6%|▋         | 71/1100 [04:09<52:55,  3.09s/it]
  7%|▋         | 72/1100 [04:13<55:28,  3.24s/it]
  7%|▋         | 73/1100 [04:16<54:34,  3.19s/it]
  7%|▋         | 74/1100 [04:20<59:10,  3.46s/it]
  7%|▋         | 75/1100 [04:23<59:01,  3.46s/it]
  7%|▋         | 76/1100 [04:27<58:52,  3.45s/it]
  7%|▋         | 77/1100 [04:30<58:35,  3.44s/it]
  7%|▋         | 78/1100 [04:33<57:34,  3.38s/it]
  7%|▋         | 79/1100 [04:36<56:26,  3.32s/it]
  7%|▋         | 80/1100 [04:40<56:33,  3.33s/it]
                                                 
{'loss': '1.679', 'grad_norm': '1.284', 'learning_rate': '0.0001436', 'entropy': '1.673', 'num_tokens': '1.639e+05', 'mean_token_accuracy': '0.5845', 'epoch': '0.1455'}

  7%|▋         | 80/1100 [04:40<56:33,  3.33s/it]
  7%|▋         | 81/1100 [04:44<1:01:25,  3.62s/it]
  7%|▋         | 82/1100 [04:48<1:01:46,  3.64s/it]
  8%|▊         | 83/1100 [04:51<1:00:22,  3.56s/it]
  8%|▊         | 84/1100 [04:55<1:01:20,  3.62s/it]
  8%|▊         | 85/1100 [04:58<1:00:37,  3.58s/it]
  8%|▊         | 86/1100 [05:01<56:16,  3.33s/it]  
  8%|▊         | 87/1100 [05:05<1:00:27,  3.58s/it]
  8%|▊         | 88/1100 [05:10<1:03:46,  3.78s/it]
  8%|▊         | 89/1100 [05:12<58:51,  3.49s/it]  
  8%|▊         | 90/1100 [05:16<1:00:28,  3.59s/it]
                                                   
{'loss': '1.716', 'grad_norm': '1.171', 'learning_rate': '0.0001618', 'entropy': '1.743', 'num_tokens': '1.848e+05', 'mean_token_accuracy': '0.5697', 'epoch': '0.1637'}

  8%|▊         | 90/1100 [05:16<1:00:28,  3.59s/it]
  8%|▊         | 91/1100 [05:19<54:56,  3.27s/it]  
  8%|▊         | 92/1100 [05:23<57:35,  3.43s/it]
  8%|▊         | 93/1100 [05:25<53:58,  3.22s/it]
  9%|▊         | 94/1100 [05:30<59:18,  3.54s/it]
  9%|▊         | 95/1100 [05:33<56:36,  3.38s/it]
  9%|▊         | 96/1100 [05:36<58:12,  3.48s/it]
  9%|▉         | 97/1100 [05:39<54:05,  3.24s/it]
  9%|▉         | 98/1100 [05:42<54:30,  3.26s/it]
  9%|▉         | 99/1100 [05:46<57:03,  3.42s/it]
  9%|▉         | 100/1100 [05:49<55:43,  3.34s/it]
                                                  
{'loss': '1.755', 'grad_norm': '1.217', 'learning_rate': '0.00018', 'entropy': '1.707', 'num_tokens': '2.059e+05', 'mean_token_accuracy': '0.5643', 'epoch': '0.1819'}

  9%|▉         | 100/1100 [05:49<55:43,  3.34s/it]

  0%|          | 0/253 [00:00<?, ?it/s][A

  1%|          | 2/253 [00:00<00:22, 11.16it/s][A

  2%|▏         | 4/253 [00:00<00:45,  5.46it/s][A

  2%|▏         | 5/253 [00:01<00:56,  4.36it/s][A

  2%|▏         | 6/253 [00:01<00:56,  4.38it/s][A

  3%|▎         | 7/253 [00:01<00:56,  4.34it/s][A

  3%|▎         | 8/253 [00:01<00:58,  4.18it/s][A

  4%|▎         | 9/253 [00:01<00:53,  4.54it/s][A

  4%|▍         | 10/253 [00:02<00:51,  4.75it/s][A

  4%|▍         | 11/253 [00:02<00:53,  4.55it/s][A

  5%|▍         | 12/253 [00:02<00:49,  4.90it/s][A

  5%|▌         | 13/253 [00:02<00:48,  4.92it/s][A

  6%|▌         | 14/253 [00:02<00:45,  5.21it/s][A

  6%|▌         | 15/253 [00:03<00:44,  5.38it/s][A

  6%|▋         | 16/253 [00:03<00:46,  5.06it/s][A

  7%|▋         | 17/253 [00:03<00:45,  5.20it/s][A

  7%|▋         | 18/253 [00:03<00:43,  5.38it/s][A

  8%|▊         | 19/253 [00:03<00:42,  5.46it/s][A

  8%|▊         | 20/253 [00:03<00:40,  5.73it/s][A

  8%|▊         | 21/253 [00:04<00:41,  5.55it/s][A

  9%|▊         | 22/253 [00:04<00:41,  5.55it/s][A

  9%|▉         | 23/253 [00:04<00:40,  5.73it/s][A

  9%|▉         | 24/253 [00:04<00:40,  5.65it/s][A

 10%|▉         | 25/253 [00:04<00:40,  5.63it/s][A

 10%|█         | 26/253 [00:05<00:46,  4.86it/s][A

 11%|█         | 27/253 [00:05<00:47,  4.77it/s][A

 11%|█         | 28/253 [00:05<00:43,  5.18it/s][A

 11%|█▏        | 29/253 [00:05<00:40,  5.47it/s][A

 12%|█▏        | 30/253 [00:05<00:40,  5.56it/s][A

 12%|█▏        | 31/253 [00:06<00:39,  5.60it/s][A

 13%|█▎        | 32/253 [00:06<00:46,  4.80it/s][A

 13%|█▎        | 33/253 [00:06<00:47,  4.68it/s][A

 13%|█▎        | 34/253 [00:06<00:49,  4.46it/s][A

 14%|█▍        | 35/253 [00:07<00:52,  4.19it/s][A

 14%|█▍        | 36/253 [00:07<00:47,  4.55it/s][A

 15%|█▍        | 37/253 [00:07<00:46,  4.69it/s][A

 15%|█▌        | 38/253 [00:07<00:49,  4.31it/s][A

 15%|█▌        | 39/253 [00:07<00:51,  4.19it/s][A

 16%|█▌        | 40/253 [00:08<00:51,  4.13it/s][A

 16%|█▌        | 41/253 [00:08<00:52,  4.06it/s][A

 17%|█▋        | 42/253 [00:08<00:52,  4.05it/s][A

 17%|█▋        | 43/253 [00:08<00:46,  4.56it/s][A

 17%|█▋        | 44/253 [00:09<00:43,  4.76it/s][A

 18%|█▊        | 45/253 [00:09<00:41,  5.00it/s][A

 18%|█▊        | 46/253 [00:09<00:43,  4.80it/s][A

 19%|█▊        | 47/253 [00:09<00:41,  4.98it/s][A

 19%|█▉        | 48/253 [00:09<00:39,  5.24it/s][A

 19%|█▉        | 49/253 [00:09<00:38,  5.35it/s][A

 20%|█▉        | 50/253 [00:10<00:35,  5.80it/s][A

 20%|██        | 51/253 [00:10<00:32,  6.13it/s][A

 21%|██        | 52/253 [00:10<00:31,  6.43it/s][A

 21%|██        | 53/253 [00:10<00:32,  6.19it/s][A

 21%|██▏       | 54/253 [00:10<00:32,  6.14it/s][A

 22%|██▏       | 55/253 [00:10<00:31,  6.33it/s][A

 22%|██▏       | 56/253 [00:11<00:30,  6.55it/s][A

 23%|██▎       | 57/253 [00:11<00:30,  6.35it/s][A

 23%|██▎       | 58/253 [00:11<00:31,  6.14it/s][A

 23%|██▎       | 59/253 [00:11<00:32,  6.01it/s][A

 24%|██▎       | 60/253 [00:11<00:31,  6.03it/s][A

 24%|██▍       | 61/253 [00:11<00:31,  6.19it/s][A

 25%|██▍       | 62/253 [00:12<00:32,  5.82it/s][A

 25%|██▍       | 63/253 [00:12<00:35,  5.40it/s][A

 25%|██▌       | 64/253 [00:12<00:34,  5.40it/s][A

 26%|██▌       | 65/253 [00:12<00:34,  5.49it/s][A

 26%|██▌       | 66/253 [00:12<00:38,  4.89it/s][A

 26%|██▋       | 67/253 [00:13<00:39,  4.66it/s][A

 27%|██▋       | 68/253 [00:13<00:41,  4.45it/s][A

 27%|██▋       | 69/253 [00:13<00:38,  4.83it/s][A

 28%|██▊       | 70/253 [00:13<00:37,  4.85it/s][A

 28%|██▊       | 71/253 [00:14<00:45,  4.00it/s][A

 28%|██▊       | 72/253 [00:14<00:42,  4.29it/s][A

 29%|██▉       | 73/253 [00:14<00:45,  3.95it/s][A

 29%|██▉       | 74/253 [00:14<00:41,  4.29it/s][A

 30%|██▉       | 75/253 [00:15<00:49,  3.60it/s][A

 30%|███       | 76/253 [00:15<00:47,  3.76it/s][A

 30%|███       | 77/253 [00:15<00:43,  4.01it/s][A

 31%|███       | 78/253 [00:15<00:40,  4.35it/s][A

 31%|███       | 79/253 [00:15<00:38,  4.50it/s][A

 32%|███▏      | 80/253 [00:16<00:36,  4.70it/s][A

 32%|███▏      | 81/253 [00:16<00:34,  5.00it/s][A

 32%|███▏      | 82/253 [00:16<00:33,  5.13it/s][A

 33%|███▎      | 83/253 [00:16<00:35,  4.81it/s][A

 33%|███▎      | 84/253 [00:16<00:33,  5.06it/s][A

 34%|███▎      | 85/253 [00:17<00:32,  5.14it/s][A

 34%|███▍      | 86/253 [00:17<00:30,  5.41it/s][A

 34%|███▍      | 87/253 [00:17<00:30,  5.51it/s][A

 35%|███▍      | 88/253 [00:17<00:29,  5.52it/s][A

 35%|███▌      | 89/253 [00:17<00:32,  5.12it/s][A

 36%|███▌      | 90/253 [00:18<00:30,  5.29it/s][A

 36%|███▌      | 91/253 [00:18<00:33,  4.77it/s][A

 36%|███▋      | 92/253 [00:18<00:37,  4.34it/s][A

 37%|███▋      | 93/253 [00:18<00:37,  4.24it/s][A

 37%|███▋      | 94/253 [00:19<00:35,  4.53it/s][A

 38%|███▊      | 95/253 [00:19<00:34,  4.61it/s][A

 38%|███▊      | 96/253 [00:19<00:36,  4.31it/s][A

 38%|███▊      | 97/253 [00:19<00:34,  4.55it/s][A

 39%|███▊      | 98/253 [00:19<00:36,  4.23it/s][A

 39%|███▉      | 99/253 [00:20<00:41,  3.74it/s][A

 40%|███▉      | 100/253 [00:20<00:37,  4.05it/s][A

 40%|███▉      | 101/253 [00:20<00:36,  4.21it/s][A

 40%|████      | 102/253 [00:21<00:38,  3.96it/s][A

 41%|████      | 103/253 [00:21<00:36,  4.07it/s][A

 41%|████      | 104/253 [00:21<00:32,  4.52it/s][A

 42%|████▏     | 105/253 [00:21<00:31,  4.77it/s][A

 42%|████▏     | 106/253 [00:21<00:31,  4.72it/s][A

 42%|████▏     | 107/253 [00:21<00:28,  5.05it/s][A

 43%|████▎     | 108/253 [00:22<00:28,  5.00it/s][A

 43%|████▎     | 109/253 [00:22<00:28,  5.07it/s][A

 43%|████▎     | 110/253 [00:22<00:25,  5.55it/s][A

 44%|████▍     | 111/253 [00:22<00:24,  5.70it/s][A

 44%|████▍     | 112/253 [00:22<00:25,  5.58it/s][A

 45%|████▍     | 113/253 [00:23<00:24,  5.66it/s][A

 45%|████▌     | 114/253 [00:23<00:26,  5.21it/s][A

 45%|████▌     | 115/253 [00:23<00:28,  4.88it/s][A

 46%|████▌     | 116/253 [00:23<00:26,  5.14it/s][A

 46%|████▌     | 117/253 [00:23<00:25,  5.27it/s][A

 47%|████▋     | 118/253 [00:24<00:25,  5.30it/s][A

 47%|████▋     | 119/253 [00:24<00:24,  5.49it/s][A

 47%|████▋     | 120/253 [00:24<00:23,  5.73it/s][A

 48%|████▊     | 121/253 [00:24<00:26,  5.07it/s][A

 48%|████▊     | 122/253 [00:24<00:24,  5.35it/s][A

 49%|████▊     | 123/253 [00:24<00:24,  5.21it/s][A

 49%|████▉     | 124/253 [00:25<00:24,  5.34it/s][A

 49%|████▉     | 125/253 [00:25<00:24,  5.29it/s][A

 50%|████▉     | 126/253 [00:25<00:30,  4.20it/s][A

 50%|█████     | 127/253 [00:25<00:31,  4.04it/s][A

 51%|█████     | 128/253 [00:26<00:34,  3.60it/s][A

 51%|█████     | 129/253 [00:26<00:36,  3.41it/s][A

 51%|█████▏    | 130/253 [00:26<00:34,  3.52it/s][A

 52%|█████▏    | 131/253 [00:27<00:31,  3.89it/s][A

 52%|█████▏    | 132/253 [00:27<00:30,  3.92it/s][A

 53%|█████▎    | 133/253 [00:27<00:29,  4.13it/s][A

 53%|█████▎    | 134/253 [00:27<00:29,  4.07it/s][A

 53%|█████▎    | 135/253 [00:28<00:28,  4.12it/s][A

 54%|█████▍    | 136/253 [00:28<00:27,  4.29it/s][A

 54%|█████▍    | 137/253 [00:28<00:25,  4.57it/s][A

 55%|█████▍    | 138/253 [00:28<00:24,  4.64it/s][A

 55%|█████▍    | 139/253 [00:28<00:23,  4.95it/s][A

 55%|█████▌    | 140/253 [00:28<00:20,  5.44it/s][A

 56%|█████▌    | 141/253 [00:29<00:20,  5.57it/s][A

 56%|█████▌    | 142/253 [00:29<00:19,  5.70it/s][A

 57%|█████▋    | 143/253 [00:29<00:19,  5.72it/s][A

 57%|█████▋    | 144/253 [00:29<00:18,  5.80it/s][A

 57%|█████▋    | 145/253 [00:29<00:17,  6.19it/s][A

 58%|█████▊    | 146/253 [00:29<00:16,  6.39it/s][A

 58%|█████▊    | 147/253 [00:30<00:16,  6.61it/s][A

 58%|█████▊    | 148/253 [00:30<00:16,  6.38it/s][A

 59%|█████▉    | 149/253 [00:30<00:16,  6.22it/s][A

 59%|█████▉    | 150/253 [00:30<00:16,  6.35it/s][A

 60%|█████▉    | 151/253 [00:30<00:16,  6.31it/s][A

 60%|██████    | 152/253 [00:30<00:16,  6.26it/s][A

 60%|██████    | 153/253 [00:31<00:16,  6.08it/s][A

 61%|██████    | 154/253 [00:31<00:16,  6.15it/s][A

 61%|██████▏   | 155/253 [00:31<00:16,  5.95it/s][A

 62%|██████▏   | 156/253 [00:31<00:16,  5.83it/s][A

 62%|██████▏   | 157/253 [00:31<00:16,  5.70it/s][A

 62%|██████▏   | 158/253 [00:31<00:16,  5.78it/s][A

 63%|██████▎   | 159/253 [00:32<00:16,  5.78it/s][A

 63%|██████▎   | 160/253 [00:32<00:16,  5.72it/s][A

 64%|██████▎   | 161/253 [00:32<00:18,  4.85it/s][A

 64%|██████▍   | 162/253 [00:32<00:18,  4.92it/s][A

 64%|██████▍   | 163/253 [00:32<00:17,  5.16it/s][A

 65%|██████▍   | 164/253 [00:33<00:17,  4.95it/s][A

 65%|██████▌   | 165/253 [00:33<00:19,  4.62it/s][A

 66%|██████▌   | 166/253 [00:33<00:24,  3.61it/s][A

 66%|██████▌   | 167/253 [00:34<00:24,  3.58it/s][A

 66%|██████▋   | 168/253 [00:34<00:21,  4.00it/s][A

 67%|██████▋   | 169/253 [00:34<00:20,  4.11it/s][A

 67%|██████▋   | 170/253 [00:34<00:19,  4.23it/s][A

 68%|██████▊   | 171/253 [00:34<00:18,  4.33it/s][A

 68%|██████▊   | 172/253 [00:35<00:17,  4.75it/s][A

 68%|██████▊   | 173/253 [00:35<00:15,  5.04it/s][A

 69%|██████▉   | 174/253 [00:35<00:14,  5.30it/s][A

 69%|██████▉   | 175/253 [00:35<00:15,  5.05it/s][A

 70%|██████▉   | 176/253 [00:35<00:13,  5.54it/s][A

 70%|██████▉   | 177/253 [00:35<00:13,  5.49it/s][A

 70%|███████   | 178/253 [00:36<00:13,  5.49it/s][A

 71%|███████   | 179/253 [00:36<00:13,  5.57it/s][A

 71%|███████   | 180/253 [00:36<00:12,  5.70it/s][A

 72%|███████▏  | 181/253 [00:36<00:12,  5.77it/s][A

 72%|███████▏  | 182/253 [00:36<00:11,  6.15it/s][A

 72%|███████▏  | 183/253 [00:36<00:11,  6.13it/s][A

 73%|███████▎  | 184/253 [00:37<00:10,  6.36it/s][A

 73%|███████▎  | 185/253 [00:37<00:12,  5.65it/s][A

 74%|███████▎  | 186/253 [00:37<00:11,  5.90it/s][A

 74%|███████▍  | 187/253 [00:37<00:11,  5.94it/s][A

 74%|███████▍  | 188/253 [00:37<00:11,  5.88it/s][A

 75%|███████▍  | 189/253 [00:37<00:10,  5.93it/s][A

 75%|███████▌  | 190/253 [00:38<00:11,  5.64it/s][A

 75%|███████▌  | 191/253 [00:38<00:14,  4.29it/s][A

 76%|███████▌  | 192/253 [00:38<00:13,  4.48it/s][A

 76%|███████▋  | 193/253 [00:38<00:12,  4.81it/s][A

 77%|███████▋  | 194/253 [00:39<00:15,  3.69it/s][A

 77%|███████▋  | 195/253 [00:39<00:14,  3.91it/s][A

 77%|███████▋  | 196/253 [00:39<00:14,  3.98it/s][A

 78%|███████▊  | 197/253 [00:40<00:13,  4.09it/s][A

 78%|███████▊  | 198/253 [00:40<00:14,  3.89it/s][A

 79%|███████▊  | 199/253 [00:40<00:13,  4.06it/s][A

 79%|███████▉  | 200/253 [00:40<00:12,  4.27it/s][A

 79%|███████▉  | 201/253 [00:40<00:11,  4.66it/s][A

 80%|███████▉  | 202/253 [00:41<00:10,  4.93it/s][A

 80%|████████  | 203/253 [00:41<00:10,  4.59it/s][A

 81%|████████  | 204/253 [00:41<00:10,  4.84it/s][A

 81%|████████  | 205/253 [00:41<00:10,  4.78it/s][A

 81%|████████▏ | 206/253 [00:41<00:09,  4.84it/s][A

 82%|████████▏ | 207/253 [00:42<00:08,  5.15it/s][A

 82%|████████▏ | 208/253 [00:42<00:08,  5.42it/s][A

 83%|████████▎ | 209/253 [00:42<00:08,  5.25it/s][A

 83%|████████▎ | 210/253 [00:42<00:08,  5.36it/s][A

 83%|████████▎ | 211/253 [00:42<00:08,  5.04it/s][A

 84%|████████▍ | 212/253 [00:43<00:07,  5.18it/s][A

 84%|████████▍ | 213/253 [00:43<00:07,  5.21it/s][A

 85%|████████▍ | 214/253 [00:43<00:07,  5.44it/s][A

 85%|████████▍ | 215/253 [00:43<00:06,  5.57it/s][A

 85%|████████▌ | 216/253 [00:43<00:07,  5.22it/s][A

 86%|████████▌ | 217/253 [00:44<00:07,  4.94it/s][A

 86%|████████▌ | 218/253 [00:44<00:07,  4.93it/s][A

 87%|████████▋ | 219/253 [00:44<00:06,  5.23it/s][A

 87%|████████▋ | 220/253 [00:44<00:06,  5.34it/s][A

 87%|████████▋ | 221/253 [00:44<00:06,  4.75it/s][A

 88%|████████▊ | 222/253 [00:45<00:06,  4.47it/s][A

 88%|████████▊ | 223/253 [00:45<00:07,  3.96it/s][A

 89%|████████▊ | 224/253 [00:45<00:07,  4.08it/s][A

 89%|████████▉ | 225/253 [00:45<00:06,  4.33it/s][A

 89%|████████▉ | 226/253 [00:46<00:06,  4.20it/s][A

 90%|████████▉ | 227/253 [00:46<00:06,  3.97it/s][A

 90%|█████████ | 228/253 [00:46<00:06,  3.88it/s][A

 91%|█████████ | 229/253 [00:46<00:06,  3.86it/s][A

 91%|█████████ | 230/253 [00:47<00:05,  4.23it/s][A

 91%|█████████▏| 231/253 [00:47<00:04,  4.66it/s][A

 92%|█████████▏| 232/253 [00:47<00:04,  4.87it/s][A

 92%|█████████▏| 233/253 [00:47<00:03,  5.34it/s][A

 92%|█████████▏| 234/253 [00:47<00:03,  5.24it/s][A

 93%|█████████▎| 235/253 [00:47<00:03,  5.27it/s][A

 93%|█████████▎| 236/253 [00:48<00:03,  5.25it/s][A

 94%|█████████▎| 237/253 [00:48<00:02,  5.73it/s][A

 94%|█████████▍| 238/253 [00:48<00:02,  5.84it/s][A

 94%|█████████▍| 239/253 [00:48<00:02,  6.18it/s][A

 95%|█████████▍| 240/253 [00:48<00:02,  6.35it/s][A

 95%|█████████▌| 241/253 [00:48<00:01,  6.51it/s][A

 96%|█████████▌| 242/253 [00:49<00:01,  6.67it/s][A

 96%|█████████▌| 243/253 [00:49<00:01,  6.45it/s][A

 96%|█████████▋| 244/253 [00:49<00:01,  6.29it/s][A

 97%|█████████▋| 245/253 [00:49<00:01,  6.34it/s][A

 97%|█████████▋| 246/253 [00:49<00:01,  5.96it/s][A

 98%|█████████▊| 247/253 [00:49<00:00,  6.20it/s][A

 98%|█████████▊| 248/253 [00:50<00:00,  5.54it/s][A

 98%|█████████▊| 249/253 [00:50<00:00,  5.76it/s][A

 99%|█████████▉| 250/253 [00:50<00:00,  5.69it/s][A

 99%|█████████▉| 251/253 [00:50<00:00,  5.74it/s][A

100%|█████████▉| 252/253 [00:50<00:00,  5.74it/s][A

100%|██████████| 253/253 [00:50<00:00,  5.63it/s][A
                                                  

                                                 
[A{'eval_loss': '1.647', 'eval_runtime': '51.2', 'eval_samples_per_second': '9.883', 'eval_steps_per_second': '4.941', 'eval_entropy': '1.702', 'eval_num_tokens': '2.059e+05', 'eval_mean_token_accuracy': '0.5893', 'epoch': '0.1819'}

  9%|▉         | 100/1100 [06:40<55:43,  3.34s/it]

100%|██████████| 253/253 [00:50<00:00,  5.63it/s][A

                                                 [A
  9%|▉         | 101/1100 [06:44<5:13:29, 18.83s/it]
  9%|▉         | 102/1100 [06:48<3:56:20, 14.21s/it]
  9%|▉         | 103/1100 [06:50<2:58:44, 10.76s/it]
  9%|▉         | 104/1100 [06:54<2:24:12,  8.69s/it]
 10%|▉         | 105/1100 [06:57<1:53:06,  6.82s/it]
 10%|▉         | 106/1100 [07:01<1:40:39,  6.08s/it]
 10%|▉         | 107/1100 [07:04<1:23:18,  5.03s/it]
 10%|▉         | 108/1100 [07:07<1:15:56,  4.59s/it]
 10%|▉         | 109/1100 [07:11<1:10:29,  4.27s/it]
 10%|█         | 110/1100 [07:14<1:06:08,  4.01s/it]
                                                    
{'loss': '1.725', 'grad_norm': '0.982', 'learning_rate': '0.0001982', 'entropy': '1.66', 'num_tokens': '2.264e+05', 'mean_token_accuracy': '0.5951', 'epoch': '0.2001'}

 10%|█         | 110/1100 [07:14<1:06:08,  4.01s/it]
 10%|█         | 111/1100 [07:18<1:05:54,  4.00s/it]
 10%|█         | 112/1100 [07:21<59:50,  3.63s/it]  
 10%|█         | 113/1100 [07:25<1:00:43,  3.69s/it]
 10%|█         | 114/1100 [07:27<55:08,  3.36s/it]  
 10%|█         | 115/1100 [07:31<55:53,  3.41s/it]
 11%|█         | 116/1100 [07:34<53:20,  3.25s/it]
 11%|█         | 117/1100 [07:36<50:28,  3.08s/it]
 11%|█         | 118/1100 [07:40<54:46,  3.35s/it]
 11%|█         | 119/1100 [07:43<52:00,  3.18s/it]
 11%|█         | 120/1100 [07:47<56:48,  3.48s/it]
                                                  
{'loss': '1.69', 'grad_norm': '1.311', 'learning_rate': '0.0002', 'entropy': '1.674', 'num_tokens': '2.469e+05', 'mean_token_accuracy': '0.5867', 'epoch': '0.2183'}

 11%|█         | 120/1100 [07:47<56:48,  3.48s/it]
 11%|█         | 121/1100 [07:49<50:24,  3.09s/it]
 11%|█         | 122/1100 [07:52<49:11,  3.02s/it]
 11%|█         | 123/1100 [07:56<51:56,  3.19s/it]
 11%|█▏        | 124/1100 [07:58<49:14,  3.03s/it]
 11%|█▏        | 125/1100 [08:02<52:23,  3.22s/it]
 11%|█▏        | 126/1100 [08:05<49:50,  3.07s/it]
 12%|█▏        | 127/1100 [08:09<53:50,  3.32s/it]
 12%|█▏        | 128/1100 [08:11<49:18,  3.04s/it]
 12%|█▏        | 129/1100 [08:15<52:19,  3.23s/it]
 12%|█▏        | 130/1100 [08:17<48:38,  3.01s/it]
                                                  
{'loss': '1.689', 'grad_norm': '1.121', 'learning_rate': '0.0001998', 'entropy': '1.677', 'num_tokens': '2.675e+05', 'mean_token_accuracy': '0.5856', 'epoch': '0.2365'}

 12%|█▏        | 130/1100 [08:17<48:38,  3.01s/it]
 12%|█▏        | 131/1100 [08:21<50:34,  3.13s/it]
 12%|█▏        | 132/1100 [08:24<50:51,  3.15s/it]
 12%|█▏        | 133/1100 [08:28<54:18,  3.37s/it]
 12%|█▏        | 134/1100 [08:31<52:47,  3.28s/it]
 12%|█▏        | 135/1100 [08:35<55:00,  3.42s/it]
 12%|█▏        | 136/1100 [08:37<51:43,  3.22s/it]
 12%|█▏        | 137/1100 [08:41<53:00,  3.30s/it]
 13%|█▎        | 138/1100 [08:45<55:11,  3.44s/it]
 13%|█▎        | 139/1100 [08:47<52:00,  3.25s/it]
 13%|█▎        | 140/1100 [08:52<56:05,  3.51s/it]
                                                  
{'loss': '1.63', 'grad_norm': '1.126', 'learning_rate': '0.0001996', 'entropy': '1.57', 'num_tokens': '2.883e+05', 'mean_token_accuracy': '0.6028', 'epoch': '0.2547'}

 13%|█▎        | 140/1100 [08:52<56:05,  3.51s/it]
 13%|█▎        | 141/1100 [08:55<53:30,  3.35s/it]
 13%|█▎        | 142/1100 [08:57<51:21,  3.22s/it]
 13%|█▎        | 143/1100 [09:01<52:59,  3.32s/it]
 13%|█▎        | 144/1100 [09:04<50:48,  3.19s/it]
 13%|█▎        | 145/1100 [09:08<54:14,  3.41s/it]
 13%|█▎        | 146/1100 [09:12<57:20,  3.61s/it]
 13%|█▎        | 147/1100 [09:15<54:57,  3.46s/it]
 13%|█▎        | 148/1100 [09:18<54:50,  3.46s/it]
 14%|█▎        | 149/1100 [09:21<52:33,  3.32s/it]
 14%|█▎        | 150/1100 [09:25<54:53,  3.47s/it]
                                                  
{'loss': '1.593', 'grad_norm': '1.027', 'learning_rate': '0.0001992', 'entropy': '1.594', 'num_tokens': '3.09e+05', 'mean_token_accuracy': '0.5982', 'epoch': '0.2729'}

 14%|█▎        | 150/1100 [09:25<54:53,  3.47s/it]
 14%|█▎        | 151/1100 [09:28<49:09,  3.11s/it]
 14%|█▍        | 152/1100 [09:32<54:05,  3.42s/it]
 14%|█▍        | 153/1100 [09:34<49:13,  3.12s/it]
 14%|█▍        | 154/1100 [09:38<53:54,  3.42s/it]
 14%|█▍        | 155/1100 [09:41<53:04,  3.37s/it]
 14%|█▍        | 156/1100 [09:45<53:13,  3.38s/it]
 14%|█▍        | 157/1100 [09:49<55:44,  3.55s/it]
 14%|█▍        | 158/1100 [09:52<52:54,  3.37s/it]
 14%|█▍        | 159/1100 [09:55<54:13,  3.46s/it]
 15%|█▍        | 160/1100 [09:59<53:42,  3.43s/it]
                                                  
{'loss': '1.555', 'grad_norm': '0.9297', 'learning_rate': '0.0001988', 'entropy': '1.506', 'num_tokens': '3.302e+05', 'mean_token_accuracy': '0.6055', 'epoch': '0.291'}

 15%|█▍        | 160/1100 [09:59<53:42,  3.43s/it]
 15%|█▍        | 161/1100 [10:02<52:40,  3.37s/it]
 15%|█▍        | 162/1100 [10:06<53:53,  3.45s/it]
 15%|█▍        | 163/1100 [10:09<52:36,  3.37s/it]
 15%|█▍        | 164/1100 [10:12<52:33,  3.37s/it]
 15%|█▌        | 165/1100 [10:15<50:00,  3.21s/it]
 15%|█▌        | 166/1100 [10:19<51:33,  3.31s/it]
 15%|█▌        | 167/1100 [10:22<54:00,  3.47s/it]
 15%|█▌        | 168/1100 [10:26<55:08,  3.55s/it]
 15%|█▌        | 169/1100 [10:30<56:19,  3.63s/it]
 15%|█▌        | 170/1100 [10:33<51:39,  3.33s/it]
                                                  
{'loss': '1.603', 'grad_norm': '1.035', 'learning_rate': '0.0001983', 'entropy': '1.672', 'num_tokens': '3.512e+05', 'mean_token_accuracy': '0.6028', 'epoch': '0.3092'}

 15%|█▌        | 170/1100 [10:33<51:39,  3.33s/it]
 16%|█▌        | 171/1100 [10:36<52:52,  3.42s/it]
 16%|█▌        | 172/1100 [10:39<48:07,  3.11s/it]
 16%|█▌        | 173/1100 [10:42<50:00,  3.24s/it]
 16%|█▌        | 174/1100 [10:45<47:45,  3.09s/it]
 16%|█▌        | 175/1100 [10:49<51:40,  3.35s/it]
 16%|█▌        | 176/1100 [10:52<51:29,  3.34s/it]
 16%|█▌        | 177/1100 [10:55<50:05,  3.26s/it]
 16%|█▌        | 178/1100 [10:59<51:21,  3.34s/it]
 16%|█▋        | 179/1100 [11:02<50:14,  3.27s/it]
 16%|█▋        | 180/1100 [11:05<49:49,  3.25s/it]
                                                  
{'loss': '1.528', 'grad_norm': '0.9161', 'learning_rate': '0.0001976', 'entropy': '1.455', 'num_tokens': '3.72e+05', 'mean_token_accuracy': '0.6174', 'epoch': '0.3274'}

 16%|█▋        | 180/1100 [11:05<49:49,  3.25s/it]
 16%|█▋        | 181/1100 [11:08<48:40,  3.18s/it]
 17%|█▋        | 182/1100 [11:11<47:58,  3.14s/it]
 17%|█▋        | 183/1100 [11:15<49:19,  3.23s/it]
 17%|█▋        | 184/1100 [11:18<51:44,  3.39s/it]
 17%|█▋        | 185/1100 [11:21<49:22,  3.24s/it]
 17%|█▋        | 186/1100 [11:25<53:13,  3.49s/it]
 17%|█▋        | 187/1100 [11:28<49:24,  3.25s/it]
 17%|█▋        | 188/1100 [11:31<50:19,  3.31s/it]
 17%|█▋        | 189/1100 [11:34<46:12,  3.04s/it]
 17%|█▋        | 190/1100 [11:38<48:59,  3.23s/it]
                                                  
{'loss': '1.496', 'grad_norm': '1.087', 'learning_rate': '0.0001969', 'entropy': '1.531', 'num_tokens': '3.926e+05', 'mean_token_accuracy': '0.6091', 'epoch': '0.3456'}

 17%|█▋        | 190/1100 [11:38<48:59,  3.23s/it]
 17%|█▋        | 191/1100 [11:41<50:18,  3.32s/it]
 17%|█▋        | 192/1100 [11:45<53:47,  3.55s/it]
 18%|█▊        | 193/1100 [11:47<47:46,  3.16s/it]
 18%|█▊        | 194/1100 [11:50<46:17,  3.07s/it]
 18%|█▊        | 195/1100 [11:54<47:07,  3.12s/it]
 18%|█▊        | 196/1100 [11:57<49:39,  3.30s/it]
 18%|█▊        | 197/1100 [12:00<47:37,  3.16s/it]
 18%|█▊        | 198/1100 [12:03<47:52,  3.18s/it]
 18%|█▊        | 199/1100 [12:06<44:31,  2.96s/it]
 18%|█▊        | 200/1100 [12:09<46:19,  3.09s/it]
                                                  
{'loss': '1.607', 'grad_norm': '0.9774', 'learning_rate': '0.000196', 'entropy': '1.617', 'num_tokens': '4.136e+05', 'mean_token_accuracy': '0.603', 'epoch': '0.3638'}

 18%|█▊        | 200/1100 [12:09<46:19,  3.09s/it]

  0%|          | 0/253 [00:00<?, ?it/s][A

  1%|          | 2/253 [00:00<00:24, 10.14it/s][A

  2%|▏         | 4/253 [00:00<00:47,  5.21it/s][A

  2%|▏         | 5/253 [00:00<00:46,  5.32it/s][A

  2%|▏         | 6/253 [00:01<00:45,  5.48it/s][A

  3%|▎         | 7/253 [00:01<00:44,  5.54it/s][A

  3%|▎         | 8/253 [00:01<00:42,  5.79it/s][A

  4%|▎         | 9/253 [00:01<00:41,  5.89it/s][A

  4%|▍         | 10/253 [00:01<00:41,  5.88it/s][A

  4%|▍         | 11/253 [00:01<00:39,  6.12it/s][A

  5%|▍         | 12/253 [00:02<00:39,  6.04it/s][A

  5%|▌         | 13/253 [00:02<00:39,  6.04it/s][A

  6%|▌         | 14/253 [00:02<00:40,  5.94it/s][A

  6%|▌         | 15/253 [00:02<00:42,  5.61it/s][A

  6%|▋         | 16/253 [00:02<00:40,  5.92it/s][A

  7%|▋         | 17/253 [00:02<00:38,  6.09it/s][A

  7%|▋         | 18/253 [00:03<00:37,  6.27it/s][A

  8%|▊         | 19/253 [00:03<00:38,  6.10it/s][A

  8%|▊         | 20/253 [00:03<00:38,  6.08it/s][A

  8%|▊         | 21/253 [00:03<00:39,  5.80it/s][A

  9%|▊         | 22/253 [00:03<00:46,  4.93it/s][A

  9%|▉         | 23/253 [00:04<00:50,  4.54it/s][A

  9%|▉         | 24/253 [00:04<00:54,  4.21it/s][A

 10%|▉         | 25/253 [00:04<00:56,  4.06it/s][A

 10%|█         | 26/253 [00:04<00:51,  4.39it/s][A

 11%|█         | 27/253 [00:05<00:49,  4.57it/s][A

 11%|█         | 28/253 [00:05<00:49,  4.59it/s][A

 11%|█▏        | 29/253 [00:05<00:52,  4.30it/s][A

 12%|█▏        | 30/253 [00:05<00:54,  4.08it/s][A

 12%|█▏        | 31/253 [00:06<00:53,  4.15it/s][A

 13%|█▎        | 32/253 [00:06<00:54,  4.08it/s][A

 13%|█▎        | 33/253 [00:06<00:48,  4.54it/s][A

 13%|█▎        | 34/253 [00:06<00:44,  4.89it/s][A

 14%|█▍        | 35/253 [00:06<00:42,  5.09it/s][A

 14%|█▍        | 36/253 [00:06<00:42,  5.12it/s][A

 15%|█▍        | 37/253 [00:07<00:38,  5.55it/s][A

 15%|█▌        | 38/253 [00:07<00:38,  5.62it/s][A

 15%|█▌        | 39/253 [00:07<00:37,  5.71it/s][A

 16%|█▌        | 40/253 [00:07<00:36,  5.80it/s][A

 16%|█▌        | 41/253 [00:07<00:35,  5.93it/s][A

 17%|█▋        | 42/253 [00:07<00:35,  5.93it/s][A

 17%|█▋        | 43/253 [00:08<00:34,  6.09it/s][A

 17%|█▋        | 44/253 [00:08<00:34,  6.09it/s][A

 18%|█▊        | 45/253 [00:08<00:33,  6.16it/s][A

 18%|█▊        | 46/253 [00:08<00:33,  6.10it/s][A

 19%|█▊        | 47/253 [00:08<00:34,  5.94it/s][A

 19%|█▉        | 48/253 [00:08<00:33,  6.08it/s][A

 19%|█▉        | 49/253 [00:09<00:32,  6.25it/s][A

 20%|█▉        | 50/253 [00:09<00:31,  6.39it/s][A

 20%|██        | 51/253 [00:09<00:30,  6.53it/s][A

 21%|██        | 52/253 [00:09<00:31,  6.32it/s][A

 21%|██        | 53/253 [00:09<00:33,  6.02it/s][A

 21%|██▏       | 54/253 [00:09<00:32,  6.03it/s][A

 22%|██▏       | 55/253 [00:10<00:33,  5.87it/s][A

 22%|██▏       | 56/253 [00:10<00:35,  5.58it/s][A

 23%|██▎       | 57/253 [00:10<00:37,  5.17it/s][A

 23%|██▎       | 58/253 [00:10<00:50,  3.83it/s][A

 23%|██▎       | 59/253 [00:11<00:46,  4.21it/s][A

 24%|██▎       | 60/253 [00:11<00:51,  3.73it/s][A

 24%|██▍       | 61/253 [00:11<00:45,  4.20it/s][A

 25%|██▍       | 62/253 [00:12<00:56,  3.38it/s][A

 25%|██▍       | 63/253 [00:12<00:54,  3.49it/s][A

 25%|██▌       | 64/253 [00:12<00:49,  3.78it/s][A

 26%|██▌       | 65/253 [00:12<00:52,  3.61it/s][A

 26%|██▌       | 66/253 [00:13<00:46,  4.03it/s][A

 26%|██▋       | 67/253 [00:13<00:42,  4.36it/s][A

 27%|██▋       | 68/253 [00:13<00:41,  4.50it/s][A

 27%|██▋       | 69/253 [00:13<00:37,  4.86it/s][A

 28%|██▊       | 70/253 [00:13<00:36,  5.07it/s][A

 28%|██▊       | 71/253 [00:13<00:33,  5.36it/s][A

 28%|██▊       | 72/253 [00:14<00:33,  5.46it/s][A

 29%|██▉       | 73/253 [00:14<00:30,  5.82it/s][A

 29%|██▉       | 74/253 [00:14<00:34,  5.21it/s][A

 30%|██▉       | 75/253 [00:14<00:34,  5.20it/s][A

 30%|███       | 76/253 [00:14<00:34,  5.15it/s][A

 30%|███       | 77/253 [00:15<00:33,  5.33it/s][A

 31%|███       | 78/253 [00:15<00:33,  5.24it/s][A

 31%|███       | 79/253 [00:15<00:33,  5.27it/s][A

 32%|███▏      | 80/253 [00:15<00:31,  5.44it/s][A

 32%|███▏      | 81/253 [00:15<00:34,  5.00it/s][A

 32%|███▏      | 82/253 [00:16<00:34,  4.95it/s][A

 33%|███▎      | 83/253 [00:16<00:34,  4.88it/s][A

 33%|███▎      | 84/253 [00:16<00:42,  3.93it/s][A

 34%|███▎      | 85/253 [00:16<00:42,  3.96it/s][A

 34%|███▍      | 86/253 [00:17<00:40,  4.09it/s][A

 34%|███▍      | 87/253 [00:17<00:41,  4.00it/s][A

 35%|███▍      | 88/253 [00:17<00:41,  4.00it/s][A

 35%|███▌      | 89/253 [00:17<00:40,  4.02it/s][A

 36%|███▌      | 90/253 [00:18<00:41,  3.93it/s][A

 36%|███▌      | 91/253 [00:18<00:43,  3.74it/s][A

 36%|███▋      | 92/253 [00:18<00:40,  3.99it/s][A

 37%|███▋      | 93/253 [00:18<00:39,  4.01it/s][A

 37%|███▋      | 94/253 [00:19<00:36,  4.36it/s][A

 38%|███▊      | 95/253 [00:19<00:35,  4.45it/s][A

 38%|███▊      | 96/253 [00:19<00:35,  4.40it/s][A

 38%|███▊      | 97/253 [00:19<00:37,  4.15it/s][A

 39%|███▊      | 98/253 [00:19<00:35,  4.39it/s][A

 39%|███▉      | 99/253 [00:20<00:32,  4.78it/s][A

 40%|███▉      | 100/253 [00:20<00:33,  4.62it/s][A

 40%|███▉      | 101/253 [00:20<00:31,  4.78it/s][A

 40%|████      | 102/253 [00:20<00:29,  5.05it/s][A

 41%|████      | 103/253 [00:20<00:29,  5.07it/s][A

 41%|████      | 104/253 [00:21<00:28,  5.18it/s][A

 42%|████▏     | 105/253 [00:21<00:32,  4.54it/s][A

 42%|████▏     | 106/253 [00:21<00:36,  3.99it/s][A

 42%|████▏     | 107/253 [00:21<00:36,  4.03it/s][A

 43%|████▎     | 108/253 [00:22<00:32,  4.41it/s][A

 43%|████▎     | 109/253 [00:22<00:32,  4.42it/s][A

 43%|████▎     | 110/253 [00:22<00:30,  4.75it/s][A

 44%|████▍     | 111/253 [00:22<00:32,  4.42it/s][A

 44%|████▍     | 112/253 [00:23<00:32,  4.32it/s][A

 45%|████▍     | 113/253 [00:23<00:30,  4.57it/s][A

 45%|████▌     | 114/253 [00:23<00:30,  4.61it/s][A

 45%|████▌     | 115/253 [00:23<00:29,  4.69it/s][A

 46%|████▌     | 116/253 [00:23<00:27,  5.02it/s][A

 46%|████▌     | 117/253 [00:23<00:26,  5.15it/s][A

 47%|████▋     | 118/253 [00:24<00:28,  4.80it/s][A

 47%|████▋     | 119/253 [00:24<00:26,  4.98it/s][A

 47%|████▋     | 120/253 [00:24<00:26,  5.01it/s][A

 48%|████▊     | 121/253 [00:24<00:26,  5.00it/s][A

 48%|████▊     | 122/253 [00:25<00:25,  5.07it/s][A

 49%|████▊     | 123/253 [00:25<00:26,  4.89it/s][A

 49%|████▉     | 124/253 [00:25<00:25,  5.05it/s][A

 49%|████▉     | 125/253 [00:25<00:28,  4.49it/s][A

 50%|████▉     | 126/253 [00:25<00:30,  4.13it/s][A

 50%|█████     | 127/253 [00:26<00:30,  4.10it/s][A

 51%|█████     | 128/253 [00:26<00:29,  4.23it/s][A

 51%|█████     | 129/253 [00:26<00:35,  3.46it/s][A

 51%|█████▏    | 130/253 [00:27<00:36,  3.37it/s][A

 52%|█████▏    | 131/253 [00:27<00:36,  3.32it/s][A

 52%|█████▏    | 132/253 [00:27<00:38,  3.14it/s][A

 53%|█████▎    | 133/253 [00:28<00:37,  3.21it/s][A

 53%|█████▎    | 134/253 [00:28<00:32,  3.61it/s][A

 53%|█████▎    | 135/253 [00:28<00:30,  3.81it/s][A

 54%|█████▍    | 136/253 [00:28<00:31,  3.68it/s][A

 54%|█████▍    | 137/253 [00:29<00:28,  4.11it/s][A

 55%|█████▍    | 138/253 [00:29<00:26,  4.40it/s][A

 55%|█████▍    | 139/253 [00:29<00:28,  4.06it/s][A

 55%|█████▌    | 140/253 [00:29<00:25,  4.45it/s][A

 56%|█████▌    | 141/253 [00:29<00:24,  4.59it/s][A

 56%|█████▌    | 142/253 [00:30<00:23,  4.63it/s][A

 57%|█████▋    | 143/253 [00:30<00:24,  4.50it/s][A

 57%|█████▋    | 144/253 [00:30<00:22,  4.89it/s][A

 57%|█████▋    | 145/253 [00:30<00:21,  5.10it/s][A

 58%|█████▊    | 146/253 [00:30<00:19,  5.49it/s][A

 58%|█████▊    | 147/253 [00:31<00:20,  5.27it/s][A

 58%|█████▊    | 148/253 [00:31<00:23,  4.50it/s][A

 59%|█████▉    | 149/253 [00:31<00:25,  4.05it/s][A

 59%|█████▉    | 150/253 [00:32<00:33,  3.04it/s][A

 60%|█████▉    | 151/253 [00:32<00:31,  3.24it/s][A

 60%|██████    | 152/253 [00:32<00:34,  2.92it/s][A

 60%|██████    | 153/253 [00:33<00:36,  2.73it/s][A

 61%|██████    | 154/253 [00:33<00:35,  2.79it/s][A

 61%|██████▏   | 155/253 [00:33<00:33,  2.97it/s][A

 62%|██████▏   | 156/253 [00:34<00:30,  3.19it/s][A

 62%|██████▏   | 157/253 [00:34<00:29,  3.25it/s][A

 62%|██████▏   | 158/253 [00:34<00:27,  3.51it/s][A

 63%|██████▎   | 159/253 [00:34<00:24,  3.82it/s][A

 63%|██████▎   | 160/253 [00:35<00:22,  4.21it/s][A

 64%|██████▎   | 161/253 [00:35<00:22,  4.17it/s][A

 64%|██████▍   | 162/253 [00:35<00:20,  4.43it/s][A

 64%|██████▍   | 163/253 [00:35<00:19,  4.51it/s][A

 65%|██████▍   | 164/253 [00:35<00:17,  5.03it/s][A

 65%|██████▌   | 165/253 [00:36<00:17,  5.03it/s][A

 66%|██████▌   | 166/253 [00:36<00:17,  4.98it/s][A

 66%|██████▌   | 167/253 [00:36<00:16,  5.29it/s][A

 66%|██████▋   | 168/253 [00:36<00:16,  5.13it/s][A

 67%|██████▋   | 169/253 [00:36<00:17,  4.93it/s][A

 67%|██████▋   | 170/253 [00:37<00:16,  5.13it/s][A

 68%|██████▊   | 171/253 [00:37<00:15,  5.25it/s][A

 68%|██████▊   | 172/253 [00:37<00:15,  5.32it/s][A

 68%|██████▊   | 173/253 [00:37<00:16,  4.87it/s][A

 69%|██████▉   | 174/253 [00:37<00:15,  5.09it/s][A

 69%|██████▉   | 175/253 [00:38<00:15,  5.09it/s][A

 70%|██████▉   | 176/253 [00:38<00:21,  3.53it/s][A

 70%|██████▉   | 177/253 [00:38<00:20,  3.78it/s][A

 70%|███████   | 178/253 [00:39<00:21,  3.46it/s][A

 71%|███████   | 179/253 [00:39<00:22,  3.28it/s][A

 71%|███████   | 180/253 [00:39<00:22,  3.31it/s][A

 72%|███████▏  | 181/253 [00:40<00:22,  3.24it/s][A

 72%|███████▏  | 182/253 [00:40<00:20,  3.47it/s][A

 72%|███████▏  | 183/253 [00:40<00:18,  3.70it/s][A

 73%|███████▎  | 184/253 [00:40<00:16,  4.18it/s][A

 73%|███████▎  | 185/253 [00:40<00:14,  4.60it/s][A

 74%|███████▎  | 186/253 [00:41<00:14,  4.71it/s][A

 74%|███████▍  | 187/253 [00:41<00:13,  5.02it/s][A

 74%|███████▍  | 188/253 [00:41<00:12,  5.20it/s][A

 75%|███████▍  | 189/253 [00:41<00:11,  5.34it/s][A

 75%|███████▌  | 190/253 [00:41<00:11,  5.71it/s][A

 75%|███████▌  | 191/253 [00:41<00:10,  5.78it/s][A

 76%|███████▌  | 192/253 [00:42<00:11,  5.53it/s][A

 76%|███████▋  | 193/253 [00:42<00:10,  5.66it/s][A

 77%|███████▋  | 194/253 [00:42<00:10,  5.88it/s][A

 77%|███████▋  | 195/253 [00:42<00:09,  5.94it/s][A

 77%|███████▋  | 196/253 [00:42<00:09,  5.95it/s][A

 78%|███████▊  | 197/253 [00:42<00:09,  5.99it/s][A

 78%|███████▊  | 198/253 [00:43<00:08,  6.15it/s][A

 79%|███████▊  | 199/253 [00:43<00:08,  6.12it/s][A

 79%|███████▉  | 200/253 [00:43<00:09,  5.88it/s][A

 79%|███████▉  | 201/253 [00:43<00:08,  5.81it/s][A

 80%|███████▉  | 202/253 [00:43<00:09,  5.56it/s][A

 80%|████████  | 203/253 [00:43<00:09,  5.10it/s][A

 81%|████████  | 204/253 [00:44<00:09,  4.93it/s][A

 81%|████████  | 205/253 [00:44<00:09,  4.81it/s][A

 81%|████████▏ | 206/253 [00:44<00:11,  4.16it/s][A

 82%|████████▏ | 207/253 [00:45<00:12,  3.82it/s][A

 82%|████████▏ | 208/253 [00:45<00:11,  3.82it/s][A

 83%|████████▎ | 209/253 [00:45<00:12,  3.65it/s][A

 83%|████████▎ | 210/253 [00:45<00:10,  3.92it/s][A

 83%|████████▎ | 211/253 [00:46<00:10,  4.05it/s][A

 84%|████████▍ | 212/253 [00:46<00:10,  3.89it/s][A

 84%|████████▍ | 213/253 [00:46<00:09,  4.34it/s][A

 85%|████████▍ | 214/253 [00:46<00:08,  4.64it/s][A

 85%|████████▍ | 215/253 [00:46<00:07,  5.00it/s][A

 85%|████████▌ | 216/253 [00:47<00:07,  4.92it/s][A

 86%|████████▌ | 217/253 [00:47<00:07,  5.00it/s][A

 86%|████████▌ | 218/253 [00:47<00:06,  5.27it/s][A

 87%|████████▋ | 219/253 [00:47<00:06,  5.18it/s][A

 87%|████████▋ | 220/253 [00:47<00:06,  5.37it/s][A

 87%|████████▋ | 221/253 [00:47<00:05,  5.68it/s][A

 88%|████████▊ | 222/253 [00:48<00:05,  5.89it/s][A

 88%|████████▊ | 223/253 [00:48<00:05,  5.85it/s][A

 89%|████████▊ | 224/253 [00:48<00:04,  6.24it/s][A

 89%|████████▉ | 225/253 [00:48<00:04,  6.51it/s][A

 89%|████████▉ | 226/253 [00:48<00:04,  6.20it/s][A

 90%|████████▉ | 227/253 [00:48<00:04,  6.36it/s][A

 90%|█████████ | 228/253 [00:49<00:04,  6.21it/s][A

 91%|█████████ | 229/253 [00:49<00:03,  6.20it/s][A

 91%|█████████ | 230/253 [00:49<00:03,  6.05it/s][A

 91%|█████████▏| 231/253 [00:49<00:03,  6.30it/s][A

 92%|█████████▏| 232/253 [00:49<00:03,  6.22it/s][A

 92%|█████████▏| 233/253 [00:49<00:03,  6.45it/s][A

 92%|█████████▏| 234/253 [00:49<00:03,  6.32it/s][A

 93%|█████████▎| 235/253 [00:50<00:02,  6.33it/s][A

 93%|█████████▎| 236/253 [00:50<00:02,  6.16it/s][A

 94%|█████████▎| 237/253 [00:50<00:02,  6.34it/s][A

 94%|█████████▍| 238/253 [00:50<00:02,  6.36it/s][A

 94%|█████████▍| 239/253 [00:50<00:02,  6.31it/s][A

 95%|█████████▍| 240/253 [00:50<00:02,  6.08it/s][A

 95%|█████████▌| 241/253 [00:51<00:02,  5.64it/s][A

 96%|█████████▌| 242/253 [00:51<00:01,  5.65it/s][A

 96%|█████████▌| 243/253 [00:51<00:02,  4.01it/s][A

 96%|█████████▋| 244/253 [00:52<00:02,  3.95it/s][A

 97%|█████████▋| 245/253 [00:52<00:02,  3.31it/s][A

 97%|█████████▋| 246/253 [00:52<00:01,  3.59it/s][A

 98%|█████████▊| 247/253 [00:52<00:01,  3.91it/s][A

 98%|█████████▊| 248/253 [00:53<00:01,  4.00it/s][A

 98%|█████████▊| 249/253 [00:53<00:00,  4.11it/s][A

 99%|█████████▉| 250/253 [00:53<00:00,  4.42it/s][A

 99%|█████████▉| 251/253 [00:53<00:00,  4.58it/s][A

100%|█████████▉| 252/253 [00:53<00:00,  5.02it/s][A

100%|██████████| 253/253 [00:54<00:00,  5.12it/s][A
                                                  

                                                 
[A{'eval_loss': '1.526', 'eval_runtime': '54.33', 'eval_samples_per_second': '9.313', 'eval_steps_per_second': '4.657', 'eval_entropy': '1.494', 'eval_num_tokens': '4.136e+05', 'eval_mean_token_accuracy': '0.6111', 'epoch': '0.3638'}

 18%|█▊        | 200/1100 [13:03<46:19,  3.09s/it]

100%|██████████| 253/253 [00:54<00:00,  5.12it/s][A

                                                 [A
 18%|█▊        | 201/1100 [13:11<5:08:47, 20.61s/it]
 18%|█▊        | 202/1100 [13:13<3:48:00, 15.23s/it]
 18%|█▊        | 203/1100 [13:17<2:56:25, 11.80s/it]
 19%|█▊        | 204/1100 [13:21<2:19:38,  9.35s/it]
 19%|█▊        | 205/1100 [13:24<1:53:02,  7.58s/it]
 19%|█▊        | 206/1100 [13:27<1:33:11,  6.25s/it]
 19%|█▉        | 207/1100 [13:31<1:21:17,  5.46s/it]
 19%|█▉        | 208/1100 [13:35<1:12:36,  4.88s/it]
 19%|█▉        | 209/1100 [13:38<1:05:21,  4.40s/it]
 19%|█▉        | 210/1100 [13:41<1:00:35,  4.08s/it]
                                                    
{'loss': '1.536', 'grad_norm': '1.15', 'learning_rate': '0.0001951', 'entropy': '1.464', 'num_tokens': '4.349e+05', 'mean_token_accuracy': '0.6124', 'epoch': '0.382'}

 19%|█▉        | 210/1100 [13:41<1:00:35,  4.08s/it]
 19%|█▉        | 211/1100 [13:44<55:40,  3.76s/it]  
 19%|█▉        | 212/1100 [13:48<54:57,  3.71s/it]
 19%|█▉        | 213/1100 [13:51<52:17,  3.54s/it]
 19%|█▉        | 214/1100 [13:55<52:55,  3.58s/it]
 20%|█▉        | 215/1100 [13:58<51:40,  3.50s/it]
 20%|█▉        | 216/1100 [14:02<53:41,  3.64s/it]
 20%|█▉        | 217/1100 [14:06<54:18,  3.69s/it]
 20%|█▉        | 218/1100 [14:09<52:47,  3.59s/it]
 20%|█▉        | 219/1100 [14:13<54:24,  3.71s/it]
 20%|██        | 220/1100 [14:15<48:42,  3.32s/it]
                                                  
{'loss': '1.461', 'grad_norm': '1.143', 'learning_rate': '0.0001941', 'entropy': '1.476', 'num_tokens': '4.55e+05', 'mean_token_accuracy': '0.621', 'epoch': '0.4002'}

 20%|██        | 220/1100 [14:15<48:42,  3.32s/it]
 20%|██        | 221/1100 [14:19<49:57,  3.41s/it]
 20%|██        | 222/1100 [14:23<50:45,  3.47s/it]
 20%|██        | 223/1100 [14:26<50:17,  3.44s/it]
 20%|██        | 224/1100 [14:29<48:54,  3.35s/it]
 20%|██        | 225/1100 [14:33<49:51,  3.42s/it]
 21%|██        | 226/1100 [14:37<52:29,  3.60s/it]
 21%|██        | 227/1100 [14:39<47:17,  3.25s/it]
 21%|██        | 228/1100 [14:43<47:40,  3.28s/it]
 21%|██        | 229/1100 [14:46<48:10,  3.32s/it]
 21%|██        | 230/1100 [14:50<51:47,  3.57s/it]
                                                  
{'loss': '1.559', 'grad_norm': '1.096', 'learning_rate': '0.000193', 'entropy': '1.478', 'num_tokens': '4.756e+05', 'mean_token_accuracy': '0.6182', 'epoch': '0.4184'}

 21%|██        | 230/1100 [14:50<51:47,  3.57s/it]
 21%|██        | 231/1100 [14:54<51:21,  3.55s/it]
 21%|██        | 232/1100 [14:57<52:45,  3.65s/it]
 21%|██        | 233/1100 [15:01<53:45,  3.72s/it]
 21%|██▏       | 234/1100 [15:05<52:59,  3.67s/it]
 21%|██▏       | 235/1100 [15:09<52:50,  3.66s/it]
 21%|██▏       | 236/1100 [15:12<51:32,  3.58s/it]
 22%|██▏       | 237/1100 [15:16<52:07,  3.62s/it]
 22%|██▏       | 238/1100 [15:19<49:44,  3.46s/it]
 22%|██▏       | 239/1100 [15:23<51:20,  3.58s/it]
 22%|██▏       | 240/1100 [15:26<52:07,  3.64s/it]
                                                  
{'loss': '1.486', 'grad_norm': '1.015', 'learning_rate': '0.0001917', 'entropy': '1.475', 'num_tokens': '4.962e+05', 'mean_token_accuracy': '0.6125', 'epoch': '0.4366'}

 22%|██▏       | 240/1100 [15:26<52:07,  3.64s/it]
 22%|██▏       | 241/1100 [15:29<49:42,  3.47s/it]
 22%|██▏       | 242/1100 [15:34<56:13,  3.93s/it]
 22%|██▏       | 243/1100 [15:37<51:07,  3.58s/it]
 22%|██▏       | 244/1100 [15:40<48:19,  3.39s/it]
 22%|██▏       | 245/1100 [15:43<47:23,  3.33s/it]
 22%|██▏       | 246/1100 [15:46<42:48,  3.01s/it]
 22%|██▏       | 247/1100 [15:49<45:46,  3.22s/it]
 23%|██▎       | 248/1100 [15:52<45:18,  3.19s/it]
 23%|██▎       | 249/1100 [15:56<44:52,  3.16s/it]
 23%|██▎       | 250/1100 [15:58<43:08,  3.05s/it]
                                                  
{'loss': '1.558', 'grad_norm': '1.062', 'learning_rate': '0.0001904', 'entropy': '1.559', 'num_tokens': '5.17e+05', 'mean_token_accuracy': '0.6027', 'epoch': '0.4548'}

 23%|██▎       | 250/1100 [15:58<43:08,  3.05s/it]
 23%|██▎       | 251/1100 [16:02<44:31,  3.15s/it]
 23%|██▎       | 252/1100 [16:04<41:33,  2.94s/it]
 23%|██▎       | 253/1100 [16:08<43:23,  3.07s/it]
 23%|██▎       | 254/1100 [16:11<44:16,  3.14s/it]
 23%|██▎       | 255/1100 [16:14<45:29,  3.23s/it]
 23%|██▎       | 256/1100 [16:17<43:50,  3.12s/it]
 23%|██▎       | 257/1100 [16:21<46:36,  3.32s/it]
 23%|██▎       | 258/1100 [16:24<46:16,  3.30s/it]
 24%|██▎       | 259/1100 [16:27<45:02,  3.21s/it]
 24%|██▎       | 260/1100 [16:31<46:24,  3.31s/it]
                                                  
{'loss': '1.564', 'grad_norm': '0.8868', 'learning_rate': '0.000189', 'entropy': '1.482', 'num_tokens': '5.38e+05', 'mean_token_accuracy': '0.6079', 'epoch': '0.4729'}

 24%|██▎       | 260/1100 [16:31<46:24,  3.31s/it]
 24%|██▎       | 261/1100 [16:34<45:00,  3.22s/it]
 24%|██▍       | 262/1100 [16:37<43:22,  3.11s/it]
 24%|██▍       | 263/1100 [16:40<44:14,  3.17s/it]
 24%|██▍       | 264/1100 [16:43<44:33,  3.20s/it]
 24%|██▍       | 265/1100 [16:45<40:19,  2.90s/it]
 24%|██▍       | 266/1100 [16:49<41:37,  2.99s/it]
 24%|██▍       | 267/1100 [16:52<41:16,  2.97s/it]
 24%|██▍       | 268/1100 [16:54<38:59,  2.81s/it]
 24%|██▍       | 269/1100 [16:58<42:08,  3.04s/it]
 25%|██▍       | 270/1100 [17:00<40:26,  2.92s/it]
                                                  
{'loss': '1.483', 'grad_norm': '1.203', 'learning_rate': '0.0001875', 'entropy': '1.504', 'num_tokens': '5.59e+05', 'mean_token_accuracy': '0.6272', 'epoch': '0.4911'}

 25%|██▍       | 270/1100 [17:00<40:26,  2.92s/it]
 25%|██▍       | 271/1100 [17:03<41:27,  3.00s/it]
 25%|██▍       | 272/1100 [17:07<44:11,  3.20s/it]
 25%|██▍       | 273/1100 [17:11<46:01,  3.34s/it]
 25%|██▍       | 274/1100 [17:14<46:41,  3.39s/it]
 25%|██▌       | 275/1100 [17:17<44:16,  3.22s/it]
 25%|██▌       | 276/1100 [17:20<42:01,  3.06s/it]
 25%|██▌       | 277/1100 [17:23<44:55,  3.28s/it]
 25%|██▌       | 278/1100 [17:26<42:39,  3.11s/it]
 25%|██▌       | 279/1100 [17:30<44:01,  3.22s/it]
 25%|██▌       | 280/1100 [17:33<42:50,  3.14s/it]
                                                  
{'loss': '1.629', 'grad_norm': '0.9508', 'learning_rate': '0.000186', 'entropy': '1.584', 'num_tokens': '5.807e+05', 'mean_token_accuracy': '0.5936', 'epoch': '0.5093'}

 25%|██▌       | 280/1100 [17:33<42:50,  3.14s/it]
 26%|██▌       | 281/1100 [17:36<42:23,  3.11s/it]
 26%|██▌       | 282/1100 [17:40<45:36,  3.35s/it]
 26%|██▌       | 283/1100 [17:42<41:25,  3.04s/it]
 26%|██▌       | 284/1100 [17:45<42:08,  3.10s/it]
 26%|██▌       | 285/1100 [17:48<41:30,  3.06s/it]
 26%|██▌       | 286/1100 [17:52<43:16,  3.19s/it]
 26%|██▌       | 287/1100 [17:55<43:18,  3.20s/it]
 26%|██▌       | 288/1100 [17:58<43:07,  3.19s/it]
 26%|██▋       | 289/1100 [18:01<42:38,  3.15s/it]
 26%|██▋       | 290/1100 [18:04<43:45,  3.24s/it]
                                                  
{'loss': '1.475', 'grad_norm': '1.003', 'learning_rate': '0.0001843', 'entropy': '1.507', 'num_tokens': '6.014e+05', 'mean_token_accuracy': '0.6191', 'epoch': '0.5275'}

 26%|██▋       | 290/1100 [18:04<43:45,  3.24s/it]
 26%|██▋       | 291/1100 [18:07<41:13,  3.06s/it]
 27%|██▋       | 292/1100 [18:10<42:11,  3.13s/it]
 27%|██▋       | 293/1100 [18:13<38:37,  2.87s/it]
 27%|██▋       | 294/1100 [18:16<40:31,  3.02s/it]
 27%|██▋       | 295/1100 [18:19<41:48,  3.12s/it]
 27%|██▋       | 296/1100 [18:22<41:25,  3.09s/it]
 27%|██▋       | 297/1100 [18:25<41:16,  3.08s/it]
 27%|██▋       | 298/1100 [18:29<41:35,  3.11s/it]
 27%|██▋       | 299/1100 [18:32<41:17,  3.09s/it]
 27%|██▋       | 300/1100 [18:35<41:08,  3.09s/it]
                                                  
{'loss': '1.477', 'grad_norm': '0.984', 'learning_rate': '0.0001825', 'entropy': '1.414', 'num_tokens': '6.222e+05', 'mean_token_accuracy': '0.6168', 'epoch': '0.5457'}

 27%|██▋       | 300/1100 [18:35<41:08,  3.09s/it]

  0%|          | 0/253 [00:00<?, ?it/s][A

  1%|          | 2/253 [00:00<00:32,  7.84it/s][A

  1%|          | 3/253 [00:00<00:47,  5.25it/s][A

  2%|▏         | 4/253 [00:00<01:00,  4.10it/s][A

  2%|▏         | 5/253 [00:01<01:01,  4.06it/s][A

  2%|▏         | 6/253 [00:01<00:58,  4.24it/s][A

  3%|▎         | 7/253 [00:01<00:56,  4.32it/s][A

  3%|▎         | 8/253 [00:01<00:54,  4.53it/s][A

  4%|▎         | 9/253 [00:02<01:04,  3.80it/s][A

  4%|▍         | 10/253 [00:02<01:02,  3.86it/s][A

  4%|▍         | 11/253 [00:02<00:59,  4.05it/s][A

  5%|▍         | 12/253 [00:02<00:55,  4.34it/s][A

  5%|▌         | 13/253 [00:02<00:55,  4.36it/s][A

  6%|▌         | 14/253 [00:03<00:57,  4.14it/s][A

  6%|▌         | 15/253 [00:03<00:54,  4.34it/s][A

  6%|▋         | 16/253 [00:03<00:55,  4.25it/s][A

  7%|▋         | 17/253 [00:03<00:56,  4.20it/s][A

  7%|▋         | 18/253 [00:04<00:54,  4.33it/s][A

  8%|▊         | 19/253 [00:04<00:59,  3.91it/s][A

  8%|▊         | 20/253 [00:04<00:58,  3.98it/s][A

  8%|▊         | 21/253 [00:04<00:56,  4.07it/s][A

  9%|▊         | 22/253 [00:05<00:54,  4.25it/s][A

  9%|▉         | 23/253 [00:05<00:56,  4.04it/s][A

  9%|▉         | 24/253 [00:05<00:59,  3.82it/s][A

 10%|▉         | 25/253 [00:06<01:02,  3.64it/s][A

 10%|█         | 26/253 [00:06<01:00,  3.72it/s][A

 11%|█         | 27/253 [00:06<01:00,  3.71it/s][A

 11%|█         | 28/253 [00:06<01:02,  3.59it/s][A

 11%|█▏        | 29/253 [00:07<01:00,  3.70it/s][A

 12%|█▏        | 30/253 [00:07<00:57,  3.85it/s][A

 12%|█▏        | 31/253 [00:07<00:52,  4.20it/s][A

 13%|█▎        | 32/253 [00:07<00:47,  4.69it/s][A

 13%|█▎        | 33/253 [00:07<00:45,  4.88it/s][A

 13%|█▎        | 34/253 [00:08<00:43,  5.03it/s][A

 14%|█▍        | 35/253 [00:08<00:41,  5.21it/s][A

 14%|█▍        | 36/253 [00:08<00:39,  5.54it/s][A

 15%|█▍        | 37/253 [00:08<00:36,  5.97it/s][A

 15%|█▌        | 38/253 [00:08<00:34,  6.14it/s][A

 15%|█▌        | 39/253 [00:08<00:34,  6.14it/s][A

 16%|█▌        | 40/253 [00:09<00:34,  6.09it/s][A

 16%|█▌        | 41/253 [00:09<00:34,  6.11it/s][A

 17%|█▋        | 42/253 [00:09<00:34,  6.05it/s][A

 17%|█▋        | 43/253 [00:09<00:33,  6.19it/s][A

 17%|█▋        | 44/253 [00:09<00:33,  6.15it/s][A

 18%|█▊        | 45/253 [00:09<00:33,  6.20it/s][A

 18%|█▊        | 46/253 [00:09<00:33,  6.14it/s][A

 19%|█▊        | 47/253 [00:10<00:34,  5.98it/s][A

 19%|█▉        | 48/253 [00:10<00:33,  6.11it/s][A

 19%|█▉        | 49/253 [00:10<00:37,  5.44it/s][A

 20%|█▉        | 50/253 [00:10<00:35,  5.78it/s][A

 20%|██        | 51/253 [00:10<00:34,  5.87it/s][A

 21%|██        | 52/253 [00:11<00:33,  6.03it/s][A

 21%|██        | 53/253 [00:11<00:33,  5.95it/s][A

 21%|██▏       | 54/253 [00:11<00:33,  6.00it/s][A

 22%|██▏       | 55/253 [00:11<00:32,  6.16it/s][A

 22%|██▏       | 56/253 [00:11<00:36,  5.36it/s][A

 23%|██▎       | 57/253 [00:11<00:35,  5.47it/s][A

 23%|██▎       | 58/253 [00:12<00:35,  5.51it/s][A

 23%|██▎       | 59/253 [00:12<00:40,  4.82it/s][A

 24%|██▎       | 60/253 [00:12<00:40,  4.79it/s][A

 24%|██▍       | 61/253 [00:12<00:43,  4.42it/s][A

 25%|██▍       | 62/253 [00:13<00:41,  4.63it/s][A

 25%|██▍       | 63/253 [00:13<00:39,  4.78it/s][A

 25%|██▌       | 64/253 [00:13<00:37,  5.06it/s][A

 26%|██▌       | 65/253 [00:13<00:37,  4.99it/s][A

 26%|██▌       | 66/253 [00:13<00:38,  4.84it/s][A

 26%|██▋       | 67/253 [00:14<00:37,  5.00it/s][A

 27%|██▋       | 68/253 [00:14<00:35,  5.18it/s][A

 27%|██▋       | 69/253 [00:14<00:34,  5.38it/s][A

 28%|██▊       | 70/253 [00:14<00:34,  5.26it/s][A

 28%|██▊       | 71/253 [00:14<00:34,  5.34it/s][A

 28%|██▊       | 72/253 [00:14<00:33,  5.48it/s][A

 29%|██▉       | 73/253 [00:15<00:31,  5.78it/s][A

 29%|██▉       | 74/253 [00:15<00:31,  5.68it/s][A

 30%|██▉       | 75/253 [00:15<00:32,  5.55it/s][A

 30%|███       | 76/253 [00:15<00:32,  5.51it/s][A

 30%|███       | 77/253 [00:15<00:30,  5.83it/s][A

 31%|███       | 78/253 [00:15<00:29,  6.00it/s][A

 31%|███       | 79/253 [00:16<00:28,  6.03it/s][A

 32%|███▏      | 80/253 [00:16<00:28,  5.98it/s][A

 32%|███▏      | 81/253 [00:16<00:28,  5.97it/s][A

 32%|███▏      | 82/253 [00:16<00:29,  5.74it/s][A

 33%|███▎      | 83/253 [00:16<00:32,  5.27it/s][A

 33%|███▎      | 84/253 [00:17<00:31,  5.30it/s][A

 34%|███▎      | 85/253 [00:17<00:33,  5.06it/s][A

 34%|███▍      | 86/253 [00:17<00:33,  5.06it/s][A

 34%|███▍      | 87/253 [00:17<00:34,  4.80it/s][A

 35%|███▍      | 88/253 [00:17<00:36,  4.48it/s][A

 35%|███▌      | 89/253 [00:18<00:40,  4.04it/s][A

 36%|███▌      | 90/253 [00:18<00:42,  3.86it/s][A

 36%|███▌      | 91/253 [00:18<00:39,  4.13it/s][A

 36%|███▋      | 92/253 [00:18<00:37,  4.25it/s][A

 37%|███▋      | 93/253 [00:19<00:39,  4.10it/s][A

 37%|███▋      | 94/253 [00:19<00:37,  4.26it/s][A

 38%|███▊      | 95/253 [00:19<00:34,  4.52it/s][A

 38%|███▊      | 96/253 [00:19<00:33,  4.64it/s][A

 38%|███▊      | 97/253 [00:20<00:35,  4.42it/s][A

 39%|███▊      | 98/253 [00:20<00:33,  4.69it/s][A

 39%|███▉      | 99/253 [00:20<00:32,  4.74it/s][A

 40%|███▉      | 100/253 [00:20<00:33,  4.57it/s][A

 40%|███▉      | 101/253 [00:20<00:31,  4.89it/s][A

 40%|████      | 102/253 [00:21<00:32,  4.67it/s][A

 41%|████      | 103/253 [00:21<00:30,  4.98it/s][A

 41%|████      | 104/253 [00:21<00:29,  4.99it/s][A

 42%|████▏     | 105/253 [00:21<00:32,  4.55it/s][A

 42%|████▏     | 106/253 [00:21<00:29,  4.94it/s][A

 42%|████▏     | 107/253 [00:22<00:31,  4.68it/s][A

 43%|████▎     | 108/253 [00:22<00:32,  4.48it/s][A

 43%|████▎     | 109/253 [00:22<00:34,  4.12it/s][A

 43%|████▎     | 110/253 [00:22<00:34,  4.17it/s][A

 44%|████▍     | 111/253 [00:23<00:37,  3.78it/s][A

 44%|████▍     | 112/253 [00:23<00:36,  3.84it/s][A

 45%|████▍     | 113/253 [00:23<00:36,  3.83it/s][A

 45%|████▌     | 114/253 [00:23<00:33,  4.18it/s][A

 45%|████▌     | 115/253 [00:24<00:32,  4.28it/s][A

 46%|████▌     | 116/253 [00:24<00:34,  3.98it/s][A

 46%|████▌     | 117/253 [00:24<00:32,  4.22it/s][A

 47%|████▋     | 118/253 [00:24<00:31,  4.33it/s][A

 47%|████▋     | 119/253 [00:25<00:31,  4.27it/s][A

 47%|████▋     | 120/253 [00:25<00:28,  4.68it/s][A

 48%|████▊     | 121/253 [00:25<00:26,  4.92it/s][A

 48%|████▊     | 122/253 [00:25<00:26,  4.92it/s][A

 49%|████▊     | 123/253 [00:25<00:24,  5.21it/s][A

 49%|████▉     | 124/253 [00:25<00:23,  5.44it/s][A

 49%|████▉     | 125/253 [00:26<00:21,  5.90it/s][A

 50%|████▉     | 126/253 [00:26<00:21,  5.95it/s][A

 50%|█████     | 127/253 [00:26<00:21,  5.97it/s][A

 51%|█████     | 128/253 [00:26<00:20,  6.21it/s][A

 51%|█████     | 129/253 [00:26<00:20,  6.05it/s][A

 51%|█████▏    | 130/253 [00:26<00:20,  6.14it/s][A

 52%|█████▏    | 131/253 [00:27<00:19,  6.37it/s][A

 52%|█████▏    | 132/253 [00:27<00:19,  6.25it/s][A

 53%|█████▎    | 133/253 [00:27<00:19,  6.31it/s][A

 53%|█████▎    | 134/253 [00:27<00:18,  6.41it/s][A

 53%|█████▎    | 135/253 [00:27<00:19,  6.19it/s][A

 54%|█████▍    | 136/253 [00:27<00:18,  6.28it/s][A

 54%|█████▍    | 137/253 [00:28<00:18,  6.17it/s][A

 55%|█████▍    | 138/253 [00:28<00:18,  6.09it/s][A

 55%|█████▍    | 139/253 [00:28<00:18,  6.08it/s][A

 55%|█████▌    | 140/253 [00:28<00:18,  6.23it/s][A

 56%|█████▌    | 141/253 [00:28<00:18,  6.14it/s][A

 56%|█████▌    | 142/253 [00:28<00:18,  6.05it/s][A

 57%|█████▋    | 143/253 [00:29<00:18,  5.96it/s][A

 57%|█████▋    | 144/253 [00:29<00:18,  5.99it/s][A

 57%|█████▋    | 145/253 [00:29<00:20,  5.33it/s][A

 58%|█████▊    | 146/253 [00:29<00:19,  5.35it/s][A

 58%|█████▊    | 147/253 [00:29<00:20,  5.17it/s][A

 58%|█████▊    | 148/253 [00:30<00:22,  4.75it/s][A

 59%|█████▉    | 149/253 [00:30<00:22,  4.57it/s][A

 59%|█████▉    | 150/253 [00:30<00:20,  4.95it/s][A

 60%|█████▉    | 151/253 [00:30<00:19,  5.13it/s][A

 60%|██████    | 152/253 [00:30<00:20,  4.89it/s][A

 60%|██████    | 153/253 [00:31<00:23,  4.28it/s][A

 61%|██████    | 154/253 [00:31<00:23,  4.28it/s][A

 61%|██████▏   | 155/253 [00:31<00:23,  4.22it/s][A

 62%|██████▏   | 156/253 [00:31<00:20,  4.64it/s][A

 62%|██████▏   | 157/253 [00:32<00:23,  4.16it/s][A

 62%|██████▏   | 158/253 [00:32<00:23,  4.09it/s][A

 63%|██████▎   | 159/253 [00:32<00:21,  4.36it/s][A

 63%|██████▎   | 160/253 [00:32<00:20,  4.49it/s][A

 64%|██████▎   | 161/253 [00:33<00:21,  4.27it/s][A

 64%|██████▍   | 162/253 [00:33<00:20,  4.53it/s][A

 64%|██████▍   | 163/253 [00:33<00:19,  4.65it/s][A

 65%|██████▍   | 164/253 [00:33<00:18,  4.79it/s][A

 65%|██████▌   | 165/253 [00:33<00:17,  5.02it/s][A

 66%|██████▌   | 166/253 [00:34<00:17,  5.08it/s][A

 66%|██████▌   | 167/253 [00:34<00:16,  5.10it/s][A

 66%|██████▋   | 168/253 [00:34<00:17,  4.82it/s][A

 67%|██████▋   | 169/253 [00:34<00:17,  4.78it/s][A

 67%|██████▋   | 170/253 [00:34<00:16,  5.01it/s][A

 68%|██████▊   | 171/253 [00:35<00:16,  5.11it/s][A

 68%|██████▊   | 172/253 [00:35<00:15,  5.07it/s][A

 68%|██████▊   | 173/253 [00:35<00:16,  4.92it/s][A

 69%|██████▉   | 174/253 [00:35<00:16,  4.93it/s][A

 69%|██████▉   | 175/253 [00:35<00:16,  4.75it/s][A

 70%|██████▉   | 176/253 [00:36<00:17,  4.33it/s][A

 70%|██████▉   | 177/253 [00:36<00:16,  4.55it/s][A

 70%|███████   | 178/253 [00:36<00:18,  4.07it/s][A

 71%|███████   | 179/253 [00:36<00:17,  4.17it/s][A

 71%|███████   | 180/253 [00:37<00:17,  4.23it/s][A

 72%|███████▏  | 181/253 [00:37<00:15,  4.62it/s][A

 72%|███████▏  | 182/253 [00:37<00:15,  4.66it/s][A

 72%|███████▏  | 183/253 [00:37<00:16,  4.14it/s][A

 73%|███████▎  | 184/253 [00:37<00:15,  4.56it/s][A

 73%|███████▎  | 185/253 [00:38<00:16,  4.15it/s][A

 74%|███████▎  | 186/253 [00:38<00:15,  4.28it/s][A

 74%|███████▍  | 187/253 [00:38<00:15,  4.33it/s][A

 74%|███████▍  | 188/253 [00:38<00:15,  4.33it/s][A

 75%|███████▍  | 189/253 [00:39<00:14,  4.38it/s][A

 75%|███████▌  | 190/253 [00:39<00:15,  4.12it/s][A

 75%|███████▌  | 191/253 [00:39<00:15,  4.06it/s][A

 76%|███████▌  | 192/253 [00:39<00:16,  3.72it/s][A

 76%|███████▋  | 193/253 [00:40<00:16,  3.64it/s][A

 77%|███████▋  | 194/253 [00:40<00:15,  3.75it/s][A

 77%|███████▋  | 195/253 [00:40<00:15,  3.74it/s][A

 77%|███████▋  | 196/253 [00:40<00:13,  4.09it/s][A

 78%|███████▊  | 197/253 [00:41<00:13,  4.03it/s][A

 78%|███████▊  | 198/253 [00:41<00:12,  4.54it/s][A

 79%|███████▊  | 199/253 [00:41<00:11,  4.91it/s][A

 79%|███████▉  | 200/253 [00:41<00:10,  5.09it/s][A

 79%|███████▉  | 201/253 [00:41<00:09,  5.25it/s][A

 80%|███████▉  | 202/253 [00:42<00:09,  5.41it/s][A

 80%|████████  | 203/253 [00:42<00:09,  5.35it/s][A

 81%|████████  | 204/253 [00:42<00:09,  5.36it/s][A

 81%|████████  | 205/253 [00:42<00:09,  5.16it/s][A

 81%|████████▏ | 206/253 [00:42<00:08,  5.57it/s][A

 82%|████████▏ | 207/253 [00:42<00:08,  5.72it/s][A

 82%|████████▏ | 208/253 [00:43<00:07,  6.01it/s][A

 83%|████████▎ | 209/253 [00:43<00:07,  6.26it/s][A

 83%|████████▎ | 210/253 [00:43<00:07,  5.50it/s][A

 83%|████████▎ | 211/253 [00:43<00:07,  5.68it/s][A

 84%|████████▍ | 212/253 [00:43<00:07,  5.64it/s][A

 84%|████████▍ | 213/253 [00:44<00:07,  5.35it/s][A

 85%|████████▍ | 214/253 [00:44<00:08,  4.78it/s][A

 85%|████████▍ | 215/253 [00:44<00:07,  5.07it/s][A

 85%|████████▌ | 216/253 [00:44<00:07,  4.95it/s][A

 86%|████████▌ | 217/253 [00:44<00:07,  4.57it/s][A

 86%|████████▌ | 218/253 [00:45<00:07,  4.40it/s][A

 87%|████████▋ | 219/253 [00:45<00:06,  4.91it/s][A

 87%|████████▋ | 220/253 [00:45<00:08,  3.74it/s][A

 87%|████████▋ | 221/253 [00:46<00:09,  3.49it/s][A

 88%|████████▊ | 222/253 [00:46<00:07,  3.93it/s][A

 88%|████████▊ | 223/253 [00:46<00:07,  3.97it/s][A

 89%|████████▊ | 224/253 [00:46<00:07,  3.95it/s][A

 89%|████████▉ | 225/253 [00:47<00:07,  3.87it/s][A

 89%|████████▉ | 226/253 [00:47<00:06,  3.98it/s][A

 90%|████████▉ | 227/253 [00:47<00:06,  3.75it/s][A

 90%|█████████ | 228/253 [00:47<00:06,  4.16it/s][A

 91%|█████████ | 229/253 [00:47<00:05,  4.40it/s][A

 91%|█████████ | 230/253 [00:48<00:04,  4.76it/s][A

 91%|█████████▏| 231/253 [00:48<00:04,  4.60it/s][A

 92%|█████████▏| 232/253 [00:48<00:04,  4.93it/s][A

 92%|█████████▏| 233/253 [00:48<00:04,  4.62it/s][A

 92%|█████████▏| 234/253 [00:48<00:03,  4.98it/s][A

 93%|█████████▎| 235/253 [00:49<00:03,  5.46it/s][A

 93%|█████████▎| 236/253 [00:49<00:03,  5.28it/s][A

 94%|█████████▎| 237/253 [00:49<00:02,  5.39it/s][A

 94%|█████████▍| 238/253 [00:49<00:02,  5.53it/s][A

 94%|█████████▍| 239/253 [00:49<00:02,  5.95it/s][A

 95%|█████████▍| 240/253 [00:49<00:02,  6.16it/s][A

 95%|█████████▌| 241/253 [00:50<00:01,  6.39it/s][A

 96%|█████████▌| 242/253 [00:50<00:01,  6.28it/s][A

 96%|█████████▌| 243/253 [00:50<00:01,  5.91it/s][A

 96%|█████████▋| 244/253 [00:50<00:01,  5.93it/s][A

 97%|█████████▋| 245/253 [00:50<00:01,  6.05it/s][A

 97%|█████████▋| 246/253 [00:50<00:01,  5.78it/s][A

 98%|█████████▊| 247/253 [00:51<00:00,  6.04it/s][A

 98%|█████████▊| 248/253 [00:51<00:00,  6.16it/s][A

 98%|█████████▊| 249/253 [00:51<00:00,  6.21it/s][A

 99%|█████████▉| 250/253 [00:51<00:00,  5.21it/s][A

 99%|█████████▉| 251/253 [00:51<00:00,  5.53it/s][A

100%|█████████▉| 252/253 [00:52<00:00,  5.52it/s][A

100%|██████████| 253/253 [00:52<00:00,  5.78it/s][A
                                                  

                                                 
[A{'eval_loss': '1.459', 'eval_runtime': '52.54', 'eval_samples_per_second': '9.631', 'eval_steps_per_second': '4.816', 'eval_entropy': '1.463', 'eval_num_tokens': '6.222e+05', 'eval_mean_token_accuracy': '0.6254', 'epoch': '0.5457'}

 27%|██▋       | 300/1100 [19:27<41:08,  3.09s/it]

100%|██████████| 253/253 [00:52<00:00,  5.78it/s][A

                                                 [A
 27%|██▋       | 301/1100 [19:31<4:12:25, 18.96s/it]
 27%|██▋       | 302/1100 [19:34<3:09:09, 14.22s/it]
 28%|██▊       | 303/1100 [19:37<2:25:40, 10.97s/it]
 28%|██▊       | 304/1100 [19:40<1:54:24,  8.62s/it]
 28%|██▊       | 305/1100 [19:44<1:33:23,  7.05s/it]
 28%|██▊       | 306/1100 [19:47<1:18:08,  5.91s/it]
 28%|██▊       | 307/1100 [19:50<1:07:07,  5.08s/it]
 28%|██▊       | 308/1100 [19:54<1:01:12,  4.64s/it]
 28%|██▊       | 309/1100 [19:57<56:12,  4.26s/it]  
 28%|██▊       | 310/1100 [20:01<53:12,  4.04s/it]
                                                  
{'loss': '1.449', 'grad_norm': '0.9636', 'learning_rate': '0.0001807', 'entropy': '1.497', 'num_tokens': '6.43e+05', 'mean_token_accuracy': '0.6263', 'epoch': '0.5639'}

 28%|██▊       | 310/1100 [20:01<53:12,  4.04s/it]
 28%|██▊       | 311/1100 [20:04<50:42,  3.86s/it]
 28%|██▊       | 312/1100 [20:08<49:43,  3.79s/it]
 28%|██▊       | 313/1100 [20:11<46:23,  3.54s/it]
 29%|██▊       | 314/1100 [20:13<43:05,  3.29s/it]
 29%|██▊       | 315/1100 [20:17<43:20,  3.31s/it]
 29%|██▊       | 316/1100 [20:20<43:00,  3.29s/it]
 29%|██▉       | 317/1100 [20:23<42:29,  3.26s/it]
 29%|██▉       | 318/1100 [20:26<39:56,  3.06s/it]
 29%|██▉       | 319/1100 [20:29<40:04,  3.08s/it]
 29%|██▉       | 320/1100 [20:32<39:24,  3.03s/it]
                                                  
{'loss': '1.478', 'grad_norm': '1.039', 'learning_rate': '0.0001788', 'entropy': '1.429', 'num_tokens': '6.647e+05', 'mean_token_accuracy': '0.6183', 'epoch': '0.5821'}

 29%|██▉       | 320/1100 [20:32<39:24,  3.03s/it]
 29%|██▉       | 321/1100 [20:35<41:23,  3.19s/it]
 29%|██▉       | 322/1100 [20:38<38:10,  2.94s/it]
 29%|██▉       | 323/1100 [20:41<38:31,  2.98s/it]
 29%|██▉       | 324/1100 [20:44<39:34,  3.06s/it]
 30%|██▉       | 325/1100 [20:48<41:15,  3.19s/it]
 30%|██▉       | 326/1100 [20:50<39:04,  3.03s/it]
 30%|██▉       | 327/1100 [20:53<36:36,  2.84s/it]
 30%|██▉       | 328/1100 [20:56<38:51,  3.02s/it]
 30%|██▉       | 329/1100 [20:59<36:31,  2.84s/it]
 30%|███       | 330/1100 [21:02<38:16,  2.98s/it]
                                                  
{'loss': '1.509', 'grad_norm': '1.059', 'learning_rate': '0.0001768', 'entropy': '1.508', 'num_tokens': '6.858e+05', 'mean_token_accuracy': '0.6223', 'epoch': '0.6003'}

 30%|███       | 330/1100 [21:02<38:16,  2.98s/it]
 30%|███       | 331/1100 [21:05<39:32,  3.08s/it]
 30%|███       | 332/1100 [21:08<37:42,  2.95s/it]
 30%|███       | 333/1100 [21:11<37:37,  2.94s/it]
 30%|███       | 334/1100 [21:14<37:46,  2.96s/it]
 30%|███       | 335/1100 [21:17<37:55,  2.98s/it]
 31%|███       | 336/1100 [21:20<38:05,  2.99s/it]
 31%|███       | 337/1100 [21:23<37:05,  2.92s/it]
 31%|███       | 338/1100 [21:26<38:20,  3.02s/it]
 31%|███       | 339/1100 [21:29<38:01,  3.00s/it]
 31%|███       | 340/1100 [21:32<37:15,  2.94s/it]
                                                  
{'loss': '1.506', 'grad_norm': '1.138', 'learning_rate': '0.0001747', 'entropy': '1.441', 'num_tokens': '7.066e+05', 'mean_token_accuracy': '0.6261', 'epoch': '0.6185'}

 31%|███       | 340/1100 [21:32<37:15,  2.94s/it]
 31%|███       | 341/1100 [21:34<36:35,  2.89s/it]
 31%|███       | 342/1100 [21:38<38:57,  3.08s/it]
 31%|███       | 343/1100 [21:41<37:39,  2.98s/it]
 31%|███▏      | 344/1100 [21:44<38:32,  3.06s/it]
 31%|███▏      | 345/1100 [21:47<39:09,  3.11s/it]
 31%|███▏      | 346/1100 [21:49<35:40,  2.84s/it]
 32%|███▏      | 347/1100 [21:52<35:14,  2.81s/it]
 32%|███▏      | 348/1100 [21:55<35:14,  2.81s/it]
 32%|███▏      | 349/1100 [21:58<35:04,  2.80s/it]
 32%|███▏      | 350/1100 [22:01<36:22,  2.91s/it]
                                                  
{'loss': '1.346', 'grad_norm': '1.052', 'learning_rate': '0.0001726', 'entropy': '1.389', 'num_tokens': '7.272e+05', 'mean_token_accuracy': '0.6427', 'epoch': '0.6367'}

 32%|███▏      | 350/1100 [22:01<36:22,  2.91s/it]
 32%|███▏      | 351/1100 [22:04<36:05,  2.89s/it]
 32%|███▏      | 352/1100 [22:07<37:22,  3.00s/it]
 32%|███▏      | 353/1100 [22:10<36:22,  2.92s/it]
 32%|███▏      | 354/1100 [22:13<37:39,  3.03s/it]
 32%|███▏      | 355/1100 [22:16<39:09,  3.15s/it]
 32%|███▏      | 356/1100 [22:19<37:41,  3.04s/it]
 32%|███▏      | 357/1100 [22:22<38:29,  3.11s/it]
 33%|███▎      | 358/1100 [22:26<38:41,  3.13s/it]
 33%|███▎      | 359/1100 [22:29<38:58,  3.16s/it]
 33%|███▎      | 360/1100 [22:32<38:57,  3.16s/it]
                                                  
{'loss': '1.452', 'grad_norm': '1.034', 'learning_rate': '0.0001704', 'entropy': '1.374', 'num_tokens': '7.482e+05', 'mean_token_accuracy': '0.6455', 'epoch': '0.6548'}

 33%|███▎      | 360/1100 [22:32<38:57,  3.16s/it]
 33%|███▎      | 361/1100 [22:35<38:42,  3.14s/it]
 33%|███▎      | 362/1100 [22:38<37:27,  3.04s/it]
 33%|███▎      | 363/1100 [22:41<36:19,  2.96s/it]
 33%|███▎      | 364/1100 [22:43<34:44,  2.83s/it]
 33%|███▎      | 365/1100 [22:47<38:01,  3.10s/it]
 33%|███▎      | 366/1100 [22:51<40:05,  3.28s/it]
 33%|███▎      | 367/1100 [22:54<40:07,  3.28s/it]
 33%|███▎      | 368/1100 [22:57<39:27,  3.23s/it]
 34%|███▎      | 369/1100 [23:00<37:03,  3.04s/it]
 34%|███▎      | 370/1100 [23:03<39:26,  3.24s/it]
                                                  
{'loss': '1.442', 'grad_norm': '1.037', 'learning_rate': '0.0001681', 'entropy': '1.483', 'num_tokens': '7.682e+05', 'mean_token_accuracy': '0.6298', 'epoch': '0.673'}

 34%|███▎      | 370/1100 [23:03<39:26,  3.24s/it]
 34%|███▎      | 371/1100 [23:06<36:02,  2.97s/it]
 34%|███▍      | 372/1100 [23:09<36:11,  2.98s/it]
 34%|███▍      | 373/1100 [23:12<36:34,  3.02s/it]
 34%|███▍      | 374/1100 [23:15<37:18,  3.08s/it]
 34%|███▍      | 375/1100 [23:17<34:03,  2.82s/it]
 34%|███▍      | 376/1100 [23:20<32:42,  2.71s/it]
 34%|███▍      | 377/1100 [23:23<34:22,  2.85s/it]
 34%|███▍      | 378/1100 [23:26<34:01,  2.83s/it]
 34%|███▍      | 379/1100 [23:28<33:29,  2.79s/it]
 35%|███▍      | 380/1100 [23:31<34:58,  2.92s/it]
                                                  
{'loss': '1.47', 'grad_norm': '1.012', 'learning_rate': '0.0001657', 'entropy': '1.438', 'num_tokens': '7.896e+05', 'mean_token_accuracy': '0.6268', 'epoch': '0.6912'}

 35%|███▍      | 380/1100 [23:31<34:58,  2.92s/it]
 35%|███▍      | 381/1100 [23:35<35:25,  2.96s/it]
 35%|███▍      | 382/1100 [23:38<36:30,  3.05s/it]
 35%|███▍      | 383/1100 [23:41<35:51,  3.00s/it]
 35%|███▍      | 384/1100 [23:44<37:08,  3.11s/it]
 35%|███▌      | 385/1100 [23:47<37:29,  3.15s/it]
 35%|███▌      | 386/1100 [23:50<37:11,  3.13s/it]
 35%|███▌      | 387/1100 [23:53<35:45,  3.01s/it]
 35%|███▌      | 388/1100 [23:56<35:29,  2.99s/it]
 35%|███▌      | 389/1100 [23:58<33:13,  2.80s/it]
 35%|███▌      | 390/1100 [24:02<35:33,  3.00s/it]
                                                  
{'loss': '1.33', 'grad_norm': '0.9472', 'learning_rate': '0.0001633', 'entropy': '1.361', 'num_tokens': '8.097e+05', 'mean_token_accuracy': '0.6502', 'epoch': '0.7094'}

 35%|███▌      | 390/1100 [24:02<35:33,  3.00s/it]
 36%|███▌      | 391/1100 [24:04<33:12,  2.81s/it]
 36%|███▌      | 392/1100 [24:07<34:29,  2.92s/it]
 36%|███▌      | 393/1100 [24:11<35:22,  3.00s/it]
 36%|███▌      | 394/1100 [24:14<35:34,  3.02s/it]
 36%|███▌      | 395/1100 [24:17<35:37,  3.03s/it]
 36%|███▌      | 396/1100 [24:20<34:42,  2.96s/it]
 36%|███▌      | 397/1100 [24:23<34:59,  2.99s/it]
 36%|███▌      | 398/1100 [24:26<35:07,  3.00s/it]
 36%|███▋      | 399/1100 [24:29<35:09,  3.01s/it]
 36%|███▋      | 400/1100 [24:32<35:57,  3.08s/it]
                                                  
{'loss': '1.445', 'grad_norm': '0.8531', 'learning_rate': '0.0001608', 'entropy': '1.416', 'num_tokens': '8.31e+05', 'mean_token_accuracy': '0.6273', 'epoch': '0.7276'}

 36%|███▋      | 400/1100 [24:32<35:57,  3.08s/it]

  0%|          | 0/253 [00:00<?, ?it/s][A

  1%|          | 2/253 [00:00<00:21, 11.55it/s][A

  2%|▏         | 4/253 [00:00<00:33,  7.40it/s][A

  2%|▏         | 5/253 [00:00<00:35,  6.91it/s][A

  2%|▏         | 6/253 [00:00<00:36,  6.77it/s][A

  3%|▎         | 7/253 [00:00<00:37,  6.53it/s][A

  3%|▎         | 8/253 [00:01<00:37,  6.51it/s][A

  4%|▎         | 9/253 [00:01<00:37,  6.55it/s][A

  4%|▍         | 10/253 [00:01<00:38,  6.38it/s][A

  4%|▍         | 11/253 [00:01<00:37,  6.38it/s][A

  5%|▍         | 12/253 [00:01<00:38,  6.24it/s][A

  5%|▌         | 13/253 [00:01<00:38,  6.22it/s][A

  6%|▌         | 14/253 [00:02<00:37,  6.30it/s][A

  6%|▌         | 15/253 [00:02<00:38,  6.19it/s][A

  6%|▋         | 16/253 [00:02<00:37,  6.32it/s][A

  7%|▋         | 17/253 [00:02<00:36,  6.39it/s][A

  7%|▋         | 18/253 [00:02<00:36,  6.44it/s][A

  8%|▊         | 19/253 [00:02<00:37,  6.18it/s][A

  8%|▊         | 20/253 [00:03<00:38,  6.12it/s][A

  8%|▊         | 21/253 [00:03<00:38,  6.02it/s][A

  9%|▊         | 22/253 [00:03<00:41,  5.58it/s][A

  9%|▉         | 23/253 [00:03<00:42,  5.43it/s][A

  9%|▉         | 24/253 [00:03<00:41,  5.52it/s][A

 10%|▉         | 25/253 [00:04<00:47,  4.77it/s][A

 10%|█         | 26/253 [00:04<00:45,  5.01it/s][A

 11%|█         | 27/253 [00:04<00:45,  4.96it/s][A

 11%|█         | 28/253 [00:04<00:44,  5.06it/s][A

 11%|█▏        | 29/253 [00:04<00:45,  4.97it/s][A

 12%|█▏        | 30/253 [00:05<00:45,  4.92it/s][A

 12%|█▏        | 31/253 [00:05<00:49,  4.50it/s][A

 13%|█▎        | 32/253 [00:05<00:52,  4.24it/s][A

 13%|█▎        | 33/253 [00:05<00:54,  4.01it/s][A

 13%|█▎        | 34/253 [00:06<00:50,  4.30it/s][A

 14%|█▍        | 35/253 [00:06<00:52,  4.13it/s][A

 14%|█▍        | 36/253 [00:06<00:49,  4.37it/s][A

 15%|█▍        | 37/253 [00:06<00:44,  4.88it/s][A

 15%|█▌        | 38/253 [00:06<00:46,  4.61it/s][A

 15%|█▌        | 39/253 [00:07<00:43,  4.96it/s][A

 16%|█▌        | 40/253 [00:07<00:42,  4.99it/s][A

 16%|█▌        | 41/253 [00:07<00:44,  4.82it/s][A

 17%|█▋        | 42/253 [00:07<00:41,  5.05it/s][A

 17%|█▋        | 43/253 [00:07<00:42,  4.93it/s][A

 17%|█▋        | 44/253 [00:08<00:40,  5.15it/s][A

 18%|█▊        | 45/253 [00:08<00:38,  5.36it/s][A

 18%|█▊        | 46/253 [00:08<00:39,  5.27it/s][A

 19%|█▊        | 47/253 [00:08<00:51,  3.99it/s][A

 19%|█▉        | 48/253 [00:09<00:47,  4.33it/s][A

 19%|█▉        | 49/253 [00:09<00:49,  4.13it/s][A

 20%|█▉        | 50/253 [00:09<00:45,  4.43it/s][A

 20%|██        | 51/253 [00:09<00:41,  4.84it/s][A

 21%|██        | 52/253 [00:09<00:42,  4.78it/s][A

 21%|██        | 53/253 [00:10<00:39,  5.04it/s][A

 21%|██▏       | 54/253 [00:10<00:38,  5.24it/s][A

 22%|██▏       | 55/253 [00:10<00:38,  5.18it/s][A

 22%|██▏       | 56/253 [00:10<00:35,  5.58it/s][A

 23%|██▎       | 57/253 [00:10<00:37,  5.26it/s][A

 23%|██▎       | 58/253 [00:11<00:46,  4.17it/s][A

 23%|██▎       | 59/253 [00:11<00:42,  4.56it/s][A

 24%|██▎       | 60/253 [00:11<00:39,  4.84it/s][A

 24%|██▍       | 61/253 [00:11<00:37,  5.13it/s][A

 25%|██▍       | 62/253 [00:11<00:37,  5.15it/s][A

 25%|██▍       | 63/253 [00:12<00:36,  5.15it/s][A

 25%|██▌       | 64/253 [00:12<00:36,  5.22it/s][A

 26%|██▌       | 65/253 [00:12<00:35,  5.31it/s][A

 26%|██▌       | 66/253 [00:12<00:33,  5.50it/s][A

 26%|██▋       | 67/253 [00:12<00:31,  5.96it/s][A

 27%|██▋       | 68/253 [00:12<00:29,  6.33it/s][A

 27%|██▋       | 69/253 [00:13<00:29,  6.24it/s][A

 28%|██▊       | 70/253 [00:13<00:28,  6.32it/s][A

 28%|██▊       | 71/253 [00:13<00:28,  6.29it/s][A

 28%|██▊       | 72/253 [00:13<00:27,  6.60it/s][A

 29%|██▉       | 73/253 [00:13<00:26,  6.81it/s][A

 29%|██▉       | 74/253 [00:13<00:26,  6.72it/s][A

 30%|██▉       | 75/253 [00:13<00:27,  6.42it/s][A

 30%|███       | 76/253 [00:14<00:28,  6.29it/s][A

 30%|███       | 77/253 [00:14<00:27,  6.50it/s][A

 31%|███       | 78/253 [00:14<00:26,  6.50it/s][A

 31%|███       | 79/253 [00:14<00:27,  6.36it/s][A

 32%|███▏      | 80/253 [00:14<00:27,  6.21it/s][A

 32%|███▏      | 81/253 [00:14<00:27,  6.14it/s][A

 32%|███▏      | 82/253 [00:15<00:27,  6.24it/s][A

 33%|███▎      | 83/253 [00:15<00:27,  6.09it/s][A

 33%|███▎      | 84/253 [00:15<00:27,  6.06it/s][A

 34%|███▎      | 85/253 [00:15<00:27,  6.08it/s][A

 34%|███▍      | 86/253 [00:15<00:28,  5.91it/s][A

 34%|███▍      | 87/253 [00:15<00:28,  5.87it/s][A

 35%|███▍      | 88/253 [00:16<00:28,  5.77it/s][A

 35%|███▌      | 89/253 [00:16<00:29,  5.61it/s][A

 36%|███▌      | 90/253 [00:16<00:28,  5.81it/s][A

 36%|███▌      | 91/253 [00:16<00:27,  5.91it/s][A

 36%|███▋      | 92/253 [00:16<00:27,  5.91it/s][A

 37%|███▋      | 93/253 [00:16<00:27,  5.82it/s][A

 37%|███▋      | 94/253 [00:17<00:29,  5.36it/s][A

 38%|███▊      | 95/253 [00:17<00:27,  5.70it/s][A

 38%|███▊      | 96/253 [00:17<00:28,  5.47it/s][A

 38%|███▊      | 97/253 [00:17<00:27,  5.68it/s][A

 39%|███▊      | 98/253 [00:17<00:28,  5.52it/s][A

 39%|███▉      | 99/253 [00:18<00:28,  5.42it/s][A

 40%|███▉      | 100/253 [00:18<00:27,  5.60it/s][A

 40%|███▉      | 101/253 [00:18<00:26,  5.66it/s][A

 40%|████      | 102/253 [00:18<00:27,  5.47it/s][A

 41%|████      | 103/253 [00:18<00:27,  5.55it/s][A

 41%|████      | 104/253 [00:18<00:26,  5.61it/s][A

 42%|████▏     | 105/253 [00:19<00:25,  5.70it/s][A

 42%|████▏     | 106/253 [00:19<00:24,  6.06it/s][A

 42%|████▏     | 107/253 [00:19<00:24,  6.04it/s][A

 43%|████▎     | 108/253 [00:19<00:24,  6.02it/s][A

 43%|████▎     | 109/253 [00:19<00:22,  6.36it/s][A

 43%|████▎     | 110/253 [00:19<00:21,  6.58it/s][A

 44%|████▍     | 111/253 [00:20<00:21,  6.54it/s][A

 44%|████▍     | 112/253 [00:20<00:22,  6.35it/s][A

 45%|████▍     | 113/253 [00:20<00:22,  6.20it/s][A

 45%|████▌     | 114/253 [00:20<00:22,  6.12it/s][A

 45%|████▌     | 115/253 [00:20<00:23,  5.81it/s][A

 46%|████▌     | 116/253 [00:20<00:23,  5.86it/s][A

 46%|████▌     | 117/253 [00:21<00:23,  5.91it/s][A

 47%|████▋     | 118/253 [00:21<00:22,  5.91it/s][A

 47%|████▋     | 119/253 [00:21<00:22,  5.92it/s][A

 47%|████▋     | 120/253 [00:21<00:22,  5.92it/s][A

 48%|████▊     | 121/253 [00:21<00:21,  6.11it/s][A

 48%|████▊     | 122/253 [00:21<00:22,  5.90it/s][A

 49%|████▊     | 123/253 [00:22<00:22,  5.87it/s][A

 49%|████▉     | 124/253 [00:22<00:23,  5.56it/s][A

 49%|████▉     | 125/253 [00:22<00:21,  5.85it/s][A

 50%|████▉     | 126/253 [00:22<00:21,  5.91it/s][A

 50%|█████     | 127/253 [00:22<00:21,  5.95it/s][A

 51%|█████     | 128/253 [00:22<00:21,  5.89it/s][A

 51%|█████     | 129/253 [00:23<00:24,  5.09it/s][A

 51%|█████▏    | 130/253 [00:23<00:25,  4.84it/s][A

 52%|█████▏    | 131/253 [00:23<00:23,  5.28it/s][A

 52%|█████▏    | 132/253 [00:23<00:25,  4.67it/s][A

 53%|█████▎    | 133/253 [00:24<00:24,  4.87it/s][A

 53%|█████▎    | 134/253 [00:24<00:25,  4.67it/s][A

 53%|█████▎    | 135/253 [00:24<00:23,  4.95it/s][A

 54%|█████▍    | 136/253 [00:24<00:22,  5.10it/s][A

 54%|█████▍    | 137/253 [00:24<00:21,  5.40it/s][A

 55%|█████▍    | 138/253 [00:24<00:21,  5.34it/s][A

 55%|█████▍    | 139/253 [00:25<00:20,  5.52it/s][A

 55%|█████▌    | 140/253 [00:25<00:19,  5.69it/s][A

 56%|█████▌    | 141/253 [00:25<00:19,  5.71it/s][A

 56%|█████▌    | 142/253 [00:25<00:19,  5.72it/s][A

 57%|█████▋    | 143/253 [00:25<00:19,  5.75it/s][A

 57%|█████▋    | 144/253 [00:25<00:18,  5.85it/s][A

 57%|█████▋    | 145/253 [00:26<00:17,  6.15it/s][A

 58%|█████▊    | 146/253 [00:26<00:16,  6.47it/s][A

 58%|█████▊    | 147/253 [00:26<00:15,  6.66it/s][A

 58%|█████▊    | 148/253 [00:26<00:16,  6.42it/s][A

 59%|█████▉    | 149/253 [00:26<00:16,  6.27it/s][A

 59%|█████▉    | 150/253 [00:26<00:15,  6.51it/s][A

 60%|█████▉    | 151/253 [00:27<00:15,  6.48it/s][A

 60%|██████    | 152/253 [00:27<00:15,  6.63it/s][A

 60%|██████    | 153/253 [00:27<00:14,  6.79it/s][A

 61%|██████    | 154/253 [00:27<00:14,  6.85it/s][A

 61%|██████▏   | 155/253 [00:27<00:14,  6.60it/s][A

 62%|██████▏   | 156/253 [00:27<00:14,  6.67it/s][A

 62%|██████▏   | 157/253 [00:27<00:14,  6.58it/s][A

 62%|██████▏   | 158/253 [00:28<00:15,  6.26it/s][A

 63%|██████▎   | 159/253 [00:28<00:15,  6.11it/s][A

 63%|██████▎   | 160/253 [00:28<00:15,  6.06it/s][A

 64%|██████▎   | 161/253 [00:28<00:15,  5.79it/s][A

 64%|██████▍   | 162/253 [00:28<00:16,  5.61it/s][A

 64%|██████▍   | 163/253 [00:28<00:15,  5.87it/s][A

 65%|██████▍   | 164/253 [00:29<00:14,  6.08it/s][A

 65%|██████▌   | 165/253 [00:29<00:15,  5.78it/s][A

 66%|██████▌   | 166/253 [00:29<00:15,  5.78it/s][A

 66%|██████▌   | 167/253 [00:29<00:17,  5.01it/s][A

 66%|██████▋   | 168/253 [00:29<00:16,  5.05it/s][A

 67%|██████▋   | 169/253 [00:30<00:16,  5.25it/s][A

 67%|██████▋   | 170/253 [00:30<00:15,  5.40it/s][A

 68%|██████▊   | 171/253 [00:30<00:17,  4.77it/s][A

 68%|██████▊   | 172/253 [00:30<00:15,  5.07it/s][A

 68%|██████▊   | 173/253 [00:30<00:15,  5.00it/s][A

 69%|██████▉   | 174/253 [00:31<00:15,  5.24it/s][A

 69%|██████▉   | 175/253 [00:31<00:14,  5.31it/s][A

 70%|██████▉   | 176/253 [00:31<00:13,  5.67it/s][A

 70%|██████▉   | 177/253 [00:31<00:15,  4.86it/s][A

 70%|███████   | 178/253 [00:31<00:14,  5.26it/s][A

 71%|███████   | 179/253 [00:32<00:15,  4.79it/s][A

 71%|███████   | 180/253 [00:32<00:14,  5.06it/s][A

 72%|███████▏  | 181/253 [00:32<00:13,  5.20it/s][A

 72%|███████▏  | 182/253 [00:32<00:13,  5.20it/s][A

 72%|███████▏  | 183/253 [00:32<00:13,  5.13it/s][A

 73%|███████▎  | 184/253 [00:33<00:12,  5.52it/s][A

 73%|███████▎  | 185/253 [00:33<00:12,  5.66it/s][A

 74%|███████▎  | 186/253 [00:33<00:11,  5.94it/s][A

 74%|███████▍  | 187/253 [00:33<00:11,  5.75it/s][A

 74%|███████▍  | 188/253 [00:33<00:11,  5.70it/s][A

 75%|███████▍  | 189/253 [00:33<00:11,  5.80it/s][A

 75%|███████▌  | 190/253 [00:34<00:10,  5.77it/s][A

 75%|███████▌  | 191/253 [00:34<00:11,  5.57it/s][A

 76%|███████▌  | 192/253 [00:34<00:12,  4.95it/s][A

 76%|███████▋  | 193/253 [00:34<00:11,  5.24it/s][A

 77%|███████▋  | 194/253 [00:34<00:12,  4.61it/s][A

 77%|███████▋  | 195/253 [00:35<00:11,  4.94it/s][A

 77%|███████▋  | 196/253 [00:35<00:13,  4.25it/s][A

 78%|███████▊  | 197/253 [00:35<00:12,  4.43it/s][A

 78%|███████▊  | 198/253 [00:35<00:11,  4.76it/s][A

 79%|███████▊  | 199/253 [00:35<00:10,  5.00it/s][A

 79%|███████▉  | 200/253 [00:36<00:10,  4.91it/s][A

 79%|███████▉  | 201/253 [00:36<00:10,  5.19it/s][A

 80%|███████▉  | 202/253 [00:36<00:09,  5.26it/s][A

 80%|████████  | 203/253 [00:36<00:09,  5.23it/s][A

 81%|████████  | 204/253 [00:36<00:09,  5.39it/s][A

 81%|████████  | 205/253 [00:37<00:08,  5.50it/s][A

 81%|████████▏ | 206/253 [00:37<00:08,  5.87it/s][A

 82%|████████▏ | 207/253 [00:37<00:07,  5.88it/s][A

 82%|████████▏ | 208/253 [00:37<00:07,  6.12it/s][A

 83%|████████▎ | 209/253 [00:37<00:07,  6.23it/s][A

 83%|████████▎ | 210/253 [00:37<00:07,  5.82it/s][A

 83%|████████▎ | 211/253 [00:38<00:06,  6.15it/s][A

 84%|████████▍ | 212/253 [00:38<00:06,  6.39it/s][A

 84%|████████▍ | 213/253 [00:38<00:06,  6.42it/s][A

 85%|████████▍ | 214/253 [00:38<00:05,  6.57it/s][A

 85%|████████▍ | 215/253 [00:38<00:05,  6.54it/s][A

 85%|████████▌ | 216/253 [00:38<00:05,  6.62it/s][A

 86%|████████▌ | 217/253 [00:38<00:05,  6.10it/s][A

 86%|████████▌ | 218/253 [00:39<00:05,  6.09it/s][A

 87%|████████▋ | 219/253 [00:39<00:05,  6.24it/s][A

 87%|████████▋ | 220/253 [00:39<00:05,  5.73it/s][A

 87%|████████▋ | 221/253 [00:39<00:05,  5.94it/s][A

 88%|████████▊ | 222/253 [00:39<00:05,  5.17it/s][A

 88%|████████▊ | 223/253 [00:40<00:06,  4.98it/s][A

 89%|████████▊ | 224/253 [00:40<00:06,  4.76it/s][A

 89%|████████▉ | 225/253 [00:40<00:05,  4.93it/s][A

 89%|████████▉ | 226/253 [00:40<00:05,  4.93it/s][A

 90%|████████▉ | 227/253 [00:40<00:05,  4.88it/s][A

 90%|█████████ | 228/253 [00:41<00:04,  5.16it/s][A

 91%|█████████ | 229/253 [00:41<00:05,  4.75it/s][A

 91%|█████████ | 230/253 [00:41<00:05,  4.53it/s][A

 91%|█████████▏| 231/253 [00:41<00:04,  4.45it/s][A

 92%|█████████▏| 232/253 [00:42<00:04,  4.64it/s][A

 92%|█████████▏| 233/253 [00:42<00:04,  4.92it/s][A

 92%|█████████▏| 234/253 [00:42<00:03,  5.10it/s][A

 93%|█████████▎| 235/253 [00:42<00:03,  4.99it/s][A

 93%|█████████▎| 236/253 [00:42<00:03,  5.34it/s][A

 94%|█████████▎| 237/253 [00:42<00:03,  5.26it/s][A

 94%|█████████▍| 238/253 [00:43<00:02,  5.57it/s][A

 94%|█████████▍| 239/253 [00:43<00:02,  5.91it/s][A

 95%|█████████▍| 240/253 [00:43<00:02,  6.24it/s][A

 95%|█████████▌| 241/253 [00:43<00:01,  6.37it/s][A

 96%|█████████▌| 242/253 [00:43<00:01,  6.57it/s][A

 96%|█████████▌| 243/253 [00:43<00:01,  6.39it/s][A

 96%|█████████▋| 244/253 [00:43<00:01,  6.27it/s][A

 97%|█████████▋| 245/253 [00:44<00:01,  6.36it/s][A

 97%|█████████▋| 246/253 [00:44<00:01,  5.97it/s][A

 98%|█████████▊| 247/253 [00:44<00:00,  6.19it/s][A

 98%|█████████▊| 248/253 [00:44<00:00,  6.27it/s][A

 98%|█████████▊| 249/253 [00:44<00:00,  6.15it/s][A

 99%|█████████▉| 250/253 [00:44<00:00,  6.03it/s][A

 99%|█████████▉| 251/253 [00:45<00:00,  5.72it/s][A

100%|█████████▉| 252/253 [00:45<00:00,  5.78it/s][A

100%|██████████| 253/253 [00:45<00:00,  4.64it/s][A
                                                  

                                                 
[A{'eval_loss': '1.413', 'eval_runtime': '45.85', 'eval_samples_per_second': '11.04', 'eval_steps_per_second': '5.518', 'eval_entropy': '1.399', 'eval_num_tokens': '8.31e+05', 'eval_mean_token_accuracy': '0.6334', 'epoch': '0.7276'}

 36%|███▋      | 400/1100 [25:18<35:57,  3.08s/it]

100%|██████████| 253/253 [00:45<00:00,  4.64it/s][A

                                                 [A
 36%|███▋      | 401/1100 [25:24<3:27:38, 17.82s/it]
 37%|███▋      | 402/1100 [25:27<2:35:28, 13.37s/it]
 37%|███▋      | 403/1100 [25:30<1:59:17, 10.27s/it]
 37%|███▋      | 404/1100 [25:33<1:34:13,  8.12s/it]
 37%|███▋      | 405/1100 [25:36<1:16:52,  6.64s/it]
 37%|███▋      | 406/1100 [25:40<1:05:11,  5.64s/it]
 37%|███▋      | 407/1100 [25:43<55:53,  4.84s/it]  
 37%|███▋      | 408/1100 [25:45<47:21,  4.11s/it]
 37%|███▋      | 409/1100 [25:48<43:18,  3.76s/it]
 37%|███▋      | 410/1100 [25:51<39:44,  3.46s/it]
                                                  
{'loss': '1.406', 'grad_norm': '0.9266', 'learning_rate': '0.0001583', 'entropy': '1.411', 'num_tokens': '8.528e+05', 'mean_token_accuracy': '0.6405', 'epoch': '0.7458'}

 37%|███▋      | 410/1100 [25:51<39:44,  3.46s/it]
 37%|███▋      | 411/1100 [25:54<40:04,  3.49s/it]
 37%|███▋      | 412/1100 [25:57<37:38,  3.28s/it]
 38%|███▊      | 413/1100 [26:01<38:06,  3.33s/it]
 38%|███▊      | 414/1100 [26:04<38:31,  3.37s/it]
 38%|███▊      | 415/1100 [26:07<38:18,  3.36s/it]
 38%|███▊      | 416/1100 [26:11<39:05,  3.43s/it]
 38%|███▊      | 417/1100 [26:14<38:26,  3.38s/it]
 38%|███▊      | 418/1100 [26:17<35:15,  3.10s/it]
 38%|███▊      | 419/1100 [26:20<35:02,  3.09s/it]
 38%|███▊      | 420/1100 [26:23<34:13,  3.02s/it]
                                                  
{'loss': '1.343', 'grad_norm': '1.081', 'learning_rate': '0.0001557', 'entropy': '1.332', 'num_tokens': '8.731e+05', 'mean_token_accuracy': '0.6577', 'epoch': '0.764'}

 38%|███▊      | 420/1100 [26:23<34:13,  3.02s/it]
 38%|███▊      | 421/1100 [26:26<33:57,  3.00s/it]
 38%|███▊      | 422/1100 [26:29<36:04,  3.19s/it]
 38%|███▊      | 423/1100 [26:32<35:28,  3.14s/it]
 39%|███▊      | 424/1100 [26:35<34:18,  3.04s/it]
 39%|███▊      | 425/1100 [26:39<36:10,  3.22s/it]
 39%|███▊      | 426/1100 [26:41<34:32,  3.07s/it]
 39%|███▉      | 427/1100 [26:44<34:25,  3.07s/it]
 39%|███▉      | 428/1100 [26:47<34:13,  3.06s/it]
 39%|███▉      | 429/1100 [26:50<33:14,  2.97s/it]
 39%|███▉      | 430/1100 [26:54<34:27,  3.09s/it]
                                                  
{'loss': '1.413', 'grad_norm': '0.9608', 'learning_rate': '0.000153', 'entropy': '1.407', 'num_tokens': '8.935e+05', 'mean_token_accuracy': '0.6364', 'epoch': '0.7822'}

 39%|███▉      | 430/1100 [26:54<34:27,  3.09s/it]
 39%|███▉      | 431/1100 [26:57<33:59,  3.05s/it]
 39%|███▉      | 432/1100 [26:59<31:36,  2.84s/it]
 39%|███▉      | 433/1100 [27:02<31:26,  2.83s/it]
 39%|███▉      | 434/1100 [27:05<32:53,  2.96s/it]
 40%|███▉      | 435/1100 [27:08<33:48,  3.05s/it]
 40%|███▉      | 436/1100 [27:11<31:39,  2.86s/it]
 40%|███▉      | 437/1100 [27:14<32:49,  2.97s/it]
 40%|███▉      | 438/1100 [27:17<32:28,  2.94s/it]
 40%|███▉      | 439/1100 [27:20<33:32,  3.04s/it]
 40%|████      | 440/1100 [27:24<35:24,  3.22s/it]
                                                  
{'loss': '1.41', 'grad_norm': '1.181', 'learning_rate': '0.0001503', 'entropy': '1.431', 'num_tokens': '9.146e+05', 'mean_token_accuracy': '0.6392', 'epoch': '0.8004'}

 40%|████      | 440/1100 [27:24<35:24,  3.22s/it]
 40%|████      | 441/1100 [27:26<32:41,  2.98s/it]
 40%|████      | 442/1100 [27:29<32:26,  2.96s/it]
 40%|████      | 443/1100 [27:33<34:16,  3.13s/it]
 40%|████      | 444/1100 [27:36<33:54,  3.10s/it]
 40%|████      | 445/1100 [27:38<32:54,  3.01s/it]
 41%|████      | 446/1100 [27:41<32:51,  3.01s/it]
 41%|████      | 447/1100 [27:44<32:37,  3.00s/it]
 41%|████      | 448/1100 [27:48<33:54,  3.12s/it]
 41%|████      | 449/1100 [27:51<33:46,  3.11s/it]
 41%|████      | 450/1100 [27:54<34:34,  3.19s/it]
                                                  
{'loss': '1.389', 'grad_norm': '1.006', 'learning_rate': '0.0001475', 'entropy': '1.388', 'num_tokens': '9.358e+05', 'mean_token_accuracy': '0.6421', 'epoch': '0.8186'}

 41%|████      | 450/1100 [27:54<34:34,  3.19s/it]
 41%|████      | 451/1100 [27:57<34:11,  3.16s/it]
 41%|████      | 452/1100 [28:01<34:49,  3.22s/it]
 41%|████      | 453/1100 [28:03<31:39,  2.94s/it]
 41%|████▏     | 454/1100 [28:07<34:20,  3.19s/it]
 41%|████▏     | 455/1100 [28:10<33:49,  3.15s/it]
 41%|████▏     | 456/1100 [28:13<35:11,  3.28s/it]
 42%|████▏     | 457/1100 [28:16<32:13,  3.01s/it]
 42%|████▏     | 458/1100 [28:19<33:08,  3.10s/it]
 42%|████▏     | 459/1100 [28:22<32:00,  3.00s/it]
 42%|████▏     | 460/1100 [28:25<33:44,  3.16s/it]
                                                  
{'loss': '1.414', 'grad_norm': '1.2', 'learning_rate': '0.0001447', 'entropy': '1.359', 'num_tokens': '9.561e+05', 'mean_token_accuracy': '0.6309', 'epoch': '0.8367'}

 42%|████▏     | 460/1100 [28:25<33:44,  3.16s/it]
 42%|████▏     | 461/1100 [28:28<32:50,  3.08s/it]
 42%|████▏     | 462/1100 [28:32<33:59,  3.20s/it]
 42%|████▏     | 463/1100 [28:35<34:54,  3.29s/it]
 42%|████▏     | 464/1100 [28:38<33:12,  3.13s/it]
 42%|████▏     | 465/1100 [28:41<33:14,  3.14s/it]
 42%|████▏     | 466/1100 [28:44<31:48,  3.01s/it]
 42%|████▏     | 467/1100 [28:47<32:41,  3.10s/it]
 43%|████▎     | 468/1100 [28:50<33:08,  3.15s/it]
 43%|████▎     | 469/1100 [28:54<34:14,  3.26s/it]
 43%|████▎     | 470/1100 [28:58<35:06,  3.34s/it]
                                                  
{'loss': '1.373', 'grad_norm': '1.186', 'learning_rate': '0.0001418', 'entropy': '1.364', 'num_tokens': '9.763e+05', 'mean_token_accuracy': '0.646', 'epoch': '0.8549'}

 43%|████▎     | 470/1100 [28:58<35:06,  3.34s/it]
 43%|████▎     | 471/1100 [29:00<33:38,  3.21s/it]
 43%|████▎     | 472/1100 [29:04<34:40,  3.31s/it]
 43%|████▎     | 473/1100 [29:06<31:09,  2.98s/it]
 43%|████▎     | 474/1100 [29:09<31:34,  3.03s/it]
 43%|████▎     | 475/1100 [29:13<33:23,  3.21s/it]
 43%|████▎     | 476/1100 [29:16<34:13,  3.29s/it]
 43%|████▎     | 477/1100 [29:20<33:32,  3.23s/it]
 43%|████▎     | 478/1100 [29:23<34:17,  3.31s/it]
 44%|████▎     | 479/1100 [29:26<34:14,  3.31s/it]
 44%|████▎     | 480/1100 [29:29<32:27,  3.14s/it]
                                                  
{'loss': '1.5', 'grad_norm': '1.011', 'learning_rate': '0.0001389', 'entropy': '1.456', 'num_tokens': '9.974e+05', 'mean_token_accuracy': '0.628', 'epoch': '0.8731'}

 44%|████▎     | 480/1100 [29:29<32:27,  3.14s/it]
 44%|████▎     | 481/1100 [29:33<34:21,  3.33s/it]
 44%|████▍     | 482/1100 [29:36<35:05,  3.41s/it]
 44%|████▍     | 483/1100 [29:40<36:01,  3.50s/it]
 44%|████▍     | 484/1100 [29:44<36:15,  3.53s/it]
 44%|████▍     | 485/1100 [29:47<35:23,  3.45s/it]
 44%|████▍     | 486/1100 [29:50<35:21,  3.45s/it]
 44%|████▍     | 487/1100 [29:54<35:48,  3.50s/it]
 44%|████▍     | 488/1100 [29:58<35:41,  3.50s/it]
 44%|████▍     | 489/1100 [30:02<38:06,  3.74s/it]
 45%|████▍     | 490/1100 [30:06<38:55,  3.83s/it]
                                                  
{'loss': '1.412', 'grad_norm': '0.924', 'learning_rate': '0.000136', 'entropy': '1.433', 'num_tokens': '1.018e+06', 'mean_token_accuracy': '0.6336', 'epoch': '0.8913'}

 45%|████▍     | 490/1100 [30:06<38:55,  3.83s/it]
 45%|████▍     | 491/1100 [30:09<37:02,  3.65s/it]
 45%|████▍     | 492/1100 [30:12<35:29,  3.50s/it]
 45%|████▍     | 493/1100 [30:16<35:23,  3.50s/it]
 45%|████▍     | 494/1100 [30:19<34:20,  3.40s/it]
 45%|████▌     | 495/1100 [30:23<35:23,  3.51s/it]
 45%|████▌     | 496/1100 [30:26<33:16,  3.31s/it]
 45%|████▌     | 497/1100 [30:29<33:21,  3.32s/it]
 45%|████▌     | 498/1100 [30:32<33:09,  3.30s/it]
 45%|████▌     | 499/1100 [30:35<32:20,  3.23s/it]
 45%|████▌     | 500/1100 [30:39<35:14,  3.52s/it]
                                                  
{'loss': '1.346', 'grad_norm': '1.126', 'learning_rate': '0.000133', 'entropy': '1.386', 'num_tokens': '1.039e+06', 'mean_token_accuracy': '0.6467', 'epoch': '0.9095'}

 45%|████▌     | 500/1100 [30:39<35:14,  3.52s/it]

  0%|          | 0/253 [00:00<?, ?it/s][A

  1%|          | 2/253 [00:00<00:18, 13.60it/s][A

  2%|▏         | 4/253 [00:00<00:38,  6.47it/s][A

  2%|▏         | 5/253 [00:00<00:39,  6.30it/s][A

  2%|▏         | 6/253 [00:00<00:39,  6.33it/s][A

  3%|▎         | 7/253 [00:01<00:39,  6.20it/s][A

  3%|▎         | 8/253 [00:01<00:42,  5.81it/s][A

  4%|▎         | 9/253 [00:01<00:43,  5.64it/s][A

  4%|▍         | 10/253 [00:01<00:42,  5.73it/s][A

  4%|▍         | 11/253 [00:01<00:42,  5.64it/s][A

  5%|▍         | 12/253 [00:01<00:41,  5.75it/s][A

  5%|▌         | 13/253 [00:02<00:44,  5.42it/s][A

  6%|▌         | 14/253 [00:02<00:41,  5.71it/s][A

  6%|▌         | 15/253 [00:02<00:45,  5.28it/s][A

  6%|▋         | 16/253 [00:02<00:45,  5.24it/s][A

  7%|▋         | 17/253 [00:02<00:42,  5.57it/s][A

  7%|▋         | 18/253 [00:03<00:46,  5.10it/s][A

  8%|▊         | 19/253 [00:03<00:46,  5.01it/s][A

  8%|▊         | 20/253 [00:03<00:49,  4.73it/s][A

  8%|▊         | 21/253 [00:03<00:50,  4.57it/s][A

  9%|▊         | 22/253 [00:04<00:51,  4.48it/s][A

  9%|▉         | 23/253 [00:04<00:46,  4.95it/s][A

  9%|▉         | 24/253 [00:04<00:44,  5.18it/s][A

 10%|▉         | 25/253 [00:04<00:43,  5.27it/s][A

 10%|█         | 26/253 [00:04<00:43,  5.26it/s][A

 11%|█         | 27/253 [00:04<00:40,  5.52it/s][A

 11%|█         | 28/253 [00:05<00:39,  5.75it/s][A

 11%|█▏        | 29/253 [00:05<00:41,  5.36it/s][A

 12%|█▏        | 30/253 [00:05<00:40,  5.53it/s][A

 12%|█▏        | 31/253 [00:05<00:41,  5.39it/s][A

 13%|█▎        | 32/253 [00:05<00:40,  5.44it/s][A

 13%|█▎        | 33/253 [00:05<00:39,  5.58it/s][A

 13%|█▎        | 34/253 [00:06<00:38,  5.73it/s][A

 14%|█▍        | 35/253 [00:06<00:38,  5.69it/s][A

 14%|█▍        | 36/253 [00:06<00:39,  5.44it/s][A

 15%|█▍        | 37/253 [00:06<00:37,  5.76it/s][A

 15%|█▌        | 38/253 [00:06<00:37,  5.67it/s][A

 15%|█▌        | 39/253 [00:07<00:38,  5.51it/s][A

 16%|█▌        | 40/253 [00:07<00:37,  5.65it/s][A

 16%|█▌        | 41/253 [00:07<00:36,  5.81it/s][A

 17%|█▋        | 42/253 [00:07<00:41,  5.08it/s][A

 17%|█▋        | 43/253 [00:07<00:40,  5.12it/s][A

 17%|█▋        | 44/253 [00:08<00:43,  4.78it/s][A

 18%|█▊        | 45/253 [00:08<00:44,  4.71it/s][A

 18%|█▊        | 46/253 [00:08<00:45,  4.51it/s][A

 19%|█▊        | 47/253 [00:08<00:43,  4.69it/s][A

 19%|█▉        | 48/253 [00:09<00:49,  4.13it/s][A

 19%|█▉        | 49/253 [00:09<00:47,  4.30it/s][A

 20%|█▉        | 50/253 [00:09<00:45,  4.45it/s][A

 20%|██        | 51/253 [00:09<00:47,  4.27it/s][A

 21%|██        | 52/253 [00:09<00:47,  4.21it/s][A

 21%|██        | 53/253 [00:10<00:48,  4.16it/s][A

 21%|██▏       | 54/253 [00:10<00:45,  4.41it/s][A

 22%|██▏       | 55/253 [00:10<00:44,  4.48it/s][A

 22%|██▏       | 56/253 [00:10<00:39,  5.02it/s][A

 23%|██▎       | 57/253 [00:10<00:37,  5.26it/s][A

 23%|██▎       | 58/253 [00:11<00:36,  5.39it/s][A

 23%|██▎       | 59/253 [00:11<00:35,  5.45it/s][A

 24%|██▎       | 60/253 [00:11<00:35,  5.39it/s][A

 24%|██▍       | 61/253 [00:11<00:33,  5.72it/s][A

 25%|██▍       | 62/253 [00:11<00:34,  5.53it/s][A

 25%|██▍       | 63/253 [00:11<00:33,  5.67it/s][A

 25%|██▌       | 64/253 [00:12<00:31,  5.96it/s][A

 26%|██▌       | 65/253 [00:12<00:31,  5.93it/s][A

 26%|██▌       | 66/253 [00:12<00:33,  5.54it/s][A

 26%|██▋       | 67/253 [00:12<00:31,  5.83it/s][A

 27%|██▋       | 68/253 [00:12<00:30,  6.06it/s][A

 27%|██▋       | 69/253 [00:12<00:30,  6.04it/s][A

 28%|██▊       | 70/253 [00:13<00:31,  5.81it/s][A

 28%|██▊       | 71/253 [00:13<00:30,  5.91it/s][A

 28%|██▊       | 72/253 [00:13<00:30,  6.02it/s][A

 29%|██▉       | 73/253 [00:13<00:31,  5.66it/s][A

 29%|██▉       | 74/253 [00:13<00:31,  5.75it/s][A

 30%|██▉       | 75/253 [00:14<00:34,  5.15it/s][A

 30%|███       | 76/253 [00:14<00:36,  4.91it/s][A

 30%|███       | 77/253 [00:14<00:34,  5.07it/s][A

 31%|███       | 78/253 [00:14<00:35,  4.97it/s][A

 31%|███       | 79/253 [00:14<00:37,  4.68it/s][A

 32%|███▏      | 80/253 [00:15<00:41,  4.14it/s][A

 32%|███▏      | 81/253 [00:15<00:40,  4.23it/s][A

 32%|███▏      | 82/253 [00:15<00:41,  4.14it/s][A

 33%|███▎      | 83/253 [00:16<00:44,  3.83it/s][A

 33%|███▎      | 84/253 [00:16<00:40,  4.20it/s][A

 34%|███▎      | 85/253 [00:16<00:38,  4.38it/s][A

 34%|███▍      | 86/253 [00:16<00:35,  4.70it/s][A

 34%|███▍      | 87/253 [00:16<00:34,  4.82it/s][A

 35%|███▍      | 88/253 [00:17<00:33,  4.93it/s][A

 35%|███▌      | 89/253 [00:17<00:32,  5.01it/s][A

 36%|███▌      | 90/253 [00:17<00:34,  4.77it/s][A

 36%|███▌      | 91/253 [00:17<00:34,  4.72it/s][A

 36%|███▋      | 92/253 [00:17<00:32,  4.96it/s][A

 37%|███▋      | 93/253 [00:18<00:33,  4.79it/s][A

 37%|███▋      | 94/253 [00:18<00:32,  4.94it/s][A

 38%|███▊      | 95/253 [00:18<00:33,  4.66it/s][A

 38%|███▊      | 96/253 [00:18<00:32,  4.89it/s][A

 38%|███▊      | 97/253 [00:18<00:33,  4.69it/s][A

 39%|███▊      | 98/253 [00:19<00:32,  4.73it/s][A

 39%|███▉      | 99/253 [00:19<00:30,  5.07it/s][A

 40%|███▉      | 100/253 [00:19<00:29,  5.24it/s][A

 40%|███▉      | 101/253 [00:19<00:31,  4.81it/s][A

 40%|████      | 102/253 [00:19<00:30,  4.97it/s][A

 41%|████      | 103/253 [00:20<00:32,  4.68it/s][A

 41%|████      | 104/253 [00:20<00:37,  3.92it/s][A

 42%|████▏     | 105/253 [00:20<00:36,  4.09it/s][A

 42%|████▏     | 106/253 [00:21<00:41,  3.58it/s][A

 42%|████▏     | 107/253 [00:21<00:38,  3.75it/s][A

 43%|████▎     | 108/253 [00:21<00:37,  3.87it/s][A

 43%|████▎     | 109/253 [00:21<00:42,  3.40it/s][A

 43%|████▎     | 110/253 [00:22<00:39,  3.59it/s][A

 44%|████▍     | 111/253 [00:22<00:38,  3.71it/s][A

 44%|████▍     | 112/253 [00:22<00:38,  3.65it/s][A

 45%|████▍     | 113/253 [00:22<00:35,  3.90it/s][A

 45%|████▌     | 114/253 [00:23<00:32,  4.31it/s][A

 45%|████▌     | 115/253 [00:23<00:30,  4.55it/s][A

 46%|████▌     | 116/253 [00:23<00:27,  4.90it/s][A

 46%|████▌     | 117/253 [00:23<00:26,  5.11it/s][A

 47%|████▋     | 118/253 [00:23<00:25,  5.33it/s][A

 47%|████▋     | 119/253 [00:23<00:24,  5.50it/s][A

 47%|████▋     | 120/253 [00:24<00:23,  5.58it/s][A

 48%|████▊     | 121/253 [00:24<00:23,  5.57it/s][A

 48%|████▊     | 122/253 [00:24<00:22,  5.95it/s][A

 49%|████▊     | 123/253 [00:24<00:21,  5.94it/s][A

 49%|████▉     | 124/253 [00:24<00:21,  5.97it/s][A

 49%|████▉     | 125/253 [00:24<00:20,  6.18it/s][A

 50%|████▉     | 126/253 [00:25<00:20,  6.13it/s][A

 50%|█████     | 127/253 [00:25<00:20,  6.04it/s][A

 51%|█████     | 128/253 [00:25<00:20,  6.21it/s][A

 51%|█████     | 129/253 [00:25<00:20,  6.00it/s][A

 51%|█████▏    | 130/253 [00:25<00:20,  6.10it/s][A

 52%|█████▏    | 131/253 [00:25<00:19,  6.12it/s][A

 52%|█████▏    | 132/253 [00:26<00:20,  5.83it/s][A

 53%|█████▎    | 133/253 [00:26<00:21,  5.47it/s][A

 53%|█████▎    | 134/253 [00:26<00:22,  5.40it/s][A

 53%|█████▎    | 135/253 [00:26<00:26,  4.47it/s][A

 54%|█████▍    | 136/253 [00:27<00:26,  4.46it/s][A

 54%|█████▍    | 137/253 [00:27<00:30,  3.81it/s][A

 55%|█████▍    | 138/253 [00:27<00:27,  4.13it/s][A

 55%|█████▍    | 139/253 [00:27<00:29,  3.81it/s][A

 55%|█████▌    | 140/253 [00:28<00:30,  3.69it/s][A

 56%|█████▌    | 141/253 [00:28<00:27,  4.05it/s][A

 56%|█████▌    | 142/253 [00:28<00:29,  3.80it/s][A

 57%|█████▋    | 143/253 [00:28<00:26,  4.14it/s][A

 57%|█████▋    | 144/253 [00:29<00:26,  4.10it/s][A

 57%|█████▋    | 145/253 [00:29<00:26,  4.04it/s][A

 58%|█████▊    | 146/253 [00:29<00:23,  4.59it/s][A

 58%|█████▊    | 147/253 [00:29<00:21,  4.99it/s][A

 58%|█████▊    | 148/253 [00:29<00:19,  5.26it/s][A

 59%|█████▉    | 149/253 [00:30<00:21,  4.89it/s][A

 59%|█████▉    | 150/253 [00:30<00:20,  5.09it/s][A

 60%|█████▉    | 151/253 [00:30<00:20,  5.10it/s][A

 60%|██████    | 152/253 [00:30<00:19,  5.31it/s][A

 60%|██████    | 153/253 [00:30<00:18,  5.51it/s][A

 61%|██████    | 154/253 [00:30<00:16,  5.84it/s][A

 61%|██████▏   | 155/253 [00:31<00:17,  5.51it/s][A

 62%|██████▏   | 156/253 [00:31<00:16,  5.77it/s][A

 62%|██████▏   | 157/253 [00:31<00:16,  5.98it/s][A

 62%|██████▏   | 158/253 [00:31<00:15,  6.09it/s][A

 63%|██████▎   | 159/253 [00:31<00:17,  5.37it/s][A

 63%|██████▎   | 160/253 [00:32<00:18,  5.16it/s][A

 64%|██████▎   | 161/253 [00:32<00:19,  4.60it/s][A

 64%|██████▍   | 162/253 [00:32<00:19,  4.63it/s][A

 64%|██████▍   | 163/253 [00:32<00:18,  4.74it/s][A

 65%|██████▍   | 164/253 [00:33<00:21,  4.08it/s][A

 65%|██████▌   | 165/253 [00:33<00:22,  3.95it/s][A

 66%|██████▌   | 166/253 [00:33<00:22,  3.91it/s][A

 66%|██████▌   | 167/253 [00:33<00:21,  3.91it/s][A

 66%|██████▋   | 168/253 [00:34<00:20,  4.23it/s][A

 67%|██████▋   | 169/253 [00:34<00:19,  4.26it/s][A

 67%|██████▋   | 170/253 [00:34<00:17,  4.62it/s][A

 68%|██████▊   | 171/253 [00:34<00:19,  4.24it/s][A

 68%|██████▊   | 172/253 [00:34<00:17,  4.70it/s][A

 68%|██████▊   | 173/253 [00:35<00:16,  4.85it/s][A

 69%|██████▉   | 174/253 [00:35<00:16,  4.88it/s][A

 69%|██████▉   | 175/253 [00:35<00:14,  5.34it/s][A

 70%|██████▉   | 176/253 [00:35<00:15,  5.09it/s][A

 70%|██████▉   | 177/253 [00:35<00:13,  5.43it/s][A

 70%|███████   | 178/253 [00:35<00:13,  5.52it/s][A

 71%|███████   | 179/253 [00:36<00:13,  5.62it/s][A

 71%|███████   | 180/253 [00:36<00:13,  5.48it/s][A

 72%|███████▏  | 181/253 [00:36<00:14,  4.91it/s][A

 72%|███████▏  | 182/253 [00:36<00:13,  5.35it/s][A

 72%|███████▏  | 183/253 [00:36<00:14,  4.89it/s][A

 73%|███████▎  | 184/253 [00:37<00:17,  4.03it/s][A

 73%|███████▎  | 185/253 [00:37<00:16,  4.04it/s][A

 74%|███████▎  | 186/253 [00:37<00:15,  4.37it/s][A

 74%|███████▍  | 187/253 [00:37<00:14,  4.53it/s][A

 74%|███████▍  | 188/253 [00:38<00:14,  4.37it/s][A

 75%|███████▍  | 189/253 [00:38<00:14,  4.38it/s][A

 75%|███████▌  | 190/253 [00:38<00:14,  4.39it/s][A

 75%|███████▌  | 191/253 [00:38<00:12,  4.77it/s][A

 76%|███████▌  | 192/253 [00:39<00:12,  4.97it/s][A

 76%|███████▋  | 193/253 [00:39<00:12,  4.81it/s][A

 77%|███████▋  | 194/253 [00:39<00:11,  5.14it/s][A

 77%|███████▋  | 195/253 [00:39<00:10,  5.57it/s][A

 77%|███████▋  | 196/253 [00:39<00:10,  5.68it/s][A

 78%|███████▊  | 197/253 [00:39<00:09,  5.89it/s][A

 78%|███████▊  | 198/253 [00:40<00:09,  6.06it/s][A

 79%|███████▊  | 199/253 [00:40<00:08,  6.01it/s][A

 79%|███████▉  | 200/253 [00:40<00:08,  6.15it/s][A

 79%|███████▉  | 201/253 [00:40<00:08,  6.10it/s][A

 80%|███████▉  | 202/253 [00:40<00:08,  6.04it/s][A

 80%|████████  | 203/253 [00:40<00:08,  5.76it/s][A

 81%|████████  | 204/253 [00:41<00:08,  5.82it/s][A

 81%|████████  | 205/253 [00:41<00:09,  5.04it/s][A

 81%|████████▏ | 206/253 [00:41<00:08,  5.37it/s][A

 82%|████████▏ | 207/253 [00:41<00:08,  5.44it/s][A

 82%|████████▏ | 208/253 [00:41<00:07,  5.66it/s][A

 83%|████████▎ | 209/253 [00:42<00:08,  5.34it/s][A

 83%|████████▎ | 210/253 [00:42<00:08,  5.29it/s][A

 83%|████████▎ | 211/253 [00:42<00:07,  5.38it/s][A

 84%|████████▍ | 212/253 [00:42<00:07,  5.63it/s][A

 84%|████████▍ | 213/253 [00:42<00:07,  5.09it/s][A

 85%|████████▍ | 214/253 [00:42<00:07,  5.17it/s][A

 85%|████████▍ | 215/253 [00:43<00:07,  5.17it/s][A

 85%|████████▌ | 216/253 [00:43<00:06,  5.40it/s][A

 86%|████████▌ | 217/253 [00:43<00:06,  5.33it/s][A

 86%|████████▌ | 218/253 [00:43<00:06,  5.12it/s][A

 87%|████████▋ | 219/253 [00:43<00:06,  5.41it/s][A

 87%|████████▋ | 220/253 [00:44<00:06,  5.25it/s][A

 87%|████████▋ | 221/253 [00:44<00:05,  5.50it/s][A

 88%|████████▊ | 222/253 [00:44<00:05,  5.59it/s][A

 88%|████████▊ | 223/253 [00:44<00:05,  5.45it/s][A

 89%|████████▊ | 224/253 [00:44<00:05,  5.00it/s][A

 89%|████████▉ | 225/253 [00:45<00:05,  5.35it/s][A

 89%|████████▉ | 226/253 [00:45<00:05,  5.28it/s][A

 90%|████████▉ | 227/253 [00:45<00:04,  5.58it/s][A

 90%|█████████ | 228/253 [00:45<00:04,  5.96it/s][A

 91%|█████████ | 229/253 [00:45<00:03,  6.11it/s][A

 91%|█████████ | 230/253 [00:45<00:03,  6.03it/s][A

 91%|█████████▏| 231/253 [00:46<00:03,  6.19it/s][A

 92%|█████████▏| 232/253 [00:46<00:03,  6.14it/s][A

 92%|█████████▏| 233/253 [00:46<00:03,  6.28it/s][A

 92%|█████████▏| 234/253 [00:46<00:03,  6.23it/s][A

 93%|█████████▎| 235/253 [00:46<00:02,  6.29it/s][A

 93%|█████████▎| 236/253 [00:46<00:02,  6.25it/s][A

 94%|█████████▎| 237/253 [00:46<00:02,  6.38it/s][A

 94%|█████████▍| 238/253 [00:47<00:02,  6.33it/s][A

 94%|█████████▍| 239/253 [00:47<00:02,  6.41it/s][A

 95%|█████████▍| 240/253 [00:47<00:02,  6.50it/s][A

 95%|█████████▌| 241/253 [00:47<00:01,  6.11it/s][A

 96%|█████████▌| 242/253 [00:47<00:01,  6.06it/s][A

 96%|█████████▌| 243/253 [00:48<00:01,  5.11it/s][A

 96%|█████████▋| 244/253 [00:48<00:01,  5.26it/s][A

 97%|█████████▋| 245/253 [00:48<00:01,  4.76it/s][A

 97%|█████████▋| 246/253 [00:48<00:01,  4.66it/s][A

 98%|█████████▊| 247/253 [00:48<00:01,  4.38it/s][A

 98%|█████████▊| 248/253 [00:49<00:01,  4.53it/s][A

 98%|█████████▊| 249/253 [00:49<00:00,  4.42it/s][A

 99%|█████████▉| 250/253 [00:49<00:00,  4.56it/s][A

 99%|█████████▉| 251/253 [00:49<00:00,  4.21it/s][A

100%|█████████▉| 252/253 [00:50<00:00,  4.47it/s][A

100%|██████████| 253/253 [00:50<00:00,  4.58it/s][A
                                                  

                                                 
[A{'eval_loss': '1.383', 'eval_runtime': '50.45', 'eval_samples_per_second': '10.03', 'eval_steps_per_second': '5.015', 'eval_entropy': '1.291', 'eval_num_tokens': '1.039e+06', 'eval_mean_token_accuracy': '0.637', 'epoch': '0.9095'}

 45%|████▌     | 500/1100 [31:30<35:14,  3.52s/it]

100%|██████████| 253/253 [00:50<00:00,  4.58it/s][A

                                                 [A
 46%|████▌     | 501/1100 [31:33<3:04:38, 18.49s/it]
 46%|████▌     | 502/1100 [31:36<2:19:09, 13.96s/it]
 46%|████▌     | 503/1100 [31:40<1:48:12, 10.88s/it]
 46%|████▌     | 504/1100 [31:43<1:24:57,  8.55s/it]
 46%|████▌     | 505/1100 [31:47<1:10:57,  7.16s/it]
 46%|████▌     | 506/1100 [31:50<59:38,  6.02s/it]  
 46%|████▌     | 507/1100 [31:54<53:08,  5.38s/it]
 46%|████▌     | 508/1100 [31:58<47:31,  4.82s/it]
 46%|████▋     | 509/1100 [32:01<42:57,  4.36s/it]
 46%|████▋     | 510/1100 [32:05<40:18,  4.10s/it]
                                                  
{'loss': '1.422', 'grad_norm': '0.9881', 'learning_rate': '0.00013', 'entropy': '1.36', 'num_tokens': '1.06e+06', 'mean_token_accuracy': '0.6328', 'epoch': '0.9277'}

 46%|████▋     | 510/1100 [32:05<40:18,  4.10s/it]
 46%|████▋     | 511/1100 [32:09<40:23,  4.12s/it]
 47%|████▋     | 512/1100 [32:12<38:43,  3.95s/it]
 47%|████▋     | 513/1100 [32:16<36:58,  3.78s/it]
 47%|████▋     | 514/1100 [32:19<34:41,  3.55s/it]
 47%|████▋     | 515/1100 [32:22<35:21,  3.63s/it]
 47%|████▋     | 516/1100 [32:26<35:31,  3.65s/it]
 47%|████▋     | 517/1100 [32:29<32:34,  3.35s/it]
 47%|████▋     | 518/1100 [32:32<32:01,  3.30s/it]
 47%|████▋     | 519/1100 [32:34<29:16,  3.02s/it]
 47%|████▋     | 520/1100 [32:37<28:55,  2.99s/it]
                                                  
{'loss': '1.468', 'grad_norm': '1.049', 'learning_rate': '0.000127', 'entropy': '1.495', 'num_tokens': '1.081e+06', 'mean_token_accuracy': '0.6241', 'epoch': '0.9459'}

 47%|████▋     | 520/1100 [32:37<28:55,  2.99s/it]
 47%|████▋     | 521/1100 [32:41<30:06,  3.12s/it]
 47%|████▋     | 522/1100 [32:44<30:24,  3.16s/it]
 48%|████▊     | 523/1100 [32:46<28:34,  2.97s/it]
 48%|████▊     | 524/1100 [32:50<28:47,  3.00s/it]
 48%|████▊     | 525/1100 [32:52<28:28,  2.97s/it]
 48%|████▊     | 526/1100 [32:55<28:36,  2.99s/it]
 48%|████▊     | 527/1100 [32:59<29:04,  3.04s/it]
 48%|████▊     | 528/1100 [33:02<30:13,  3.17s/it]
 48%|████▊     | 529/1100 [33:04<27:33,  2.90s/it]
 48%|████▊     | 530/1100 [33:07<26:16,  2.77s/it]
                                                  
{'loss': '1.459', 'grad_norm': '1.108', 'learning_rate': '0.0001239', 'entropy': '1.341', 'num_tokens': '1.102e+06', 'mean_token_accuracy': '0.6366', 'epoch': '0.9641'}

 48%|████▊     | 530/1100 [33:07<26:16,  2.77s/it]
 48%|████▊     | 531/1100 [33:10<26:45,  2.82s/it]
 48%|████▊     | 532/1100 [33:12<25:26,  2.69s/it]
 48%|████▊     | 533/1100 [33:15<26:42,  2.83s/it]
 49%|████▊     | 534/1100 [33:19<29:13,  3.10s/it]
 49%|████▊     | 535/1100 [33:22<28:30,  3.03s/it]
 49%|████▊     | 536/1100 [33:25<28:05,  2.99s/it]
 49%|████▉     | 537/1100 [33:28<27:33,  2.94s/it]
 49%|████▉     | 538/1100 [33:31<28:12,  3.01s/it]
 49%|████▉     | 539/1100 [33:34<28:34,  3.06s/it]
 49%|████▉     | 540/1100 [33:37<29:47,  3.19s/it]
                                                  
{'loss': '1.333', 'grad_norm': '1.017', 'learning_rate': '0.0001208', 'entropy': '1.432', 'num_tokens': '1.123e+06', 'mean_token_accuracy': '0.6462', 'epoch': '0.9823'}

 49%|████▉     | 540/1100 [33:37<29:47,  3.19s/it]
 49%|████▉     | 541/1100 [33:40<28:40,  3.08s/it]
 49%|████▉     | 542/1100 [33:44<29:09,  3.14s/it]
 49%|████▉     | 543/1100 [33:47<31:14,  3.36s/it]
 49%|████▉     | 544/1100 [33:51<31:17,  3.38s/it]
 50%|████▉     | 545/1100 [33:54<30:29,  3.30s/it]
 50%|████▉     | 546/1100 [33:57<29:27,  3.19s/it]
 50%|████▉     | 547/1100 [33:59<26:23,  2.86s/it]
 50%|████▉     | 548/1100 [34:02<26:37,  2.89s/it]
 50%|████▉     | 549/1100 [34:05<25:43,  2.80s/it]
 50%|█████     | 550/1100 [34:08<26:47,  2.92s/it]
                                                  
{'loss': '1.408', 'grad_norm': '1.07', 'learning_rate': '0.0001177', 'entropy': '1.362', 'num_tokens': '1.143e+06', 'mean_token_accuracy': '0.6465', 'epoch': '1'}

 50%|█████     | 550/1100 [34:08<26:47,  2.92s/it]
 50%|█████     | 551/1100 [34:11<27:43,  3.03s/it]
 50%|█████     | 552/1100 [34:15<30:20,  3.32s/it]
 50%|█████     | 553/1100 [34:17<27:28,  3.01s/it]
 50%|█████     | 554/1100 [34:20<26:21,  2.90s/it]
 50%|█████     | 555/1100 [34:24<28:13,  3.11s/it]
 51%|█████     | 556/1100 [34:27<28:26,  3.14s/it]
 51%|█████     | 557/1100 [34:30<28:19,  3.13s/it]
 51%|█████     | 558/1100 [34:33<29:07,  3.22s/it]
 51%|█████     | 559/1100 [34:36<26:47,  2.97s/it]
 51%|█████     | 560/1100 [34:39<27:24,  3.05s/it]
                                                  
{'loss': '1.167', 'grad_norm': '1.256', 'learning_rate': '0.0001145', 'entropy': '1.266', 'num_tokens': '1.163e+06', 'mean_token_accuracy': '0.6852', 'epoch': '1.018'}

 51%|█████     | 560/1100 [34:39<27:24,  3.05s/it]
 51%|█████     | 561/1100 [34:42<26:23,  2.94s/it]
 51%|█████     | 562/1100 [34:45<27:38,  3.08s/it]
 51%|█████     | 563/1100 [34:49<28:50,  3.22s/it]
 51%|█████▏    | 564/1100 [34:52<28:28,  3.19s/it]
 51%|█████▏    | 565/1100 [34:54<26:51,  3.01s/it]
 51%|█████▏    | 566/1100 [34:57<26:53,  3.02s/it]
 52%|█████▏    | 567/1100 [35:00<25:34,  2.88s/it]
 52%|█████▏    | 568/1100 [35:03<27:13,  3.07s/it]
 52%|█████▏    | 569/1100 [35:07<27:26,  3.10s/it]
 52%|█████▏    | 570/1100 [35:09<26:50,  3.04s/it]
                                                  
{'loss': '1.263', 'grad_norm': '0.9793', 'learning_rate': '0.0001114', 'entropy': '1.202', 'num_tokens': '1.184e+06', 'mean_token_accuracy': '0.6674', 'epoch': '1.036'}

 52%|█████▏    | 570/1100 [35:09<26:50,  3.04s/it]
 52%|█████▏    | 571/1100 [35:12<26:08,  2.97s/it]
 52%|█████▏    | 572/1100 [35:15<26:04,  2.96s/it]
 52%|█████▏    | 573/1100 [35:18<25:32,  2.91s/it]
 52%|█████▏    | 574/1100 [35:21<26:23,  3.01s/it]
 52%|█████▏    | 575/1100 [35:24<26:26,  3.02s/it]
 52%|█████▏    | 576/1100 [35:28<26:58,  3.09s/it]
 52%|█████▏    | 577/1100 [35:30<25:21,  2.91s/it]
 53%|█████▎    | 578/1100 [35:34<27:03,  3.11s/it]
 53%|█████▎    | 579/1100 [35:36<24:23,  2.81s/it]
 53%|█████▎    | 580/1100 [35:39<25:12,  2.91s/it]
                                                  
{'loss': '1.237', 'grad_norm': '1.056', 'learning_rate': '0.0001082', 'entropy': '1.247', 'num_tokens': '1.205e+06', 'mean_token_accuracy': '0.6782', 'epoch': '1.055'}

 53%|█████▎    | 580/1100 [35:39<25:12,  2.91s/it]
 53%|█████▎    | 581/1100 [35:41<24:17,  2.81s/it]
 53%|█████▎    | 582/1100 [35:44<22:37,  2.62s/it]
 53%|█████▎    | 583/1100 [35:47<23:22,  2.71s/it]
 53%|█████▎    | 584/1100 [35:49<23:22,  2.72s/it]
 53%|█████▎    | 585/1100 [35:53<25:58,  3.03s/it]
 53%|█████▎    | 586/1100 [35:56<25:08,  2.93s/it]
 53%|█████▎    | 587/1100 [35:59<24:44,  2.89s/it]
 53%|█████▎    | 588/1100 [36:01<23:57,  2.81s/it]
 54%|█████▎    | 589/1100 [36:04<23:34,  2.77s/it]
 54%|█████▎    | 590/1100 [36:07<23:57,  2.82s/it]
                                                  
{'loss': '1.305', 'grad_norm': '1.143', 'learning_rate': '0.0001051', 'entropy': '1.213', 'num_tokens': '1.225e+06', 'mean_token_accuracy': '0.6638', 'epoch': '1.073'}

 54%|█████▎    | 590/1100 [36:07<23:57,  2.82s/it]
 54%|█████▎    | 591/1100 [36:10<24:49,  2.93s/it]
 54%|█████▍    | 592/1100 [36:13<26:19,  3.11s/it]
 54%|█████▍    | 593/1100 [36:16<24:52,  2.94s/it]
 54%|█████▍    | 594/1100 [36:19<26:04,  3.09s/it]
 54%|█████▍    | 595/1100 [36:22<25:03,  2.98s/it]
 54%|█████▍    | 596/1100 [36:25<24:53,  2.96s/it]
 54%|█████▍    | 597/1100 [36:28<24:24,  2.91s/it]
 54%|█████▍    | 598/1100 [36:31<25:06,  3.00s/it]
 54%|█████▍    | 599/1100 [36:34<24:21,  2.92s/it]
 55%|█████▍    | 600/1100 [36:37<24:30,  2.94s/it]
                                                  
{'loss': '1.218', 'grad_norm': '1.126', 'learning_rate': '0.0001019', 'entropy': '1.239', 'num_tokens': '1.247e+06', 'mean_token_accuracy': '0.6768', 'epoch': '1.091'}

 55%|█████▍    | 600/1100 [36:37<24:30,  2.94s/it]

  0%|          | 0/253 [00:00<?, ?it/s][A

  1%|          | 2/253 [00:00<00:20, 12.49it/s][A

  2%|▏         | 4/253 [00:00<00:36,  6.80it/s][A

  2%|▏         | 5/253 [00:00<00:37,  6.54it/s][A

  2%|▏         | 6/253 [00:00<00:37,  6.51it/s][A

  3%|▎         | 7/253 [00:01<00:41,  5.97it/s][A

  3%|▎         | 8/253 [00:01<00:40,  6.06it/s][A

  4%|▎         | 9/253 [00:01<00:44,  5.54it/s][A

  4%|▍         | 10/253 [00:01<00:42,  5.69it/s][A

  4%|▍         | 11/253 [00:01<00:40,  6.00it/s][A

  5%|▍         | 12/253 [00:01<00:41,  5.87it/s][A

  5%|▌         | 13/253 [00:02<00:42,  5.65it/s][A

  6%|▌         | 14/253 [00:02<00:41,  5.73it/s][A

  6%|▌         | 15/253 [00:02<00:43,  5.46it/s][A

  6%|▋         | 16/253 [00:02<00:45,  5.26it/s][A

  7%|▋         | 17/253 [00:02<00:42,  5.50it/s][A

  7%|▋         | 18/253 [00:03<00:46,  5.00it/s][A

  8%|▊         | 19/253 [00:03<00:55,  4.23it/s][A

  8%|▊         | 20/253 [00:03<00:50,  4.63it/s][A

  8%|▊         | 21/253 [00:03<00:51,  4.46it/s][A

  9%|▊         | 22/253 [00:04<00:50,  4.62it/s][A

  9%|▉         | 23/253 [00:04<00:49,  4.63it/s][A

  9%|▉         | 24/253 [00:04<00:49,  4.60it/s][A

 10%|▉         | 25/253 [00:04<00:45,  5.00it/s][A

 10%|█         | 26/253 [00:04<00:48,  4.72it/s][A

 11%|█         | 27/253 [00:05<00:52,  4.29it/s][A

 11%|█         | 28/253 [00:05<00:54,  4.14it/s][A

 11%|█▏        | 29/253 [00:05<00:51,  4.33it/s][A

 12%|█▏        | 30/253 [00:05<00:45,  4.90it/s][A

 12%|█▏        | 31/253 [00:06<00:49,  4.52it/s][A

 13%|█▎        | 32/253 [00:06<00:46,  4.72it/s][A

 13%|█▎        | 33/253 [00:06<00:45,  4.83it/s][A

 13%|█▎        | 34/253 [00:06<00:42,  5.10it/s][A

 14%|█▍        | 35/253 [00:06<00:41,  5.26it/s][A

 14%|█▍        | 36/253 [00:06<00:38,  5.59it/s][A

 15%|█▍        | 37/253 [00:07<00:36,  5.90it/s][A

 15%|█▌        | 38/253 [00:07<00:38,  5.66it/s][A

 15%|█▌        | 39/253 [00:07<00:36,  5.79it/s][A

 16%|█▌        | 40/253 [00:07<00:36,  5.85it/s][A

 16%|█▌        | 41/253 [00:07<00:35,  5.95it/s][A

 17%|█▋        | 42/253 [00:07<00:37,  5.60it/s][A

 17%|█▋        | 43/253 [00:08<00:38,  5.50it/s][A

 17%|█▋        | 44/253 [00:08<00:37,  5.54it/s][A

 18%|█▊        | 45/253 [00:08<00:41,  5.00it/s][A

 18%|█▊        | 46/253 [00:08<00:39,  5.24it/s][A

 19%|█▊        | 47/253 [00:08<00:39,  5.17it/s][A

 19%|█▉        | 48/253 [00:09<00:38,  5.39it/s][A

 19%|█▉        | 49/253 [00:09<00:39,  5.18it/s][A

 20%|█▉        | 50/253 [00:09<00:39,  5.15it/s][A

 20%|██        | 51/253 [00:09<00:36,  5.55it/s][A

 21%|██        | 52/253 [00:09<00:44,  4.55it/s][A

 21%|██        | 53/253 [00:10<00:41,  4.84it/s][A

 21%|██▏       | 54/253 [00:10<00:39,  5.07it/s][A

 22%|██▏       | 55/253 [00:10<00:38,  5.18it/s][A

 22%|██▏       | 56/253 [00:10<00:37,  5.27it/s][A

 23%|██▎       | 57/253 [00:10<00:38,  5.11it/s][A

 23%|██▎       | 58/253 [00:11<00:45,  4.27it/s][A

 23%|██▎       | 59/253 [00:11<00:42,  4.56it/s][A

 24%|██▎       | 60/253 [00:11<00:41,  4.70it/s][A

 24%|██▍       | 61/253 [00:11<00:40,  4.73it/s][A

 25%|██▍       | 62/253 [00:12<00:39,  4.84it/s][A

 25%|██▍       | 63/253 [00:12<00:37,  5.01it/s][A

 25%|██▌       | 64/253 [00:12<00:34,  5.43it/s][A

 26%|██▌       | 65/253 [00:12<00:37,  4.98it/s][A

 26%|██▌       | 66/253 [00:12<00:37,  5.05it/s][A

 26%|██▋       | 67/253 [00:13<00:43,  4.32it/s][A

 27%|██▋       | 68/253 [00:13<00:40,  4.61it/s][A

 27%|██▋       | 69/253 [00:13<00:39,  4.65it/s][A

 28%|██▊       | 70/253 [00:13<00:42,  4.31it/s][A

 28%|██▊       | 71/253 [00:13<00:42,  4.23it/s][A

 28%|██▊       | 72/253 [00:14<00:37,  4.78it/s][A

 29%|██▉       | 73/253 [00:14<00:37,  4.77it/s][A

 29%|██▉       | 74/253 [00:14<00:35,  5.03it/s][A

 30%|██▉       | 75/253 [00:14<00:34,  5.16it/s][A

 30%|███       | 76/253 [00:14<00:36,  4.90it/s][A

 30%|███       | 77/253 [00:15<00:33,  5.26it/s][A

 31%|███       | 78/253 [00:15<00:33,  5.30it/s][A

 31%|███       | 79/253 [00:15<00:31,  5.51it/s][A

 32%|███▏      | 80/253 [00:15<00:31,  5.55it/s][A

 32%|███▏      | 81/253 [00:15<00:31,  5.45it/s][A

 32%|███▏      | 82/253 [00:15<00:29,  5.71it/s][A

 33%|███▎      | 83/253 [00:16<00:29,  5.70it/s][A

 33%|███▎      | 84/253 [00:16<00:29,  5.79it/s][A

 34%|███▎      | 85/253 [00:16<00:28,  5.84it/s][A

 34%|███▍      | 86/253 [00:16<00:27,  6.14it/s][A

 34%|███▍      | 87/253 [00:16<00:27,  5.98it/s][A

 35%|███▍      | 88/253 [00:16<00:27,  5.96it/s][A

 35%|███▌      | 89/253 [00:17<00:27,  5.94it/s][A

 36%|███▌      | 90/253 [00:17<00:28,  5.63it/s][A

 36%|███▌      | 91/253 [00:17<00:27,  5.96it/s][A

 36%|███▋      | 92/253 [00:17<00:26,  5.97it/s][A

 37%|███▋      | 93/253 [00:17<00:27,  5.85it/s][A

 37%|███▋      | 94/253 [00:17<00:26,  6.09it/s][A

 38%|███▊      | 95/253 [00:18<00:25,  6.20it/s][A

 38%|███▊      | 96/253 [00:18<00:28,  5.44it/s][A

 38%|███▊      | 97/253 [00:18<00:32,  4.73it/s][A

 39%|███▊      | 98/253 [00:18<00:35,  4.40it/s][A

 39%|███▉      | 99/253 [00:19<00:33,  4.64it/s][A

 40%|███▉      | 100/253 [00:19<00:35,  4.29it/s][A

 40%|███▉      | 101/253 [00:19<00:34,  4.39it/s][A

 40%|████      | 102/253 [00:19<00:36,  4.18it/s][A

 41%|████      | 103/253 [00:20<00:38,  3.89it/s][A

 41%|████      | 104/253 [00:20<00:36,  4.07it/s][A

 42%|████▏     | 105/253 [00:20<00:35,  4.14it/s][A

 42%|████▏     | 106/253 [00:20<00:31,  4.62it/s][A

 42%|████▏     | 107/253 [00:20<00:31,  4.69it/s][A

 43%|████▎     | 108/253 [00:21<00:31,  4.64it/s][A

 43%|████▎     | 109/253 [00:21<00:30,  4.76it/s][A

 43%|████▎     | 110/253 [00:21<00:26,  5.32it/s][A

 44%|████▍     | 111/253 [00:21<00:25,  5.62it/s][A

 44%|████▍     | 112/253 [00:21<00:25,  5.61it/s][A

 45%|████▍     | 113/253 [00:22<00:24,  5.64it/s][A

 45%|████▌     | 114/253 [00:22<00:24,  5.71it/s][A

 45%|████▌     | 115/253 [00:22<00:24,  5.54it/s][A

 46%|████▌     | 116/253 [00:22<00:24,  5.67it/s][A

 46%|████▌     | 117/253 [00:22<00:23,  5.76it/s][A

 47%|████▋     | 118/253 [00:22<00:23,  5.81it/s][A

 47%|████▋     | 119/253 [00:23<00:22,  5.84it/s][A

 47%|████▋     | 120/253 [00:23<00:22,  6.02it/s][A

 48%|████▊     | 121/253 [00:23<00:21,  6.23it/s][A

 48%|████▊     | 122/253 [00:23<00:20,  6.46it/s][A

 49%|████▊     | 123/253 [00:23<00:20,  6.31it/s][A

 49%|████▉     | 124/253 [00:23<00:20,  6.24it/s][A

 49%|████▉     | 125/253 [00:23<00:20,  6.24it/s][A

 50%|████▉     | 126/253 [00:24<00:20,  6.19it/s][A

 50%|█████     | 127/253 [00:24<00:20,  6.15it/s][A

 51%|█████     | 128/253 [00:24<00:20,  6.25it/s][A

 51%|█████     | 129/253 [00:24<00:21,  5.73it/s][A

 51%|█████▏    | 130/253 [00:24<00:20,  5.86it/s][A

 52%|█████▏    | 131/253 [00:25<00:21,  5.74it/s][A

 52%|█████▏    | 132/253 [00:25<00:22,  5.48it/s][A

 53%|█████▎    | 133/253 [00:25<00:21,  5.47it/s][A

 53%|█████▎    | 134/253 [00:25<00:26,  4.47it/s][A

 53%|█████▎    | 135/253 [00:25<00:28,  4.21it/s][A

 54%|█████▍    | 136/253 [00:26<00:26,  4.45it/s][A

 54%|█████▍    | 137/253 [00:26<00:26,  4.43it/s][A

 55%|█████▍    | 138/253 [00:26<00:27,  4.14it/s][A

 55%|█████▍    | 139/253 [00:26<00:25,  4.45it/s][A

 55%|█████▌    | 140/253 [00:27<00:26,  4.24it/s][A

 56%|█████▌    | 141/253 [00:27<00:29,  3.81it/s][A

 56%|█████▌    | 142/253 [00:27<00:27,  3.99it/s][A

 57%|█████▋    | 143/253 [00:27<00:26,  4.15it/s][A

 57%|█████▋    | 144/253 [00:28<00:26,  4.09it/s][A

 57%|█████▋    | 145/253 [00:28<00:24,  4.48it/s][A

 58%|█████▊    | 146/253 [00:28<00:22,  4.70it/s][A

 58%|█████▊    | 147/253 [00:28<00:21,  4.86it/s][A

 58%|█████▊    | 148/253 [00:28<00:20,  5.02it/s][A

 59%|█████▉    | 149/253 [00:29<00:20,  5.16it/s][A

 59%|█████▉    | 150/253 [00:29<00:19,  5.22it/s][A

 60%|█████▉    | 151/253 [00:29<00:18,  5.54it/s][A

 60%|██████    | 152/253 [00:29<00:17,  5.90it/s][A

 60%|██████    | 153/253 [00:29<00:16,  6.05it/s][A

 61%|██████    | 154/253 [00:29<00:16,  6.09it/s][A

 61%|██████▏   | 155/253 [00:30<00:17,  5.65it/s][A

 62%|██████▏   | 156/253 [00:30<00:16,  5.97it/s][A

 62%|██████▏   | 157/253 [00:30<00:16,  5.97it/s][A

 62%|██████▏   | 158/253 [00:30<00:16,  5.71it/s][A

 63%|██████▎   | 159/253 [00:30<00:19,  4.80it/s][A

 63%|██████▎   | 160/253 [00:31<00:21,  4.34it/s][A

 64%|██████▎   | 161/253 [00:31<00:19,  4.62it/s][A

 64%|██████▍   | 162/253 [00:31<00:18,  4.79it/s][A

 64%|██████▍   | 163/253 [00:31<00:17,  5.22it/s][A

 65%|██████▍   | 164/253 [00:31<00:17,  5.02it/s][A

 65%|██████▌   | 165/253 [00:32<00:18,  4.80it/s][A

 66%|██████▌   | 166/253 [00:32<00:19,  4.42it/s][A

 66%|██████▌   | 167/253 [00:32<00:17,  4.89it/s][A

 66%|██████▋   | 168/253 [00:32<00:17,  5.00it/s][A

 67%|██████▋   | 169/253 [00:32<00:15,  5.29it/s][A

 67%|██████▋   | 170/253 [00:33<00:16,  5.17it/s][A

 68%|██████▊   | 171/253 [00:33<00:17,  4.79it/s][A

 68%|██████▊   | 172/253 [00:33<00:17,  4.53it/s][A

 68%|██████▊   | 173/253 [00:33<00:17,  4.68it/s][A

 69%|██████▉   | 174/253 [00:34<00:17,  4.51it/s][A

 69%|██████▉   | 175/253 [00:34<00:16,  4.82it/s][A

 70%|██████▉   | 176/253 [00:34<00:15,  4.89it/s][A

 70%|██████▉   | 177/253 [00:34<00:14,  5.26it/s][A

 70%|███████   | 178/253 [00:34<00:13,  5.70it/s][A

 71%|███████   | 179/253 [00:34<00:12,  5.72it/s][A

 71%|███████   | 180/253 [00:35<00:12,  5.67it/s][A

 72%|███████▏  | 181/253 [00:35<00:12,  5.76it/s][A

 72%|███████▏  | 182/253 [00:35<00:12,  5.60it/s][A

 72%|███████▏  | 183/253 [00:35<00:12,  5.58it/s][A

 73%|███████▎  | 184/253 [00:35<00:12,  5.60it/s][A

 73%|███████▎  | 185/253 [00:35<00:11,  5.69it/s][A

 74%|███████▎  | 186/253 [00:36<00:11,  5.95it/s][A

 74%|███████▍  | 187/253 [00:36<00:11,  5.99it/s][A

 74%|███████▍  | 188/253 [00:36<00:11,  5.57it/s][A

 75%|███████▍  | 189/253 [00:36<00:11,  5.71it/s][A

 75%|███████▌  | 190/253 [00:36<00:10,  6.03it/s][A

 75%|███████▌  | 191/253 [00:36<00:10,  6.04it/s][A

 76%|███████▌  | 192/253 [00:37<00:09,  6.19it/s][A

 76%|███████▋  | 193/253 [00:37<00:10,  5.58it/s][A

 77%|███████▋  | 194/253 [00:37<00:13,  4.40it/s][A

 77%|███████▋  | 195/253 [00:37<00:13,  4.30it/s][A

 77%|███████▋  | 196/253 [00:38<00:13,  4.36it/s][A

 78%|███████▊  | 197/253 [00:38<00:11,  4.75it/s][A

 78%|███████▊  | 198/253 [00:38<00:11,  4.97it/s][A

 79%|███████▊  | 199/253 [00:38<00:10,  5.00it/s][A

 79%|███████▉  | 200/253 [00:38<00:11,  4.79it/s][A

 79%|███████▉  | 201/253 [00:39<00:10,  5.11it/s][A

 80%|███████▉  | 202/253 [00:39<00:09,  5.11it/s][A

 80%|████████  | 203/253 [00:39<00:10,  4.66it/s][A

 81%|████████  | 204/253 [00:39<00:10,  4.77it/s][A

 81%|████████  | 205/253 [00:39<00:10,  4.58it/s][A

 81%|████████▏ | 206/253 [00:40<00:09,  5.06it/s][A

 82%|████████▏ | 207/253 [00:40<00:08,  5.32it/s][A

 82%|████████▏ | 208/253 [00:40<00:08,  5.58it/s][A

 83%|████████▎ | 209/253 [00:40<00:07,  5.98it/s][A

 83%|████████▎ | 210/253 [00:40<00:06,  6.20it/s][A

 83%|████████▎ | 211/253 [00:40<00:06,  6.42it/s][A

 84%|████████▍ | 212/253 [00:41<00:06,  6.53it/s][A

 84%|████████▍ | 213/253 [00:41<00:06,  6.43it/s][A

 85%|████████▍ | 214/253 [00:41<00:06,  6.32it/s][A

 85%|████████▍ | 215/253 [00:41<00:05,  6.44it/s][A

 85%|████████▌ | 216/253 [00:41<00:05,  6.55it/s][A

 86%|████████▌ | 217/253 [00:41<00:05,  6.07it/s][A

 86%|████████▌ | 218/253 [00:41<00:05,  6.06it/s][A

 87%|████████▋ | 219/253 [00:42<00:05,  5.91it/s][A

 87%|████████▋ | 220/253 [00:42<00:05,  5.73it/s][A

 87%|████████▋ | 221/253 [00:42<00:05,  5.73it/s][A

 88%|████████▊ | 222/253 [00:42<00:05,  5.66it/s][A

 88%|████████▊ | 223/253 [00:43<00:06,  4.70it/s][A

 89%|████████▊ | 224/253 [00:43<00:06,  4.75it/s][A

 89%|████████▉ | 225/253 [00:43<00:05,  4.73it/s][A

 89%|████████▉ | 226/253 [00:43<00:06,  4.28it/s][A

 90%|████████▉ | 227/253 [00:43<00:05,  4.57it/s][A

 90%|█████████ | 228/253 [00:44<00:05,  4.78it/s][A

 91%|█████████ | 229/253 [00:44<00:05,  4.66it/s][A

 91%|█████████ | 230/253 [00:44<00:04,  4.66it/s][A

 91%|█████████▏| 231/253 [00:44<00:04,  5.08it/s][A

 92%|█████████▏| 232/253 [00:44<00:04,  5.21it/s][A

 92%|█████████▏| 233/253 [00:45<00:03,  5.12it/s][A

 92%|█████████▏| 234/253 [00:45<00:03,  5.33it/s][A

 93%|█████████▎| 235/253 [00:45<00:03,  5.23it/s][A

 93%|█████████▎| 236/253 [00:45<00:03,  5.31it/s][A

 94%|█████████▎| 237/253 [00:45<00:02,  5.36it/s][A

 94%|█████████▍| 238/253 [00:45<00:02,  5.46it/s][A

 94%|█████████▍| 239/253 [00:46<00:02,  5.52it/s][A

 95%|█████████▍| 240/253 [00:46<00:02,  5.34it/s][A

 95%|█████████▌| 241/253 [00:46<00:02,  5.32it/s][A

 96%|█████████▌| 242/253 [00:46<00:01,  5.67it/s][A

 96%|█████████▌| 243/253 [00:46<00:01,  5.75it/s][A

 96%|█████████▋| 244/253 [00:47<00:01,  5.83it/s][A

 97%|█████████▋| 245/253 [00:47<00:01,  6.07it/s][A

 97%|█████████▋| 246/253 [00:47<00:01,  5.77it/s][A

 98%|█████████▊| 247/253 [00:47<00:00,  6.09it/s][A

 98%|█████████▊| 248/253 [00:47<00:00,  5.66it/s][A

 98%|█████████▊| 249/253 [00:47<00:00,  5.57it/s][A

 99%|█████████▉| 250/253 [00:48<00:00,  5.51it/s][A

 99%|█████████▉| 251/253 [00:48<00:00,  5.48it/s][A

100%|█████████▉| 252/253 [00:48<00:00,  5.07it/s][A

100%|██████████| 253/253 [00:48<00:00,  5.23it/s][A
                                                  

                                                 
[A{'eval_loss': '1.372', 'eval_runtime': '48.91', 'eval_samples_per_second': '10.35', 'eval_steps_per_second': '5.173', 'eval_entropy': '1.22', 'eval_num_tokens': '1.247e+06', 'eval_mean_token_accuracy': '0.6424', 'epoch': '1.091'}

 55%|█████▍    | 600/1100 [37:26<24:30,  2.94s/it]

100%|██████████| 253/253 [00:48<00:00,  5.23it/s][A

                                                 [A
 55%|█████▍    | 601/1100 [37:29<2:28:19, 17.83s/it]
 55%|█████▍    | 602/1100 [37:33<1:52:18, 13.53s/it]
 55%|█████▍    | 603/1100 [37:36<1:26:34, 10.45s/it]
 55%|█████▍    | 604/1100 [37:40<1:09:36,  8.42s/it]
 55%|█████▌    | 605/1100 [37:44<57:41,  6.99s/it]  
 55%|█████▌    | 606/1100 [37:46<46:35,  5.66s/it]
 55%|█████▌    | 607/1100 [37:49<40:24,  4.92s/it]
 55%|█████▌    | 608/1100 [37:53<36:15,  4.42s/it]
 55%|█████▌    | 609/1100 [37:55<32:13,  3.94s/it]
 55%|█████▌    | 610/1100 [37:58<30:13,  3.70s/it]
                                                  
{'loss': '1.244', 'grad_norm': '1.294', 'learning_rate': '9.873e-05', 'entropy': '1.212', 'num_tokens': '1.268e+06', 'mean_token_accuracy': '0.6652', 'epoch': '1.109'}

 55%|█████▌    | 610/1100 [37:58<30:13,  3.70s/it]
 56%|█████▌    | 611/1100 [38:02<29:21,  3.60s/it]
 56%|█████▌    | 612/1100 [38:04<26:15,  3.23s/it]
 56%|█████▌    | 613/1100 [38:08<26:30,  3.27s/it]
 56%|█████▌    | 614/1100 [38:10<25:32,  3.15s/it]
 56%|█████▌    | 615/1100 [38:14<26:16,  3.25s/it]
 56%|█████▌    | 616/1100 [38:16<24:36,  3.05s/it]
 56%|█████▌    | 617/1100 [38:19<23:56,  2.98s/it]
 56%|█████▌    | 618/1100 [38:22<24:20,  3.03s/it]
 56%|█████▋    | 619/1100 [38:26<24:28,  3.05s/it]
 56%|█████▋    | 620/1100 [38:29<25:16,  3.16s/it]
                                                  
{'loss': '1.197', 'grad_norm': '1.222', 'learning_rate': '9.556e-05', 'entropy': '1.201', 'num_tokens': '1.289e+06', 'mean_token_accuracy': '0.6785', 'epoch': '1.127'}

 56%|█████▋    | 620/1100 [38:29<25:16,  3.16s/it]
 56%|█████▋    | 621/1100 [38:33<26:57,  3.38s/it]
 57%|█████▋    | 622/1100 [38:36<27:17,  3.43s/it]
 57%|█████▋    | 623/1100 [38:39<26:24,  3.32s/it]
 57%|█████▋    | 624/1100 [38:43<25:54,  3.27s/it]
 57%|█████▋    | 625/1100 [38:46<25:54,  3.27s/it]
 57%|█████▋    | 626/1100 [38:49<25:21,  3.21s/it]
 57%|█████▋    | 627/1100 [38:52<24:30,  3.11s/it]
 57%|█████▋    | 628/1100 [38:55<24:10,  3.07s/it]
 57%|█████▋    | 629/1100 [38:58<24:14,  3.09s/it]
 57%|█████▋    | 630/1100 [39:01<24:43,  3.16s/it]
                                                  
{'loss': '1.11', 'grad_norm': '1.104', 'learning_rate': '9.239e-05', 'entropy': '1.124', 'num_tokens': '1.309e+06', 'mean_token_accuracy': '0.7012', 'epoch': '1.146'}

 57%|█████▋    | 630/1100 [39:01<24:43,  3.16s/it]
 57%|█████▋    | 631/1100 [39:04<24:51,  3.18s/it]
 57%|█████▋    | 632/1100 [39:08<24:30,  3.14s/it]
 58%|█████▊    | 633/1100 [39:11<25:01,  3.21s/it]
 58%|█████▊    | 634/1100 [39:14<24:41,  3.18s/it]
 58%|█████▊    | 635/1100 [39:17<23:57,  3.09s/it]
 58%|█████▊    | 636/1100 [39:20<23:10,  3.00s/it]
 58%|█████▊    | 637/1100 [39:23<24:17,  3.15s/it]
 58%|█████▊    | 638/1100 [39:27<24:38,  3.20s/it]
 58%|█████▊    | 639/1100 [39:29<23:26,  3.05s/it]
 58%|█████▊    | 640/1100 [39:32<23:34,  3.07s/it]
                                                  
{'loss': '1.284', 'grad_norm': '1.087', 'learning_rate': '8.923e-05', 'entropy': '1.193', 'num_tokens': '1.33e+06', 'mean_token_accuracy': '0.6758', 'epoch': '1.164'}

 58%|█████▊    | 640/1100 [39:32<23:34,  3.07s/it]
 58%|█████▊    | 641/1100 [39:35<23:11,  3.03s/it]
 58%|█████▊    | 642/1100 [39:39<25:32,  3.35s/it]
 58%|█████▊    | 643/1100 [39:43<26:27,  3.47s/it]
 59%|█████▊    | 644/1100 [39:46<24:55,  3.28s/it]
 59%|█████▊    | 645/1100 [39:50<25:39,  3.38s/it]
 59%|█████▊    | 646/1100 [39:52<23:33,  3.11s/it]
 59%|█████▉    | 647/1100 [39:55<23:37,  3.13s/it]
 59%|█████▉    | 648/1100 [39:58<23:32,  3.12s/it]
 59%|█████▉    | 649/1100 [40:02<25:21,  3.37s/it]
 59%|█████▉    | 650/1100 [40:05<24:31,  3.27s/it]
                                                  
{'loss': '1.127', 'grad_norm': '1.362', 'learning_rate': '8.608e-05', 'entropy': '1.171', 'num_tokens': '1.351e+06', 'mean_token_accuracy': '0.6983', 'epoch': '1.182'}

 59%|█████▉    | 650/1100 [40:05<24:31,  3.27s/it]
 59%|█████▉    | 651/1100 [40:09<24:15,  3.24s/it]
 59%|█████▉    | 652/1100 [40:12<24:25,  3.27s/it]
 59%|█████▉    | 653/1100 [40:15<24:18,  3.26s/it]
 59%|█████▉    | 654/1100 [40:18<22:56,  3.09s/it]
 60%|█████▉    | 655/1100 [40:21<23:08,  3.12s/it]
 60%|█████▉    | 656/1100 [40:24<22:55,  3.10s/it]
 60%|█████▉    | 657/1100 [40:27<22:38,  3.07s/it]
 60%|█████▉    | 658/1100 [40:29<20:52,  2.83s/it]
 60%|█████▉    | 659/1100 [40:33<22:40,  3.09s/it]
 60%|██████    | 660/1100 [40:36<22:10,  3.02s/it]
                                                  
{'loss': '1.197', 'grad_norm': '1.162', 'learning_rate': '8.295e-05', 'entropy': '1.18', 'num_tokens': '1.371e+06', 'mean_token_accuracy': '0.6795', 'epoch': '1.2'}

 60%|██████    | 660/1100 [40:36<22:10,  3.02s/it]
 60%|██████    | 661/1100 [40:38<20:48,  2.84s/it]
 60%|██████    | 662/1100 [40:42<22:11,  3.04s/it]
 60%|██████    | 663/1100 [40:44<21:03,  2.89s/it]
 60%|██████    | 664/1100 [40:48<21:58,  3.02s/it]
 60%|██████    | 665/1100 [40:51<23:33,  3.25s/it]
 61%|██████    | 666/1100 [40:55<23:29,  3.25s/it]
 61%|██████    | 667/1100 [40:58<24:07,  3.34s/it]
 61%|██████    | 668/1100 [41:02<24:35,  3.42s/it]
 61%|██████    | 669/1100 [41:05<23:06,  3.22s/it]
 61%|██████    | 670/1100 [41:08<24:24,  3.41s/it]
                                                  
{'loss': '1.179', 'grad_norm': '1.288', 'learning_rate': '7.983e-05', 'entropy': '1.178', 'num_tokens': '1.392e+06', 'mean_token_accuracy': '0.691', 'epoch': '1.218'}

 61%|██████    | 670/1100 [41:08<24:24,  3.41s/it]
 61%|██████    | 671/1100 [41:11<23:11,  3.24s/it]
 61%|██████    | 672/1100 [41:15<23:49,  3.34s/it]
 61%|██████    | 673/1100 [41:18<22:47,  3.20s/it]
 61%|██████▏   | 674/1100 [41:21<23:45,  3.35s/it]
 61%|██████▏   | 675/1100 [41:24<21:45,  3.07s/it]
 61%|██████▏   | 676/1100 [41:27<22:24,  3.17s/it]
 62%|██████▏   | 677/1100 [41:31<23:55,  3.39s/it]
 62%|██████▏   | 678/1100 [41:34<23:09,  3.29s/it]
 62%|██████▏   | 679/1100 [41:37<22:44,  3.24s/it]
 62%|██████▏   | 680/1100 [41:40<21:46,  3.11s/it]
                                                  
{'loss': '1.137', 'grad_norm': '1.214', 'learning_rate': '7.673e-05', 'entropy': '1.152', 'num_tokens': '1.413e+06', 'mean_token_accuracy': '0.6929', 'epoch': '1.236'}

 62%|██████▏   | 680/1100 [41:40<21:46,  3.11s/it]
 62%|██████▏   | 681/1100 [41:43<22:14,  3.19s/it]
 62%|██████▏   | 682/1100 [41:46<21:34,  3.10s/it]
 62%|██████▏   | 683/1100 [41:50<22:33,  3.25s/it]
 62%|██████▏   | 684/1100 [41:53<21:51,  3.15s/it]
 62%|██████▏   | 685/1100 [41:56<21:34,  3.12s/it]
 62%|██████▏   | 686/1100 [41:59<21:29,  3.11s/it]
 62%|██████▏   | 687/1100 [42:03<22:12,  3.23s/it]
 63%|██████▎   | 688/1100 [42:05<20:25,  2.97s/it]
 63%|██████▎   | 689/1100 [42:08<20:40,  3.02s/it]
 63%|██████▎   | 690/1100 [42:11<20:17,  2.97s/it]
                                                  
{'loss': '1.181', 'grad_norm': '1.194', 'learning_rate': '7.366e-05', 'entropy': '1.149', 'num_tokens': '1.434e+06', 'mean_token_accuracy': '0.6729', 'epoch': '1.255'}

 63%|██████▎   | 690/1100 [42:11<20:17,  2.97s/it]
 63%|██████▎   | 691/1100 [42:15<21:44,  3.19s/it]
 63%|██████▎   | 692/1100 [42:18<21:50,  3.21s/it]
 63%|██████▎   | 693/1100 [42:21<20:58,  3.09s/it]
 63%|██████▎   | 694/1100 [42:24<21:46,  3.22s/it]
 63%|██████▎   | 695/1100 [42:27<21:23,  3.17s/it]
 63%|██████▎   | 696/1100 [42:30<21:01,  3.12s/it]
 63%|██████▎   | 697/1100 [42:34<22:52,  3.41s/it]
 63%|██████▎   | 698/1100 [42:38<22:47,  3.40s/it]
 64%|██████▎   | 699/1100 [42:41<22:00,  3.29s/it]
 64%|██████▎   | 700/1100 [42:44<22:02,  3.31s/it]
                                                  
{'loss': '1.214', 'grad_norm': '1.361', 'learning_rate': '7.061e-05', 'entropy': '1.228', 'num_tokens': '1.454e+06', 'mean_token_accuracy': '0.6835', 'epoch': '1.273'}

 64%|██████▎   | 700/1100 [42:44<22:02,  3.31s/it]

  0%|          | 0/253 [00:00<?, ?it/s][A

  1%|          | 2/253 [00:00<00:27,  9.24it/s][A

  1%|          | 3/253 [00:00<00:38,  6.56it/s][A

  2%|▏         | 4/253 [00:00<00:40,  6.11it/s][A

  2%|▏         | 5/253 [00:00<00:42,  5.90it/s][A

  2%|▏         | 6/253 [00:00<00:42,  5.78it/s][A

  3%|▎         | 7/253 [00:01<00:47,  5.20it/s][A

  3%|▎         | 8/253 [00:01<00:46,  5.28it/s][A

  4%|▎         | 9/253 [00:01<00:45,  5.39it/s][A

  4%|▍         | 10/253 [00:01<00:44,  5.48it/s][A

  4%|▍         | 11/253 [00:01<00:41,  5.82it/s][A

  5%|▍         | 12/253 [00:02<00:41,  5.87it/s][A

  5%|▌         | 13/253 [00:02<00:42,  5.70it/s][A

  6%|▌         | 14/253 [00:02<00:40,  5.84it/s][A

  6%|▌         | 15/253 [00:02<00:43,  5.45it/s][A

  6%|▋         | 16/253 [00:02<00:43,  5.43it/s][A

  7%|▋         | 17/253 [00:02<00:42,  5.58it/s][A

  7%|▋         | 18/253 [00:03<00:43,  5.41it/s][A

  8%|▊         | 19/253 [00:03<00:42,  5.53it/s][A

  8%|▊         | 20/253 [00:03<00:45,  5.13it/s][A

  8%|▊         | 21/253 [00:03<00:43,  5.33it/s][A

  9%|▊         | 22/253 [00:03<00:46,  4.92it/s][A

  9%|▉         | 23/253 [00:04<00:49,  4.62it/s][A

  9%|▉         | 24/253 [00:04<00:47,  4.86it/s][A

 10%|▉         | 25/253 [00:04<00:46,  4.90it/s][A

 10%|█         | 26/253 [00:04<00:43,  5.17it/s][A

 11%|█         | 27/253 [00:04<00:45,  5.02it/s][A

 11%|█         | 28/253 [00:05<00:41,  5.40it/s][A

 11%|█▏        | 29/253 [00:05<00:39,  5.68it/s][A

 12%|█▏        | 30/253 [00:05<00:38,  5.83it/s][A

 12%|█▏        | 31/253 [00:05<00:39,  5.56it/s][A

 13%|█▎        | 32/253 [00:05<00:38,  5.73it/s][A

 13%|█▎        | 33/253 [00:06<00:43,  5.08it/s][A

 13%|█▎        | 34/253 [00:06<00:41,  5.33it/s][A

 14%|█▍        | 35/253 [00:06<00:41,  5.23it/s][A

 14%|█▍        | 36/253 [00:06<00:42,  5.13it/s][A

 15%|█▍        | 37/253 [00:06<00:42,  5.07it/s][A

 15%|█▌        | 38/253 [00:07<00:45,  4.75it/s][A

 15%|█▌        | 39/253 [00:07<00:47,  4.47it/s][A

 16%|█▌        | 40/253 [00:07<00:47,  4.53it/s][A

 16%|█▌        | 41/253 [00:07<00:50,  4.17it/s][A

 17%|█▋        | 42/253 [00:08<00:46,  4.57it/s][A

 17%|█▋        | 43/253 [00:08<00:45,  4.58it/s][A

 17%|█▋        | 44/253 [00:08<00:42,  4.93it/s][A

 18%|█▊        | 45/253 [00:08<00:40,  5.14it/s][A

 18%|█▊        | 46/253 [00:08<00:45,  4.55it/s][A

 19%|█▊        | 47/253 [00:09<00:42,  4.84it/s][A

 19%|█▉        | 48/253 [00:09<00:39,  5.23it/s][A

 19%|█▉        | 49/253 [00:09<00:37,  5.48it/s][A

 20%|█▉        | 50/253 [00:09<00:35,  5.80it/s][A

 20%|██        | 51/253 [00:09<00:35,  5.67it/s][A

 21%|██        | 52/253 [00:09<00:34,  5.90it/s][A

 21%|██        | 53/253 [00:10<00:38,  5.23it/s][A

 21%|██▏       | 54/253 [00:10<00:36,  5.41it/s][A

 22%|██▏       | 55/253 [00:10<00:36,  5.36it/s][A

 22%|██▏       | 56/253 [00:10<00:38,  5.14it/s][A

 23%|██▎       | 57/253 [00:10<00:41,  4.75it/s][A

 23%|██▎       | 58/253 [00:11<00:45,  4.25it/s][A

 23%|██▎       | 59/253 [00:11<00:44,  4.38it/s][A

 24%|██▎       | 60/253 [00:11<00:45,  4.20it/s][A

 24%|██▍       | 61/253 [00:11<00:43,  4.43it/s][A

 25%|██▍       | 62/253 [00:12<00:46,  4.08it/s][A

 25%|██▍       | 63/253 [00:12<00:44,  4.25it/s][A

 25%|██▌       | 64/253 [00:12<00:41,  4.55it/s][A

 26%|██▌       | 65/253 [00:12<00:43,  4.32it/s][A

 26%|██▌       | 66/253 [00:12<00:40,  4.63it/s][A

 26%|██▋       | 67/253 [00:13<00:36,  5.03it/s][A

 27%|██▋       | 68/253 [00:13<00:35,  5.23it/s][A

 27%|██▋       | 69/253 [00:13<00:35,  5.25it/s][A

 28%|██▊       | 70/253 [00:13<00:34,  5.30it/s][A

 28%|██▊       | 71/253 [00:13<00:35,  5.13it/s][A

 28%|██▊       | 72/253 [00:14<00:32,  5.54it/s][A

 29%|██▉       | 73/253 [00:14<00:32,  5.60it/s][A

 29%|██▉       | 74/253 [00:14<00:32,  5.51it/s][A

 30%|██▉       | 75/253 [00:14<00:33,  5.31it/s][A

 30%|███       | 76/253 [00:14<00:33,  5.28it/s][A

 30%|███       | 77/253 [00:14<00:33,  5.19it/s][A

 31%|███       | 78/253 [00:15<00:31,  5.52it/s][A

 31%|███       | 79/253 [00:15<00:33,  5.12it/s][A

 32%|███▏      | 80/253 [00:15<00:32,  5.28it/s][A

 32%|███▏      | 81/253 [00:15<00:31,  5.49it/s][A

 32%|███▏      | 82/253 [00:15<00:29,  5.73it/s][A

 33%|███▎      | 83/253 [00:16<00:31,  5.37it/s][A

 33%|███▎      | 84/253 [00:16<00:35,  4.74it/s][A

 34%|███▎      | 85/253 [00:16<00:35,  4.67it/s][A

 34%|███▍      | 86/253 [00:16<00:36,  4.52it/s][A

 34%|███▍      | 87/253 [00:17<00:38,  4.28it/s][A

 35%|███▍      | 88/253 [00:17<00:37,  4.41it/s][A

 35%|███▌      | 89/253 [00:17<00:37,  4.38it/s][A

 36%|███▌      | 90/253 [00:17<00:37,  4.31it/s][A

 36%|███▌      | 91/253 [00:17<00:35,  4.60it/s][A

 36%|███▋      | 92/253 [00:18<00:40,  3.97it/s][A

 37%|███▋      | 93/253 [00:18<00:43,  3.64it/s][A

 37%|███▋      | 94/253 [00:18<00:38,  4.16it/s][A

 38%|███▊      | 95/253 [00:18<00:35,  4.49it/s][A

 38%|███▊      | 96/253 [00:19<00:33,  4.74it/s][A

 38%|███▊      | 97/253 [00:19<00:32,  4.77it/s][A

 39%|███▊      | 98/253 [00:19<00:31,  4.95it/s][A

 39%|███▉      | 99/253 [00:19<00:29,  5.23it/s][A

 40%|███▉      | 100/253 [00:19<00:30,  4.99it/s][A

 40%|███▉      | 101/253 [00:20<00:29,  5.21it/s][A

 40%|████      | 102/253 [00:20<00:27,  5.45it/s][A

 41%|████      | 103/253 [00:20<00:26,  5.58it/s][A

 41%|████      | 104/253 [00:20<00:26,  5.73it/s][A

 42%|████▏     | 105/253 [00:20<00:26,  5.65it/s][A

 42%|████▏     | 106/253 [00:20<00:27,  5.42it/s][A

 42%|████▏     | 107/253 [00:21<00:26,  5.60it/s][A

 43%|████▎     | 108/253 [00:21<00:26,  5.39it/s][A

 43%|████▎     | 109/253 [00:21<00:26,  5.49it/s][A

 43%|████▎     | 110/253 [00:21<00:25,  5.58it/s][A

 44%|████▍     | 111/253 [00:21<00:24,  5.76it/s][A

 44%|████▍     | 112/253 [00:22<00:24,  5.71it/s][A

 45%|████▍     | 113/253 [00:22<00:28,  4.86it/s][A

 45%|████▌     | 114/253 [00:22<00:31,  4.41it/s][A

 45%|████▌     | 115/253 [00:22<00:31,  4.42it/s][A

 46%|████▌     | 116/253 [00:23<00:30,  4.49it/s][A

 46%|████▌     | 117/253 [00:23<00:31,  4.34it/s][A

 47%|████▋     | 118/253 [00:23<00:30,  4.47it/s][A

 47%|████▋     | 119/253 [00:23<00:35,  3.83it/s][A

 47%|████▋     | 120/253 [00:23<00:31,  4.19it/s][A

 48%|████▊     | 121/253 [00:24<00:30,  4.34it/s][A

 48%|████▊     | 122/253 [00:24<00:30,  4.31it/s][A

 49%|████▊     | 123/253 [00:24<00:31,  4.16it/s][A

 49%|████▉     | 124/253 [00:24<00:31,  4.15it/s][A

 49%|████▉     | 125/253 [00:25<00:30,  4.16it/s][A

 50%|████▉     | 126/253 [00:25<00:29,  4.36it/s][A

 50%|█████     | 127/253 [00:25<00:29,  4.22it/s][A

 51%|█████     | 128/253 [00:25<00:27,  4.51it/s][A

 51%|█████     | 129/253 [00:26<00:26,  4.69it/s][A

 51%|█████▏    | 130/253 [00:26<00:23,  5.20it/s][A

 52%|█████▏    | 131/253 [00:26<00:21,  5.69it/s][A

 52%|█████▏    | 132/253 [00:26<00:20,  5.80it/s][A

 53%|█████▎    | 133/253 [00:26<00:20,  5.83it/s][A

 53%|█████▎    | 134/253 [00:26<00:20,  5.69it/s][A

 53%|█████▎    | 135/253 [00:27<00:20,  5.69it/s][A

 54%|█████▍    | 136/253 [00:27<00:20,  5.65it/s][A

 54%|█████▍    | 137/253 [00:27<00:20,  5.69it/s][A

 55%|█████▍    | 138/253 [00:27<00:21,  5.41it/s][A

 55%|█████▍    | 139/253 [00:27<00:20,  5.57it/s][A

 55%|█████▌    | 140/253 [00:27<00:19,  5.94it/s][A

 56%|█████▌    | 141/253 [00:28<00:18,  5.94it/s][A

 56%|█████▌    | 142/253 [00:28<00:18,  5.98it/s][A

 57%|█████▋    | 143/253 [00:28<00:18,  5.92it/s][A

 57%|█████▋    | 144/253 [00:28<00:18,  5.92it/s][A

 57%|█████▋    | 145/253 [00:28<00:17,  6.13it/s][A

 58%|█████▊    | 146/253 [00:28<00:19,  5.43it/s][A

 58%|█████▊    | 147/253 [00:29<00:21,  4.96it/s][A

 58%|█████▊    | 148/253 [00:29<00:20,  5.09it/s][A

 59%|█████▉    | 149/253 [00:29<00:20,  5.11it/s][A

 59%|█████▉    | 150/253 [00:29<00:24,  4.28it/s][A

 60%|█████▉    | 151/253 [00:30<00:21,  4.67it/s][A

 60%|██████    | 152/253 [00:30<00:26,  3.76it/s][A

 60%|██████    | 153/253 [00:30<00:28,  3.50it/s][A

 61%|██████    | 154/253 [00:30<00:25,  3.87it/s][A

 61%|██████▏   | 155/253 [00:31<00:26,  3.73it/s][A

 62%|██████▏   | 156/253 [00:31<00:22,  4.32it/s][A

 62%|██████▏   | 157/253 [00:31<00:20,  4.59it/s][A

 62%|██████▏   | 158/253 [00:31<00:20,  4.65it/s][A

 63%|██████▎   | 159/253 [00:32<00:24,  3.83it/s][A

 63%|██████▎   | 160/253 [00:32<00:21,  4.25it/s][A

 64%|██████▎   | 161/253 [00:32<00:21,  4.32it/s][A

 64%|██████▍   | 162/253 [00:32<00:20,  4.51it/s][A

 64%|██████▍   | 163/253 [00:33<00:20,  4.33it/s][A

 65%|██████▍   | 164/253 [00:33<00:21,  4.11it/s][A

 65%|██████▌   | 165/253 [00:33<00:19,  4.51it/s][A

 66%|██████▌   | 166/253 [00:33<00:18,  4.77it/s][A

 66%|██████▌   | 167/253 [00:33<00:17,  4.88it/s][A

 66%|██████▋   | 168/253 [00:34<00:17,  4.87it/s][A

 67%|██████▋   | 169/253 [00:34<00:16,  5.17it/s][A

 67%|██████▋   | 170/253 [00:34<00:15,  5.33it/s][A

 68%|██████▊   | 171/253 [00:34<00:15,  5.37it/s][A

 68%|██████▊   | 172/253 [00:34<00:15,  5.36it/s][A

 68%|██████▊   | 173/253 [00:34<00:14,  5.52it/s][A

 69%|██████▉   | 174/253 [00:35<00:13,  5.64it/s][A

 69%|██████▉   | 175/253 [00:35<00:17,  4.39it/s][A

 70%|██████▉   | 176/253 [00:35<00:15,  4.86it/s][A

 70%|██████▉   | 177/253 [00:35<00:15,  5.06it/s][A

 70%|███████   | 178/253 [00:35<00:14,  5.26it/s][A

 71%|███████   | 179/253 [00:36<00:13,  5.43it/s][A

 71%|███████   | 180/253 [00:36<00:13,  5.55it/s][A

 72%|███████▏  | 181/253 [00:36<00:13,  5.15it/s][A

 72%|███████▏  | 182/253 [00:36<00:17,  4.16it/s][A

 72%|███████▏  | 183/253 [00:37<00:16,  4.21it/s][A

 73%|███████▎  | 184/253 [00:37<00:16,  4.10it/s][A

 73%|███████▎  | 185/253 [00:37<00:16,  4.10it/s][A

 74%|███████▎  | 186/253 [00:37<00:18,  3.66it/s][A

 74%|███████▍  | 187/253 [00:38<00:16,  3.90it/s][A

 74%|███████▍  | 188/253 [00:38<00:15,  4.25it/s][A

 75%|███████▍  | 189/253 [00:38<00:13,  4.66it/s][A

 75%|███████▌  | 190/253 [00:38<00:13,  4.68it/s][A

 75%|███████▌  | 191/253 [00:38<00:12,  5.02it/s][A

 76%|███████▌  | 192/253 [00:39<00:11,  5.50it/s][A

 76%|███████▋  | 193/253 [00:39<00:10,  5.60it/s][A

 77%|███████▋  | 194/253 [00:39<00:10,  5.78it/s][A

 77%|███████▋  | 195/253 [00:39<00:09,  5.83it/s][A

 77%|███████▋  | 196/253 [00:39<00:09,  5.84it/s][A

 78%|███████▊  | 197/253 [00:39<00:09,  6.16it/s][A

 78%|███████▊  | 198/253 [00:39<00:08,  6.27it/s][A

 79%|███████▊  | 199/253 [00:40<00:08,  6.21it/s][A

 79%|███████▉  | 200/253 [00:40<00:08,  6.30it/s][A

 79%|███████▉  | 201/253 [00:40<00:08,  6.23it/s][A

 80%|███████▉  | 202/253 [00:40<00:08,  6.12it/s][A

 80%|████████  | 203/253 [00:40<00:08,  5.81it/s][A

 81%|████████  | 204/253 [00:40<00:08,  5.89it/s][A

 81%|████████  | 205/253 [00:41<00:08,  5.85it/s][A

 81%|████████▏ | 206/253 [00:41<00:07,  6.04it/s][A

 82%|████████▏ | 207/253 [00:41<00:08,  5.66it/s][A

 82%|████████▏ | 208/253 [00:41<00:07,  5.88it/s][A

 83%|████████▎ | 209/253 [00:41<00:07,  5.96it/s][A

 83%|████████▎ | 210/253 [00:41<00:07,  6.06it/s][A

 83%|████████▎ | 211/253 [00:42<00:07,  5.92it/s][A

 84%|████████▍ | 212/253 [00:42<00:06,  6.13it/s][A

 84%|████████▍ | 213/253 [00:42<00:08,  4.88it/s][A

 85%|████████▍ | 214/253 [00:42<00:08,  4.84it/s][A

 85%|████████▍ | 215/253 [00:43<00:10,  3.80it/s][A

 85%|████████▌ | 216/253 [00:43<00:09,  3.90it/s][A

 86%|████████▌ | 217/253 [00:43<00:08,  4.18it/s][A

 86%|████████▌ | 218/253 [00:43<00:07,  4.60it/s][A

 87%|████████▋ | 219/253 [00:43<00:06,  4.99it/s][A

 87%|████████▋ | 220/253 [00:44<00:06,  5.04it/s][A

 87%|████████▋ | 221/253 [00:44<00:06,  4.62it/s][A

 88%|████████▊ | 222/253 [00:44<00:06,  4.77it/s][A

 88%|████████▊ | 223/253 [00:44<00:06,  4.93it/s][A

 89%|████████▊ | 224/253 [00:44<00:05,  5.32it/s][A

 89%|████████▉ | 225/253 [00:45<00:05,  5.34it/s][A

 89%|████████▉ | 226/253 [00:45<00:05,  5.34it/s][A

 90%|████████▉ | 227/253 [00:45<00:04,  5.40it/s][A

 90%|█████████ | 228/253 [00:45<00:04,  5.73it/s][A

 91%|█████████ | 229/253 [00:45<00:04,  5.94it/s][A

 91%|█████████ | 230/253 [00:45<00:03,  5.91it/s][A

 91%|█████████▏| 231/253 [00:46<00:03,  6.26it/s][A

 92%|█████████▏| 232/253 [00:46<00:03,  6.19it/s][A

 92%|█████████▏| 233/253 [00:46<00:03,  5.92it/s][A

 92%|█████████▏| 234/253 [00:46<00:03,  5.95it/s][A

 93%|█████████▎| 235/253 [00:46<00:02,  6.28it/s][A

 93%|█████████▎| 236/253 [00:46<00:02,  6.04it/s][A

 94%|█████████▎| 237/253 [00:47<00:02,  6.28it/s][A

 94%|█████████▍| 238/253 [00:47<00:02,  6.31it/s][A

 94%|█████████▍| 239/253 [00:47<00:02,  6.08it/s][A

 95%|█████████▍| 240/253 [00:47<00:02,  5.25it/s][A

 95%|█████████▌| 241/253 [00:47<00:02,  5.27it/s][A

 96%|█████████▌| 242/253 [00:48<00:01,  5.54it/s][A

 96%|█████████▌| 243/253 [00:48<00:01,  5.65it/s][A

 96%|█████████▋| 244/253 [00:48<00:01,  5.41it/s][A

 97%|█████████▋| 245/253 [00:48<00:01,  5.74it/s][A

 97%|█████████▋| 246/253 [00:48<00:01,  4.58it/s][A

 98%|█████████▊| 247/253 [00:49<00:01,  4.04it/s][A

 98%|█████████▊| 248/253 [00:49<00:01,  4.05it/s][A

 98%|█████████▊| 249/253 [00:49<00:00,  4.28it/s][A

 99%|█████████▉| 250/253 [00:49<00:00,  4.46it/s][A

 99%|█████████▉| 251/253 [00:50<00:00,  4.07it/s][A

100%|█████████▉| 252/253 [00:50<00:00,  3.85it/s][A

100%|██████████| 253/253 [00:50<00:00,  3.57it/s][A
                                                  

                                                 
[A{'eval_loss': '1.355', 'eval_runtime': '51.04', 'eval_samples_per_second': '9.913', 'eval_steps_per_second': '4.956', 'eval_entropy': '1.19', 'eval_num_tokens': '1.454e+06', 'eval_mean_token_accuracy': '0.6466', 'epoch': '1.273'}

 64%|██████▎   | 700/1100 [43:35<22:02,  3.31s/it]

100%|██████████| 253/253 [00:50<00:00,  3.57it/s][A

                                                 [A
 64%|██████▎   | 701/1100 [43:38<2:02:59, 18.49s/it]
 64%|██████▍   | 702/1100 [43:41<1:31:27, 13.79s/it]
 64%|██████▍   | 703/1100 [43:44<1:10:41, 10.68s/it]
 64%|██████▍   | 704/1100 [43:48<56:11,  8.51s/it]  
 64%|██████▍   | 705/1100 [43:51<45:26,  6.90s/it]
 64%|██████▍   | 706/1100 [43:54<38:24,  5.85s/it]
 64%|██████▍   | 707/1100 [43:57<33:06,  5.06s/it]
 64%|██████▍   | 708/1100 [44:00<28:46,  4.40s/it]
 64%|██████▍   | 709/1100 [44:03<25:22,  3.89s/it]
 65%|██████▍   | 710/1100 [44:07<25:43,  3.96s/it]
                                                  
{'loss': '1.178', 'grad_norm': '1.463', 'learning_rate': '6.759e-05', 'entropy': '1.168', 'num_tokens': '1.475e+06', 'mean_token_accuracy': '0.6912', 'epoch': '1.291'}

 65%|██████▍   | 710/1100 [44:07<25:43,  3.96s/it]
 65%|██████▍   | 711/1100 [44:11<25:11,  3.89s/it]
 65%|██████▍   | 712/1100 [44:14<24:16,  3.75s/it]
 65%|██████▍   | 713/1100 [44:18<23:07,  3.58s/it]
 65%|██████▍   | 714/1100 [44:20<20:28,  3.18s/it]
 65%|██████▌   | 715/1100 [44:23<20:46,  3.24s/it]
 65%|██████▌   | 716/1100 [44:27<21:04,  3.29s/it]
 65%|██████▌   | 717/1100 [44:29<20:07,  3.15s/it]
 65%|██████▌   | 718/1100 [44:32<19:20,  3.04s/it]
 65%|██████▌   | 719/1100 [44:36<20:02,  3.16s/it]
 65%|██████▌   | 720/1100 [44:38<18:56,  2.99s/it]
                                                  
{'loss': '1.216', 'grad_norm': '1.156', 'learning_rate': '6.461e-05', 'entropy': '1.233', 'num_tokens': '1.497e+06', 'mean_token_accuracy': '0.6794', 'epoch': '1.309'}

 65%|██████▌   | 720/1100 [44:38<18:56,  2.99s/it]
 66%|██████▌   | 721/1100 [44:42<20:47,  3.29s/it]
 66%|██████▌   | 722/1100 [44:46<20:52,  3.31s/it]
 66%|██████▌   | 723/1100 [44:48<19:33,  3.11s/it]
 66%|██████▌   | 724/1100 [44:51<19:03,  3.04s/it]
 66%|██████▌   | 725/1100 [44:55<20:24,  3.26s/it]
 66%|██████▌   | 726/1100 [44:59<21:06,  3.39s/it]
 66%|██████▌   | 727/1100 [45:01<19:20,  3.11s/it]
 66%|██████▌   | 728/1100 [45:04<19:32,  3.15s/it]
 66%|██████▋   | 729/1100 [45:07<18:46,  3.04s/it]
 66%|██████▋   | 730/1100 [45:11<20:09,  3.27s/it]
                                                  
{'loss': '1.252', 'grad_norm': '1.32', 'learning_rate': '6.166e-05', 'entropy': '1.181', 'num_tokens': '1.518e+06', 'mean_token_accuracy': '0.6734', 'epoch': '1.327'}

 66%|██████▋   | 730/1100 [45:11<20:09,  3.27s/it]
 66%|██████▋   | 731/1100 [45:15<20:58,  3.41s/it]
 67%|██████▋   | 732/1100 [45:18<20:51,  3.40s/it]
 67%|██████▋   | 733/1100 [45:21<20:33,  3.36s/it]
 67%|██████▋   | 734/1100 [45:24<20:07,  3.30s/it]
 67%|██████▋   | 735/1100 [45:28<20:32,  3.38s/it]
 67%|██████▋   | 736/1100 [45:30<18:32,  3.06s/it]
 67%|██████▋   | 737/1100 [45:34<19:47,  3.27s/it]
 67%|██████▋   | 738/1100 [45:37<18:27,  3.06s/it]
 67%|██████▋   | 739/1100 [45:40<18:36,  3.09s/it]
 67%|██████▋   | 740/1100 [45:42<17:43,  2.95s/it]
                                                  
{'loss': '1.172', 'grad_norm': '1.057', 'learning_rate': '5.875e-05', 'entropy': '1.21', 'num_tokens': '1.539e+06', 'mean_token_accuracy': '0.6797', 'epoch': '1.346'}

 67%|██████▋   | 740/1100 [45:42<17:43,  2.95s/it]
 67%|██████▋   | 741/1100 [45:45<17:15,  2.89s/it]
 67%|██████▋   | 742/1100 [45:48<17:23,  2.91s/it]
 68%|██████▊   | 743/1100 [45:51<17:44,  2.98s/it]
 68%|██████▊   | 744/1100 [45:54<17:17,  2.91s/it]
 68%|██████▊   | 745/1100 [45:57<16:46,  2.83s/it]
 68%|██████▊   | 746/1100 [46:00<17:18,  2.93s/it]
 68%|██████▊   | 747/1100 [46:03<17:28,  2.97s/it]
 68%|██████▊   | 748/1100 [46:06<17:35,  3.00s/it]
 68%|██████▊   | 749/1100 [46:08<15:53,  2.72s/it]
 68%|██████▊   | 750/1100 [46:11<16:42,  2.87s/it]
                                                  
{'loss': '1.132', 'grad_norm': '1.164', 'learning_rate': '5.588e-05', 'entropy': '1.143', 'num_tokens': '1.56e+06', 'mean_token_accuracy': '0.6897', 'epoch': '1.364'}

 68%|██████▊   | 750/1100 [46:11<16:42,  2.87s/it]
 68%|██████▊   | 751/1100 [46:14<16:38,  2.86s/it]
 68%|██████▊   | 752/1100 [46:17<16:59,  2.93s/it]
 68%|██████▊   | 753/1100 [46:19<15:39,  2.71s/it]
 69%|██████▊   | 754/1100 [46:23<17:04,  2.96s/it]
 69%|██████▊   | 755/1100 [46:26<17:16,  3.00s/it]
 69%|██████▊   | 756/1100 [46:30<18:14,  3.18s/it]
 69%|██████▉   | 757/1100 [46:32<16:40,  2.92s/it]
 69%|██████▉   | 758/1100 [46:35<16:17,  2.86s/it]
 69%|██████▉   | 759/1100 [46:38<16:57,  2.98s/it]
 69%|██████▉   | 760/1100 [46:42<18:51,  3.33s/it]
                                                  
{'loss': '1.147', 'grad_norm': '1.138', 'learning_rate': '5.305e-05', 'entropy': '1.15', 'num_tokens': '1.581e+06', 'mean_token_accuracy': '0.6911', 'epoch': '1.382'}

 69%|██████▉   | 760/1100 [46:42<18:51,  3.33s/it]
 69%|██████▉   | 761/1100 [46:44<16:46,  2.97s/it]
 69%|██████▉   | 762/1100 [46:47<16:16,  2.89s/it]
 69%|██████▉   | 763/1100 [46:50<16:27,  2.93s/it]
 69%|██████▉   | 764/1100 [46:53<16:21,  2.92s/it]
 70%|██████▉   | 765/1100 [46:56<16:41,  2.99s/it]
 70%|██████▉   | 766/1100 [46:58<15:34,  2.80s/it]
 70%|██████▉   | 767/1100 [47:01<15:45,  2.84s/it]
 70%|██████▉   | 768/1100 [47:04<15:14,  2.75s/it]
 70%|██████▉   | 769/1100 [47:07<16:04,  2.91s/it]
 70%|███████   | 770/1100 [47:10<15:29,  2.82s/it]
                                                  
{'loss': '1.182', 'grad_norm': '1.4', 'learning_rate': '5.028e-05', 'entropy': '1.174', 'num_tokens': '1.601e+06', 'mean_token_accuracy': '0.6892', 'epoch': '1.4'}

 70%|███████   | 770/1100 [47:10<15:29,  2.82s/it]
 70%|███████   | 771/1100 [47:13<15:38,  2.85s/it]
 70%|███████   | 772/1100 [47:16<16:23,  3.00s/it]
 70%|███████   | 773/1100 [47:19<16:09,  2.96s/it]
 70%|███████   | 774/1100 [47:22<15:55,  2.93s/it]
 70%|███████   | 775/1100 [47:25<16:22,  3.02s/it]
 71%|███████   | 776/1100 [47:28<16:03,  2.97s/it]
 71%|███████   | 777/1100 [47:31<15:43,  2.92s/it]
 71%|███████   | 778/1100 [47:33<14:50,  2.77s/it]
 71%|███████   | 779/1100 [47:36<15:03,  2.81s/it]
 71%|███████   | 780/1100 [47:38<14:45,  2.77s/it]
                                                  
{'loss': '1.199', 'grad_norm': '1.394', 'learning_rate': '4.755e-05', 'entropy': '1.208', 'num_tokens': '1.622e+06', 'mean_token_accuracy': '0.6852', 'epoch': '1.418'}

 71%|███████   | 780/1100 [47:38<14:45,  2.77s/it]
 71%|███████   | 781/1100 [47:41<14:52,  2.80s/it]
 71%|███████   | 782/1100 [47:44<15:00,  2.83s/it]
 71%|███████   | 783/1100 [47:47<15:12,  2.88s/it]
 71%|███████▏  | 784/1100 [47:50<14:17,  2.71s/it]
 71%|███████▏  | 785/1100 [47:53<15:44,  3.00s/it]
 71%|███████▏  | 786/1100 [47:56<14:49,  2.83s/it]
 72%|███████▏  | 787/1100 [47:59<15:01,  2.88s/it]
 72%|███████▏  | 788/1100 [48:02<15:48,  3.04s/it]
 72%|███████▏  | 789/1100 [48:05<15:18,  2.95s/it]
 72%|███████▏  | 790/1100 [48:08<15:29,  3.00s/it]
                                                  
{'loss': '1.159', 'grad_norm': '1.472', 'learning_rate': '4.487e-05', 'entropy': '1.153', 'num_tokens': '1.643e+06', 'mean_token_accuracy': '0.6873', 'epoch': '1.437'}

 72%|███████▏  | 790/1100 [48:08<15:29,  3.00s/it]
 72%|███████▏  | 791/1100 [48:11<15:19,  2.98s/it]
 72%|███████▏  | 792/1100 [48:14<15:29,  3.02s/it]
 72%|███████▏  | 793/1100 [48:17<14:49,  2.90s/it]
 72%|███████▏  | 794/1100 [48:20<15:18,  3.00s/it]
 72%|███████▏  | 795/1100 [48:22<14:32,  2.86s/it]
 72%|███████▏  | 796/1100 [48:25<14:38,  2.89s/it]
 72%|███████▏  | 797/1100 [48:28<14:26,  2.86s/it]
 73%|███████▎  | 798/1100 [48:31<14:08,  2.81s/it]
 73%|███████▎  | 799/1100 [48:35<15:26,  3.08s/it]
 73%|███████▎  | 800/1100 [48:38<16:15,  3.25s/it]
                                                  
{'loss': '1.136', 'grad_norm': '1.263', 'learning_rate': '4.225e-05', 'entropy': '1.131', 'num_tokens': '1.664e+06', 'mean_token_accuracy': '0.6917', 'epoch': '1.455'}

 73%|███████▎  | 800/1100 [48:38<16:15,  3.25s/it]

  0%|          | 0/253 [00:00<?, ?it/s][A

  1%|          | 2/253 [00:00<00:17, 14.69it/s][A

  2%|▏         | 4/253 [00:00<00:31,  7.91it/s][A

  2%|▏         | 5/253 [00:00<00:34,  7.24it/s][A

  2%|▏         | 6/253 [00:00<00:35,  7.02it/s][A

  3%|▎         | 7/253 [00:00<00:34,  7.14it/s][A

  3%|▎         | 8/253 [00:01<00:35,  6.92it/s][A

  4%|▎         | 9/253 [00:01<00:34,  7.03it/s][A

  4%|▍         | 10/253 [00:01<00:36,  6.68it/s][A

  4%|▍         | 11/253 [00:01<00:35,  6.80it/s][A

  5%|▍         | 12/253 [00:01<00:36,  6.53it/s][A

  5%|▌         | 13/253 [00:01<00:35,  6.75it/s][A

  6%|▌         | 14/253 [00:01<00:35,  6.66it/s][A

  6%|▌         | 15/253 [00:02<00:37,  6.42it/s][A

  6%|▋         | 16/253 [00:02<00:35,  6.61it/s][A

  7%|▋         | 17/253 [00:02<00:35,  6.58it/s][A

  7%|▋         | 18/253 [00:02<00:35,  6.71it/s][A

  8%|▊         | 19/253 [00:02<00:36,  6.35it/s][A

  8%|▊         | 20/253 [00:02<00:36,  6.37it/s][A

  8%|▊         | 21/253 [00:03<00:37,  6.17it/s][A

  9%|▊         | 22/253 [00:03<00:36,  6.36it/s][A

  9%|▉         | 23/253 [00:03<00:35,  6.46it/s][A

  9%|▉         | 24/253 [00:03<00:37,  6.05it/s][A

 10%|▉         | 25/253 [00:03<00:42,  5.42it/s][A

 10%|█         | 26/253 [00:03<00:40,  5.56it/s][A

 11%|█         | 27/253 [00:04<00:42,  5.28it/s][A

 11%|█         | 28/253 [00:04<00:41,  5.40it/s][A

 11%|█▏        | 29/253 [00:04<00:38,  5.77it/s][A

 12%|█▏        | 30/253 [00:04<00:42,  5.24it/s][A

 12%|█▏        | 31/253 [00:04<00:41,  5.36it/s][A

 13%|█▎        | 32/253 [00:05<00:42,  5.19it/s][A

 13%|█▎        | 33/253 [00:05<00:49,  4.47it/s][A

 13%|█▎        | 34/253 [00:05<00:45,  4.86it/s][A

 14%|█▍        | 35/253 [00:05<00:42,  5.08it/s][A

 14%|█▍        | 36/253 [00:06<00:46,  4.69it/s][A

 15%|█▍        | 37/253 [00:06<00:48,  4.49it/s][A

 15%|█▌        | 38/253 [00:06<00:47,  4.54it/s][A

 15%|█▌        | 39/253 [00:06<00:45,  4.71it/s][A

 16%|█▌        | 40/253 [00:06<00:42,  5.02it/s][A

 16%|█▌        | 41/253 [00:07<00:44,  4.74it/s][A

 17%|█▋        | 42/253 [00:07<00:43,  4.91it/s][A

 17%|█▋        | 43/253 [00:07<00:43,  4.80it/s][A

 17%|█▋        | 44/253 [00:07<00:40,  5.12it/s][A

 18%|█▊        | 45/253 [00:07<00:40,  5.09it/s][A

 18%|█▊        | 46/253 [00:08<00:39,  5.20it/s][A

 19%|█▊        | 47/253 [00:08<00:38,  5.29it/s][A

 19%|█▉        | 48/253 [00:08<00:36,  5.60it/s][A

 19%|█▉        | 49/253 [00:08<00:34,  5.84it/s][A

 20%|█▉        | 50/253 [00:08<00:33,  6.06it/s][A

 20%|██        | 51/253 [00:08<00:32,  6.27it/s][A

 21%|██        | 52/253 [00:08<00:33,  6.04it/s][A

 21%|██        | 53/253 [00:09<00:35,  5.66it/s][A

 21%|██▏       | 54/253 [00:09<00:35,  5.68it/s][A

 22%|██▏       | 55/253 [00:09<00:34,  5.80it/s][A

 22%|██▏       | 56/253 [00:09<00:32,  5.98it/s][A

 23%|██▎       | 57/253 [00:09<00:33,  5.81it/s][A

 23%|██▎       | 58/253 [00:10<00:37,  5.15it/s][A

 23%|██▎       | 59/253 [00:10<00:37,  5.16it/s][A

 24%|██▎       | 60/253 [00:10<00:41,  4.66it/s][A

 24%|██▍       | 61/253 [00:10<00:48,  3.95it/s][A

 25%|██▍       | 62/253 [00:11<00:46,  4.08it/s][A

 25%|██▍       | 63/253 [00:11<00:44,  4.27it/s][A

 25%|██▌       | 64/253 [00:11<00:39,  4.78it/s][A

 26%|██▌       | 65/253 [00:11<00:42,  4.45it/s][A

 26%|██▌       | 66/253 [00:11<00:41,  4.51it/s][A

 26%|██▋       | 67/253 [00:12<00:43,  4.27it/s][A

 27%|██▋       | 68/253 [00:12<00:40,  4.53it/s][A

 27%|██▋       | 69/253 [00:12<00:37,  4.89it/s][A

 28%|██▊       | 70/253 [00:12<00:35,  5.10it/s][A

 28%|██▊       | 71/253 [00:12<00:33,  5.39it/s][A

 28%|██▊       | 72/253 [00:13<00:31,  5.72it/s][A

 29%|██▉       | 73/253 [00:13<00:29,  6.13it/s][A

 29%|██▉       | 74/253 [00:13<00:28,  6.25it/s][A

 30%|██▉       | 75/253 [00:13<00:29,  6.11it/s][A

 30%|███       | 76/253 [00:13<00:29,  6.08it/s][A

 30%|███       | 77/253 [00:13<00:27,  6.41it/s][A

 31%|███       | 78/253 [00:14<00:27,  6.44it/s][A

 31%|███       | 79/253 [00:14<00:27,  6.31it/s][A

 32%|███▏      | 80/253 [00:14<00:27,  6.18it/s][A

 32%|███▏      | 81/253 [00:14<00:28,  6.12it/s][A

 32%|███▏      | 82/253 [00:14<00:27,  6.14it/s][A

 33%|███▎      | 83/253 [00:14<00:28,  6.02it/s][A

 33%|███▎      | 84/253 [00:15<00:28,  6.02it/s][A

 34%|███▎      | 85/253 [00:15<00:27,  6.04it/s][A

 34%|███▍      | 86/253 [00:15<00:27,  6.18it/s][A

 34%|███▍      | 87/253 [00:15<00:27,  6.05it/s][A

 35%|███▍      | 88/253 [00:15<00:29,  5.59it/s][A

 35%|███▌      | 89/253 [00:15<00:28,  5.69it/s][A

 36%|███▌      | 90/253 [00:16<00:27,  5.99it/s][A

 36%|███▌      | 91/253 [00:16<00:26,  6.20it/s][A

 36%|███▋      | 92/253 [00:16<00:27,  5.82it/s][A

 37%|███▋      | 93/253 [00:16<00:27,  5.80it/s][A

 37%|███▋      | 94/253 [00:16<00:31,  5.12it/s][A

 38%|███▊      | 95/253 [00:16<00:29,  5.27it/s][A

 38%|███▊      | 96/253 [00:17<00:30,  5.22it/s][A

 38%|███▊      | 97/253 [00:17<00:28,  5.53it/s][A

 39%|███▊      | 98/253 [00:17<00:33,  4.60it/s][A

 39%|███▉      | 99/253 [00:17<00:33,  4.63it/s][A

 40%|███▉      | 100/253 [00:18<00:35,  4.35it/s][A

 40%|███▉      | 101/253 [00:18<00:37,  4.01it/s][A

 40%|████      | 102/253 [00:18<00:35,  4.25it/s][A

 41%|████      | 103/253 [00:18<00:33,  4.52it/s][A

 41%|████      | 104/253 [00:18<00:30,  4.86it/s][A

 42%|████▏     | 105/253 [00:19<00:29,  4.96it/s][A

 42%|████▏     | 106/253 [00:19<00:27,  5.38it/s][A

 42%|████▏     | 107/253 [00:19<00:28,  5.20it/s][A

 43%|████▎     | 108/253 [00:19<00:27,  5.20it/s][A

 43%|████▎     | 109/253 [00:19<00:25,  5.61it/s][A

 43%|████▎     | 110/253 [00:20<00:26,  5.40it/s][A

 44%|████▍     | 111/253 [00:20<00:26,  5.44it/s][A

 44%|████▍     | 112/253 [00:20<00:25,  5.61it/s][A

 45%|████▍     | 113/253 [00:20<00:24,  5.68it/s][A

 45%|████▌     | 114/253 [00:20<00:24,  5.76it/s][A

 45%|████▌     | 115/253 [00:20<00:24,  5.58it/s][A

 46%|████▌     | 116/253 [00:21<00:27,  4.95it/s][A

 46%|████▌     | 117/253 [00:21<00:26,  5.16it/s][A

 47%|████▋     | 118/253 [00:21<00:26,  5.09it/s][A

 47%|████▋     | 119/253 [00:21<00:25,  5.20it/s][A

 47%|████▋     | 120/253 [00:21<00:24,  5.49it/s][A

 48%|████▊     | 121/253 [00:22<00:24,  5.28it/s][A

 48%|████▊     | 122/253 [00:22<00:30,  4.30it/s][A

 49%|████▊     | 123/253 [00:22<00:31,  4.14it/s][A

 49%|████▉     | 124/253 [00:22<00:28,  4.56it/s][A

 49%|████▉     | 125/253 [00:23<00:30,  4.24it/s][A

 50%|████▉     | 126/253 [00:23<00:28,  4.44it/s][A

 50%|█████     | 127/253 [00:23<00:27,  4.58it/s][A

 51%|█████     | 128/253 [00:23<00:25,  4.86it/s][A

 51%|█████     | 129/253 [00:23<00:24,  5.11it/s][A

 51%|█████▏    | 130/253 [00:24<00:22,  5.36it/s][A

 52%|█████▏    | 131/253 [00:24<00:21,  5.59it/s][A

 52%|█████▏    | 132/253 [00:24<00:21,  5.62it/s][A

 53%|█████▎    | 133/253 [00:24<00:20,  5.80it/s][A

 53%|█████▎    | 134/253 [00:24<00:19,  5.99it/s][A

 53%|█████▎    | 135/253 [00:24<00:20,  5.76it/s][A

 54%|█████▍    | 136/253 [00:25<00:19,  6.06it/s][A

 54%|█████▍    | 137/253 [00:25<00:18,  6.19it/s][A

 55%|█████▍    | 138/253 [00:25<00:19,  6.03it/s][A

 55%|█████▍    | 139/253 [00:25<00:19,  5.89it/s][A

 55%|█████▌    | 140/253 [00:25<00:18,  6.11it/s][A

 56%|█████▌    | 141/253 [00:25<00:18,  6.05it/s][A

 56%|█████▌    | 142/253 [00:26<00:18,  6.06it/s][A

 57%|█████▋    | 143/253 [00:26<00:18,  5.98it/s][A

 57%|█████▋    | 144/253 [00:26<00:18,  5.99it/s][A

 57%|█████▋    | 145/253 [00:26<00:17,  6.18it/s][A

 58%|█████▊    | 146/253 [00:26<00:17,  6.16it/s][A

 58%|█████▊    | 147/253 [00:26<00:16,  6.26it/s][A

 58%|█████▊    | 148/253 [00:26<00:17,  6.17it/s][A

 59%|█████▉    | 149/253 [00:27<00:17,  6.04it/s][A

 59%|█████▉    | 150/253 [00:27<00:16,  6.24it/s][A

 60%|█████▉    | 151/253 [00:27<00:16,  6.16it/s][A

 60%|██████    | 152/253 [00:27<00:17,  5.77it/s][A

 60%|██████    | 153/253 [00:27<00:17,  5.62it/s][A

 61%|██████    | 154/253 [00:28<00:18,  5.31it/s][A

 61%|██████▏   | 155/253 [00:28<00:19,  5.04it/s][A

 62%|██████▏   | 156/253 [00:28<00:18,  5.31it/s][A

 62%|██████▏   | 157/253 [00:28<00:17,  5.51it/s][A

 62%|██████▏   | 158/253 [00:28<00:17,  5.36it/s][A

 63%|██████▎   | 159/253 [00:29<00:17,  5.26it/s][A

 63%|██████▎   | 160/253 [00:29<00:19,  4.68it/s][A

 64%|██████▎   | 161/253 [00:29<00:20,  4.44it/s][A

 64%|██████▍   | 162/253 [00:29<00:19,  4.64it/s][A

 64%|██████▍   | 163/253 [00:29<00:17,  5.05it/s][A

 65%|██████▍   | 164/253 [00:30<00:17,  5.20it/s][A

 65%|██████▌   | 165/253 [00:30<00:16,  5.31it/s][A

 66%|██████▌   | 166/253 [00:30<00:15,  5.69it/s][A

 66%|██████▌   | 167/253 [00:30<00:15,  5.71it/s][A

 66%|██████▋   | 168/253 [00:30<00:14,  5.72it/s][A

 67%|██████▋   | 169/253 [00:30<00:15,  5.44it/s][A

 67%|██████▋   | 170/253 [00:31<00:14,  5.53it/s][A

 68%|██████▊   | 171/253 [00:31<00:14,  5.63it/s][A

 68%|██████▊   | 172/253 [00:31<00:13,  5.83it/s][A

 68%|██████▊   | 173/253 [00:31<00:13,  5.90it/s][A

 69%|██████▉   | 174/253 [00:31<00:13,  5.84it/s][A

 69%|██████▉   | 175/253 [00:31<00:13,  5.79it/s][A

 70%|██████▉   | 176/253 [00:32<00:12,  5.94it/s][A

 70%|██████▉   | 177/253 [00:32<00:12,  6.08it/s][A

 70%|███████   | 178/253 [00:32<00:12,  6.14it/s][A

 71%|███████   | 179/253 [00:32<00:12,  6.04it/s][A

 71%|███████   | 180/253 [00:32<00:12,  6.04it/s][A

 72%|███████▏  | 181/253 [00:32<00:11,  6.02it/s][A

 72%|███████▏  | 182/253 [00:33<00:11,  6.11it/s][A

 72%|███████▏  | 183/253 [00:33<00:11,  6.07it/s][A

 73%|███████▎  | 184/253 [00:33<00:11,  6.01it/s][A

 73%|███████▎  | 185/253 [00:33<00:11,  5.72it/s][A

 74%|███████▎  | 186/253 [00:33<00:14,  4.61it/s][A

 74%|███████▍  | 187/253 [00:34<00:14,  4.55it/s][A

 74%|███████▍  | 188/253 [00:34<00:13,  4.71it/s][A

 75%|███████▍  | 189/253 [00:34<00:13,  4.66it/s][A

 75%|███████▌  | 190/253 [00:34<00:13,  4.62it/s][A

 75%|███████▌  | 191/253 [00:35<00:13,  4.46it/s][A

 76%|███████▌  | 192/253 [00:35<00:12,  4.75it/s][A

 76%|███████▋  | 193/253 [00:35<00:12,  4.94it/s][A

 77%|███████▋  | 194/253 [00:35<00:12,  4.74it/s][A

 77%|███████▋  | 195/253 [00:35<00:11,  5.15it/s][A

 77%|███████▋  | 196/253 [00:35<00:10,  5.37it/s][A

 78%|███████▊  | 197/253 [00:36<00:10,  5.59it/s][A

 78%|███████▊  | 198/253 [00:36<00:09,  5.56it/s][A

 79%|███████▊  | 199/253 [00:36<00:09,  5.70it/s][A

 79%|███████▉  | 200/253 [00:36<00:08,  5.92it/s][A

 79%|███████▉  | 201/253 [00:36<00:08,  5.90it/s][A

 80%|███████▉  | 202/253 [00:37<00:09,  5.65it/s][A

 80%|████████  | 203/253 [00:37<00:09,  5.51it/s][A

 81%|████████  | 204/253 [00:37<00:08,  5.66it/s][A

 81%|████████  | 205/253 [00:37<00:08,  5.70it/s][A

 81%|████████▏ | 206/253 [00:37<00:07,  6.02it/s][A

 82%|████████▏ | 207/253 [00:37<00:07,  6.04it/s][A

 82%|████████▏ | 208/253 [00:37<00:07,  6.23it/s][A

 83%|████████▎ | 209/253 [00:38<00:06,  6.35it/s][A

 83%|████████▎ | 210/253 [00:38<00:06,  6.45it/s][A

 83%|████████▎ | 211/253 [00:38<00:06,  6.52it/s][A

 84%|████████▍ | 212/253 [00:38<00:06,  6.36it/s][A

 84%|████████▍ | 213/253 [00:38<00:06,  6.29it/s][A

 85%|████████▍ | 214/253 [00:39<00:06,  5.58it/s][A

 85%|████████▍ | 215/253 [00:39<00:06,  5.85it/s][A

 85%|████████▌ | 216/253 [00:39<00:06,  5.39it/s][A

 86%|████████▌ | 217/253 [00:39<00:06,  5.19it/s][A

 86%|████████▌ | 218/253 [00:39<00:06,  5.35it/s][A

 87%|████████▋ | 219/253 [00:39<00:06,  5.27it/s][A

 87%|████████▋ | 220/253 [00:40<00:06,  5.32it/s][A

 87%|████████▋ | 221/253 [00:40<00:06,  5.09it/s][A

 88%|████████▊ | 222/253 [00:40<00:06,  5.10it/s][A

 88%|████████▊ | 223/253 [00:40<00:06,  4.94it/s][A

 89%|████████▊ | 224/253 [00:41<00:06,  4.71it/s][A

 89%|████████▉ | 225/253 [00:41<00:05,  5.13it/s][A

 89%|████████▉ | 226/253 [00:41<00:05,  5.28it/s][A

 90%|████████▉ | 227/253 [00:41<00:04,  5.52it/s][A

 90%|█████████ | 228/253 [00:41<00:04,  5.77it/s][A

 91%|█████████ | 229/253 [00:41<00:04,  5.98it/s][A

 91%|█████████ | 230/253 [00:41<00:03,  5.92it/s][A

 91%|█████████▏| 231/253 [00:42<00:03,  6.16it/s][A

 92%|█████████▏| 232/253 [00:42<00:03,  6.12it/s][A

 92%|█████████▏| 233/253 [00:42<00:03,  6.32it/s][A

 92%|█████████▏| 234/253 [00:42<00:03,  6.25it/s][A

 93%|█████████▎| 235/253 [00:42<00:02,  6.34it/s][A

 93%|█████████▎| 236/253 [00:42<00:02,  6.40it/s][A

 94%|█████████▎| 237/253 [00:43<00:02,  6.49it/s][A

 94%|█████████▍| 238/253 [00:43<00:02,  6.47it/s][A

 94%|█████████▍| 239/253 [00:43<00:02,  6.56it/s][A

 95%|█████████▍| 240/253 [00:43<00:01,  6.63it/s][A

 95%|█████████▌| 241/253 [00:43<00:01,  6.61it/s][A

 96%|█████████▌| 242/253 [00:43<00:01,  6.62it/s][A

 96%|█████████▌| 243/253 [00:43<00:01,  6.42it/s][A

 96%|█████████▋| 244/253 [00:44<00:01,  6.05it/s][A

 97%|█████████▋| 245/253 [00:44<00:01,  6.06it/s][A

 97%|█████████▋| 246/253 [00:44<00:01,  5.66it/s][A

 98%|█████████▊| 247/253 [00:44<00:01,  5.92it/s][A

 98%|█████████▊| 248/253 [00:44<00:00,  5.43it/s][A

 98%|█████████▊| 249/253 [00:45<00:00,  5.60it/s][A

 99%|█████████▉| 250/253 [00:45<00:00,  5.72it/s][A

 99%|█████████▉| 251/253 [00:45<00:00,  5.69it/s][A

100%|█████████▉| 252/253 [00:45<00:00,  5.29it/s][A

100%|██████████| 253/253 [00:45<00:00,  5.52it/s][A
                                                  

                                                 
[A{'eval_loss': '1.339', 'eval_runtime': '45.97', 'eval_samples_per_second': '11.01', 'eval_steps_per_second': '5.504', 'eval_entropy': '1.168', 'eval_num_tokens': '1.664e+06', 'eval_mean_token_accuracy': '0.6512', 'epoch': '1.455'}

 73%|███████▎  | 800/1100 [49:24<16:15,  3.25s/it]

100%|██████████| 253/253 [00:45<00:00,  5.52it/s][A

                                                 [A
 73%|███████▎  | 801/1100 [49:28<1:25:46, 17.21s/it]
 73%|███████▎  | 802/1100 [49:31<1:04:13, 12.93s/it]
 73%|███████▎  | 803/1100 [49:34<49:26,  9.99s/it]  
 73%|███████▎  | 804/1100 [49:37<38:25,  7.79s/it]
 73%|███████▎  | 805/1100 [49:40<31:27,  6.40s/it]
 73%|███████▎  | 806/1100 [49:43<26:29,  5.41s/it]
 73%|███████▎  | 807/1100 [49:46<23:01,  4.71s/it]
 73%|███████▎  | 808/1100 [49:49<20:19,  4.18s/it]
 74%|███████▎  | 809/1100 [49:53<19:30,  4.02s/it]
 74%|███████▎  | 810/1100 [49:56<18:36,  3.85s/it]
                                                  
{'loss': '1.118', 'grad_norm': '1.35', 'learning_rate': '3.969e-05', 'entropy': '1.146', 'num_tokens': '1.685e+06', 'mean_token_accuracy': '0.6956', 'epoch': '1.473'}

 74%|███████▎  | 810/1100 [49:56<18:36,  3.85s/it]
 74%|███████▎  | 811/1100 [49:59<17:13,  3.58s/it]
 74%|███████▍  | 812/1100 [50:02<15:56,  3.32s/it]
 74%|███████▍  | 813/1100 [50:06<16:32,  3.46s/it]
 74%|███████▍  | 814/1100 [50:09<17:06,  3.59s/it]
 74%|███████▍  | 815/1100 [50:12<16:12,  3.41s/it]
 74%|███████▍  | 816/1100 [50:16<16:11,  3.42s/it]
 74%|███████▍  | 817/1100 [50:19<15:58,  3.39s/it]
 74%|███████▍  | 818/1100 [50:22<14:44,  3.14s/it]
 74%|███████▍  | 819/1100 [50:24<13:47,  2.95s/it]
 75%|███████▍  | 820/1100 [50:27<14:08,  3.03s/it]
                                                  
{'loss': '1.089', 'grad_norm': '1.417', 'learning_rate': '3.719e-05', 'entropy': '1.048', 'num_tokens': '1.706e+06', 'mean_token_accuracy': '0.695', 'epoch': '1.491'}

 75%|███████▍  | 820/1100 [50:27<14:08,  3.03s/it]
 75%|███████▍  | 821/1100 [50:30<13:49,  2.97s/it]
 75%|███████▍  | 822/1100 [50:33<13:36,  2.94s/it]
 75%|███████▍  | 823/1100 [50:36<12:48,  2.78s/it]
 75%|███████▍  | 824/1100 [50:38<12:29,  2.71s/it]
 75%|███████▌  | 825/1100 [50:41<12:52,  2.81s/it]
 75%|███████▌  | 826/1100 [50:44<13:31,  2.96s/it]
 75%|███████▌  | 827/1100 [50:47<12:56,  2.85s/it]
 75%|███████▌  | 828/1100 [50:50<13:17,  2.93s/it]
 75%|███████▌  | 829/1100 [50:53<13:30,  2.99s/it]
 75%|███████▌  | 830/1100 [50:57<13:53,  3.09s/it]
                                                  
{'loss': '1.181', 'grad_norm': '1.236', 'learning_rate': '3.475e-05', 'entropy': '1.134', 'num_tokens': '1.726e+06', 'mean_token_accuracy': '0.6892', 'epoch': '1.509'}

 75%|███████▌  | 830/1100 [50:57<13:53,  3.09s/it]
 76%|███████▌  | 831/1100 [50:59<13:17,  2.96s/it]
 76%|███████▌  | 832/1100 [51:03<13:36,  3.04s/it]
 76%|███████▌  | 833/1100 [51:05<13:12,  2.97s/it]
 76%|███████▌  | 834/1100 [51:10<15:14,  3.44s/it]
 76%|███████▌  | 835/1100 [51:13<14:50,  3.36s/it]
 76%|███████▌  | 836/1100 [51:17<14:59,  3.41s/it]
 76%|███████▌  | 837/1100 [51:20<14:42,  3.36s/it]
 76%|███████▌  | 838/1100 [51:23<14:15,  3.27s/it]
 76%|███████▋  | 839/1100 [51:26<13:44,  3.16s/it]
 76%|███████▋  | 840/1100 [51:30<14:29,  3.34s/it]
                                                  
{'loss': '1.064', 'grad_norm': '1.379', 'learning_rate': '3.238e-05', 'entropy': '1.099', 'num_tokens': '1.746e+06', 'mean_token_accuracy': '0.709', 'epoch': '1.528'}

 76%|███████▋  | 840/1100 [51:30<14:29,  3.34s/it]
 76%|███████▋  | 841/1100 [51:33<14:18,  3.31s/it]
 77%|███████▋  | 842/1100 [51:35<13:25,  3.12s/it]
 77%|███████▋  | 843/1100 [51:39<13:22,  3.12s/it]
 77%|███████▋  | 844/1100 [51:41<12:16,  2.88s/it]
 77%|███████▋  | 845/1100 [51:44<12:16,  2.89s/it]
 77%|███████▋  | 846/1100 [51:47<12:55,  3.05s/it]
 77%|███████▋  | 847/1100 [51:50<13:00,  3.09s/it]
 77%|███████▋  | 848/1100 [51:54<13:36,  3.24s/it]
 77%|███████▋  | 849/1100 [51:57<13:23,  3.20s/it]
 77%|███████▋  | 850/1100 [52:00<13:13,  3.17s/it]
                                                  
{'loss': '1.117', 'grad_norm': '1.128', 'learning_rate': '3.008e-05', 'entropy': '1.125', 'num_tokens': '1.768e+06', 'mean_token_accuracy': '0.7033', 'epoch': '1.546'}

 77%|███████▋  | 850/1100 [52:00<13:13,  3.17s/it]
 77%|███████▋  | 851/1100 [52:04<13:26,  3.24s/it]
 77%|███████▋  | 852/1100 [52:06<12:34,  3.04s/it]
 78%|███████▊  | 853/1100 [52:09<12:35,  3.06s/it]
 78%|███████▊  | 854/1100 [52:12<11:53,  2.90s/it]
 78%|███████▊  | 855/1100 [52:15<12:32,  3.07s/it]
 78%|███████▊  | 856/1100 [52:19<12:46,  3.14s/it]
 78%|███████▊  | 857/1100 [52:21<11:53,  2.94s/it]
 78%|███████▊  | 858/1100 [52:23<11:16,  2.79s/it]
 78%|███████▊  | 859/1100 [52:27<11:31,  2.87s/it]
 78%|███████▊  | 860/1100 [52:29<11:33,  2.89s/it]
                                                  
{'loss': '1.144', 'grad_norm': '1.699', 'learning_rate': '2.785e-05', 'entropy': '1.137', 'num_tokens': '1.788e+06', 'mean_token_accuracy': '0.684', 'epoch': '1.564'}

 78%|███████▊  | 860/1100 [52:29<11:33,  2.89s/it]
 78%|███████▊  | 861/1100 [52:32<11:26,  2.87s/it]
 78%|███████▊  | 862/1100 [52:36<11:51,  2.99s/it]
 78%|███████▊  | 863/1100 [52:39<12:04,  3.06s/it]
 79%|███████▊  | 864/1100 [52:42<11:48,  3.00s/it]
 79%|███████▊  | 865/1100 [52:45<11:55,  3.05s/it]
 79%|███████▊  | 866/1100 [52:48<11:52,  3.05s/it]
 79%|███████▉  | 867/1100 [52:51<11:32,  2.97s/it]
 79%|███████▉  | 868/1100 [52:54<11:42,  3.03s/it]
 79%|███████▉  | 869/1100 [52:57<11:23,  2.96s/it]
 79%|███████▉  | 870/1100 [53:00<11:46,  3.07s/it]
                                                  
{'loss': '1.115', 'grad_norm': '1.446', 'learning_rate': '2.569e-05', 'entropy': '1.063', 'num_tokens': '1.809e+06', 'mean_token_accuracy': '0.6995', 'epoch': '1.582'}

 79%|███████▉  | 870/1100 [53:00<11:46,  3.07s/it]
 79%|███████▉  | 871/1100 [53:03<11:37,  3.04s/it]
 79%|███████▉  | 872/1100 [53:07<12:19,  3.24s/it]
 79%|███████▉  | 873/1100 [53:09<11:07,  2.94s/it]
 79%|███████▉  | 874/1100 [53:13<11:54,  3.16s/it]
 80%|███████▉  | 875/1100 [53:17<13:15,  3.54s/it]
 80%|███████▉  | 876/1100 [53:19<11:50,  3.17s/it]
 80%|███████▉  | 877/1100 [53:22<10:59,  2.96s/it]
 80%|███████▉  | 878/1100 [53:25<11:11,  3.02s/it]
 80%|███████▉  | 879/1100 [53:28<10:54,  2.96s/it]
 80%|████████  | 880/1100 [53:31<11:19,  3.09s/it]
                                                  
{'loss': '1.144', 'grad_norm': '1.269', 'learning_rate': '2.36e-05', 'entropy': '1.143', 'num_tokens': '1.83e+06', 'mean_token_accuracy': '0.6894', 'epoch': '1.6'}

 80%|████████  | 880/1100 [53:31<11:19,  3.09s/it]
 80%|████████  | 881/1100 [53:35<11:44,  3.22s/it]
 80%|████████  | 882/1100 [53:37<11:18,  3.11s/it]
 80%|████████  | 883/1100 [53:41<11:33,  3.20s/it]
 80%|████████  | 884/1100 [53:43<10:34,  2.94s/it]
 80%|████████  | 885/1100 [53:47<11:08,  3.11s/it]
 81%|████████  | 886/1100 [53:50<10:53,  3.05s/it]
 81%|████████  | 887/1100 [53:53<11:31,  3.25s/it]
 81%|████████  | 888/1100 [53:56<10:57,  3.10s/it]
 81%|████████  | 889/1100 [54:00<11:14,  3.20s/it]
 81%|████████  | 890/1100 [54:03<11:39,  3.33s/it]
                                                  
{'loss': '1.193', 'grad_norm': '1.274', 'learning_rate': '2.159e-05', 'entropy': '1.178', 'num_tokens': '1.851e+06', 'mean_token_accuracy': '0.6807', 'epoch': '1.618'}

 81%|████████  | 890/1100 [54:03<11:39,  3.33s/it]
 81%|████████  | 891/1100 [54:07<12:00,  3.45s/it]
 81%|████████  | 892/1100 [54:10<12:07,  3.50s/it]
 81%|████████  | 893/1100 [54:14<11:46,  3.41s/it]
 81%|████████▏ | 894/1100 [54:17<11:07,  3.24s/it]
 81%|████████▏ | 895/1100 [54:19<10:35,  3.10s/it]
 81%|████████▏ | 896/1100 [54:23<10:44,  3.16s/it]
 82%|████████▏ | 897/1100 [54:27<11:48,  3.49s/it]
 82%|████████▏ | 898/1100 [54:29<10:46,  3.20s/it]
 82%|████████▏ | 899/1100 [54:33<11:02,  3.29s/it]
 82%|████████▏ | 900/1100 [54:35<10:11,  3.06s/it]
                                                  
{'loss': '1.195', 'grad_norm': '1.591', 'learning_rate': '1.966e-05', 'entropy': '1.193', 'num_tokens': '1.872e+06', 'mean_token_accuracy': '0.6863', 'epoch': '1.637'}

 82%|████████▏ | 900/1100 [54:35<10:11,  3.06s/it]

  0%|          | 0/253 [00:00<?, ?it/s][A

  1%|          | 2/253 [00:00<00:22, 11.29it/s][A

  2%|▏         | 4/253 [00:00<00:33,  7.40it/s][A

  2%|▏         | 5/253 [00:00<00:36,  6.88it/s][A

  2%|▏         | 6/253 [00:00<00:36,  6.75it/s][A

  3%|▎         | 7/253 [00:00<00:37,  6.59it/s][A

  3%|▎         | 8/253 [00:01<00:38,  6.34it/s][A

  4%|▎         | 9/253 [00:01<00:38,  6.41it/s][A

  4%|▍         | 10/253 [00:01<00:39,  6.23it/s][A

  4%|▍         | 11/253 [00:01<00:38,  6.26it/s][A

  5%|▍         | 12/253 [00:01<00:43,  5.57it/s][A

  5%|▌         | 13/253 [00:02<00:45,  5.33it/s][A

  6%|▌         | 14/253 [00:02<00:43,  5.48it/s][A

  6%|▌         | 15/253 [00:02<00:47,  5.02it/s][A

  6%|▋         | 16/253 [00:02<00:53,  4.44it/s][A

  7%|▋         | 17/253 [00:02<00:52,  4.46it/s][A

  7%|▋         | 18/253 [00:03<00:56,  4.18it/s][A

  8%|▊         | 19/253 [00:03<01:08,  3.41it/s][A

  8%|▊         | 20/253 [00:03<01:00,  3.83it/s][A

  8%|▊         | 21/253 [00:04<00:54,  4.28it/s][A

  9%|▊         | 22/253 [00:04<00:49,  4.71it/s][A

  9%|▉         | 23/253 [00:04<00:46,  4.91it/s][A

  9%|▉         | 24/253 [00:04<00:44,  5.15it/s][A

 10%|▉         | 25/253 [00:04<00:40,  5.57it/s][A

 10%|█         | 26/253 [00:04<00:41,  5.48it/s][A

 11%|█         | 27/253 [00:05<00:38,  5.84it/s][A

 11%|█         | 28/253 [00:05<00:39,  5.68it/s][A

 11%|█▏        | 29/253 [00:05<00:37,  5.93it/s][A

 12%|█▏        | 30/253 [00:05<00:35,  6.20it/s][A

 12%|█▏        | 31/253 [00:05<00:37,  5.90it/s][A

 13%|█▎        | 32/253 [00:05<00:36,  6.08it/s][A

 13%|█▎        | 33/253 [00:06<00:35,  6.22it/s][A

 13%|█▎        | 34/253 [00:06<00:35,  6.18it/s][A

 14%|█▍        | 35/253 [00:06<00:37,  5.81it/s][A

 14%|█▍        | 36/253 [00:06<00:36,  6.01it/s][A

 15%|█▍        | 37/253 [00:06<00:34,  6.18it/s][A

 15%|█▌        | 38/253 [00:06<00:34,  6.17it/s][A

 15%|█▌        | 39/253 [00:07<00:34,  6.15it/s][A

 16%|█▌        | 40/253 [00:07<00:34,  6.10it/s][A

 16%|█▌        | 41/253 [00:07<00:35,  5.91it/s][A

 17%|█▋        | 42/253 [00:07<00:35,  5.92it/s][A

 17%|█▋        | 43/253 [00:07<00:37,  5.56it/s][A

 17%|█▋        | 44/253 [00:08<00:42,  4.87it/s][A

 18%|█▊        | 45/253 [00:08<00:42,  4.86it/s][A

 18%|█▊        | 46/253 [00:08<00:43,  4.74it/s][A

 19%|█▊        | 47/253 [00:08<00:43,  4.69it/s][A

 19%|█▉        | 48/253 [00:08<00:46,  4.43it/s][A

 19%|█▉        | 49/253 [00:09<00:45,  4.52it/s][A

 20%|█▉        | 50/253 [00:09<00:44,  4.53it/s][A

 20%|██        | 51/253 [00:09<00:41,  4.84it/s][A

 21%|██        | 52/253 [00:09<00:40,  4.97it/s][A

 21%|██        | 53/253 [00:09<00:38,  5.19it/s][A

 21%|██▏       | 54/253 [00:10<00:38,  5.12it/s][A

 22%|██▏       | 55/253 [00:10<00:37,  5.27it/s][A

 22%|██▏       | 56/253 [00:10<00:39,  5.05it/s][A

 23%|██▎       | 57/253 [00:10<00:37,  5.25it/s][A

 23%|██▎       | 58/253 [00:10<00:36,  5.37it/s][A

 23%|██▎       | 59/253 [00:10<00:35,  5.48it/s][A

 24%|██▎       | 60/253 [00:11<00:34,  5.64it/s][A

 24%|██▍       | 61/253 [00:11<00:32,  5.90it/s][A

 25%|██▍       | 62/253 [00:11<00:33,  5.65it/s][A

 25%|██▍       | 63/253 [00:11<00:33,  5.75it/s][A

 25%|██▌       | 64/253 [00:11<00:31,  5.98it/s][A

 26%|██▌       | 65/253 [00:11<00:31,  5.97it/s][A

 26%|██▌       | 66/253 [00:12<00:33,  5.52it/s][A

 26%|██▋       | 67/253 [00:12<00:32,  5.70it/s][A

 27%|██▋       | 68/253 [00:12<00:31,  5.83it/s][A

 27%|██▋       | 69/253 [00:12<00:32,  5.72it/s][A

 28%|██▊       | 70/253 [00:12<00:33,  5.53it/s][A

 28%|██▊       | 71/253 [00:13<00:32,  5.57it/s][A

 28%|██▊       | 72/253 [00:13<00:35,  5.13it/s][A

 29%|██▉       | 73/253 [00:13<00:37,  4.78it/s][A

 29%|██▉       | 74/253 [00:13<00:36,  4.86it/s][A

 30%|██▉       | 75/253 [00:13<00:36,  4.83it/s][A

 30%|███       | 76/253 [00:14<00:38,  4.56it/s][A

 30%|███       | 77/253 [00:14<00:35,  4.89it/s][A

 31%|███       | 78/253 [00:14<00:35,  4.94it/s][A

 31%|███       | 79/253 [00:14<00:33,  5.24it/s][A

 32%|███▏      | 80/253 [00:14<00:32,  5.38it/s][A

 32%|███▏      | 81/253 [00:15<00:32,  5.35it/s][A

 32%|███▏      | 82/253 [00:15<00:31,  5.50it/s][A

 33%|███▎      | 83/253 [00:15<00:30,  5.55it/s][A

 33%|███▎      | 84/253 [00:15<00:29,  5.68it/s][A

 34%|███▎      | 85/253 [00:15<00:30,  5.56it/s][A

 34%|███▍      | 86/253 [00:15<00:28,  5.86it/s][A

 34%|███▍      | 87/253 [00:16<00:28,  5.83it/s][A

 35%|███▍      | 88/253 [00:16<00:28,  5.86it/s][A

 35%|███▌      | 89/253 [00:16<00:27,  5.88it/s][A

 36%|███▌      | 90/253 [00:16<00:26,  6.23it/s][A

 36%|███▌      | 91/253 [00:16<00:26,  6.16it/s][A

 36%|███▋      | 92/253 [00:16<00:26,  6.06it/s][A

 37%|███▋      | 93/253 [00:17<00:30,  5.22it/s][A

 37%|███▋      | 94/253 [00:17<00:28,  5.57it/s][A

 38%|███▊      | 95/253 [00:17<00:26,  5.86it/s][A

 38%|███▊      | 96/253 [00:17<00:25,  6.09it/s][A

 38%|███▊      | 97/253 [00:17<00:30,  5.06it/s][A

 39%|███▊      | 98/253 [00:18<00:29,  5.26it/s][A

 39%|███▉      | 99/253 [00:18<00:28,  5.40it/s][A

 40%|███▉      | 100/253 [00:18<00:29,  5.19it/s][A

 40%|███▉      | 101/253 [00:18<00:29,  5.19it/s][A

 40%|████      | 102/253 [00:18<00:31,  4.86it/s][A

 41%|████      | 103/253 [00:19<00:29,  5.08it/s][A

 41%|████      | 104/253 [00:19<00:28,  5.25it/s][A

 42%|████▏     | 105/253 [00:19<00:27,  5.38it/s][A

 42%|████▏     | 106/253 [00:19<00:31,  4.60it/s][A

 42%|████▏     | 107/253 [00:19<00:31,  4.62it/s][A

 43%|████▎     | 108/253 [00:20<00:37,  3.83it/s][A

 43%|████▎     | 109/253 [00:20<00:39,  3.65it/s][A

 43%|████▎     | 110/253 [00:20<00:37,  3.84it/s][A

 44%|████▍     | 111/253 [00:21<00:33,  4.19it/s][A

 44%|████▍     | 112/253 [00:21<00:30,  4.61it/s][A

 45%|████▍     | 113/253 [00:21<00:29,  4.73it/s][A

 45%|████▌     | 114/253 [00:21<00:28,  4.83it/s][A

 45%|████▌     | 115/253 [00:21<00:27,  4.95it/s][A

 46%|████▌     | 116/253 [00:21<00:26,  5.19it/s][A

 46%|████▌     | 117/253 [00:22<00:25,  5.42it/s][A

 47%|████▋     | 118/253 [00:22<00:24,  5.56it/s][A

 47%|████▋     | 119/253 [00:22<00:23,  5.68it/s][A

 47%|████▋     | 120/253 [00:22<00:22,  5.90it/s][A

 48%|████▊     | 121/253 [00:22<00:21,  6.18it/s][A

 48%|████▊     | 122/253 [00:22<00:20,  6.46it/s][A

 49%|████▊     | 123/253 [00:23<00:20,  6.31it/s][A

 49%|████▉     | 124/253 [00:23<00:20,  6.23it/s][A

 49%|████▉     | 125/253 [00:23<00:19,  6.44it/s][A

 50%|████▉     | 126/253 [00:23<00:20,  6.32it/s][A

 50%|█████     | 127/253 [00:23<00:20,  6.25it/s][A

 51%|█████     | 128/253 [00:23<00:19,  6.42it/s][A

 51%|█████     | 129/253 [00:24<00:19,  6.23it/s][A

 51%|█████▏    | 130/253 [00:24<00:23,  5.28it/s][A

 52%|█████▏    | 131/253 [00:24<00:22,  5.43it/s][A

 52%|█████▏    | 132/253 [00:24<00:22,  5.44it/s][A

 53%|█████▎    | 133/253 [00:24<00:21,  5.61it/s][A

 53%|█████▎    | 134/253 [00:24<00:20,  5.82it/s][A

 53%|█████▎    | 135/253 [00:25<00:20,  5.81it/s][A

 54%|█████▍    | 136/253 [00:25<00:19,  5.91it/s][A

 54%|█████▍    | 137/253 [00:25<00:20,  5.77it/s][A

 55%|█████▍    | 138/253 [00:25<00:19,  5.76it/s][A

 55%|█████▍    | 139/253 [00:25<00:22,  4.99it/s][A

 55%|█████▌    | 140/253 [00:26<00:24,  4.56it/s][A

 56%|█████▌    | 141/253 [00:26<00:23,  4.79it/s][A

 56%|█████▌    | 142/253 [00:26<00:21,  5.07it/s][A

 57%|█████▋    | 143/253 [00:26<00:23,  4.68it/s][A

 57%|█████▋    | 144/253 [00:26<00:23,  4.70it/s][A

 57%|█████▋    | 145/253 [00:27<00:23,  4.63it/s][A

 58%|█████▊    | 146/253 [00:27<00:20,  5.16it/s][A

 58%|█████▊    | 147/253 [00:27<00:21,  4.98it/s][A

 58%|█████▊    | 148/253 [00:27<00:20,  5.22it/s][A

 59%|█████▉    | 149/253 [00:28<00:22,  4.60it/s][A

 59%|█████▉    | 150/253 [00:28<00:20,  4.96it/s][A

 60%|█████▉    | 151/253 [00:28<00:20,  4.87it/s][A

 60%|██████    | 152/253 [00:28<00:19,  5.26it/s][A

 60%|██████    | 153/253 [00:28<00:19,  5.16it/s][A

 61%|██████    | 154/253 [00:28<00:18,  5.45it/s][A

 61%|██████▏   | 155/253 [00:29<00:17,  5.62it/s][A

 62%|██████▏   | 156/253 [00:29<00:16,  5.93it/s][A

 62%|██████▏   | 157/253 [00:29<00:15,  6.09it/s][A

 62%|██████▏   | 158/253 [00:29<00:15,  6.01it/s][A

 63%|██████▎   | 159/253 [00:29<00:15,  5.92it/s][A

 63%|██████▎   | 160/253 [00:29<00:15,  5.94it/s][A

 64%|██████▎   | 161/253 [00:30<00:16,  5.56it/s][A

 64%|██████▍   | 162/253 [00:30<00:18,  5.05it/s][A

 64%|██████▍   | 163/253 [00:30<00:18,  4.77it/s][A

 65%|██████▍   | 164/253 [00:30<00:21,  4.20it/s][A

 65%|██████▌   | 165/253 [00:31<00:21,  4.17it/s][A

 66%|██████▌   | 166/253 [00:31<00:22,  3.88it/s][A

 66%|██████▌   | 167/253 [00:31<00:20,  4.18it/s][A

 66%|██████▋   | 168/253 [00:31<00:19,  4.37it/s][A

 67%|██████▋   | 169/253 [00:31<00:18,  4.63it/s][A

 67%|██████▋   | 170/253 [00:32<00:18,  4.53it/s][A

 68%|██████▊   | 171/253 [00:32<00:18,  4.50it/s][A

 68%|██████▊   | 172/253 [00:32<00:16,  4.96it/s][A

 68%|██████▊   | 173/253 [00:32<00:15,  5.03it/s][A

 69%|██████▉   | 174/253 [00:32<00:15,  5.11it/s][A

 69%|██████▉   | 175/253 [00:33<00:14,  5.54it/s][A

 70%|██████▉   | 176/253 [00:33<00:12,  5.94it/s][A

 70%|██████▉   | 177/253 [00:33<00:13,  5.84it/s][A

 70%|███████   | 178/253 [00:33<00:12,  6.01it/s][A

 71%|███████   | 179/253 [00:33<00:12,  5.93it/s][A

 71%|███████   | 180/253 [00:33<00:12,  5.66it/s][A

 72%|███████▏  | 181/253 [00:34<00:12,  5.75it/s][A

 72%|███████▏  | 182/253 [00:34<00:11,  6.09it/s][A

 72%|███████▏  | 183/253 [00:34<00:11,  6.08it/s][A

 73%|███████▎  | 184/253 [00:34<00:11,  6.27it/s][A

 73%|███████▎  | 185/253 [00:34<00:10,  6.19it/s][A

 74%|███████▎  | 186/253 [00:34<00:10,  6.37it/s][A

 74%|███████▍  | 187/253 [00:35<00:10,  6.28it/s][A

 74%|███████▍  | 188/253 [00:35<00:11,  5.81it/s][A

 75%|███████▍  | 189/253 [00:35<00:11,  5.80it/s][A

 75%|███████▌  | 190/253 [00:35<00:11,  5.68it/s][A

 75%|███████▌  | 191/253 [00:35<00:10,  5.78it/s][A

 76%|███████▌  | 192/253 [00:35<00:10,  5.60it/s][A

 76%|███████▋  | 193/253 [00:36<00:12,  4.63it/s][A

 77%|███████▋  | 194/253 [00:36<00:13,  4.42it/s][A

 77%|███████▋  | 195/253 [00:36<00:13,  4.37it/s][A

 77%|███████▋  | 196/253 [00:37<00:14,  3.96it/s][A

 78%|███████▊  | 197/253 [00:37<00:14,  3.98it/s][A

 78%|███████▊  | 198/253 [00:37<00:17,  3.22it/s][A

 79%|███████▊  | 199/253 [00:37<00:15,  3.56it/s][A

 79%|███████▉  | 200/253 [00:38<00:13,  3.93it/s][A

 79%|███████▉  | 201/253 [00:38<00:12,  4.30it/s][A

 80%|███████▉  | 202/253 [00:38<00:11,  4.63it/s][A

 80%|████████  | 203/253 [00:38<00:10,  4.59it/s][A

 81%|████████  | 204/253 [00:38<00:09,  4.92it/s][A

 81%|████████  | 205/253 [00:39<00:09,  5.15it/s][A

 81%|████████▏ | 206/253 [00:39<00:08,  5.29it/s][A

 82%|████████▏ | 207/253 [00:39<00:08,  5.49it/s][A

 82%|████████▏ | 208/253 [00:39<00:08,  5.47it/s][A

 83%|████████▎ | 209/253 [00:39<00:07,  5.65it/s][A

 83%|████████▎ | 210/253 [00:39<00:07,  6.00it/s][A

 83%|████████▎ | 211/253 [00:40<00:06,  6.14it/s][A

 84%|████████▍ | 212/253 [00:40<00:06,  5.90it/s][A

 84%|████████▍ | 213/253 [00:40<00:07,  5.51it/s][A

 85%|████████▍ | 214/253 [00:40<00:06,  5.84it/s][A

 85%|████████▍ | 215/253 [00:40<00:06,  5.84it/s][A

 85%|████████▌ | 216/253 [00:41<00:06,  5.67it/s][A

 86%|████████▌ | 217/253 [00:41<00:06,  5.40it/s][A

 86%|████████▌ | 218/253 [00:41<00:06,  5.16it/s][A

 87%|████████▋ | 219/253 [00:41<00:06,  5.47it/s][A

 87%|████████▋ | 220/253 [00:41<00:06,  5.08it/s][A

 87%|████████▋ | 221/253 [00:41<00:05,  5.45it/s][A

 88%|████████▊ | 222/253 [00:42<00:05,  5.73it/s][A

 88%|████████▊ | 223/253 [00:42<00:05,  5.08it/s][A

 89%|████████▊ | 224/253 [00:42<00:05,  5.18it/s][A

 89%|████████▉ | 225/253 [00:42<00:05,  5.15it/s][A

 89%|████████▉ | 226/253 [00:42<00:05,  4.97it/s][A

 90%|████████▉ | 227/253 [00:43<00:05,  4.80it/s][A

 90%|█████████ | 228/253 [00:43<00:04,  5.04it/s][A

 91%|█████████ | 229/253 [00:43<00:04,  4.85it/s][A

 91%|█████████ | 230/253 [00:43<00:04,  4.85it/s][A

 91%|█████████▏| 231/253 [00:43<00:04,  4.97it/s][A

 92%|█████████▏| 232/253 [00:44<00:04,  4.92it/s][A

 92%|█████████▏| 233/253 [00:44<00:04,  5.00it/s][A

 92%|█████████▏| 234/253 [00:44<00:03,  5.23it/s][A

 93%|█████████▎| 235/253 [00:44<00:03,  5.28it/s][A

 93%|█████████▎| 236/253 [00:44<00:03,  5.52it/s][A

 94%|█████████▎| 237/253 [00:45<00:02,  5.85it/s][A

 94%|█████████▍| 238/253 [00:45<00:02,  5.96it/s][A

 94%|█████████▍| 239/253 [00:45<00:02,  5.89it/s][A

 95%|█████████▍| 240/253 [00:45<00:02,  5.54it/s][A

 95%|█████████▌| 241/253 [00:45<00:02,  5.53it/s][A

 96%|█████████▌| 242/253 [00:45<00:01,  5.55it/s][A

 96%|█████████▌| 243/253 [00:46<00:01,  5.68it/s][A

 96%|█████████▋| 244/253 [00:46<00:01,  5.20it/s][A

 97%|█████████▋| 245/253 [00:46<00:01,  5.18it/s][A

 97%|█████████▋| 246/253 [00:46<00:01,  4.94it/s][A

 98%|█████████▊| 247/253 [00:47<00:01,  4.44it/s][A

 98%|█████████▊| 248/253 [00:47<00:01,  4.08it/s][A

 98%|█████████▊| 249/253 [00:47<00:00,  4.15it/s][A

 99%|█████████▉| 250/253 [00:47<00:00,  4.32it/s][A

 99%|█████████▉| 251/253 [00:47<00:00,  4.61it/s][A

100%|█████████▉| 252/253 [00:48<00:00,  4.87it/s][A

100%|██████████| 253/253 [00:48<00:00,  4.70it/s][A
                                                  

                                                 
[A{'eval_loss': '1.329', 'eval_runtime': '48.57', 'eval_samples_per_second': '10.42', 'eval_steps_per_second': '5.209', 'eval_entropy': '1.172', 'eval_num_tokens': '1.872e+06', 'eval_mean_token_accuracy': '0.6516', 'epoch': '1.637'}

 82%|████████▏ | 900/1100 [55:24<10:11,  3.06s/it]

100%|██████████| 253/253 [00:48<00:00,  4.70it/s][A

                                                 [A
 82%|████████▏ | 901/1100 [55:27<57:58, 17.48s/it]
 82%|████████▏ | 902/1100 [55:30<43:28, 13.17s/it]
 82%|████████▏ | 903/1100 [55:33<33:25, 10.18s/it]
 82%|████████▏ | 904/1100 [55:36<26:22,  8.07s/it]
 82%|████████▏ | 905/1100 [55:38<20:40,  6.36s/it]
 82%|████████▏ | 906/1100 [55:41<17:23,  5.38s/it]
 82%|████████▏ | 907/1100 [55:44<14:34,  4.53s/it]
 83%|████████▎ | 908/1100 [55:48<14:17,  4.46s/it]
 83%|████████▎ | 909/1100 [55:51<12:52,  4.04s/it]
 83%|████████▎ | 910/1100 [55:54<11:03,  3.49s/it]
                                                  
{'loss': '1.096', 'grad_norm': '1.361', 'learning_rate': '1.781e-05', 'entropy': '1.099', 'num_tokens': '1.892e+06', 'mean_token_accuracy': '0.6944', 'epoch': '1.655'}

 83%|████████▎ | 910/1100 [55:54<11:03,  3.49s/it]
 83%|████████▎ | 911/1100 [55:57<10:32,  3.35s/it]
 83%|████████▎ | 912/1100 [56:00<10:08,  3.24s/it]
 83%|████████▎ | 913/1100 [56:03<10:33,  3.39s/it]
 83%|████████▎ | 914/1100 [56:06<09:29,  3.06s/it]
 83%|████████▎ | 915/1100 [56:09<09:58,  3.24s/it]
 83%|████████▎ | 916/1100 [56:12<09:35,  3.13s/it]
 83%|████████▎ | 917/1100 [56:15<09:34,  3.14s/it]
 83%|████████▎ | 918/1100 [56:18<08:41,  2.87s/it]
 84%|████████▎ | 919/1100 [56:21<09:02,  3.00s/it]
 84%|████████▎ | 920/1100 [56:24<09:05,  3.03s/it]
                                                  
{'loss': '1.204', 'grad_norm': '1.401', 'learning_rate': '1.605e-05', 'entropy': '1.213', 'num_tokens': '1.912e+06', 'mean_token_accuracy': '0.678', 'epoch': '1.673'}

 84%|████████▎ | 920/1100 [56:24<09:05,  3.03s/it]
 84%|████████▎ | 921/1100 [56:27<09:26,  3.16s/it]
 84%|████████▍ | 922/1100 [56:30<09:14,  3.11s/it]
 84%|████████▍ | 923/1100 [56:33<08:42,  2.95s/it]
 84%|████████▍ | 924/1100 [56:36<08:44,  2.98s/it]
 84%|████████▍ | 925/1100 [56:39<08:25,  2.89s/it]
 84%|████████▍ | 926/1100 [56:42<08:48,  3.04s/it]
 84%|████████▍ | 927/1100 [56:45<08:54,  3.09s/it]
 84%|████████▍ | 928/1100 [56:48<08:47,  3.07s/it]
 84%|████████▍ | 929/1100 [56:51<08:24,  2.95s/it]
 85%|████████▍ | 930/1100 [56:54<08:41,  3.07s/it]
                                                  
{'loss': '1.105', 'grad_norm': '1.197', 'learning_rate': '1.437e-05', 'entropy': '1.131', 'num_tokens': '1.933e+06', 'mean_token_accuracy': '0.6954', 'epoch': '1.691'}

 85%|████████▍ | 930/1100 [56:54<08:41,  3.07s/it]
 85%|████████▍ | 931/1100 [56:57<08:31,  3.03s/it]
 85%|████████▍ | 932/1100 [57:00<08:22,  2.99s/it]
 85%|████████▍ | 933/1100 [57:04<09:09,  3.29s/it]
 85%|████████▍ | 934/1100 [57:07<08:47,  3.18s/it]
 85%|████████▌ | 935/1100 [57:10<08:39,  3.15s/it]
 85%|████████▌ | 936/1100 [57:13<08:26,  3.09s/it]
 85%|████████▌ | 937/1100 [57:17<08:39,  3.18s/it]
 85%|████████▌ | 938/1100 [57:20<08:38,  3.20s/it]
 85%|████████▌ | 939/1100 [57:23<08:25,  3.14s/it]
 85%|████████▌ | 940/1100 [57:26<08:21,  3.13s/it]
                                                  
{'loss': '1.109', 'grad_norm': '1.5', 'learning_rate': '1.277e-05', 'entropy': '1.093', 'num_tokens': '1.954e+06', 'mean_token_accuracy': '0.7075', 'epoch': '1.709'}

 85%|████████▌ | 940/1100 [57:26<08:21,  3.13s/it]
 86%|████████▌ | 941/1100 [57:29<08:07,  3.07s/it]
 86%|████████▌ | 942/1100 [57:32<08:25,  3.20s/it]
 86%|████████▌ | 943/1100 [57:35<08:13,  3.14s/it]
 86%|████████▌ | 944/1100 [57:38<07:25,  2.86s/it]
 86%|████████▌ | 945/1100 [57:41<07:52,  3.05s/it]
 86%|████████▌ | 946/1100 [57:43<07:14,  2.82s/it]
 86%|████████▌ | 947/1100 [57:46<07:07,  2.80s/it]
 86%|████████▌ | 948/1100 [57:49<07:14,  2.86s/it]
 86%|████████▋ | 949/1100 [57:52<07:35,  3.02s/it]
 86%|████████▋ | 950/1100 [57:56<07:44,  3.10s/it]
                                                  
{'loss': '1.163', 'grad_norm': '1.258', 'learning_rate': '1.126e-05', 'entropy': '1.145', 'num_tokens': '1.975e+06', 'mean_token_accuracy': '0.6848', 'epoch': '1.728'}

 86%|████████▋ | 950/1100 [57:56<07:44,  3.10s/it]
 86%|████████▋ | 951/1100 [57:59<07:37,  3.07s/it]
 87%|████████▋ | 952/1100 [58:02<07:33,  3.07s/it]
 87%|████████▋ | 953/1100 [58:05<07:30,  3.06s/it]
 87%|████████▋ | 954/1100 [58:08<07:28,  3.07s/it]
 87%|████████▋ | 955/1100 [58:11<07:42,  3.19s/it]
 87%|████████▋ | 956/1100 [58:15<08:14,  3.43s/it]
 87%|████████▋ | 957/1100 [58:18<07:55,  3.32s/it]
 87%|████████▋ | 958/1100 [58:22<07:39,  3.24s/it]
 87%|████████▋ | 959/1100 [58:25<07:30,  3.20s/it]
 87%|████████▋ | 960/1100 [58:27<07:09,  3.07s/it]
                                                  
{'loss': '1.253', 'grad_norm': '1.388', 'learning_rate': '9.844e-06', 'entropy': '1.207', 'num_tokens': '1.996e+06', 'mean_token_accuracy': '0.6713', 'epoch': '1.746'}

 87%|████████▋ | 960/1100 [58:27<07:09,  3.07s/it]
 87%|████████▋ | 961/1100 [58:31<07:09,  3.09s/it]
 87%|████████▋ | 962/1100 [58:35<07:56,  3.45s/it]
 88%|████████▊ | 963/1100 [58:38<07:26,  3.26s/it]
 88%|████████▊ | 964/1100 [58:40<07:01,  3.10s/it]
 88%|████████▊ | 965/1100 [58:44<07:05,  3.15s/it]
 88%|████████▊ | 966/1100 [58:46<06:40,  2.99s/it]
 88%|████████▊ | 967/1100 [58:50<07:16,  3.28s/it]
 88%|████████▊ | 968/1100 [58:54<07:33,  3.44s/it]
 88%|████████▊ | 969/1100 [58:58<07:35,  3.48s/it]
 88%|████████▊ | 970/1100 [59:00<07:07,  3.29s/it]
                                                  
{'loss': '1.117', 'grad_norm': '1.303', 'learning_rate': '8.517e-06', 'entropy': '1.128', 'num_tokens': '2.017e+06', 'mean_token_accuracy': '0.7046', 'epoch': '1.764'}

 88%|████████▊ | 970/1100 [59:00<07:07,  3.29s/it]
 88%|████████▊ | 971/1100 [59:04<06:56,  3.23s/it]
 88%|████████▊ | 972/1100 [59:06<06:40,  3.13s/it]
 88%|████████▊ | 973/1100 [59:10<06:46,  3.20s/it]
 89%|████████▊ | 974/1100 [59:13<06:43,  3.20s/it]
 89%|████████▊ | 975/1100 [59:16<06:31,  3.13s/it]
 89%|████████▊ | 976/1100 [59:19<06:16,  3.04s/it]
 89%|████████▉ | 977/1100 [59:23<07:04,  3.45s/it]
 89%|████████▉ | 978/1100 [59:26<06:44,  3.32s/it]
 89%|████████▉ | 979/1100 [59:29<06:16,  3.11s/it]
 89%|████████▉ | 980/1100 [59:32<06:27,  3.23s/it]
                                                  
{'loss': '1.186', 'grad_norm': '1.582', 'learning_rate': '7.282e-06', 'entropy': '1.205', 'num_tokens': '2.038e+06', 'mean_token_accuracy': '0.6914', 'epoch': '1.782'}

 89%|████████▉ | 980/1100 [59:32<06:27,  3.23s/it]
 89%|████████▉ | 981/1100 [59:36<06:28,  3.26s/it]
 89%|████████▉ | 982/1100 [59:38<06:00,  3.06s/it]
 89%|████████▉ | 983/1100 [59:41<05:46,  2.96s/it]
 89%|████████▉ | 984/1100 [59:45<06:11,  3.20s/it]
 90%|████████▉ | 985/1100 [59:48<06:21,  3.32s/it]
 90%|████████▉ | 986/1100 [59:51<06:10,  3.25s/it]
 90%|████████▉ | 987/1100 [59:54<05:45,  3.06s/it]
 90%|████████▉ | 988/1100 [59:57<05:25,  2.91s/it]
 90%|████████▉ | 989/1100 [1:00:00<05:38,  3.05s/it]
 90%|█████████ | 990/1100 [1:00:02<05:07,  2.80s/it]
                                                    
{'loss': '1.169', 'grad_norm': '1.325', 'learning_rate': '6.14e-06', 'entropy': '1.193', 'num_tokens': '2.059e+06', 'mean_token_accuracy': '0.6868', 'epoch': '1.8'}

 90%|█████████ | 990/1100 [1:00:02<05:07,  2.80s/it]
 90%|█████████ | 991/1100 [1:00:06<05:43,  3.15s/it]
 90%|█████████ | 992/1100 [1:00:09<05:24,  3.00s/it]
 90%|█████████ | 993/1100 [1:00:12<05:25,  3.04s/it]
 90%|█████████ | 994/1100 [1:00:15<05:13,  2.96s/it]
 90%|█████████ | 995/1100 [1:00:18<05:11,  2.97s/it]
 91%|█████████ | 996/1100 [1:00:20<05:00,  2.89s/it]
 91%|█████████ | 997/1100 [1:00:25<05:36,  3.26s/it]
 91%|█████████ | 998/1100 [1:00:28<05:26,  3.20s/it]
 91%|█████████ | 999/1100 [1:00:31<05:38,  3.35s/it]
 91%|█████████ | 1000/1100 [1:00:34<05:23,  3.24s/it]
                                                     
{'loss': '1.164', 'grad_norm': '1.15', 'learning_rate': '5.092e-06', 'entropy': '1.172', 'num_tokens': '2.079e+06', 'mean_token_accuracy': '0.6815', 'epoch': '1.819'}

 91%|█████████ | 1000/1100 [1:00:34<05:23,  3.24s/it]

  0%|          | 0/253 [00:00<?, ?it/s][A

  1%|          | 2/253 [00:00<00:19, 12.74it/s][A

  2%|▏         | 4/253 [00:00<00:32,  7.59it/s][A

  2%|▏         | 5/253 [00:00<00:36,  6.86it/s][A

  2%|▏         | 6/253 [00:00<00:39,  6.19it/s][A

  3%|▎         | 7/253 [00:01<00:39,  6.22it/s][A

  3%|▎         | 8/253 [00:01<00:41,  5.90it/s][A

  4%|▎         | 9/253 [00:01<00:46,  5.21it/s][A

  4%|▍         | 10/253 [00:01<00:45,  5.38it/s][A

  4%|▍         | 11/253 [00:01<00:46,  5.23it/s][A

  5%|▍         | 12/253 [00:02<00:55,  4.34it/s][A

  5%|▌         | 13/253 [00:02<00:49,  4.82it/s][A

  6%|▌         | 14/253 [00:02<00:46,  5.15it/s][A

  6%|▌         | 15/253 [00:02<00:48,  4.92it/s][A

  6%|▋         | 16/253 [00:02<00:46,  5.05it/s][A

  7%|▋         | 17/253 [00:03<00:46,  5.13it/s][A

  7%|▋         | 18/253 [00:03<00:44,  5.32it/s][A

  8%|▊         | 19/253 [00:03<00:44,  5.30it/s][A

  8%|▊         | 20/253 [00:03<00:45,  5.11it/s][A

  8%|▊         | 21/253 [00:03<00:45,  5.15it/s][A

  9%|▊         | 22/253 [00:04<00:44,  5.23it/s][A

  9%|▉         | 23/253 [00:04<00:40,  5.62it/s][A

  9%|▉         | 24/253 [00:04<00:41,  5.53it/s][A

 10%|▉         | 25/253 [00:04<00:47,  4.81it/s][A

 10%|█         | 26/253 [00:04<00:48,  4.72it/s][A

 11%|█         | 27/253 [00:05<00:43,  5.15it/s][A

 11%|█         | 28/253 [00:05<00:41,  5.48it/s][A

 11%|█▏        | 29/253 [00:05<00:39,  5.73it/s][A

 12%|█▏        | 30/253 [00:05<00:42,  5.23it/s][A

 12%|█▏        | 31/253 [00:05<00:45,  4.92it/s][A

 13%|█▎        | 32/253 [00:06<00:57,  3.88it/s][A

 13%|█▎        | 33/253 [00:06<01:04,  3.44it/s][A

 13%|█▎        | 34/253 [00:06<01:07,  3.27it/s][A

 14%|█▍        | 35/253 [00:07<00:58,  3.74it/s][A

 14%|█▍        | 36/253 [00:07<00:57,  3.76it/s][A

 15%|█▍        | 37/253 [00:07<00:55,  3.86it/s][A

 15%|█▌        | 38/253 [00:07<00:55,  3.84it/s][A

 15%|█▌        | 39/253 [00:08<00:51,  4.16it/s][A

 16%|█▌        | 40/253 [00:08<00:47,  4.52it/s][A

 16%|█▌        | 41/253 [00:08<00:44,  4.81it/s][A

 17%|█▋        | 42/253 [00:08<00:41,  5.10it/s][A

 17%|█▋        | 43/253 [00:08<00:38,  5.46it/s][A

 17%|█▋        | 44/253 [00:08<00:37,  5.63it/s][A

 18%|█▊        | 45/253 [00:08<00:34,  5.99it/s][A

 18%|█▊        | 46/253 [00:09<00:36,  5.70it/s][A

 19%|█▊        | 47/253 [00:09<00:36,  5.68it/s][A

 19%|█▉        | 48/253 [00:09<00:34,  5.89it/s][A

 19%|█▉        | 49/253 [00:09<00:33,  6.14it/s][A

 20%|█▉        | 50/253 [00:09<00:32,  6.22it/s][A

 20%|██        | 51/253 [00:09<00:31,  6.42it/s][A

 21%|██        | 52/253 [00:10<00:32,  6.26it/s][A

 21%|██        | 53/253 [00:10<00:32,  6.08it/s][A

 21%|██▏       | 54/253 [00:10<00:35,  5.63it/s][A

 22%|██▏       | 55/253 [00:10<00:37,  5.30it/s][A

 22%|██▏       | 56/253 [00:10<00:34,  5.66it/s][A

 23%|██▎       | 57/253 [00:11<00:34,  5.71it/s][A

 23%|██▎       | 58/253 [00:11<00:36,  5.39it/s][A

 23%|██▎       | 59/253 [00:11<00:44,  4.40it/s][A

 24%|██▎       | 60/253 [00:11<00:50,  3.85it/s][A

 24%|██▍       | 61/253 [00:12<00:57,  3.33it/s][A

 25%|██▍       | 62/253 [00:12<00:57,  3.31it/s][A

 25%|██▍       | 63/253 [00:12<00:56,  3.37it/s][A

 25%|██▌       | 64/253 [00:13<00:47,  3.96it/s][A

 26%|██▌       | 65/253 [00:13<00:45,  4.09it/s][A

 26%|██▌       | 66/253 [00:13<00:41,  4.50it/s][A

 26%|██▋       | 67/253 [00:13<00:36,  5.07it/s][A

 27%|██▋       | 68/253 [00:13<00:35,  5.25it/s][A

 27%|██▋       | 69/253 [00:13<00:33,  5.46it/s][A

 28%|██▊       | 70/253 [00:14<00:31,  5.73it/s][A

 28%|██▊       | 71/253 [00:14<00:31,  5.84it/s][A

 28%|██▊       | 72/253 [00:14<00:29,  6.15it/s][A

 29%|██▉       | 73/253 [00:14<00:30,  5.81it/s][A

 29%|██▉       | 74/253 [00:14<00:30,  5.88it/s][A

 30%|██▉       | 75/253 [00:14<00:30,  5.85it/s][A

 30%|███       | 76/253 [00:15<00:30,  5.88it/s][A

 30%|███       | 77/253 [00:15<00:29,  5.90it/s][A

 31%|███       | 78/253 [00:15<00:28,  6.06it/s][A

 31%|███       | 79/253 [00:15<00:28,  6.06it/s][A

 32%|███▏      | 80/253 [00:15<00:28,  6.01it/s][A

 32%|███▏      | 81/253 [00:15<00:28,  6.01it/s][A

 32%|███▏      | 82/253 [00:16<00:27,  6.13it/s][A

 33%|███▎      | 83/253 [00:16<00:28,  5.99it/s][A

 33%|███▎      | 84/253 [00:16<00:29,  5.66it/s][A

 34%|███▎      | 85/253 [00:16<00:33,  5.00it/s][A

 34%|███▍      | 86/253 [00:16<00:32,  5.20it/s][A

 34%|███▍      | 87/253 [00:17<00:37,  4.45it/s][A

 35%|███▍      | 88/253 [00:17<00:40,  4.03it/s][A

 35%|███▌      | 89/253 [00:17<00:37,  4.34it/s][A

 36%|███▌      | 90/253 [00:17<00:38,  4.20it/s][A

 36%|███▌      | 91/253 [00:18<00:40,  3.98it/s][A

 36%|███▋      | 92/253 [00:18<00:37,  4.29it/s][A

 37%|███▋      | 93/253 [00:18<00:35,  4.51it/s][A

 37%|███▋      | 94/253 [00:19<00:44,  3.60it/s][A

 38%|███▊      | 95/253 [00:19<00:40,  3.92it/s][A

 38%|███▊      | 96/253 [00:19<00:39,  4.01it/s][A

 38%|███▊      | 97/253 [00:19<00:35,  4.38it/s][A

 39%|███▊      | 98/253 [00:19<00:34,  4.47it/s][A

 39%|███▉      | 99/253 [00:20<00:31,  4.84it/s][A

 40%|███▉      | 100/253 [00:20<00:29,  5.13it/s][A

 40%|███▉      | 101/253 [00:20<00:28,  5.26it/s][A

 40%|████      | 102/253 [00:20<00:27,  5.48it/s][A

 41%|████      | 103/253 [00:20<00:26,  5.60it/s][A

 41%|████      | 104/253 [00:20<00:25,  5.74it/s][A

 42%|████▏     | 105/253 [00:21<00:25,  5.79it/s][A

 42%|████▏     | 106/253 [00:21<00:24,  6.12it/s][A

 42%|████▏     | 107/253 [00:21<00:23,  6.10it/s][A

 43%|████▎     | 108/253 [00:21<00:23,  6.06it/s][A

 43%|████▎     | 109/253 [00:21<00:23,  6.05it/s][A

 43%|████▎     | 110/253 [00:21<00:22,  6.27it/s][A

 44%|████▍     | 111/253 [00:21<00:22,  6.31it/s][A

 44%|████▍     | 112/253 [00:22<00:22,  6.20it/s][A

 45%|████▍     | 113/253 [00:22<00:22,  6.10it/s][A

 45%|████▌     | 114/253 [00:22<00:23,  6.04it/s][A

 45%|████▌     | 115/253 [00:22<00:23,  5.77it/s][A

 46%|████▌     | 116/253 [00:22<00:23,  5.85it/s][A

 46%|████▌     | 117/253 [00:22<00:23,  5.90it/s][A

 47%|████▋     | 118/253 [00:23<00:23,  5.69it/s][A

 47%|████▋     | 119/253 [00:23<00:23,  5.77it/s][A

 47%|████▋     | 120/253 [00:23<00:24,  5.53it/s][A

 48%|████▊     | 121/253 [00:23<00:29,  4.44it/s][A

 48%|████▊     | 122/253 [00:24<00:30,  4.27it/s][A

 49%|████▊     | 123/253 [00:24<00:31,  4.09it/s][A

 49%|████▉     | 124/253 [00:24<00:31,  4.11it/s][A

 49%|████▉     | 125/253 [00:24<00:30,  4.19it/s][A

 50%|████▉     | 126/253 [00:25<00:28,  4.46it/s][A

 50%|█████     | 127/253 [00:25<00:27,  4.61it/s][A

 51%|█████     | 128/253 [00:25<00:27,  4.59it/s][A

 51%|█████     | 129/253 [00:25<00:26,  4.63it/s][A

 51%|█████▏    | 130/253 [00:25<00:26,  4.63it/s][A

 52%|█████▏    | 131/253 [00:26<00:32,  3.78it/s][A

 52%|█████▏    | 132/253 [00:26<00:31,  3.79it/s][A

 53%|█████▎    | 133/253 [00:26<00:27,  4.37it/s][A

 53%|█████▎    | 134/253 [00:26<00:24,  4.91it/s][A

 53%|█████▎    | 135/253 [00:27<00:22,  5.17it/s][A

 54%|█████▍    | 136/253 [00:27<00:20,  5.61it/s][A

 54%|█████▍    | 137/253 [00:27<00:19,  5.85it/s][A

 55%|█████▍    | 138/253 [00:27<00:21,  5.40it/s][A

 55%|█████▍    | 139/253 [00:27<00:20,  5.51it/s][A

 55%|█████▌    | 140/253 [00:27<00:19,  5.83it/s][A

 56%|█████▌    | 141/253 [00:28<00:19,  5.79it/s][A

 56%|█████▌    | 142/253 [00:28<00:18,  5.87it/s][A

 57%|█████▋    | 143/253 [00:28<00:18,  5.85it/s][A

 57%|█████▋    | 144/253 [00:28<00:18,  5.81it/s][A

 57%|█████▋    | 145/253 [00:28<00:19,  5.50it/s][A

 58%|█████▊    | 146/253 [00:28<00:19,  5.48it/s][A

 58%|█████▊    | 147/253 [00:29<00:22,  4.69it/s][A

 58%|█████▊    | 148/253 [00:29<00:23,  4.38it/s][A

 59%|█████▉    | 149/253 [00:29<00:23,  4.47it/s][A

 59%|█████▉    | 150/253 [00:29<00:22,  4.66it/s][A

 60%|█████▉    | 151/253 [00:30<00:22,  4.59it/s][A

 60%|██████    | 152/253 [00:30<00:21,  4.68it/s][A

 60%|██████    | 153/253 [00:30<00:21,  4.62it/s][A

 61%|██████    | 154/253 [00:30<00:20,  4.74it/s][A

 61%|██████▏   | 155/253 [00:30<00:20,  4.67it/s][A

 62%|██████▏   | 156/253 [00:31<00:21,  4.47it/s][A

 62%|██████▏   | 157/253 [00:31<00:19,  4.86it/s][A

 62%|██████▏   | 158/253 [00:31<00:20,  4.72it/s][A

 63%|██████▎   | 159/253 [00:31<00:19,  4.78it/s][A

 63%|██████▎   | 160/253 [00:31<00:18,  4.91it/s][A

 64%|██████▎   | 161/253 [00:32<00:18,  4.94it/s][A

 64%|██████▍   | 162/253 [00:32<00:18,  5.02it/s][A

 64%|██████▍   | 163/253 [00:32<00:17,  5.10it/s][A

 65%|██████▍   | 164/253 [00:32<00:16,  5.51it/s][A

 65%|██████▌   | 165/253 [00:33<00:19,  4.61it/s][A

 66%|██████▌   | 166/253 [00:33<00:17,  4.94it/s][A

 66%|██████▌   | 167/253 [00:33<00:16,  5.18it/s][A

 66%|██████▋   | 168/253 [00:33<00:15,  5.52it/s][A

 67%|██████▋   | 169/253 [00:33<00:15,  5.48it/s][A

 67%|██████▋   | 170/253 [00:33<00:15,  5.40it/s][A

 68%|██████▊   | 171/253 [00:34<00:14,  5.53it/s][A

 68%|██████▊   | 172/253 [00:34<00:13,  5.79it/s][A

 68%|██████▊   | 173/253 [00:34<00:13,  5.87it/s][A

 69%|██████▉   | 174/253 [00:34<00:14,  5.63it/s][A

 69%|██████▉   | 175/253 [00:34<00:13,  5.91it/s][A

 70%|██████▉   | 176/253 [00:34<00:12,  6.05it/s][A

 70%|██████▉   | 177/253 [00:35<00:13,  5.78it/s][A

 70%|███████   | 178/253 [00:35<00:13,  5.67it/s][A

 71%|███████   | 179/253 [00:35<00:12,  5.71it/s][A

 71%|███████   | 180/253 [00:35<00:12,  5.80it/s][A

 72%|███████▏  | 181/253 [00:35<00:12,  5.83it/s][A

 72%|███████▏  | 182/253 [00:35<00:13,  5.30it/s][A

 72%|███████▏  | 183/253 [00:36<00:14,  4.97it/s][A

 73%|███████▎  | 184/253 [00:36<00:13,  5.01it/s][A

 73%|███████▎  | 185/253 [00:36<00:12,  5.28it/s][A

 74%|███████▎  | 186/253 [00:36<00:12,  5.30it/s][A

 74%|███████▍  | 187/253 [00:36<00:11,  5.50it/s][A

 74%|███████▍  | 188/253 [00:37<00:11,  5.43it/s][A

 75%|███████▍  | 189/253 [00:37<00:12,  5.33it/s][A

 75%|███████▌  | 190/253 [00:37<00:11,  5.57it/s][A

 75%|███████▌  | 191/253 [00:37<00:10,  5.69it/s][A

 76%|███████▌  | 192/253 [00:37<00:11,  5.44it/s][A

 76%|███████▋  | 193/253 [00:38<00:10,  5.57it/s][A

 77%|███████▋  | 194/253 [00:38<00:10,  5.83it/s][A

 77%|███████▋  | 195/253 [00:38<00:10,  5.33it/s][A

 77%|███████▋  | 196/253 [00:38<00:10,  5.43it/s][A

 78%|███████▊  | 197/253 [00:38<00:11,  4.91it/s][A

 78%|███████▊  | 198/253 [00:39<00:11,  4.93it/s][A

 79%|███████▊  | 199/253 [00:39<00:12,  4.48it/s][A

 79%|███████▉  | 200/253 [00:39<00:11,  4.60it/s][A

 79%|███████▉  | 201/253 [00:39<00:11,  4.66it/s][A

 80%|███████▉  | 202/253 [00:39<00:10,  4.87it/s][A

 80%|████████  | 203/253 [00:40<00:11,  4.40it/s][A

 81%|████████  | 204/253 [00:40<00:10,  4.75it/s][A

 81%|████████  | 205/253 [00:40<00:09,  5.02it/s][A

 81%|████████▏ | 206/253 [00:40<00:08,  5.43it/s][A

 82%|████████▏ | 207/253 [00:40<00:08,  5.61it/s][A

 82%|████████▏ | 208/253 [00:40<00:07,  5.86it/s][A

 83%|████████▎ | 209/253 [00:41<00:07,  6.15it/s][A

 83%|████████▎ | 210/253 [00:41<00:07,  6.13it/s][A

 83%|████████▎ | 211/253 [00:41<00:07,  5.88it/s][A

 84%|████████▍ | 212/253 [00:41<00:06,  6.00it/s][A

 84%|████████▍ | 213/253 [00:41<00:07,  5.13it/s][A

 85%|████████▍ | 214/253 [00:42<00:07,  5.45it/s][A

 85%|████████▍ | 215/253 [00:42<00:06,  5.78it/s][A

 85%|████████▌ | 216/253 [00:42<00:06,  5.40it/s][A

 86%|████████▌ | 217/253 [00:42<00:06,  5.32it/s][A

 86%|████████▌ | 218/253 [00:42<00:06,  5.52it/s][A

 87%|████████▋ | 219/253 [00:42<00:06,  5.35it/s][A

 87%|████████▋ | 220/253 [00:43<00:06,  5.50it/s][A

 87%|████████▋ | 221/253 [00:43<00:05,  5.71it/s][A

 88%|████████▊ | 222/253 [00:43<00:05,  5.91it/s][A

 88%|████████▊ | 223/253 [00:43<00:05,  5.70it/s][A

 89%|████████▊ | 224/253 [00:43<00:04,  5.86it/s][A

 89%|████████▉ | 225/253 [00:44<00:05,  5.43it/s][A

 89%|████████▉ | 226/253 [00:44<00:04,  5.52it/s][A

 90%|████████▉ | 227/253 [00:44<00:04,  5.41it/s][A

 90%|█████████ | 228/253 [00:44<00:05,  4.63it/s][A

 91%|█████████ | 229/253 [00:44<00:05,  4.29it/s][A

 91%|█████████ | 230/253 [00:45<00:05,  4.34it/s][A

 91%|█████████▏| 231/253 [00:45<00:05,  4.01it/s][A

 92%|█████████▏| 232/253 [00:45<00:05,  3.87it/s][A

 92%|█████████▏| 233/253 [00:45<00:04,  4.18it/s][A

 92%|█████████▏| 234/253 [00:46<00:04,  4.54it/s][A

 93%|█████████▎| 235/253 [00:46<00:03,  4.75it/s][A

 93%|█████████▎| 236/253 [00:46<00:03,  5.03it/s][A

 94%|█████████▎| 237/253 [00:46<00:03,  5.04it/s][A

 94%|█████████▍| 238/253 [00:46<00:03,  4.68it/s][A

 94%|█████████▍| 239/253 [00:47<00:02,  5.11it/s][A

 95%|█████████▍| 240/253 [00:47<00:02,  5.21it/s][A

 95%|█████████▌| 241/253 [00:47<00:02,  5.54it/s][A

 96%|█████████▌| 242/253 [00:47<00:01,  5.91it/s][A

 96%|█████████▌| 243/253 [00:47<00:01,  5.89it/s][A

 96%|█████████▋| 244/253 [00:47<00:01,  5.92it/s][A

 97%|█████████▋| 245/253 [00:48<00:01,  6.16it/s][A

 97%|█████████▋| 246/253 [00:48<00:01,  5.83it/s][A

 98%|█████████▊| 247/253 [00:48<00:00,  6.20it/s][A

 98%|█████████▊| 248/253 [00:48<00:00,  6.35it/s][A

 98%|█████████▊| 249/253 [00:48<00:00,  6.28it/s][A

 99%|█████████▉| 250/253 [00:48<00:00,  6.21it/s][A

 99%|█████████▉| 251/253 [00:48<00:00,  6.36it/s][A

100%|█████████▉| 252/253 [00:49<00:00,  6.39it/s][A

100%|██████████| 253/253 [00:49<00:00,  6.29it/s][A
                                                     

                                                 
[A{'eval_loss': '1.322', 'eval_runtime': '49.52', 'eval_samples_per_second': '10.22', 'eval_steps_per_second': '5.109', 'eval_entropy': '1.159', 'eval_num_tokens': '2.079e+06', 'eval_mean_token_accuracy': '0.6546', 'epoch': '1.819'}

 91%|█████████ | 1000/1100 [1:01:24<05:23,  3.24s/it]

100%|██████████| 253/253 [00:49<00:00,  6.29it/s][A

                                                 [A
 91%|█████████ | 1001/1100 [1:01:28<30:22, 18.41s/it]
 91%|█████████ | 1002/1100 [1:01:31<22:22, 13.70s/it]
 91%|█████████ | 1003/1100 [1:01:35<17:20, 10.73s/it]
 91%|█████████▏| 1004/1100 [1:01:38<13:37,  8.52s/it]
 91%|█████████▏| 1005/1100 [1:01:41<10:40,  6.74s/it]
 91%|█████████▏| 1006/1100 [1:01:44<08:59,  5.74s/it]
 92%|█████████▏| 1007/1100 [1:01:47<07:42,  4.98s/it]
 92%|█████████▏| 1008/1100 [1:01:51<06:56,  4.52s/it]
 92%|█████████▏| 1009/1100 [1:01:54<06:26,  4.25s/it]
 92%|█████████▏| 1010/1100 [1:01:58<06:00,  4.01s/it]
                                                     
{'loss': '1.093', 'grad_norm': '1.364', 'learning_rate': '4.141e-06', 'entropy': '1.089', 'num_tokens': '2.1e+06', 'mean_token_accuracy': '0.7014', 'epoch': '1.837'}

 92%|█████████▏| 1010/1100 [1:01:58<06:00,  4.01s/it]
 92%|█████████▏| 1011/1100 [1:02:01<05:25,  3.66s/it]
 92%|█████████▏| 1012/1100 [1:02:04<05:12,  3.55s/it]
 92%|█████████▏| 1013/1100 [1:02:07<04:53,  3.38s/it]
 92%|█████████▏| 1014/1100 [1:02:10<04:51,  3.39s/it]
 92%|█████████▏| 1015/1100 [1:02:14<04:47,  3.38s/it]
 92%|█████████▏| 1016/1100 [1:02:17<04:41,  3.35s/it]
 92%|█████████▏| 1017/1100 [1:02:20<04:34,  3.31s/it]
 93%|█████████▎| 1018/1100 [1:02:23<04:34,  3.35s/it]
 93%|█████████▎| 1019/1100 [1:02:27<04:24,  3.26s/it]
 93%|█████████▎| 1020/1100 [1:02:30<04:15,  3.20s/it]
                                                     
{'loss': '1.125', 'grad_norm': '1.407', 'learning_rate': '3.285e-06', 'entropy': '1.14', 'num_tokens': '2.121e+06', 'mean_token_accuracy': '0.6899', 'epoch': '1.855'}

 93%|█████████▎| 1020/1100 [1:02:30<04:15,  3.20s/it]
 93%|█████████▎| 1021/1100 [1:02:33<04:09,  3.16s/it]
 93%|█████████▎| 1022/1100 [1:02:36<04:16,  3.29s/it]
 93%|█████████▎| 1023/1100 [1:02:40<04:17,  3.34s/it]
 93%|█████████▎| 1024/1100 [1:02:43<04:23,  3.47s/it]
 93%|█████████▎| 1025/1100 [1:02:47<04:11,  3.35s/it]
 93%|█████████▎| 1026/1100 [1:02:50<04:09,  3.37s/it]
 93%|█████████▎| 1027/1100 [1:02:53<04:02,  3.33s/it]
 93%|█████████▎| 1028/1100 [1:02:56<03:57,  3.29s/it]
 94%|█████████▎| 1029/1100 [1:02:59<03:43,  3.14s/it]
 94%|█████████▎| 1030/1100 [1:03:03<03:43,  3.20s/it]
                                                     
{'loss': '1.189', 'grad_norm': '1.225', 'learning_rate': '2.527e-06', 'entropy': '1.158', 'num_tokens': '2.142e+06', 'mean_token_accuracy': '0.6812', 'epoch': '1.873'}

 94%|█████████▎| 1030/1100 [1:03:03<03:43,  3.20s/it]
 94%|█████████▎| 1031/1100 [1:03:07<04:03,  3.53s/it]
 94%|█████████▍| 1032/1100 [1:03:09<03:39,  3.23s/it]
 94%|█████████▍| 1033/1100 [1:03:13<03:39,  3.28s/it]
 94%|█████████▍| 1034/1100 [1:03:16<03:27,  3.14s/it]
 94%|█████████▍| 1035/1100 [1:03:19<03:26,  3.17s/it]
 94%|█████████▍| 1036/1100 [1:03:21<03:08,  2.95s/it]
 94%|█████████▍| 1037/1100 [1:03:25<03:16,  3.13s/it]
 94%|█████████▍| 1038/1100 [1:03:27<03:05,  2.99s/it]
 94%|█████████▍| 1039/1100 [1:03:30<03:02,  3.00s/it]
 95%|█████████▍| 1040/1100 [1:03:33<02:58,  2.97s/it]
                                                     
{'loss': '1.042', 'grad_norm': '1.321', 'learning_rate': '1.868e-06', 'entropy': '1.078', 'num_tokens': '2.162e+06', 'mean_token_accuracy': '0.7172', 'epoch': '1.891'}

 95%|█████████▍| 1040/1100 [1:03:33<02:58,  2.97s/it]
 95%|█████████▍| 1041/1100 [1:03:36<02:57,  3.01s/it]
 95%|█████████▍| 1042/1100 [1:03:39<02:51,  2.96s/it]
 95%|█████████▍| 1043/1100 [1:03:42<02:52,  3.02s/it]
 95%|█████████▍| 1044/1100 [1:03:45<02:41,  2.88s/it]
 95%|█████████▌| 1045/1100 [1:03:48<02:47,  3.04s/it]
 95%|█████████▌| 1046/1100 [1:03:51<02:40,  2.96s/it]
 95%|█████████▌| 1047/1100 [1:03:55<02:48,  3.18s/it]
 95%|█████████▌| 1048/1100 [1:03:58<02:38,  3.04s/it]
 95%|█████████▌| 1049/1100 [1:04:00<02:30,  2.95s/it]
 95%|█████████▌| 1050/1100 [1:04:04<02:33,  3.07s/it]
                                                     
{'loss': '1.103', 'grad_norm': '1.298', 'learning_rate': '1.307e-06', 'entropy': '1.129', 'num_tokens': '2.183e+06', 'mean_token_accuracy': '0.7017', 'epoch': '1.91'}

 95%|█████████▌| 1050/1100 [1:04:04<02:33,  3.07s/it]
 96%|█████████▌| 1051/1100 [1:04:07<02:26,  2.98s/it]
 96%|█████████▌| 1052/1100 [1:04:10<02:31,  3.16s/it]
 96%|█████████▌| 1053/1100 [1:04:13<02:20,  2.99s/it]
 96%|█████████▌| 1054/1100 [1:04:16<02:26,  3.19s/it]
 96%|█████████▌| 1055/1100 [1:04:19<02:19,  3.10s/it]
 96%|█████████▌| 1056/1100 [1:04:23<02:20,  3.20s/it]
 96%|█████████▌| 1057/1100 [1:04:26<02:14,  3.12s/it]
 96%|█████████▌| 1058/1100 [1:04:29<02:08,  3.06s/it]
 96%|█████████▋| 1059/1100 [1:04:32<02:07,  3.10s/it]
 96%|█████████▋| 1060/1100 [1:04:34<01:57,  2.95s/it]
                                                     
{'loss': '1.14', 'grad_norm': '1.195', 'learning_rate': '8.452e-07', 'entropy': '1.139', 'num_tokens': '2.204e+06', 'mean_token_accuracy': '0.6842', 'epoch': '1.928'}

 96%|█████████▋| 1060/1100 [1:04:34<01:57,  2.95s/it]
 96%|█████████▋| 1061/1100 [1:04:38<01:58,  3.03s/it]
 97%|█████████▋| 1062/1100 [1:04:40<01:54,  3.01s/it]
 97%|█████████▋| 1063/1100 [1:04:43<01:51,  3.01s/it]
 97%|█████████▋| 1064/1100 [1:04:46<01:47,  2.98s/it]
 97%|█████████▋| 1065/1100 [1:04:49<01:43,  2.95s/it]
 97%|█████████▋| 1066/1100 [1:04:52<01:42,  3.02s/it]
 97%|█████████▋| 1067/1100 [1:04:56<01:42,  3.10s/it]
 97%|█████████▋| 1068/1100 [1:04:58<01:34,  2.97s/it]
 97%|█████████▋| 1069/1100 [1:05:02<01:34,  3.04s/it]
 97%|█████████▋| 1070/1100 [1:05:05<01:32,  3.07s/it]
                                                     
{'loss': '1.088', 'grad_norm': '1.434', 'learning_rate': '4.835e-07', 'entropy': '1.076', 'num_tokens': '2.225e+06', 'mean_token_accuracy': '0.7037', 'epoch': '1.946'}

 97%|█████████▋| 1070/1100 [1:05:05<01:32,  3.07s/it]
 97%|█████████▋| 1071/1100 [1:05:08<01:28,  3.06s/it]
 97%|█████████▋| 1072/1100 [1:05:11<01:30,  3.25s/it]
 98%|█████████▊| 1073/1100 [1:05:14<01:21,  3.02s/it]
 98%|█████████▊| 1074/1100 [1:05:17<01:19,  3.04s/it]
 98%|█████████▊| 1075/1100 [1:05:20<01:15,  3.02s/it]
 98%|█████████▊| 1076/1100 [1:05:23<01:12,  3.03s/it]
 98%|█████████▊| 1077/1100 [1:05:26<01:11,  3.12s/it]
 98%|█████████▊| 1078/1100 [1:05:29<01:06,  3.02s/it]
 98%|█████████▊| 1079/1100 [1:05:33<01:08,  3.25s/it]
 98%|█████████▊| 1080/1100 [1:05:36<01:03,  3.16s/it]
                                                     
{'loss': '1.089', 'grad_norm': '1.374', 'learning_rate': '2.22e-07', 'entropy': '1.086', 'num_tokens': '2.246e+06', 'mean_token_accuracy': '0.7021', 'epoch': '1.964'}

 98%|█████████▊| 1080/1100 [1:05:36<01:03,  3.16s/it]
 98%|█████████▊| 1081/1100 [1:05:39<00:59,  3.15s/it]
 98%|█████████▊| 1082/1100 [1:05:42<00:54,  3.04s/it]
 98%|█████████▊| 1083/1100 [1:05:45<00:54,  3.19s/it]
 99%|█████████▊| 1084/1100 [1:05:48<00:46,  2.91s/it]
 99%|█████████▊| 1085/1100 [1:05:51<00:45,  3.05s/it]
 99%|█████████▊| 1086/1100 [1:05:54<00:42,  3.01s/it]
 99%|█████████▉| 1087/1100 [1:05:57<00:41,  3.16s/it]
 99%|█████████▉| 1088/1100 [1:06:00<00:36,  3.02s/it]
 99%|█████████▉| 1089/1100 [1:06:03<00:33,  3.06s/it]
 99%|█████████▉| 1090/1100 [1:06:07<00:31,  3.18s/it]
                                                     
{'loss': '1.182', 'grad_norm': '1.44', 'learning_rate': '6.092e-08', 'entropy': '1.125', 'num_tokens': '2.267e+06', 'mean_token_accuracy': '0.6872', 'epoch': '1.982'}

 99%|█████████▉| 1090/1100 [1:06:07<00:31,  3.18s/it]
 99%|█████████▉| 1091/1100 [1:06:09<00:26,  2.94s/it]
 99%|█████████▉| 1092/1100 [1:06:12<00:22,  2.84s/it]
 99%|█████████▉| 1093/1100 [1:06:15<00:19,  2.85s/it]
 99%|█████████▉| 1094/1100 [1:06:18<00:18,  3.09s/it]
100%|█████████▉| 1095/1100 [1:06:22<00:15,  3.17s/it]
100%|█████████▉| 1096/1100 [1:06:25<00:12,  3.22s/it]
100%|█████████▉| 1097/1100 [1:06:28<00:09,  3.05s/it]
100%|█████████▉| 1098/1100 [1:06:31<00:06,  3.16s/it]
100%|█████████▉| 1099/1100 [1:06:34<00:03,  3.12s/it]
100%|██████████| 1100/1100 [1:06:37<00:00,  3.05s/it]
                                                     
{'loss': '1.133', 'grad_norm': '1.479', 'learning_rate': '5.035e-10', 'entropy': '1.117', 'num_tokens': '2.286e+06', 'mean_token_accuracy': '0.7017', 'epoch': '2'}

100%|██████████| 1100/1100 [1:06:37<00:00,  3.05s/it]

  0%|          | 0/253 [00:00<?, ?it/s][A

  1%|          | 2/253 [00:00<00:18, 13.64it/s][A

  2%|▏         | 4/253 [00:00<00:35,  7.02it/s][A

  2%|▏         | 5/253 [00:00<00:37,  6.69it/s][A

  2%|▏         | 6/253 [00:00<00:38,  6.47it/s][A

  3%|▎         | 7/253 [00:01<00:40,  6.07it/s][A

  3%|▎         | 8/253 [00:01<00:39,  6.19it/s][A

  4%|▎         | 9/253 [00:01<00:42,  5.80it/s][A

  4%|▍         | 10/253 [00:01<00:42,  5.75it/s][A

  4%|▍         | 11/253 [00:01<00:39,  6.06it/s][A

  5%|▍         | 12/253 [00:01<00:39,  6.03it/s][A

  5%|▌         | 13/253 [00:02<00:38,  6.22it/s][A

  6%|▌         | 14/253 [00:02<00:38,  6.22it/s][A

  6%|▌         | 15/253 [00:02<00:43,  5.52it/s][A

  6%|▋         | 16/253 [00:02<00:41,  5.71it/s][A

  7%|▋         | 17/253 [00:02<00:44,  5.36it/s][A

  7%|▋         | 18/253 [00:02<00:40,  5.77it/s][A

  8%|▊         | 19/253 [00:03<00:43,  5.41it/s][A

  8%|▊         | 20/253 [00:03<00:46,  4.96it/s][A

  8%|▊         | 21/253 [00:03<00:51,  4.49it/s][A

  9%|▊         | 22/253 [00:03<00:50,  4.62it/s][A

  9%|▉         | 23/253 [00:04<00:48,  4.71it/s][A

  9%|▉         | 24/253 [00:04<00:48,  4.74it/s][A

 10%|▉         | 25/253 [00:04<00:46,  4.88it/s][A

 10%|█         | 26/253 [00:04<00:50,  4.53it/s][A

 11%|█         | 27/253 [00:04<00:50,  4.47it/s][A

 11%|█         | 28/253 [00:05<00:48,  4.61it/s][A

 11%|█▏        | 29/253 [00:05<00:44,  4.98it/s][A

 12%|█▏        | 30/253 [00:05<00:48,  4.63it/s][A

 12%|█▏        | 31/253 [00:05<00:46,  4.79it/s][A

 13%|█▎        | 32/253 [00:05<00:46,  4.74it/s][A

 13%|█▎        | 33/253 [00:06<00:42,  5.16it/s][A

 13%|█▎        | 34/253 [00:06<00:42,  5.15it/s][A

 14%|█▍        | 35/253 [00:06<00:41,  5.25it/s][A

 14%|█▍        | 36/253 [00:06<00:41,  5.29it/s][A

 15%|█▍        | 37/253 [00:06<00:39,  5.46it/s][A

 15%|█▌        | 38/253 [00:07<00:37,  5.77it/s][A

 15%|█▌        | 39/253 [00:07<00:36,  5.84it/s][A

 16%|█▌        | 40/253 [00:07<00:38,  5.56it/s][A

 16%|█▌        | 41/253 [00:07<00:38,  5.56it/s][A

 17%|█▋        | 42/253 [00:07<00:37,  5.65it/s][A

 17%|█▋        | 43/253 [00:07<00:35,  5.90it/s][A

 17%|█▋        | 44/253 [00:08<00:35,  5.95it/s][A

 18%|█▊        | 45/253 [00:08<00:39,  5.27it/s][A

 18%|█▊        | 46/253 [00:08<00:39,  5.25it/s][A

 19%|█▊        | 47/253 [00:08<00:39,  5.15it/s][A

 19%|█▉        | 48/253 [00:08<00:39,  5.23it/s][A

 19%|█▉        | 49/253 [00:09<00:40,  5.04it/s][A

 20%|█▉        | 50/253 [00:09<00:41,  4.89it/s][A

 20%|██        | 51/253 [00:09<00:41,  4.84it/s][A

 21%|██        | 52/253 [00:09<00:43,  4.66it/s][A

 21%|██        | 53/253 [00:09<00:43,  4.59it/s][A

 21%|██▏       | 54/253 [00:10<00:42,  4.74it/s][A

 22%|██▏       | 55/253 [00:10<00:38,  5.18it/s][A

 22%|██▏       | 56/253 [00:10<00:37,  5.27it/s][A

 23%|██▎       | 57/253 [00:10<00:37,  5.16it/s][A

 23%|██▎       | 58/253 [00:10<00:41,  4.69it/s][A

 23%|██▎       | 59/253 [00:11<00:40,  4.77it/s][A

 24%|██▎       | 60/253 [00:11<00:37,  5.10it/s][A

 24%|██▍       | 61/253 [00:11<00:38,  4.96it/s][A

 25%|██▍       | 62/253 [00:11<00:39,  4.87it/s][A

 25%|██▍       | 63/253 [00:11<00:36,  5.15it/s][A

 25%|██▌       | 64/253 [00:12<00:34,  5.55it/s][A

 26%|██▌       | 65/253 [00:12<00:33,  5.66it/s][A

 26%|██▌       | 66/253 [00:12<00:33,  5.61it/s][A

 26%|██▋       | 67/253 [00:12<00:31,  5.94it/s][A

 27%|██▋       | 68/253 [00:12<00:35,  5.21it/s][A

 27%|██▋       | 69/253 [00:13<00:34,  5.26it/s][A

 28%|██▊       | 70/253 [00:13<00:34,  5.32it/s][A

 28%|██▊       | 71/253 [00:13<00:34,  5.32it/s][A

 28%|██▊       | 72/253 [00:13<00:34,  5.30it/s][A

 29%|██▉       | 73/253 [00:13<00:33,  5.43it/s][A

 29%|██▉       | 74/253 [00:13<00:31,  5.68it/s][A

 30%|██▉       | 75/253 [00:14<00:31,  5.72it/s][A

 30%|███       | 76/253 [00:14<00:33,  5.25it/s][A

 30%|███       | 77/253 [00:14<00:36,  4.85it/s][A

 31%|███       | 78/253 [00:14<00:33,  5.18it/s][A

 31%|███       | 79/253 [00:15<00:42,  4.10it/s][A

 32%|███▏      | 80/253 [00:15<00:40,  4.31it/s][A

 32%|███▏      | 81/253 [00:15<00:36,  4.72it/s][A

 32%|███▏      | 82/253 [00:15<00:33,  5.14it/s][A

 33%|███▎      | 83/253 [00:15<00:32,  5.20it/s][A

 33%|███▎      | 84/253 [00:16<00:34,  4.91it/s][A

 34%|███▎      | 85/253 [00:16<00:34,  4.88it/s][A

 34%|███▍      | 86/253 [00:16<00:31,  5.32it/s][A

 34%|███▍      | 87/253 [00:16<00:30,  5.43it/s][A

 35%|███▍      | 88/253 [00:16<00:29,  5.56it/s][A

 35%|███▌      | 89/253 [00:16<00:28,  5.67it/s][A

 36%|███▌      | 90/253 [00:17<00:27,  6.01it/s][A

 36%|███▌      | 91/253 [00:17<00:25,  6.27it/s][A

 36%|███▋      | 92/253 [00:17<00:26,  6.16it/s][A

 37%|███▋      | 93/253 [00:17<00:26,  6.03it/s][A

 37%|███▋      | 94/253 [00:17<00:26,  5.93it/s][A

 38%|███▊      | 95/253 [00:17<00:25,  6.14it/s][A

 38%|███▊      | 96/253 [00:17<00:25,  6.22it/s][A

 38%|███▊      | 97/253 [00:18<00:24,  6.40it/s][A

 39%|███▊      | 98/253 [00:18<00:25,  6.20it/s][A

 39%|███▉      | 99/253 [00:18<00:25,  6.14it/s][A

 40%|███▉      | 100/253 [00:18<00:25,  6.05it/s][A

 40%|███▉      | 101/253 [00:18<00:25,  5.98it/s][A

 40%|████      | 102/253 [00:19<00:28,  5.32it/s][A

 41%|████      | 103/253 [00:19<00:28,  5.23it/s][A

 41%|████      | 104/253 [00:19<00:31,  4.70it/s][A

 42%|████▏     | 105/253 [00:19<00:33,  4.46it/s][A

 42%|████▏     | 106/253 [00:20<00:34,  4.20it/s][A

 42%|████▏     | 107/253 [00:20<00:34,  4.27it/s][A

 43%|████▎     | 108/253 [00:20<00:33,  4.28it/s][A

 43%|████▎     | 109/253 [00:20<00:33,  4.27it/s][A

 43%|████▎     | 110/253 [00:21<00:37,  3.80it/s][A

 44%|████▍     | 111/253 [00:21<00:35,  4.00it/s][A

 44%|████▍     | 112/253 [00:21<00:33,  4.23it/s][A

 45%|████▍     | 113/253 [00:21<00:31,  4.42it/s][A

 45%|████▌     | 114/253 [00:21<00:29,  4.78it/s][A

 45%|████▌     | 115/253 [00:22<00:28,  4.90it/s][A

 46%|████▌     | 116/253 [00:22<00:26,  5.18it/s][A

 46%|████▌     | 117/253 [00:22<00:25,  5.40it/s][A

 47%|████▋     | 118/253 [00:22<00:25,  5.39it/s][A

 47%|████▋     | 119/253 [00:22<00:24,  5.55it/s][A

 47%|████▋     | 120/253 [00:22<00:25,  5.23it/s][A

 48%|████▊     | 121/253 [00:23<00:25,  5.20it/s][A

 48%|████▊     | 122/253 [00:23<00:23,  5.62it/s][A

 49%|████▊     | 123/253 [00:23<00:22,  5.73it/s][A

 49%|████▉     | 124/253 [00:23<00:22,  5.83it/s][A

 49%|████▉     | 125/253 [00:23<00:24,  5.33it/s][A

 50%|████▉     | 126/253 [00:24<00:24,  5.23it/s][A

 50%|█████     | 127/253 [00:24<00:24,  5.04it/s][A

 51%|█████     | 128/253 [00:24<00:24,  5.16it/s][A

 51%|█████     | 129/253 [00:24<00:23,  5.35it/s][A

 51%|█████▏    | 130/253 [00:24<00:21,  5.73it/s][A

 52%|█████▏    | 131/253 [00:24<00:20,  5.97it/s][A

 52%|█████▏    | 132/253 [00:25<00:20,  5.93it/s][A

 53%|█████▎    | 133/253 [00:25<00:25,  4.69it/s][A

 53%|█████▎    | 134/253 [00:25<00:23,  5.15it/s][A

 53%|█████▎    | 135/253 [00:25<00:23,  4.97it/s][A

 54%|█████▍    | 136/253 [00:25<00:22,  5.17it/s][A

 54%|█████▍    | 137/253 [00:26<00:25,  4.62it/s][A

 55%|█████▍    | 138/253 [00:26<00:25,  4.57it/s][A

 55%|█████▍    | 139/253 [00:26<00:26,  4.36it/s][A

 55%|█████▌    | 140/253 [00:26<00:24,  4.64it/s][A

 56%|█████▌    | 141/253 [00:27<00:23,  4.74it/s][A

 56%|█████▌    | 142/253 [00:27<00:24,  4.61it/s][A

 57%|█████▋    | 143/253 [00:27<00:22,  4.92it/s][A

 57%|█████▋    | 144/253 [00:27<00:20,  5.21it/s][A

 57%|█████▋    | 145/253 [00:27<00:19,  5.58it/s][A

 58%|█████▊    | 146/253 [00:28<00:22,  4.77it/s][A

 58%|█████▊    | 147/253 [00:28<00:22,  4.69it/s][A

 58%|█████▊    | 148/253 [00:28<00:23,  4.45it/s][A

 59%|█████▉    | 149/253 [00:28<00:21,  4.80it/s][A

 59%|█████▉    | 150/253 [00:29<00:24,  4.26it/s][A

 60%|█████▉    | 151/253 [00:29<00:23,  4.29it/s][A

 60%|██████    | 152/253 [00:29<00:21,  4.69it/s][A

 60%|██████    | 153/253 [00:29<00:21,  4.56it/s][A

 61%|██████    | 154/253 [00:29<00:19,  5.04it/s][A

 61%|██████▏   | 155/253 [00:29<00:19,  5.06it/s][A

 62%|██████▏   | 156/253 [00:30<00:18,  5.38it/s][A

 62%|██████▏   | 157/253 [00:30<00:17,  5.43it/s][A

 62%|██████▏   | 158/253 [00:30<00:16,  5.69it/s][A

 63%|██████▎   | 159/253 [00:30<00:17,  5.45it/s][A

 63%|██████▎   | 160/253 [00:30<00:17,  5.27it/s][A

 64%|██████▎   | 161/253 [00:31<00:17,  5.23it/s][A

 64%|██████▍   | 162/253 [00:31<00:17,  5.17it/s][A

 64%|██████▍   | 163/253 [00:31<00:17,  5.00it/s][A

 65%|██████▍   | 164/253 [00:31<00:18,  4.80it/s][A

 65%|██████▌   | 165/253 [00:31<00:18,  4.81it/s][A

 66%|██████▌   | 166/253 [00:32<00:19,  4.53it/s][A

 66%|██████▌   | 167/253 [00:32<00:19,  4.43it/s][A

 66%|██████▋   | 168/253 [00:32<00:17,  4.86it/s][A

 67%|██████▋   | 169/253 [00:32<00:17,  4.72it/s][A

 67%|██████▋   | 170/253 [00:33<00:17,  4.65it/s][A

 68%|██████▊   | 171/253 [00:33<00:16,  4.89it/s][A

 68%|██████▊   | 172/253 [00:33<00:16,  5.06it/s][A

 68%|██████▊   | 173/253 [00:33<00:15,  5.32it/s][A

 69%|██████▉   | 174/253 [00:33<00:15,  5.21it/s][A

 69%|██████▉   | 175/253 [00:33<00:14,  5.54it/s][A

 70%|██████▉   | 176/253 [00:34<00:13,  5.52it/s][A

 70%|██████▉   | 177/253 [00:34<00:13,  5.74it/s][A

 70%|███████   | 178/253 [00:34<00:12,  5.85it/s][A

 71%|███████   | 179/253 [00:34<00:13,  5.49it/s][A

 71%|███████   | 180/253 [00:34<00:12,  5.63it/s][A

 72%|███████▏  | 181/253 [00:34<00:13,  5.43it/s][A

 72%|███████▏  | 182/253 [00:35<00:12,  5.48it/s][A

 72%|███████▏  | 183/253 [00:35<00:12,  5.64it/s][A

 73%|███████▎  | 184/253 [00:35<00:12,  5.72it/s][A

 73%|███████▎  | 185/253 [00:35<00:11,  5.79it/s][A

 74%|███████▎  | 186/253 [00:35<00:11,  5.98it/s][A

 74%|███████▍  | 187/253 [00:35<00:10,  6.01it/s][A

 74%|███████▍  | 188/253 [00:36<00:11,  5.72it/s][A

 75%|███████▍  | 189/253 [00:36<00:12,  5.14it/s][A

 75%|███████▌  | 190/253 [00:36<00:11,  5.40it/s][A

 75%|███████▌  | 191/253 [00:36<00:12,  4.98it/s][A

 76%|███████▌  | 192/253 [00:37<00:12,  4.94it/s][A

 76%|███████▋  | 193/253 [00:37<00:13,  4.45it/s][A

 77%|███████▋  | 194/253 [00:37<00:13,  4.49it/s][A

 77%|███████▋  | 195/253 [00:37<00:12,  4.58it/s][A

 77%|███████▋  | 196/253 [00:37<00:13,  4.35it/s][A

 78%|███████▊  | 197/253 [00:38<00:13,  4.16it/s][A

 78%|███████▊  | 198/253 [00:38<00:12,  4.25it/s][A

 79%|███████▊  | 199/253 [00:38<00:12,  4.47it/s][A

 79%|███████▉  | 200/253 [00:38<00:10,  4.92it/s][A

 79%|███████▉  | 201/253 [00:39<00:11,  4.67it/s][A

 80%|███████▉  | 202/253 [00:39<00:10,  4.95it/s][A

 80%|████████  | 203/253 [00:39<00:09,  5.02it/s][A

 81%|████████  | 204/253 [00:39<00:10,  4.88it/s][A

 81%|████████  | 205/253 [00:39<00:09,  5.12it/s][A

 81%|████████▏ | 206/253 [00:40<00:08,  5.26it/s][A

 82%|████████▏ | 207/253 [00:40<00:08,  5.40it/s][A

 82%|████████▏ | 208/253 [00:40<00:08,  5.36it/s][A

 83%|████████▎ | 209/253 [00:40<00:07,  5.60it/s][A

 83%|████████▎ | 210/253 [00:40<00:07,  5.92it/s][A

 83%|████████▎ | 211/253 [00:40<00:06,  6.09it/s][A

 84%|████████▍ | 212/253 [00:40<00:06,  6.23it/s][A

 84%|████████▍ | 213/253 [00:41<00:06,  5.82it/s][A

 85%|████████▍ | 214/253 [00:41<00:06,  6.08it/s][A

 85%|████████▍ | 215/253 [00:41<00:06,  5.89it/s][A

 85%|████████▌ | 216/253 [00:41<00:06,  5.61it/s][A

 86%|████████▌ | 217/253 [00:41<00:07,  5.10it/s][A

 86%|████████▌ | 218/253 [00:42<00:06,  5.31it/s][A

 87%|████████▋ | 219/253 [00:42<00:06,  5.53it/s][A

 87%|████████▋ | 220/253 [00:42<00:06,  5.17it/s][A

 87%|████████▋ | 221/253 [00:42<00:06,  5.02it/s][A

 88%|████████▊ | 222/253 [00:42<00:06,  4.58it/s][A

 88%|████████▊ | 223/253 [00:43<00:06,  4.63it/s][A

 89%|████████▊ | 224/253 [00:43<00:06,  4.38it/s][A

 89%|████████▉ | 225/253 [00:43<00:06,  4.50it/s][A

 89%|████████▉ | 226/253 [00:43<00:06,  4.49it/s][A

 90%|████████▉ | 227/253 [00:44<00:05,  4.49it/s][A

 90%|█████████ | 228/253 [00:44<00:05,  4.65it/s][A

 91%|█████████ | 229/253 [00:44<00:04,  4.87it/s][A

 91%|█████████ | 230/253 [00:44<00:04,  4.97it/s][A

 91%|█████████▏| 231/253 [00:44<00:04,  5.18it/s][A

 92%|█████████▏| 232/253 [00:45<00:03,  5.41it/s][A

 92%|█████████▏| 233/253 [00:45<00:03,  5.76it/s][A

 92%|█████████▏| 234/253 [00:45<00:03,  5.84it/s][A

 93%|█████████▎| 235/253 [00:45<00:02,  6.09it/s][A

 93%|█████████▎| 236/253 [00:45<00:02,  6.08it/s][A

 94%|█████████▎| 237/253 [00:45<00:02,  6.05it/s][A

 94%|█████████▍| 238/253 [00:45<00:02,  5.81it/s][A

 94%|█████████▍| 239/253 [00:46<00:02,  6.12it/s][A

 95%|█████████▍| 240/253 [00:46<00:02,  6.43it/s][A

 95%|█████████▌| 241/253 [00:46<00:01,  6.38it/s][A

 96%|█████████▌| 242/253 [00:46<00:01,  6.49it/s][A

 96%|█████████▌| 243/253 [00:46<00:01,  6.27it/s][A

 96%|█████████▋| 244/253 [00:46<00:01,  6.05it/s][A

 97%|█████████▋| 245/253 [00:47<00:01,  6.18it/s][A

 97%|█████████▋| 246/253 [00:47<00:01,  5.86it/s][A

 98%|█████████▊| 247/253 [00:47<00:00,  6.09it/s][A

 98%|█████████▊| 248/253 [00:47<00:00,  6.28it/s][A

 98%|█████████▊| 249/253 [00:47<00:00,  6.32it/s][A

 99%|█████████▉| 250/253 [00:47<00:00,  6.23it/s][A

 99%|█████████▉| 251/253 [00:48<00:00,  5.99it/s][A

100%|█████████▉| 252/253 [00:48<00:00,  5.62it/s][A

100%|██████████| 253/253 [00:48<00:00,  5.27it/s][A
                                                     

                                                 
[A{'eval_loss': '1.322', 'eval_runtime': '48.68', 'eval_samples_per_second': '10.39', 'eval_steps_per_second': '5.197', 'eval_entropy': '1.152', 'eval_num_tokens': '2.286e+06', 'eval_mean_token_accuracy': '0.6548', 'epoch': '2'}

100%|██████████| 1100/1100 [1:07:26<00:00,  3.05s/it]

100%|██████████| 253/253 [00:48<00:00,  5.27it/s][A

                                                 [A
                                                     
{'train_runtime': '4048', 'train_samples_per_second': '2.173', 'train_steps_per_second': '0.272', 'train_loss': '1.384', 'epoch': '2'}

100%|██████████| 1100/1100 [1:07:27<00:00,  3.05s/it]
100%|██████████| 1100/1100 [1:07:27<00:00,  3.68s/it]
***** train metrics *****
  total_flos               = 97129568GF
  train_loss               =     1.3841
  train_runtime            = 1:07:27.57
  train_samples_per_second =      2.173
  train_steps_per_second   =      0.272

  0%|          | 0/253 [00:00<?, ?it/s]
  1%|          | 2/253 [00:00<00:35,  7.14it/s]
  1%|          | 3/253 [00:00<00:40,  6.18it/s]
  2%|▏         | 4/253 [00:00<00:50,  4.94it/s]
  2%|▏         | 5/253 [00:00<00:49,  5.06it/s]
  2%|▏         | 6/253 [00:01<00:45,  5.38it/s]
  3%|▎         | 7/253 [00:01<00:43,  5.65it/s]
  3%|▎         | 8/253 [00:01<00:41,  5.87it/s]
  4%|▎         | 9/253 [00:01<00:41,  5.88it/s]
  4%|▍         | 10/253 [00:01<00:41,  5.92it/s]
  4%|▍         | 11/253 [00:01<00:41,  5.89it/s]
  5%|▍         | 12/253 [00:02<00:40,  5.91it/s]
  5%|▌         | 13/253 [00:02<00:38,  6.23it/s]
  6%|▌         | 14/253 [00:02<00:38,  6.26it/s]
  6%|▌         | 15/253 [00:02<00:38,  6.16it/s]
  6%|▋         | 16/253 [00:02<00:37,  6.33it/s]
  7%|▋         | 17/253 [00:02<00:37,  6.34it/s]
  7%|▋         | 18/253 [00:03<00:36,  6.47it/s]
  8%|▊         | 19/253 [00:03<00:37,  6.22it/s]
  8%|▊         | 20/253 [00:03<00:38,  6.02it/s]
  8%|▊         | 21/253 [00:03<00:40,  5.71it/s]
  9%|▊         | 22/253 [00:03<00:39,  5.86it/s]
  9%|▉         | 23/253 [00:03<00:38,  5.92it/s]
  9%|▉         | 24/253 [00:04<00:38,  5.89it/s]
 10%|▉         | 25/253 [00:04<00:37,  6.10it/s]
 10%|█         | 26/253 [00:04<00:41,  5.42it/s]
 11%|█         | 27/253 [00:04<00:40,  5.60it/s]
 11%|█         | 28/253 [00:04<00:45,  4.95it/s]
 11%|█▏        | 29/253 [00:05<00:44,  5.02it/s]
 12%|█▏        | 30/253 [00:05<00:48,  4.61it/s]
 12%|█▏        | 31/253 [00:05<00:46,  4.75it/s]
 13%|█▎        | 32/253 [00:05<00:45,  4.88it/s]
 13%|█▎        | 33/253 [00:05<00:45,  4.80it/s]
 13%|█▎        | 34/253 [00:06<00:42,  5.12it/s]
 14%|█▍        | 35/253 [00:06<00:42,  5.15it/s]
 14%|█▍        | 36/253 [00:06<00:41,  5.17it/s]
 15%|█▍        | 37/253 [00:06<00:40,  5.38it/s]
 15%|█▌        | 38/253 [00:06<00:39,  5.42it/s]
 15%|█▌        | 39/253 [00:06<00:39,  5.41it/s]
 16%|█▌        | 40/253 [00:07<00:38,  5.57it/s]
 16%|█▌        | 41/253 [00:07<00:36,  5.74it/s]
 17%|█▋        | 42/253 [00:07<00:36,  5.79it/s]
 17%|█▋        | 43/253 [00:07<00:35,  5.97it/s]
 17%|█▋        | 44/253 [00:07<00:34,  5.99it/s]
 18%|█▊        | 45/253 [00:07<00:33,  6.23it/s]
 18%|█▊        | 46/253 [00:08<00:33,  6.15it/s]
 19%|█▊        | 47/253 [00:08<00:41,  4.92it/s]
 19%|█▉        | 48/253 [00:08<00:38,  5.29it/s]
 19%|█▉        | 49/253 [00:08<00:41,  4.88it/s]
 20%|█▉        | 50/253 [00:08<00:38,  5.24it/s]
 20%|██        | 51/253 [00:09<00:38,  5.26it/s]
 21%|██        | 52/253 [00:09<00:42,  4.72it/s]
 21%|██        | 53/253 [00:09<00:42,  4.72it/s]
 21%|██▏       | 54/253 [00:09<00:44,  4.49it/s]
 22%|██▏       | 55/253 [00:10<00:40,  4.85it/s]
 22%|██▏       | 56/253 [00:10<00:42,  4.65it/s]
 23%|██▎       | 57/253 [00:10<00:39,  4.97it/s]
 23%|██▎       | 58/253 [00:10<00:41,  4.67it/s]
 23%|██▎       | 59/253 [00:10<00:41,  4.62it/s]
 24%|██▎       | 60/253 [00:11<00:45,  4.20it/s]
 24%|██▍       | 61/253 [00:11<00:43,  4.44it/s]
 25%|██▍       | 62/253 [00:11<00:41,  4.63it/s]
 25%|██▍       | 63/253 [00:11<00:38,  4.94it/s]
 25%|██▌       | 64/253 [00:11<00:37,  4.98it/s]
 26%|██▌       | 65/253 [00:12<00:36,  5.17it/s]
 26%|██▌       | 66/253 [00:12<00:35,  5.23it/s]
 26%|██▋       | 67/253 [00:12<00:34,  5.39it/s]
 27%|██▋       | 68/253 [00:12<00:35,  5.18it/s]
 27%|██▋       | 69/253 [00:12<00:35,  5.20it/s]
 28%|██▊       | 70/253 [00:13<00:35,  5.10it/s]
 28%|██▊       | 71/253 [00:13<00:36,  5.03it/s]
 28%|██▊       | 72/253 [00:13<00:33,  5.41it/s]
 29%|██▉       | 73/253 [00:13<00:32,  5.47it/s]
 29%|██▉       | 74/253 [00:13<00:33,  5.41it/s]
 30%|██▉       | 75/253 [00:14<00:33,  5.36it/s]
 30%|███       | 76/253 [00:14<00:32,  5.52it/s]
 30%|███       | 77/253 [00:14<00:31,  5.51it/s]
 31%|███       | 78/253 [00:14<00:30,  5.77it/s]
 31%|███       | 79/253 [00:14<00:32,  5.40it/s]
 32%|███▏      | 80/253 [00:15<00:35,  4.81it/s]
 32%|███▏      | 81/253 [00:15<00:36,  4.70it/s]
 32%|███▏      | 82/253 [00:15<00:34,  4.94it/s]
 33%|███▎      | 83/253 [00:15<00:35,  4.75it/s]
 33%|███▎      | 84/253 [00:15<00:33,  5.06it/s]
 34%|███▎      | 85/253 [00:15<00:32,  5.18it/s]
 34%|███▍      | 86/253 [00:16<00:32,  5.19it/s]
 34%|███▍      | 87/253 [00:16<00:31,  5.27it/s]
 35%|███▍      | 88/253 [00:16<00:30,  5.45it/s]
 35%|███▌      | 89/253 [00:16<00:29,  5.53it/s]
 36%|███▌      | 90/253 [00:16<00:30,  5.33it/s]
 36%|███▌      | 91/253 [00:17<00:28,  5.69it/s]
 36%|███▋      | 92/253 [00:17<00:29,  5.50it/s]
 37%|███▋      | 93/253 [00:17<00:29,  5.40it/s]
 37%|███▋      | 94/253 [00:17<00:28,  5.56it/s]
 38%|███▊      | 95/253 [00:17<00:27,  5.78it/s]
 38%|███▊      | 96/253 [00:17<00:27,  5.72it/s]
 38%|███▊      | 97/253 [00:18<00:28,  5.40it/s]
 39%|███▊      | 98/253 [00:18<00:28,  5.51it/s]
 39%|███▉      | 99/253 [00:18<00:28,  5.32it/s]
 40%|███▉      | 100/253 [00:18<00:28,  5.37it/s]
 40%|███▉      | 101/253 [00:18<00:31,  4.79it/s]
 40%|████      | 102/253 [00:19<00:30,  4.96it/s]
 41%|████      | 103/253 [00:19<00:29,  5.15it/s]
 41%|████      | 104/253 [00:19<00:28,  5.17it/s]
 42%|████▏     | 105/253 [00:19<00:27,  5.38it/s]
 42%|████▏     | 106/253 [00:19<00:26,  5.53it/s]
 42%|████▏     | 107/253 [00:20<00:26,  5.52it/s]
 43%|████▎     | 108/253 [00:20<00:25,  5.61it/s]
 43%|████▎     | 109/253 [00:20<00:25,  5.67it/s]
 43%|████▎     | 110/253 [00:20<00:23,  5.98it/s]
 44%|████▍     | 111/253 [00:20<00:23,  6.13it/s]
 44%|████▍     | 112/253 [00:20<00:23,  6.08it/s]
 45%|████▍     | 113/253 [00:21<00:23,  5.99it/s]
 45%|████▌     | 114/253 [00:21<00:23,  5.87it/s]
 45%|████▌     | 115/253 [00:21<00:27,  5.08it/s]
 46%|████▌     | 116/253 [00:21<00:25,  5.31it/s]
 46%|████▌     | 117/253 [00:21<00:24,  5.51it/s]
 47%|████▋     | 118/253 [00:21<00:24,  5.60it/s]
 47%|████▋     | 119/253 [00:22<00:23,  5.60it/s]
 47%|████▋     | 120/253 [00:22<00:24,  5.44it/s]
 48%|████▊     | 121/253 [00:22<00:27,  4.85it/s]
 48%|████▊     | 122/253 [00:22<00:28,  4.58it/s]
 49%|████▊     | 123/253 [00:23<00:27,  4.67it/s]
 49%|████▉     | 124/253 [00:23<00:28,  4.60it/s]
 49%|████▉     | 125/253 [00:23<00:26,  4.85it/s]
 50%|████▉     | 126/253 [00:23<00:27,  4.54it/s]
 50%|█████     | 127/253 [00:23<00:26,  4.71it/s]
 51%|█████     | 128/253 [00:24<00:25,  4.97it/s]
 51%|█████     | 129/253 [00:24<00:25,  4.89it/s]
 51%|█████▏    | 130/253 [00:24<00:24,  5.02it/s]
 52%|█████▏    | 131/253 [00:24<00:23,  5.27it/s]
 52%|█████▏    | 132/253 [00:24<00:23,  5.24it/s]
 53%|█████▎    | 133/253 [00:25<00:23,  5.13it/s]
 53%|█████▎    | 134/253 [00:25<00:21,  5.48it/s]
 53%|█████▎    | 135/253 [00:25<00:24,  4.88it/s]
 54%|█████▍    | 136/253 [00:25<00:22,  5.26it/s]
 54%|█████▍    | 137/253 [00:25<00:22,  5.26it/s]
 55%|█████▍    | 138/253 [00:25<00:21,  5.42it/s]
 55%|█████▍    | 139/253 [00:26<00:20,  5.60it/s]
 55%|█████▌    | 140/253 [00:26<00:19,  5.87it/s]
 56%|█████▌    | 141/253 [00:26<00:19,  5.74it/s]
 56%|█████▌    | 142/253 [00:26<00:19,  5.84it/s]
 57%|█████▋    | 143/253 [00:26<00:18,  5.82it/s]
 57%|█████▋    | 144/253 [00:26<00:18,  5.87it/s]
 57%|█████▋    | 145/253 [00:27<00:23,  4.52it/s]
 58%|█████▊    | 146/253 [00:27<00:22,  4.84it/s]
 58%|█████▊    | 147/253 [00:27<00:21,  5.03it/s]
 58%|█████▊    | 148/253 [00:27<00:21,  4.91it/s]
 59%|█████▉    | 149/253 [00:28<00:20,  5.18it/s]
 59%|█████▉    | 150/253 [00:28<00:19,  5.20it/s]
 60%|█████▉    | 151/253 [00:28<00:23,  4.42it/s]
 60%|██████    | 152/253 [00:28<00:22,  4.44it/s]
 60%|██████    | 153/253 [00:28<00:21,  4.58it/s]
 61%|██████    | 154/253 [00:29<00:20,  4.92it/s]
 61%|██████▏   | 155/253 [00:29<00:20,  4.74it/s]
 62%|██████▏   | 156/253 [00:29<00:19,  4.97it/s]
 62%|██████▏   | 157/253 [00:29<00:20,  4.73it/s]
 62%|██████▏   | 158/253 [00:29<00:19,  4.94it/s]
 63%|██████▎   | 159/253 [00:30<00:19,  4.81it/s]
 63%|██████▎   | 160/253 [00:30<00:18,  5.12it/s]
 64%|██████▎   | 161/253 [00:30<00:17,  5.14it/s]
 64%|██████▍   | 162/253 [00:30<00:17,  5.17it/s]
 64%|██████▍   | 163/253 [00:30<00:17,  5.18it/s]
 65%|██████▍   | 164/253 [00:31<00:17,  5.08it/s]
 65%|██████▌   | 165/253 [00:31<00:17,  5.05it/s]
 66%|██████▌   | 166/253 [00:31<00:17,  4.96it/s]
 66%|██████▌   | 167/253 [00:31<00:17,  4.93it/s]
 66%|██████▋   | 168/253 [00:31<00:16,  5.16it/s]
 67%|██████▋   | 169/253 [00:32<00:16,  4.98it/s]
 67%|██████▋   | 170/253 [00:32<00:16,  5.19it/s]
 68%|██████▊   | 171/253 [00:32<00:16,  5.05it/s]
 68%|██████▊   | 172/253 [00:32<00:15,  5.32it/s]
 68%|██████▊   | 173/253 [00:32<00:14,  5.46it/s]
 69%|██████▉   | 174/253 [00:33<00:14,  5.27it/s]
 69%|██████▉   | 175/253 [00:33<00:14,  5.33it/s]
 70%|██████▉   | 176/253 [00:33<00:14,  5.25it/s]
 70%|██████▉   | 177/253 [00:33<00:15,  4.98it/s]
 70%|███████   | 178/253 [00:33<00:16,  4.63it/s]
 71%|███████   | 179/253 [00:34<00:16,  4.59it/s]
 71%|███████   | 180/253 [00:34<00:17,  4.20it/s]
 72%|███████▏  | 181/253 [00:34<00:16,  4.39it/s]
 72%|███████▏  | 182/253 [00:34<00:16,  4.33it/s]
 72%|███████▏  | 183/253 [00:35<00:14,  4.69it/s]
 73%|███████▎  | 184/253 [00:35<00:13,  4.96it/s]
 73%|███████▎  | 185/253 [00:35<00:13,  5.09it/s]
 74%|███████▎  | 186/253 [00:35<00:12,  5.18it/s]
 74%|███████▍  | 187/253 [00:35<00:12,  5.16it/s]
 74%|███████▍  | 188/253 [00:35<00:12,  5.33it/s]
 75%|███████▍  | 189/253 [00:36<00:11,  5.43it/s]
 75%|███████▌  | 190/253 [00:36<00:12,  5.18it/s]
 75%|███████▌  | 191/253 [00:36<00:11,  5.34it/s]
 76%|███████▌  | 192/253 [00:36<00:10,  5.71it/s]
 76%|███████▋  | 193/253 [00:36<00:10,  5.86it/s]
 77%|███████▋  | 194/253 [00:37<00:10,  5.65it/s]
 77%|███████▋  | 195/253 [00:37<00:09,  5.91it/s]
 77%|███████▋  | 196/253 [00:37<00:09,  5.93it/s]
 78%|███████▊  | 197/253 [00:37<00:09,  5.77it/s]
 78%|███████▊  | 198/253 [00:37<00:09,  5.88it/s]
 79%|███████▊  | 199/253 [00:37<00:10,  5.33it/s]
 79%|███████▉  | 200/253 [00:38<00:09,  5.59it/s]
 79%|███████▉  | 201/253 [00:38<00:10,  5.06it/s]
 80%|███████▉  | 202/253 [00:38<00:09,  5.14it/s]
 80%|████████  | 203/253 [00:38<00:09,  5.15it/s]
 81%|████████  | 204/253 [00:39<00:11,  4.39it/s]
 81%|████████  | 205/253 [00:39<00:10,  4.63it/s]
 81%|████████▏ | 206/253 [00:39<00:09,  4.74it/s]
 82%|████████▏ | 207/253 [00:39<00:10,  4.31it/s]
 82%|████████▏ | 208/253 [00:39<00:10,  4.46it/s]
 83%|████████▎ | 209/253 [00:40<00:09,  4.42it/s]
 83%|████████▎ | 210/253 [00:40<00:09,  4.54it/s]
 83%|████████▎ | 211/253 [00:40<00:08,  5.03it/s]
 84%|████████▍ | 212/253 [00:40<00:07,  5.37it/s]
 84%|████████▍ | 213/253 [00:40<00:07,  5.56it/s]
 85%|████████▍ | 214/253 [00:40<00:06,  5.93it/s]
 85%|████████▍ | 215/253 [00:41<00:06,  6.07it/s]
 85%|████████▌ | 216/253 [00:41<00:05,  6.30it/s]
 86%|████████▌ | 217/253 [00:41<00:06,  5.91it/s]
 86%|████████▌ | 218/253 [00:41<00:05,  5.95it/s]
 87%|████████▋ | 219/253 [00:41<00:05,  6.22it/s]
 87%|████████▋ | 220/253 [00:41<00:05,  6.11it/s]
 87%|████████▋ | 221/253 [00:42<00:05,  6.06it/s]
 88%|████████▊ | 222/253 [00:42<00:05,  6.00it/s]
 88%|████████▊ | 223/253 [00:42<00:05,  5.83it/s]
 89%|████████▊ | 224/253 [00:42<00:04,  6.08it/s]
 89%|████████▉ | 225/253 [00:42<00:05,  5.10it/s]
 89%|████████▉ | 226/253 [00:43<00:05,  4.78it/s]
 90%|████████▉ | 227/253 [00:43<00:05,  4.98it/s]
 90%|█████████ | 228/253 [00:43<00:05,  4.82it/s]
 91%|█████████ | 229/253 [00:43<00:04,  5.18it/s]
 91%|█████████ | 230/253 [00:43<00:04,  5.26it/s]
 91%|█████████▏| 231/253 [00:44<00:05,  4.37it/s]
 92%|█████████▏| 232/253 [00:44<00:04,  4.51it/s]
 92%|█████████▏| 233/253 [00:44<00:04,  4.46it/s]
 92%|█████████▏| 234/253 [00:44<00:04,  3.99it/s]
 93%|█████████▎| 235/253 [00:45<00:04,  4.38it/s]
 93%|█████████▎| 236/253 [00:45<00:04,  4.21it/s]
 94%|█████████▎| 237/253 [00:45<00:03,  4.06it/s]
 94%|█████████▍| 238/253 [00:45<00:03,  4.57it/s]
 94%|█████████▍| 239/253 [00:45<00:02,  4.74it/s]
 95%|█████████▍| 240/253 [00:46<00:02,  5.03it/s]
 95%|█████████▌| 241/253 [00:46<00:02,  4.70it/s]
 96%|█████████▌| 242/253 [00:46<00:02,  4.92it/s]
 96%|█████████▌| 243/253 [00:46<00:02,  4.78it/s]
 96%|█████████▋| 244/253 [00:46<00:01,  5.09it/s]
 97%|█████████▋| 245/253 [00:47<00:01,  5.00it/s]
 97%|█████████▋| 246/253 [00:47<00:01,  5.03it/s]
 98%|█████████▊| 247/253 [00:47<00:01,  5.55it/s]
 98%|█████████▊| 248/253 [00:47<00:00,  5.88it/s]
 98%|█████████▊| 249/253 [00:47<00:00,  6.05it/s]
 99%|█████████▉| 250/253 [00:47<00:00,  6.06it/s]
 99%|█████████▉| 251/253 [00:48<00:00,  6.33it/s]
100%|█████████▉| 252/253 [00:48<00:00,  6.39it/s]
100%|██████████| 253/253 [00:48<00:00,  6.63it/s]
100%|██████████| 253/253 [00:48<00:00,  5.23it/s]
***** eval metrics *****
  eval_loss               =     1.3219
  eval_runtime            = 0:00:48.60
  eval_samples_per_second =      10.41
  eval_steps_per_second   =      5.205
post-train generation: 10/150
post-train generation: 20/150
post-train generation: 30/150
post-train generation: 40/150
post-train generation: 50/150
post-train generation: 60/150
post-train generation: 70/150
post-train generation: 80/150
post-train generation: 90/150
post-train generation: 100/150
post-train generation: 110/150
post-train generation: 120/150
post-train generation: 130/150
post-train generation: 140/150
post-train generation: 150/150
Saved post-train test generations to /data2/songxinshuai/linsihan/ecommerce_assistant/outputs/lora_ablation_jddc_rebuild_v2/rank64_qv_qlora/post_train_test_generations.jsonl
[rank0]:[W530 06:11:26.290574230 ProcessGroupNCCL.cpp:1496] Warning: WARNING: destroy_process_group() was not called before program exit, which can leak resources. For more info, please see https://pytorch.org/docs/stable/distributed.html#shutdown (function operator())
